time_seconds,amplitude_raw
0.0,2538
1.25e-6,2483
2.5e-6,2438
3.75e-6,2382
5e-6,2324
6.25e-6,2317
7.5e-6,2268
8.75e-6,2233
0.00001,2146
0.00001125,2041
0.0000125,1961
0.00001375,1888
0.000015,1810
0.00001625,1722
0.0000175,1576
0.00001875,1401
0.00002,1158
0.00002125,948
0.0000225,807
0.00002375,746
0.000025,771
0.00002625,847
0.0000275,902
0.00002875,952
0.00003,969
0.00003125,1016
0.0000325,1063
0.00003375,1140
0.000035,1205
0.00003625,1263
0.0000375,1262
0.00003875,1212
0.00004,1157
0.00004125,1137
0.0000425,1146
0.00004375,1179
0.000045,1178
0.00004625,1151
0.0000475,1077
0.00004875,1022
0.00005,988
0.00005125,964
0.0000525,955
0.00005375,1010
0.000055,1186
0.00005625,1502
0.0000575,1887
0.00005875,2219
0.00006,2384
0.00006125,2292
0.0000625,2115
0.00006375,1920
0.000065,1856
0.00006625,1988
0.0000675,2235
0.00006875,2534
0.00007,2707
0.00007125,2766
0.0000725,2749
0.00007375,2724
0.000075,2774
0.00007625,2923
0.0000775,3153
0.00007875,3420
0.00008,3588
0.00008125,3575
0.0000825,3349
0.00008375,2946
0.000085,2491
0.00008625,2151
0.0000875,2073
0.00008875,2187
0.00009,2315
0.00009125,2309
0.0000925,2062
0.00009375,1620
0.000095,1146
0.00009625,767
0.0000975,607
0.00009875,519
0.0001,526
0.00010125,484
0.0001025,391
0.00010375,199
0.000105,-10
0.00010625,-172
0.0001075,-271
0.00010875,-330
0.00011,-327
0.00011125,-305
0.0001125,-301
0.00011375,-320
0.000115,-346
0.00011625,-334
0.0001175,-337
0.00011875,-270
0.00012,-192
0.00012125,-100
0.0001225,-43
0.00012375,-28
0.000125,-25
0.00012625,-51
0.0001275,-77
0.00012875,-76
0.00013,-58
0.00013125,-32
0.0001325,-9
0.00013375,-35
0.000135,-117
0.00013625,-175
0.0001375,-222
0.00013875,-246
0.00014,-177
0.00014125,-81
0.0001425,18
0.00014375,135
0.000145,269
0.00014625,391
0.0001475,536
0.00014875,666
0.00015,809
0.00015125,987
0.0001525,1257
0.00015375,1671
0.000155,2168
0.00015625,2657
0.0001575,3012
0.00015875,3190
0.00016,3182
0.00016125,3103
0.0001625,3126
0.00016375,3385
0.000165,3911
0.00016625,4638
0.0001675,5329
0.00016875,5760
0.00017,5745
0.00017125,5341
0.0001725,4763
0.00017375,4331
0.000175,4244
0.00017625,4488
0.0001775,4876
0.00017875,5129
0.00018,5131
0.00018125,4878
0.0001825,4490
0.00018375,4063
0.000185,3695
0.00018625,3397
0.0001875,3166
0.00018875,3017
0.00019,2945
0.00019125,2953
0.0001925,2917
0.00019375,2879
0.000195,2788
0.00019625,2668
0.0001975,2529
0.00019875,2424
0.0002,2331
0.00020125,2201
0.0002025,2015
0.00020375,1745
0.000205,1429
0.00020625,1147
0.0002075,947
0.00020875,839
0.00021,787
0.00021125,703
0.0002125,546
0.00021375,338
0.000215,157
0.00021625,38
0.0002175,48
0.00021875,158
0.00022,315
0.00022125,491
0.0002225,628
0.00022375,703
0.000225,714
0.00022625,662
0.0002275,599
0.00022875,505
0.00023,493
0.00023125,504
0.0002325,540
0.00023375,573
0.000235,576
0.00023625,511
0.0002375,446
0.00023875,383
0.00024,354
0.00024125,362
0.0002425,382
0.00024375,446
0.000245,464
0.00024625,454
0.0002475,442
0.00024875,449
0.00025,573
0.00025125,822
0.0002525,1194
0.00025375,1561
0.000255,1825
0.00025625,1892
0.0002575,1783
0.00025875,1667
0.00026,1632
0.00026125,1771
0.0002625,2102
0.00026375,2436
0.000265,2678
0.00026625,2787
0.0002675,2794
0.00026875,2760
0.00027,2786
0.00027125,2878
0.0002725,3004
0.00027375,3107
0.000275,3131
0.00027625,3079
0.0002775,2926
0.00027875,2735
0.00028,2558
0.00028125,2457
0.0002825,2415
0.00028375,2367
0.000285,2221
0.00028625,1960
0.0002875,1609
0.00028875,1284
0.00029,1119
0.00029125,1159
0.0002925,1333
0.00029375,1496
0.000295,1560
0.00029625,1460
0.0002975,1250
0.00029875,998
0.0003,787
0.00030125,623
0.0003025,483
0.00030375,323
0.000305,138
0.00030625,-98
0.0003075,-339
0.00030875,-562
0.00031,-734
0.00031125,-847
0.0003125,-911
0.00031375,-973
0.000315,-1061
0.00031625,-1131
0.0003175,-1216
0.00031875,-1265
0.00032,-1282
0.00032125,-1281
0.0003225,-1257
0.00032375,-1216
0.000325,-1173
0.00032625,-1099
0.0003275,-1020
0.00032875,-946
0.00033,-881
0.00033125,-815
0.0003325,-706
0.00033375,-522
0.000335,-284
0.00033625,22
0.0003375,303
0.00033875,505
0.00034,627
0.00034125,687
0.0003425,711
0.00034375,707
0.000345,685
0.00034625,679
0.0003475,751
0.00034875,984
0.00035,1346
0.00035125,1758
0.0003525,2099
0.00035375,2245
0.000355,2231
0.00035625,2174
0.0003575,2191
0.00035875,2384
0.00036,2767
0.00036125,3230
0.0003625,3655
0.00036375,3950
0.000365,4122
0.00036625,4245
0.0003675,4351
0.00036875,4497
0.00037,4632
0.00037125,4756
0.0003725,4821
0.00037375,4858
0.000375,4891
0.00037625,4891
0.0003775,4865
0.00037875,4787
0.00038,4653
0.00038125,4535
0.0003825,4368
0.00038375,4159
0.000385,3867
0.00038625,3470
0.0003875,3104
0.00038875,2835
0.00039,2751
0.00039125,2766
0.0003925,2773
0.00039375,2709
0.000395,2490
0.00039625,2171
0.0003975,1844
0.00039875,1617
0.0004,1522
0.00040125,1502
0.0004025,1535
0.00040375,1541
0.000405,1474
0.00040625,1403
0.0004075,1269
0.00040875,1153
0.00041,1068
0.00041125,1026
0.0004125,1013
0.00041375,1026
0.000415,1017
0.00041625,949
0.0004175,810
0.00041875,615
0.00042,428
0.00042125,296
0.0004225,241
0.00042375,191
0.000425,225
0.00042625,201
0.0004275,201
0.00042875,263
0.00043,386
0.00043125,560
0.0004325,757
0.00043375,961
0.000435,1168
0.00043625,1366
0.0004375,1608
0.00043875,1854
0.00044,2071
0.00044125,2245
0.0004425,2362
0.00044375,2474
0.000445,2620
0.00044625,2923
0.0004475,3369
0.00044875,3853
0.00045,4243
0.00045125,4433
0.0004525,4427
0.00045375,4311
0.000455,4245
0.00045625,4327
0.0004575,4579
0.00045875,4941
0.00046,5249
0.00046125,5552
0.0004625,5747
0.00046375,5925
0.000465,6133
0.00046625,6355
0.0004675,6517
0.00046875,6577
0.00047,6577
0.00047125,6570
0.0004725,6597
0.00047375,6664
0.000475,6729
0.00047625,6683
0.0004775,6513
0.00047875,6293
0.00048,6049
0.00048125,5908
0.0004825,5831
0.00048375,5767
0.000485,5605
0.00048625,5226
0.0004875,4730
0.00048875,4275
0.00049,4008
0.00049125,3963
0.0004925,4085
0.00049375,4198
0.000495,4103
0.00049625,3856
0.0004975,3497
0.00049875,3173
0.0005,3018
0.00050125,3026
0.0005025,3123
0.00050375,3238
0.000505,3237
0.00050625,3133
0.0005075,2953
0.00050875,2721
0.00051,2398
0.00051125,1983
0.0005125,1532
0.00051375,1127
0.000515,890
0.00051625,939
0.0005175,1202
0.00051875,1537
0.00052,1763
0.00052125,1776
0.0005225,1565
0.00052375,1277
0.000525,1096
0.00052625,1147
0.0005275,1410
0.00052875,1806
0.00053,2193
0.00053125,2393
0.0005325,2484
0.00053375,2482
0.000535,2460
0.00053625,2472
0.0005375,2496
0.00053875,2507
0.00054,2537
0.00054125,2622
0.0005425,2837
0.00054375,3220
0.000545,3705
0.00054625,4196
0.0005475,4607
0.00054875,4851
0.00055,4977
0.00055125,5092
0.0005525,5305
0.00055375,5635
0.000555,6051
0.00055625,6472
0.0005575,6748
0.00055875,6878
0.00056,6881
0.00056125,6852
0.0005625,6850
0.00056375,6905
0.000565,7011
0.00056625,7066
0.0005675,7110
0.00056875,7097
0.00057,7053
0.00057125,6991
0.0005725,6940
0.00057375,6941
0.000575,6968
0.00057625,7030
0.0005775,7112
0.00057875,7206
0.00058,7230
0.00058125,7220
0.0005825,7183
0.00058375,7102
0.000585,6983
0.00058625,6793
0.0005875,6470
0.00058875,6058
0.00059,5595
0.00059125,5156
0.0005925,4808
0.00059375,4557
0.000595,4359
0.00059625,4136
0.0005975,3842
0.00059875,3463
0.0006,3107
0.00060125,2816
0.0006025,2654
0.00060375,2513
0.000605,2422
0.00060625,2322
0.0006075,2200
0.00060875,2048
0.00061,1893
0.00061125,1766
0.0006125,1676
0.00061375,1601
0.000615,1552
0.00061625,1543
0.0006175,1546
0.00061875,1562
0.00062,1578
0.00062125,1582
0.0006225,1605
0.00062375,1638
0.000625,1709
0.00062625,1823
0.0006275,1956
0.00062875,2096
0.00063,2188
0.00063125,2197
0.0006325,2140
0.00063375,2058
0.000635,1990
0.00063625,1956
0.0006375,1959
0.00063875,2008
0.00064,2190
0.00064125,2574
0.0006425,3122
0.00064375,3723
0.000645,4266
0.00064625,4600
0.0006475,4689
0.00064875,4636
0.00065,4614
0.00065125,4745
0.0006525,5054
0.00065375,5434
0.000655,5736
0.00065625,5896
0.0006575,5906
0.00065875,5963
0.00066,6144
0.00066125,6536
0.0006625,7013
0.00066375,7381
0.000665,7480
0.00066625,7262
0.0006675,6843
0.00066875,6496
0.00067,6414
0.00067125,6636
0.0006725,7053
0.00067375,7467
0.000675,7671
0.00067625,7598
0.0006775,7377
0.00067875,7170
0.00068,7090
0.00068125,7147
0.0006825,7277
0.00068375,7347
0.000685,7273
0.00068625,7002
0.0006875,6545
0.00068875,5975
0.00069,5389
0.00069125,4941
0.0006925,4692
0.00069375,4638
0.000695,4676
0.00069625,4670
0.0006975,4495
0.00069875,4136
0.0007,3667
0.00070125,3223
0.0007025,2874
0.00070375,2644
0.000705,2529
0.00070625,2465
0.0007075,2360
0.00070875,2193
0.00071,1965
0.00071125,1738
0.0007125,1544
0.00071375,1428
0.000715,1406
0.00071625,1451
0.0007175,1544
0.00071875,1685
0.00072,1859
0.00072125,2050
0.0007225,2203
0.00072375,2326
0.000725,2408
0.00072625,2469
0.0007275,2543
0.00072875,2604
0.00073,2706
0.00073125,2831
0.0007325,2836
0.00073375,2875
0.000735,2853
0.00073625,2816
0.0007375,2845
0.00073875,3017
0.00074,3380
0.00074125,3869
0.0007425,4393
0.00074375,4796
0.000745,5008
0.00074625,5048
0.0007475,5022
0.00074875,5143
0.00075,5325
0.00075125,5652
0.0007525,6035
0.00075375,6312
0.000755,6435
0.00075625,6434
0.0007575,6427
0.00075875,6489
0.00076,6667
0.00076125,6910
0.0007625,7121
0.00076375,7269
0.000765,7327
0.00076625,7331
0.0007675,7387
0.00076875,7440
0.00077,7501
0.00077125,7564
0.0007725,7602
0.00077375,7561
0.000775,7476
0.00077625,7349
0.0007775,7232
0.00077875,7118
0.00078,7024
0.00078125,6975
0.0007825,6934
0.00078375,6903
0.000785,6753
0.00078625,6504
0.0007875,6100
0.00078875,5597
0.00079,5106
0.00079125,4778
0.0007925,4688
0.00079375,4760
0.000795,4820
0.00079625,4724
0.0007975,4380
0.00079875,3890
0.0008,3467
0.00080125,3196
0.0008025,3073
0.00080375,3088
0.000805,3112
0.00080625,3047
0.0008075,2878
0.00080875,2657
0.00081,2489
0.00081125,2420
0.0008125,2430
0.00081375,2512
0.000815,2594
0.00081625,2627
0.0008175,2607
0.00081875,2573
0.00082,2483
0.00082125,2447
0.0008225,2437
0.00082375,2459
0.000825,2489
0.00082625,2474
0.0008275,2460
0.00082875,2439
0.00083,2431
0.00083125,2432
0.0008325,2431
0.00083375,2499
0.000835,2646
0.00083625,2980
0.0008375,3513
0.00083875,4106
0.00084,4600
0.00084125,4857
0.0008425,4891
0.00084375,4769
0.000845,4694
0.00084625,4786
0.0008475,5036
0.00084875,5381
0.00085,5686
0.00085125,5853
0.0008525,5908
0.00085375,5903
0.000855,5929
0.00085625,6055
0.0008575,6285
0.00085875,6565
0.00086,6828
0.00086125,7069
0.0008625,7272
0.00086375,7446
0.000865,7593
0.00086625,7726
0.0008675,7852
0.00086875,7972
0.00087,8039
0.00087125,8122
0.0008725,8213
0.00087375,8254
0.000875,8245
0.00087625,8146
0.0008775,7996
0.00087875,7850
0.00088,7769
0.00088125,7763
0.0008825,7805
0.00088375,7789
0.000885,7681
0.00088625,7478
0.0008875,7141
0.00088875,6684
0.00089,6147
0.00089125,5618
0.0008925,5088
0.00089375,4745
0.000895,4555
0.00089625,4446
0.0008975,4322
0.00089875,4101
0.0009,3754
0.00090125,3343
0.0009025,2979
0.00090375,2742
0.000905,2634
0.00090625,2594
0.0009075,2586
0.00090875,2556
0.00091,2485
0.00091125,2489
0.0009125,2482
0.00091375,2508
0.000915,2541
0.00091625,2557
0.0009175,2581
0.00091875,2643
0.00092,2712
0.00092125,2761
0.0009225,2758
0.00092375,2714
0.000925,2662
0.00092625,2650
0.0009275,2698
0.00092875,2803
0.00093,2826
0.00093125,2866
0.0009325,2949
0.00093375,3169
0.000935,3587
0.00093625,4141
0.0009375,4722
0.00093875,5152
0.00094,5358
0.00094125,5367
0.0009425,5295
0.00094375,5323
0.000945,5508
0.00094625,5805
0.0009475,6116
0.00094875,6329
0.00095,6405
0.00095125,6352
0.0009525,6280
0.00095375,6237
0.000955,6254
0.00095625,6346
0.0009575,6501
0.00095875,6706
0.00096,6916
0.00096125,7077
0.0009625,7135
0.00096375,7094
0.000965,7042
0.00096625,7033
0.0009675,7142
0.00096875,7309
0.00097,7461
0.00097125,7561
0.0009725,7570
0.00097375,7522
0.000975,7477
0.00097625,7431
0.0009775,7411
0.00097875,7385
0.00098,7328
0.00098125,7265
0.0009825,7160
0.00098375,7079
0.000985,7036
0.00098625,6959
0.0009875,6784
0.00098875,6447
0.00099,5955
0.00099125,5386
0.0009925,4813
0.00099375,4441
0.000995,4264
0.00099625,4235
0.0009975,4268
0.00099875,4216
0.001,3974
0.00100125,3603
0.0010025,3225
0.00100375,2943
0.001005,2834
0.00100625,2872
0.0010075,2955
0.00100875,3001
0.00101,2958
0.00101125,2833
0.0010125,2685
0.00101375,2572
0.001015,2519
0.00101625,2503
0.0010175,2486
0.00101875,2431
0.00102,2314
0.00102125,2160
0.0010225,2040
0.00102375,1983
0.001025,1988
0.00102625,2026
0.0010275,2033
0.00102875,2022
0.00103,2048
0.00103125,2216
0.0010325,2570
0.00103375,3099
0.001035,3640
0.00103625,4055
0.0010375,4256
0.00103875,4259
0.00104,4204
0.00104125,4256
0.0010425,4442
0.00104375,4712
0.001045,4991
0.00104625,5234
0.0010475,5405
0.00104875,5528
0.00105,5664
0.00105125,5819
0.0010525,5963
0.00105375,6181
0.001055,6345
0.00105625,6491
0.0010575,6596
0.00105875,6640
0.00106,6667
0.00106125,6658
0.0010625,6634
0.00106375,6656
0.001065,6720
0.00106625,6834
0.0010675,6938
0.00106875,7001
0.00107,6969
0.00107125,6889
0.0010725,6844
0.00107375,6869
0.001075,7017
0.00107625,7218
0.0010775,7350
0.00107875,7385
0.00108,7299
0.00108125,7130
0.0010825,7008
0.00108375,6977
0.001085,7043
0.00108625,7129
0.0010875,7096
0.00108875,6829
0.00109,6293
0.00109125,5562
0.0010925,4782
0.00109375,4091
0.001095,3598
0.00109625,3289
0.0010975,3154
0.00109875,3057
0.0011,2902
0.00110125,2669
0.0011025,2373
0.00110375,2067
0.001105,1849
0.00110625,1757
0.0011075,1769
0.00110875,1882
0.00111,1990
0.00111125,2040
0.0011125,2041
0.00111375,1984
0.001115,1928
0.00111625,1972
0.0011175,2116
0.00111875,2325
0.00112,2550
0.00112125,2706
0.0011225,2763
0.00112375,2685
0.001125,2628
0.00112625,2645
0.0011275,2819
0.00112875,3102
0.00113,3453
0.00113125,3792
0.0011325,4005
0.00113375,4017
0.001135,3903
0.00113625,3750
0.0011375,3653
0.00113875,3688
0.00114,3877
0.00114125,4121
0.0011425,4347
0.00114375,4506
0.001145,4623
0.00114625,4741
0.0011475,4899
0.00114875,5127
0.00115,5354
0.00115125,5600
0.0011525,5854
0.00115375,6085
0.001155,6288
0.00115625,6449
0.0011575,6503
0.00115875,6473
0.00116,6488
0.00116125,6478
0.0011625,6555
0.00116375,6679
0.001165,6762
0.00116625,6727
0.0011675,6590
0.00116875,6395
0.00117,6249
0.00117125,6216
0.0011725,6301
0.00117375,6407
0.001175,6458
0.00117625,6405
0.0011775,6298
0.00117875,6174
0.00118,6104
0.00118125,6116
0.0011825,6131
0.00118375,6106
0.001185,6014
0.00118625,5887
0.0011875,5780
0.00118875,5700
0.00119,5617
0.00119125,5408
0.0011925,5037
0.00119375,4530
0.001195,3996
0.00119625,3701
0.0011975,3623
0.00119875,3669
0.0012,3701
0.00120125,3559
0.0012025,3234
0.00120375,2749
0.001205,2341
0.00120625,2118
0.0012075,2089
0.00120875,2188
0.00121,2279
0.00121125,2283
0.0012125,2173
0.00121375,2000
0.001215,1861
0.00121625,1802
0.0012175,1829
0.00121875,1925
0.00122,2072
0.00122125,2196
0.0012225,2220
0.00122375,2154
0.001225,2058
0.00122625,2035
0.0012275,2182
0.00122875,2506
0.00123,2891
0.00123125,3237
0.0012325,3360
0.00123375,3327
0.001235,3237
0.00123625,3223
0.0012375,3354
0.00123875,3653
0.00124,4024
0.00124125,4345
0.0012425,4603
0.00124375,4808
0.001245,5001
0.00124625,5252
0.0012475,5545
0.00124875,5823
0.00125,6101
0.00125125,6307
0.0012525,6434
0.00125375,6533
0.001255,6593
0.00125625,6622
0.0012575,6649
0.00125875,6643
0.00126,6611
0.00126125,6564
0.0012625,6499
0.00126375,6445
0.001265,6413
0.00126625,6447
0.0012675,6456
0.00126875,6459
0.00127,6427
0.00127125,6358
0.0012725,6298
0.00127375,6261
0.001275,6273
0.00127625,6281
0.0012775,6309
0.00127875,6263
0.00128,6169
0.00128125,6013
0.0012825,5858
0.00128375,5741
0.001285,5667
0.00128625,5666
0.0012875,5673
0.00128875,5606
0.00129,5459
0.00129125,5136
0.0012925,4689
0.00129375,4196
0.001295,3760
0.00129625,3506
0.0012975,3447
0.00129875,3538
0.0013,3608
0.00130125,3475
0.0013025,3060
0.00130375,2403
0.001305,1671
0.00130625,1106
0.0013075,846
0.00130875,883
0.00131,1135
0.00131125,1442
0.0013125,1680
0.00131375,1765
0.001315,1711
0.00131625,1543
0.0013175,1347
0.00131875,1194
0.00132,1105
0.00132125,1122
0.0013225,1229
0.00132375,1495
0.001325,1921
0.00132625,2448
0.0013275,2970
0.00132875,3407
0.00133,3640
0.00133125,3725
0.0013325,3709
0.00133375,3745
0.001335,3931
0.00133625,4270
0.0013375,4679
0.00133875,5016
0.00134,5178
0.00134125,5134
0.0013425,4984
0.00134375,4893
0.001345,4905
0.00134625,5044
0.0013475,5241
0.00134875,5400
0.00135,5468
0.00135125,5457
0.0013525,5392
0.00135375,5380
0.001355,5415
0.00135625,5558
0.0013575,5802
0.00135875,6071
0.00136,6298
0.00136125,6443
0.0013625,6522
0.00136375,6541
0.001365,6596
0.00136625,6700
0.0013675,6851
0.00136875,7009
0.00137,7087
0.00137125,7081
0.0013725,6876
0.00137375,6656
0.001375,6464
0.00137625,6381
0.0013775,6364
0.00137875,6337
0.00138,6221
0.00138125,6012
0.0013825,5733
0.00138375,5474
0.001385,5295
0.00138625,5231
0.0013875,5272
0.00138875,5319
0.00139,5353
0.00139125,5254
0.0013925,4934
0.00139375,4437
0.001395,3871
0.00139625,3396
0.0013975,3128
0.00139875,3069
0.0014,3146
0.00140125,3200
0.0014025,3042
0.00140375,2692
0.001405,2244
0.00140625,1831
0.0014075,1540
0.00140875,1447
0.00141,1472
0.00141125,1495
0.0014125,1428
0.00141375,1265
0.001415,1061
0.00141625,895
0.0014175,821
0.00141875,872
0.00142,1010
0.00142125,1215
0.0014225,1486
0.00142375,1775
0.001425,2070
0.00142625,2285
0.0014275,2394
0.00142875,2418
0.00143,2425
0.00143125,2518
0.0014325,2726
0.00143375,3038
0.001435,3332
0.00143625,3557
0.0014375,3723
0.00143875,3856
0.00144,4017
0.00144125,4242
0.0014425,4500
0.00144375,4734
0.001445,4878
0.00144625,4948
0.0014475,4980
0.00144875,4986
0.00145,5042
0.00145125,5145
0.0014525,5277
0.00145375,5416
0.001455,5576
0.00145625,5722
0.0014575,5901
0.00145875,6054
0.00146,6131
0.00146125,6127
0.0014625,6054
0.00146375,5940
0.001465,5864
0.00146625,5856
0.0014675,5834
0.00146875,5818
0.00147,5736
0.00147125,5626
0.0014725,5470
0.00147375,5330
0.001475,5233
0.00147625,5178
0.0014775,5104
0.00147875,5005
0.00148,4863
0.00148125,4656
0.0014825,4441
0.00148375,4308
0.001485,4282
0.00148625,4348
0.0014875,4480
0.00148875,4595
0.00149,4628
0.00149125,4533
0.0014925,4316
0.00149375,4025
0.001495,3731
0.00149625,3449
0.0014975,3244
0.00149875,3130
0.0015,3072
0.00150125,2990
0.0015025,2855
0.00150375,2707
0.001505,2474
0.00150625,2223
0.0015075,2027
0.00150875,1872
0.00151,1757
0.00151125,1621
0.0015125,1447
0.00151375,1237
0.001515,1006
0.00151625,816
0.0015175,733
0.00151875,794
0.00152,1005
0.00152125,1319
0.0015225,1646
0.00152375,1817
0.001525,1805
0.00152625,1670
0.0015275,1552
0.00152875,1570
0.00153,1797
0.00153125,2170
0.0015325,2575
0.00153375,2865
0.001535,3001
0.00153625,3033
0.0015375,3052
0.00153875,3115
0.00154,3350
0.00154125,3635
0.0015425,3890
0.00154375,4020
0.001545,4009
0.00154625,3914
0.0015475,3817
0.00154875,3839
0.00155,4089
0.00155125,4549
0.0015525,5128
0.00155375,5713
0.001555,6129
0.00155625,6271
0.0015575,6165
0.00155875,5846
0.00156,5513
0.00156125,5281
0.0015625,5276
0.00156375,5465
0.001565,5739
0.00156625,5940
0.0015675,5963
0.00156875,5801
0.00157,5527
0.00157125,5262
0.0015725,5113
0.00157375,5098
0.001575,5169
0.00157625,5229
0.0015775,5207
0.00157875,5054
0.00158,4792
0.00158125,4468
0.0015825,4188
0.00158375,4035
0.001585,3970
0.00158625,3944
0.0015875,3909
0.00158875,3811
0.00159,3691
0.00159125,3564
0.0015925,3453
0.00159375,3278
0.001595,3047
0.00159625,2755
0.0015975,2474
0.00159875,2237
0.0016,1991
0.00160125,1705
0.0016025,1312
0.00160375,784
0.001605,201
0.00160625,-247
0.0016075,-495
0.00160875,-486
0.00161,-274
0.00161125,-54
0.0016125,19
0.00161375,-132
0.001615,-478
0.00161625,-855
0.0016175,-1024
0.00161875,-843
0.00162,-285
0.00162125,463
0.0016225,1118
0.00162375,1448
0.001625,1446
0.00162625,1265
0.0016275,1130
0.00162875,1266
0.00163,1697
0.00163125,2253
0.0016325,2777
0.00163375,3131
0.001635,3295
0.00163625,3352
0.0016375,3355
0.00163875,3412
0.00164,3514
0.00164125,3646
0.0016425,3775
0.00164375,3882
0.001645,3977
0.00164625,4056
0.0016475,4119
0.00164875,4190
0.00165,4258
0.00165125,4310
0.0016525,4366
0.00165375,4435
0.001655,4512
0.00165625,4609
0.0016575,4713
0.00165875,4816
0.00166,4883
0.00166125,4925
0.0016625,4929
0.00166375,4889
0.001665,4821
0.00166625,4724
0.0016675,4647
0.00166875,4633
0.00167,4650
0.00167125,4674
0.0016725,4678
0.00167375,4658
0.001675,4554
0.00167625,4425
0.0016775,4277
0.00167875,4149
0.00168,4064
0.00168125,4037
0.0016825,4024
0.00168375,3966
0.001685,3878
0.00168625,3734
0.0016875,3562
0.00168875,3413
0.00169,3306
0.00169125,3245
0.0016925,3162
0.00169375,2966
0.001695,2630
0.00169625,2246
0.0016975,1919
0.00169875,1755
0.0017,1765
0.00170125,1818
0.0017025,1699
0.00170375,1316
0.001705,718
0.00170625,164
0.0017075,-132
0.00170875,-58
0.00171,286
0.00171125,599
0.0017125,619
0.00171375,277
0.001715,-223
0.00171625,-600
0.0017175,-594
0.00171875,-222
0.00172,326
0.00172125,837
0.0017225,1021
0.00172375,921
0.001725,747
0.00172625,692
0.0017275,869
0.00172875,1271
0.00173,1711
0.00173125,2055
0.0017325,2221
0.00173375,2247
0.001735,2191
0.00173625,2177
0.0017375,2211
0.00173875,2319
0.00174,2507
0.00174125,2712
0.0017425,2935
0.00174375,3170
0.001745,3383
0.00174625,3543
0.0017475,3702
0.00174875,3862
0.00175,4079
0.00175125,4316
0.0017525,4545
0.00175375,4691
0.001755,4744
0.00175625,4738
0.0017575,4744
0.00175875,4765
0.00176,4837
0.00176125,4898
0.0017625,4929
0.00176375,4896
0.001765,4800
0.00176625,4710
0.0017675,4651
0.00176875,4640
0.00177,4685
0.00177125,4719
0.0017725,4716
0.00177375,4634
0.001775,4498
0.00177625,4360
0.0017775,4196
0.00177875,4063
0.00178,3942
0.00178125,3830
0.0017825,3714
0.00178375,3608
0.001785,3488
0.00178625,3381
0.0017875,3301
0.00178875,3214
0.00179,3131
0.00179125,3020
0.0017925,2848
0.00179375,2593
0.001795,2247
0.00179625,1811
0.0017975,1300
0.00179875,851
0.0018,533
0.00180125,374
0.0018025,313
0.00180375,221
0.001805,20
0.00180625,-314
0.0018075,-714
0.00180875,-1062
0.00181,-1306
0.00181125,-1429
0.0018125,-1402
0.00181375,-1268
0.001815,-1056
0.00181625,-836
0.0018175,-708
0.00181875,-716
0.00182,-835
0.00182125,-973
0.0018225,-1022
0.00182375,-923
0.001825,-695
0.00182625,-465
0.0018275,-265
0.00182875,-152
0.00183,-132
0.00183125,-153
0.0018325,-130
0.00183375,-71
0.001835,72
0.00183625,300
0.0018375,534
0.00183875,720
0.00184,853
0.00184125,912
0.0018425,903
0.00184375,876
0.001845,851
0.00184625,932
0.0018475,1151
0.00184875,1531
0.00185,2042
0.00185125,2578
0.0018525,3098
0.00185375,3540
0.001855,3920
0.00185625,4232
0.0018575,4498
0.00185875,4822
0.00186,5180
0.00186125,5624
0.0018625,6125
0.00186375,6557
0.001865,6863
0.00186625,7038
0.0018675,7071
0.00186875,6973
0.00187,6796
0.00187125,6553
0.0018725,6268
0.00187375,6055
0.001875,6004
0.00187625,6101
0.0018775,6334
0.00187875,6579
0.00188,6711
0.00188125,6708
0.0018825,6558
0.00188375,6389
0.001885,6342
0.00188625,6545
0.0018875,6998
0.00188875,7704
0.00189,8571
0.00189125,9397
0.0018925,10047
0.00189375,10347
0.001895,10239
0.00189625,9786
0.0018975,9205
0.00189875,8845
0.0019,8913
0.00190125,9437
0.0019025,10198
0.00190375,10844
0.001905,11054
0.00190625,10858
0.0019075,10444
0.00190875,10205
0.00191,10374
0.00191125,10966
0.0019125,11744
0.00191375,12407
0.001915,12726
0.00191625,12726
0.0019175,12505
0.00191875,12268
0.00192,12101
0.00192125,12015
0.0019225,12003
0.00192375,11888
0.001925,11754
0.00192625,11558
0.0019275,11359
0.00192875,11136
0.00193,10895
0.00193125,10599
0.0019325,10229
0.00193375,9796
0.001935,9315
0.00193625,8857
0.0019375,8469
0.00193875,8133
0.00194,7794
0.00194125,7428
0.0019425,6872
0.00194375,6210
0.001945,5478
0.00194625,4819
0.0019475,4353
0.00194875,4070
0.00195,3918
0.00195125,3722
0.0019525,3364
0.00195375,2744
0.001955,1888
0.00195625,883
0.0019575,-151
0.00195875,-1026
0.00196,-1650
0.00196125,-2031
0.0019625,-2234
0.00196375,-2449
0.001965,-2783
0.00196625,-3312
0.0019675,-3955
0.00196875,-4568
0.00197,-4985
0.00197125,-5178
0.0019725,-5192
0.00197375,-5109
0.001975,-5067
0.00197625,-5121
0.0019775,-5231
0.00197875,-5322
0.00198,-5232
0.00198125,-4959
0.0019825,-4548
0.00198375,-4060
0.001985,-3615
0.00198625,-3307
0.0019875,-3140
0.00198875,-3031
0.00199,-2891
0.00199125,-2631
0.0019925,-2178
0.00199375,-1594
0.001995,-1102
0.00199625,-827
0.0019975,-922
0.00199875,-1319
0.002,-1761
0.00200125,-1990
0.0020025,-1786
0.00200375,-1263
0.002005,-690
0.00200625,-291
0.0020075,-150
0.00200875,-99
0.00201,52
0.00201125,489
0.0020125,1165
0.00201375,1884
0.002015,2452
0.00201625,2770
0.0020175,2845
0.00201875,2855
0.00202,2908
0.00202125,3044
0.0020225,3216
0.00202375,3346
0.002025,3423
0.00202625,3462
0.0020275,3498
0.00202875,3561
0.00203,3599
0.00203125,3573
0.0020325,3465
0.00203375,3276
0.002035,3091
0.00203625,2936
0.0020375,2858
0.00203875,2807
0.00204,2759
0.00204125,2640
0.0020425,2376
0.00204375,2012
0.002045,1571
0.00204625,1199
0.0020475,950
0.00204875,843
0.00205,810
0.00205125,717
0.0020525,491
0.00205375,174
0.002055,-201
0.00205625,-503
0.0020575,-724
0.00205875,-811
0.00206,-847
0.00206125,-912
0.0020625,-1028
0.00206375,-1211
0.002065,-1406
0.00206625,-1511
0.0020675,-1532
0.00206875,-1436
0.00207,-1271
0.00207125,-1233
0.0020725,-1277
0.00207375,-1408
0.002075,-1570
0.00207625,-1659
0.0020775,-1586
0.00207875,-1325
0.00208,-948
0.00208125,-513
0.0020825,-123
0.00208375,98
0.002085,219
0.00208625,336
0.0020875,615
0.00208875,1134
0.00209,1834
0.00209125,2616
0.0020925,3318
0.00209375,3789
0.002095,3933
0.00209625,3777
0.0020975,3426
0.00209875,3021
0.0021,2818
0.00210125,2931
0.0021025,3309
0.00210375,3806
0.002105,4252
0.00210625,4636
0.0021075,5103
0.00210875,5742
0.00211,6570
0.00211125,7395
0.0021125,7919
0.00211375,7960
0.002115,7645
0.00211625,7232
0.0021175,7063
0.00211875,7338
0.00212,7937
0.00212125,8520
0.0021225,8795
0.00212375,8573
0.002125,8060
0.00212625,7570
0.0021275,7383
0.00212875,7594
0.00213,8041
0.00213125,8446
0.0021325,8569
0.00213375,8373
0.002135,7986
0.00213625,7614
0.0021375,7365
0.00213875,7317
0.00214,7374
0.00214125,7389
0.0021425,7298
0.00214375,7097
0.002145,6839
0.00214625,6609
0.0021475,6475
0.00214875,6430
0.00215,6445
0.00215125,6421
0.0021525,6317
0.00215375,6109
0.002155,5850
0.00215625,5611
0.0021575,5502
0.00215875,5585
0.00216,5764
0.00216125,5883
0.0021625,5787
0.00216375,5450
0.002165,4991
0.00216625,4595
0.0021675,4472
0.00216875,4632
0.00217,4898
0.00217125,5067
0.0021725,5027
0.00217375,4782
0.002175,4440
0.00217625,4211
0.0021775,4145
0.00217875,4198
0.00218,4270
0.00218125,4272
0.0021825,4210
0.00218375,4090
0.002185,4043
0.00218625,4070
0.0021875,4160
0.00218875,4231
0.00219,4259
0.00219125,4263
0.0021925,4306
0.00219375,4378
0.002195,4415
0.00219625,4254
0.0021975,3788
0.00219875,3015
0.0022,2188
0.00220125,1580
0.0022025,1398
0.00220375,1671
0.002205,2267
0.00220625,2910
0.0022075,3349
0.00220875,3486
0.00221,3412
0.00221125,3360
0.0022125,3470
0.00221375,3814
0.002215,4315
0.00221625,4778
0.0022175,5064
0.00221875,5189
0.00222,5251
0.00222125,5341
0.0022225,5540
0.00222375,5804
0.002225,6057
0.00222625,6243
0.0022275,6304
0.00222875,6279
0.00223,6240
0.00223125,6226
0.0022325,6284
0.00223375,6399
0.002235,6484
0.00223625,6510
0.0022375,6442
0.00223875,6289
0.00224,6102
0.00224125,5947
0.0022425,5898
0.00224375,6010
0.002245,6276
0.00224625,6634
0.0022475,6903
0.00224875,7002
0.00225,6798
0.00225125,6342
0.0022525,5782
0.00225375,5237
0.002255,4784
0.00225625,4454
0.0022575,4206
0.00225875,4051
0.00226,3963
0.00226125,3863
0.0022625,3678
0.00226375,3345
0.002265,2891
0.00226625,2432
0.0022675,2085
0.00226875,1875
0.00227,1742
0.00227125,1611
0.0022725,1383
0.00227375,1033
0.002275,628
0.00227625,265
0.0022775,-5
0.00227875,-214
0.00228,-387
0.00228125,-549
0.0022825,-659
0.00228375,-757
0.002285,-780
0.00228625,-875
0.0022875,-1106
0.00228875,-1468
0.00229,-1830
0.00229125,-2045
0.0022925,-2007
0.00229375,-1839
0.002295,-1760
0.00229625,-2023
0.0022975,-2730
0.00229875,-3721
0.0023,-4637
0.00230125,-5172
0.0023025,-5171
0.00230375,-4814
0.002305,-4324
0.00230625,-4021
0.0023075,-4020
0.00230875,-4185
0.00231,-4299
0.00231125,-4146
0.0023125,-3680
0.00231375,-3053
0.002315,-2444
0.00231625,-2091
0.0023175,-1958
0.00231875,-1908
0.00232,-1824
0.00232125,-1582
0.0023225,-1238
0.00232375,-832
0.002325,-448
0.00232625,-98
0.0023275,202
0.00232875,419
0.00233,555
0.00233125,610
0.0023325,695
0.00233375,939
0.002335,1342
0.00233625,1858
0.0023375,2331
0.00233875,2661
0.00234,2786
0.00234125,2813
0.0023425,2850
0.00234375,2953
0.002345,3118
0.00234625,3292
0.0023475,3436
0.00234875,3554
0.00235,3686
0.00235125,3835
0.0023525,4057
0.00235375,4212
0.002355,4292
0.00235625,4336
0.0023575,4342
0.00235875,4379
0.00236,4493
0.00236125,4664
0.0023625,4819
0.00236375,4914
0.002365,4901
0.00236625,4796
0.0023675,4678
0.00236875,4597
0.00237,4580
0.00237125,4690
0.0023725,4879
0.00237375,5006
0.002375,5029
0.00237625,4859
0.0023775,4519
0.00237875,4185
0.00238,4019
0.00238125,4099
0.0023825,4325
0.00238375,4558
0.002385,4630
0.00238625,4469
0.0023875,4128
0.00238875,3734
0.00239,3360
0.00239125,2969
0.0023925,2580
0.00239375,2111
0.002395,1541
0.00239625,973
0.0023975,373
0.00239875,-167
0.0024,-584
0.00240125,-898
0.0024025,-1041
0.00240375,-1045
0.002405,-909
0.00240625,-789
0.0024075,-651
0.00240875,-617
0.00241,-592
0.00241125,-502
0.0024125,-312
0.00241375,-103
0.002415,-3
0.00241625,-126
0.0024175,-429
0.00241875,-775
0.00242,-966
0.00242125,-889
0.0024225,-604
0.00242375,-255
0.002425,-37
0.00242625,3
0.0024275,-99
0.00242875,-161
0.00243,-158
0.00243125,-34
0.0024325,164
0.00243375,355
0.002435,510
0.00243625,592
0.0024375,650
0.00243875,716
0.00244,774
0.00244125,841
0.0024425,893
0.00244375,987
0.002445,1051
0.00244625,1096
0.0024475,1156
0.00244875,1263
0.00245,1390
0.00245125,1528
0.0024525,1604
0.00245375,1528
0.002455,1320
0.00245625,1138
0.0024575,1048
0.00245875,1131
0.00246,1370
0.00246125,1636
0.0024625,1826
0.00246375,1907
0.002465,1902
0.00246625,1899
0.0024675,1926
0.00246875,1981
0.00247,2013
0.00247125,2028
0.0024725,2018
0.00247375,2006
0.002475,2000
0.00247625,2003
0.0024775,1968
0.00247875,1914
0.00248,1813
0.00248125,1650
0.0024825,1484
0.00248375,1345
0.002485,1256
0.00248625,1226
0.0024875,1181
0.00248875,1013
0.00249,710
0.00249125,327
0.0024925,-14
0.00249375,-178
0.002495,-243
0.00249625,-385
0.0024975,-758
0.00249875,-1374
0.0025,-2009
0.00250125,-2287
0.0025025,-2145
0.00250375,-1666
0.002505,-1138
0.00250625,-851
0.0025075,-881
0.00250875,-1037
0.00251,-1092
0.00251125,-906
0.0025125,-535
0.00251375,-153
0.002515,75
0.00251625,110
0.0025175,56
0.00251875,71
0.00252,253
0.00252125,517
0.0025225,816
0.00252375,1050
0.002525,1178
0.00252625,1268
0.0025275,1355
0.00252875,1492
0.00253,1648
0.00253125,1785
0.0025325,1882
0.00253375,1936
0.002535,1991
0.00253625,2084
0.0025375,2246
0.00253875,2467
0.00254,2675
0.00254125,2840
0.0025425,2992
0.00254375,3160
0.002545,3417
0.00254625,3750
0.0025475,4031
0.00254875,4159
0.00255,4009
0.00255125,3628
0.0025525,3170
0.00255375,2830
0.002555,2699
0.00255625,2828
0.0025575,3036
0.00255875,3218
0.00256,3286
0.00256125,3226
0.0025625,3113
0.00256375,3005
0.002565,2985
0.00256625,3059
0.0025675,3196
0.00256875,3361
0.00257,3495
0.00257125,3596
0.0025725,3648
0.00257375,3678
0.002575,3749
0.00257625,3771
0.0025775,3864
0.00257875,3983
0.00258,4112
0.00258125,4170
0.0025825,4091
0.00258375,3866
0.002585,3537
0.00258625,3152
0.0025875,2771
0.00258875,2426
0.00259,2125
0.00259125,1915
0.0025925,1844
0.00259375,1881
0.002595,1860
0.00259625,1613
0.0025975,1123
0.00259875,469
0.0026,-72
0.00260125,-215
0.0026025,138
0.00260375,741
0.002605,1275
0.00260625,1421
0.0026075,1185
0.00260875,840
0.00261,666
0.00261125,919
0.0026125,1461
0.00261375,2054
0.002615,2426
0.00261625,2527
0.0026175,2470
0.00261875,2418
0.00262,2462
0.00262125,2595
0.0026225,2749
0.00262375,2848
0.002625,2924
0.00262625,3003
0.0026275,3131
0.00262875,3257
0.00263,3405
0.00263125,3539
0.0026325,3625
0.00263375,3667
0.002635,3721
0.00263625,3847
0.0026375,4021
0.00263875,4245
0.00264,4480
0.00264125,4694
0.0026425,4781
0.00264375,4755
0.002645,4700
0.00264625,4634
0.0026475,4606
0.00264875,4597
0.00265,4591
0.00265125,4542
0.0026525,4452
0.00265375,4278
0.002655,4097
0.00265625,3885
0.0026575,3722
0.00265875,3661
0.00266,3704
0.00266125,3787
0.0026625,3800
0.00266375,3645
0.002665,3367
0.00266625,3028
0.0026675,2794
0.00266875,2752
0.00267,2856
0.00267125,3000
0.0026725,3025
0.00267375,2937
0.002675,2733
0.00267625,2474
0.0026775,2257
0.00267875,2114
0.00268,2050
0.00268125,2037
0.0026825,1983
0.00268375,1896
0.002685,1609
0.00268625,1159
0.0026875,626
0.00268875,149
0.00269,-164
0.00269125,-228
0.0026925,-141
0.00269375,-77
0.002695,-264
0.00269625,-816
0.0026975,-1559
0.00269875,-2257
0.0027,-2615
0.00270125,-2554
0.0027025,-2147
0.00270375,-1754
0.002705,-1582
0.00270625,-1716
0.0027075,-2053
0.00270875,-2351
0.00271,-2414
0.00271125,-2115
0.0027125,-1560
0.00271375,-990
0.002715,-566
0.00271625,-361
0.0027175,-361
0.00271875,-367
0.00272,-308
0.00272125,-48
0.0027225,286
0.00272375,571
0.002725,715
0.00272625,700
0.0027275,648
0.00272875,589
0.00273,587
0.00273125,643
0.0027325,681
0.00273375,668
0.002735,634
0.00273625,603
0.0027375,580
0.00273875,540
0.00274,578
0.00274125,693
0.0027425,955
0.00274375,1388
0.002745,1916
0.00274625,2432
0.0027475,2687
0.00274875,2556
0.00275,2063
0.00275125,1420
0.0027525,942
0.00275375,895
0.002755,1256
0.00275625,1819
0.0027575,2270
0.00275875,2411
0.00276,2258
0.00276125,1967
0.0027625,1754
0.00276375,1742
0.002765,1891
0.00276625,2040
0.0027675,2100
0.00276875,2013
0.00277,1824
0.00277125,1614
0.0027725,1477
0.00277375,1403
0.002775,1367
0.00277625,1312
0.0027775,1237
0.00277875,1157
0.00278,1067
0.00278125,983
0.0027825,898
0.00278375,777
0.002785,548
0.00278625,199
0.0027875,-221
0.00278875,-629
0.00279,-936
0.00279125,-1098
0.0027925,-1109
0.00279375,-1145
0.002795,-1311
0.00279625,-1615
0.0027975,-1978
0.00279875,-2293
0.0028,-2423
0.00280125,-2399
0.0028025,-2310
0.00280375,-2299
0.002805,-2401
0.00280625,-2550
0.0028075,-2624
0.00280875,-2499
0.00281,-2127
0.00281125,-1612
0.0028125,-1086
0.00281375,-771
0.002815,-691
0.00281625,-754
0.0028175,-863
0.00281875,-878
0.00282,-728
0.00282125,-456
0.0028225,-169
0.00282375,63
0.002825,191
0.00282625,223
0.0028275,298
0.00282875,479
0.00283,788
0.00283125,1153
0.0028325,1448
0.00283375,1577
0.002835,1547
0.00283625,1446
0.0028375,1393
0.00283875,1410
0.00284,1477
0.00284125,1535
0.0028425,1516
0.00284375,1437
0.002845,1348
0.00284625,1355
0.0028475,1398
0.00284875,1540
0.00285,1735
0.00285125,1933
0.0028525,2082
0.00285375,2212
0.002855,2295
0.00285625,2329
0.0028575,2379
0.00285875,2437
0.00286,2515
0.00286125,2597
0.0028625,2647
0.00286375,2631
0.002865,2553
0.00286625,2424
0.0028675,2276
0.00286875,2106
0.00287,1998
0.00287125,1940
0.0028725,1946
0.00287375,1950
0.002875,1862
0.00287625,1657
0.0028775,1357
0.00287875,1026
0.00288,763
0.00288125,515
0.0028825,276
0.00288375,1
0.002885,-326
0.00288625,-550
0.0028875,-627
0.00288875,-597
0.00289,-594
0.00289125,-788
0.0028925,-1243
0.00289375,-1831
0.002895,-2351
0.00289625,-2501
0.0028975,-2234
0.00289875,-1706
0.0029,-1219
0.00290125,-1060
0.0029025,-1276
0.00290375,-1834
0.002905,-2413
0.00290625,-2772
0.0029075,-2778
0.00290875,-2436
0.00291,-1882
0.00291125,-1354
0.0029125,-1066
0.00291375,-1170
0.002915,-1558
0.00291625,-2062
0.0029175,-2415
0.00291875,-2464
0.00292,-2210
0.00292125,-1793
0.0029225,-1452
0.00292375,-1296
0.002925,-1297
0.00292625,-1359
0.0029275,-1359
0.00292875,-1255
0.00293,-1000
0.00293125,-709
0.0029325,-443
0.00293375,-249
0.002935,-128
0.00293625,-80
0.0029375,-83
0.00293875,-12
0.00294,68
0.00294125,154
0.0029425,248
0.00294375,308
0.002945,317
0.00294625,337
0.0029475,356
0.00294875,399
0.00295,412
0.00295125,326
0.0029525,144
0.00295375,-103
0.002955,-307
0.00295625,-388
0.0029575,-266
0.00295875,-79
0.00296,65
0.00296125,161
0.0029625,181
0.00296375,178
0.002965,199
0.00296625,258
0.0029675,356
0.00296875,460
0.00297,533
0.00297125,576
0.0029725,602
0.00297375,595
0.002975,590
0.00297625,526
0.0029775,388
0.00297875,78
0.00298,-382
0.00298125,-894
0.0029825,-1388
0.00298375,-1701
0.002985,-1854
0.00298625,-1912
0.0029875,-1989
0.00298875,-2210
0.00299,-2565
0.00299125,-2937
0.0029925,-3213
0.00299375,-3261
0.002995,-3193
0.00299625,-3158
0.0029975,-3269
0.00299875,-3563
0.003,-3912
0.00300125,-4145
0.0030025,-4147
0.00300375,-3957
0.003005,-3699
0.00300625,-3527
0.0030075,-3489
0.00300875,-3519
0.00301,-3527
0.00301125,-3321
0.0030125,-3002
0.00301375,-2561
0.003015,-2184
0.00301625,-1968
0.0030175,-1955
0.00301875,-2045
0.00302,-2095
0.00302125,-2013
0.0030225,-1789
0.00302375,-1456
0.003025,-1156
0.00302625,-957
0.0030275,-840
0.00302875,-770
0.00303,-692
0.00303125,-597
0.0030325,-500
0.00303375,-405
0.003035,-334
0.00303625,-253
0.0030375,-156
0.00303875,-70
0.00304,-5
0.00304125,-27
0.0030425,-45
0.00304375,2
0.003045,139
0.00304625,331
0.0030475,543
0.00304875,706
0.00305,814
0.00305125,868
0.0030525,925
0.00305375,971
0.003055,981
0.00305625,960
0.0030575,923
0.00305875,862
0.00306,761
0.00306125,652
0.0030625,542
0.00306375,383
0.003065,210
0.00306625,54
0.0030675,-83
0.00306875,-162
0.00307,-257
0.00307125,-291
0.0030725,-261
0.00307375,-201
0.003075,-174
0.00307625,-286
0.0030775,-637
0.00307875,-1182
0.00308,-1733
0.00308125,-2099
0.0030825,-2137
0.00308375,-1987
0.003085,-1809
0.00308625,-1808
0.0030875,-2063
0.00308875,-2531
0.00309,-3059
0.00309125,-3571
0.0030925,-3912
0.00309375,-4049
0.003095,-3980
0.00309625,-3724
0.0030975,-3460
0.00309875,-3306
0.0031,-3328
0.00310125,-3543
0.0031025,-3806
0.00310375,-3998
0.003105,-4039
0.00310625,-3954
0.0031075,-3891
0.00310875,-3897
0.00311,-3922
0.00311125,-3878
0.0031125,-3652
0.00311375,-3231
0.003115,-2700
0.00311625,-2294
0.0031175,-2151
0.00311875,-2230
0.00312,-2427
0.00312125,-2512
0.0031225,-2367
0.00312375,-2000
0.003125,-1575
0.00312625,-1246
0.0031275,-1087
0.00312875,-1074
0.00313,-1096
0.00313125,-1083
0.0031325,-981
0.00313375,-835
0.003135,-677
0.00313625,-547
0.0031375,-432
0.00313875,-366
0.00314,-377
0.00314125,-395
0.0031425,-391
0.00314375,-344
0.003145,-200
0.00314625,-12
0.0031475,154
0.00314875,216
0.00315,144
0.00315125,35
0.0031525,-53
0.00315375,-62
0.003155,22
0.00315625,158
0.0031575,244
0.00315875,307
0.00316,341
0.00316125,376
0.0031625,352
0.00316375,180
0.003165,-133
0.00316625,-491
0.0031675,-807
0.00316875,-949
0.00317,-905
0.00317125,-792
0.0031725,-816
0.00317375,-1129
0.003175,-1722
0.00317625,-2460
0.0031775,-3104
0.00317875,-3550
0.00318,-3648
0.00318125,-3540
0.0031825,-3421
0.00318375,-3434
0.003185,-3632
0.00318625,-3963
0.0031875,-4278
0.00318875,-4451
0.00319,-4475
0.00319125,-4410
0.0031925,-4323
0.00319375,-4302
0.003195,-4339
0.00319625,-4432
0.0031975,-4556
0.00319875,-4703
0.0032,-4861
0.00320125,-5034
0.0032025,-5101
0.00320375,-5083
0.003205,-5004
0.00320625,-4976
0.0032075,-5088
0.00320875,-5288
0.00321,-5409
0.00321125,-5264
0.0032125,-4769
0.00321375,-4033
0.003215,-3325
0.00321625,-2858
0.0032175,-2692
0.00321875,-2759
0.00322,-2843
0.00322125,-2750
0.0032225,-2415
0.00322375,-1945
0.003225,-1488
0.00322625,-1232
0.0032275,-1195
0.00322875,-1344
0.00323,-1526
0.00323125,-1605
0.0032325,-1517
0.00323375,-1270
0.003235,-1029
0.00323625,-884
0.0032375,-874
0.00323875,-933
0.00324,-918
0.00324125,-753
0.0032425,-466
0.00324375,-207
0.003245,-123
0.00324625,-243
0.0032475,-469
0.00324875,-634
0.00325,-570
0.00325125,-340
0.0032525,-53
0.00325375,151
0.003255,191
0.00325625,88
0.0032575,-45
0.00325875,-99
0.00326,-36
0.00326125,117
0.0032625,280
0.00326375,362
0.003265,345
0.00326625,261
0.0032675,159
0.00326875,81
0.00327,36
0.00327125,-136
0.0032725,-445
0.00327375,-914
0.003275,-1468
0.00327625,-1950
0.0032775,-2254
0.00327875,-2335
0.00328,-2221
0.00328125,-2059
0.0032825,-1964
0.00328375,-2015
0.003285,-2264
0.00328625,-2586
0.0032875,-2879
0.00328875,-2943
0.00329,-2801
0.00329125,-2555
0.0032925,-2332
0.00329375,-2276
0.003295,-2381
0.00329625,-2561
0.0032975,-2683
0.00329875,-2717
0.0033,-2686
0.00330125,-2664
0.0033025,-2721
0.00330375,-2870
0.003305,-3070
0.00330625,-3250
0.0033075,-3328
0.00330875,-3357
0.00331,-3313
0.00331125,-3214
0.0033125,-3044
0.00331375,-2725
0.003315,-2350
0.00331625,-1972
0.0033175,-1696
0.00331875,-1615
0.00332,-1678
0.00332125,-1726
0.0033225,-1687
0.00332375,-1457
0.003325,-1074
0.00332625,-574
0.0033275,-95
0.00332875,242
0.00333,349
0.00333125,236
0.0033325,81
0.00333375,93
0.003335,436
0.00333625,1125
0.0033375,1955
0.00333875,2617
0.00334,2876
0.00334125,2624
0.0033425,1971
0.00334375,1265
0.003345,722
0.00334625,522
0.0033475,645
0.00334875,945
0.00335,1188
0.00335125,1234
0.0033525,1074
0.00335375,806
0.003355,612
0.00335625,584
0.0033575,715
0.00335875,914
0.00336,1104
0.00336125,1141
0.0033625,1125
0.00336375,1117
0.003365,1133
0.00336625,1140
0.0033675,1062
0.00336875,837
0.00337,493
0.00337125,86
0.0033725,-315
0.00337375,-669
0.003375,-967
0.00337625,-1215
0.0033775,-1462
0.00337875,-1698
0.00338,-1933
0.00338125,-2205
0.0033825,-2433
0.00338375,-2588
0.003385,-2731
0.00338625,-2818
0.0033875,-2915
0.00338875,-3060
0.00339,-3240
0.00339125,-3419
0.0033925,-3547
0.00339375,-3665
0.003395,-3730
0.00339625,-3811
0.0033975,-3866
0.00339875,-3894
0.0034,-3910
0.00340125,-3890
0.0034025,-3847
0.00340375,-3783
0.003405,-3726
0.00340625,-3609
0.0034075,-3459
0.00340875,-3275
0.00341,-3130
0.00341125,-3016
0.0034125,-2944
0.00341375,-2750
0.003415,-2435
0.00341625,-1958
0.0034175,-1466
0.00341875,-1120
0.00342,-1009
0.00342125,-1049
0.0034225,-1143
0.00342375,-1127
0.003425,-968
0.00342625,-666
0.0034275,-385
0.00342875,-211
0.00343,-105
0.00343125,-110
0.0034325,-102
0.00343375,-38
0.003435,86
0.00343625,246
0.0034375,384
0.00343875,465
0.00344,505
0.00344125,499
0.0034425,488
0.00344375,522
0.003445,589
0.00344625,686
0.0034475,781
0.00344875,927
0.00345,915
0.00345125,799
0.0034525,604
0.00345375,366
0.003455,228
0.00345625,228
0.0034575,343
0.00345875,536
0.00346,650
0.00346125,682
0.0034625,681
0.00346375,664
0.003465,633
0.00346625,479
0.0034675,177
0.00346875,-299
0.00347,-821
0.00347125,-1222
0.0034725,-1413
0.00347375,-1378
0.003475,-1295
0.00347625,-1334
0.0034775,-1519
0.00347875,-1866
0.00348,-2242
0.00348125,-2523
0.0034825,-2688
0.00348375,-2776
0.003485,-2886
0.00348625,-3063
0.0034875,-3308
0.00348875,-3601
0.00349,-3865
0.00349125,-4065
0.0034925,-4146
0.00349375,-4161
0.003495,-4108
0.00349625,-4081
0.0034975,-4171
0.00349875,-4395
0.0035,-4627
0.00350125,-4745
0.0035025,-4647
0.00350375,-4409
0.003505,-4067
0.00350625,-3833
0.0035075,-3766
0.00350875,-3865
0.00351,-4025
0.00351125,-4114
0.0035125,-4004
0.00351375,-3683
0.003515,-3269
0.00351625,-2895
0.0035175,-2707
0.00351875,-2701
0.00352,-2768
0.00352125,-2753
0.0035225,-2509
0.00352375,-2142
0.003525,-1656
0.00352625,-1236
0.0035275,-957
0.00352875,-823
0.00353,-742
0.00353125,-643
0.0035325,-430
0.00353375,-95
0.003535,300
0.00353625,592
0.0035375,685
0.00353875,550
0.00354,284
0.00354125,77
0.0035425,-59
0.00354375,42
0.003545,235
0.00354625,417
0.0035475,476
0.00354875,410
0.00355,267
0.00355125,141
0.0035525,95
0.00355375,119
0.003555,155
0.00355625,171
0.0035575,110
0.00355875,16
0.00356,-83
0.00356125,-246
0.0035625,-387
0.00356375,-656
0.003565,-1043
0.00356625,-1541
0.0035675,-2002
0.00356875,-2324
0.00357,-2403
0.00357125,-2235
0.0035725,-1956
0.00357375,-1775
0.003575,-1826
0.00357625,-2123
0.0035775,-2561
0.00357875,-2975
0.00358,-3157
0.00358125,-3116
0.0035825,-2987
0.00358375,-2926
0.003585,-3019
0.00358625,-3298
0.0035875,-3686
0.00358875,-4064
0.00359,-4329
0.00359125,-4507
0.0035925,-4595
0.00359375,-4671
0.003595,-4760
0.00359625,-4853
0.0035975,-4946
0.00359875,-5004
0.0036,-5003
0.00360125,-4938
0.0036025,-4821
0.00360375,-4662
0.003605,-4488
0.00360625,-4367
0.0036075,-4319
0.00360875,-4302
0.00361,-4290
0.00361125,-4173
0.0036125,-3830
0.00361375,-3276
0.003615,-2640
0.00361625,-2134
0.0036175,-1892
0.00361875,-1867
0.00362,-1967
0.00362125,-2003
0.0036225,-1833
0.00362375,-1485
0.003625,-1100
0.00362625,-795
0.0036275,-645
0.00362875,-656
0.00363,-747
0.00363125,-820
0.0036325,-798
0.00363375,-687
0.003635,-541
0.00363625,-422
0.0036375,-411
0.00363875,-487
0.00364,-572
0.00364125,-610
0.0036425,-520
0.00364375,-336
0.003645,-99
0.00364625,112
0.0036475,234
0.00364875,260
0.00365,170
0.00365125,73
0.0036525,-4
0.00365375,-36
0.003655,-9
0.00365625,85
0.0036575,230
0.00365875,354
0.00366,302
0.00366125,-43
0.0036625,-694
0.00366375,-1500
0.003665,-2158
0.00366625,-2438
0.0036675,-2334
0.00366875,-1968
0.00367,-1673
0.00367125,-1653
0.0036725,-1956
0.00367375,-2417
0.003675,-2788
0.00367625,-2951
0.0036775,-2889
0.00367875,-2708
0.00368,-2586
0.00368125,-2637
0.0036825,-2886
0.00368375,-3254
0.003685,-3617
0.00368625,-3887
0.0036875,-4005
0.00368875,-4000
0.00369,-3923
0.00369125,-3870
0.0036925,-3888
0.00369375,-4000
0.003695,-4183
0.00369625,-4347
0.0036975,-4426
0.00369875,-4386
0.0037,-4271
0.00370125,-4216
0.0037025,-4278
0.00370375,-4470
0.003705,-4696
0.00370625,-4800
0.0037075,-4674
0.00370875,-4368
0.00371,-4013
0.00371125,-3664
0.0037125,-3346
0.00371375,-2998
0.003715,-2501
0.00371625,-1850
0.0037175,-1161
0.00371875,-565
0.00372,-208
0.00372125,-64
0.0037225,-46
0.00372375,-10
0.003725,101
0.00372625,305
0.0037275,517
0.00372875,643
0.00373,657
0.00373125,584
0.0037325,503
0.00373375,507
0.003735,619
0.00373625,850
0.0037375,1126
0.00373875,1313
0.00374,1317
0.00374125,1189
0.0037425,1014
0.00374375,920
0.003745,1033
0.00374625,1229
0.0037475,1485
0.00374875,1651
0.00375,1677
0.00375125,1562
0.0037525,1345
0.00375375,1099
0.003755,936
0.00375625,879
0.0037575,878
0.00375875,860
0.00376,697
0.00376125,392
0.0037625,45
0.00376375,-245
0.003765,-327
0.00376625,-235
0.0037675,-76
0.00376875,-14
0.00377,-121
0.00377125,-363
0.0037725,-687
0.00377375,-958
0.003775,-1117
0.00377625,-1208
0.0037775,-1255
0.00377875,-1310
0.00378,-1435
0.00378125,-1736
0.0037825,-2242
0.00378375,-2932
0.003785,-3610
0.00378625,-4027
0.0037875,-4004
0.00378875,-3537
0.00379,-2871
0.00379125,-2330
0.0037925,-2137
0.00379375,-2363
0.003795,-2815
0.00379625,-3201
0.0037975,-3310
0.00379875,-3095
0.0038,-2728
0.00380125,-2327
0.0038025,-2187
0.00380375,-2215
0.003805,-2342
0.00380625,-2440
0.0038075,-2394
0.00380875,-2152
0.00381,-1843
0.00381125,-1527
0.0038125,-1296
0.00381375,-1155
0.003815,-995
0.00381625,-735
0.0038175,-350
0.00381875,110
0.00382,553
0.00382125,832
0.0038225,1011
0.00382375,1157
0.003825,1368
0.00382625,1663
0.0038275,1957
0.00382875,2125
0.00383,2168
0.00383125,2154
0.0038325,2224
0.00383375,2458
0.003835,2795
0.00383625,3098
0.0038375,3229
0.00383875,3165
0.00384,2905
0.00384125,2619
0.0038425,2390
0.00384375,2274
0.003845,2297
0.00384625,2398
0.0038475,2519
0.00384875,2666
0.00385,2788
0.00385125,2878
0.0038525,2922
0.00385375,2923
0.003855,2815
0.00385625,2589
0.0038575,2274
0.00385875,1974
0.00386,1767
0.00386125,1680
0.0038625,1703
0.00386375,1767
0.003865,1764
0.00386625,1625
0.0038675,1314
0.00386875,828
0.00387,249
0.00387125,-292
0.0038725,-702
0.00387375,-896
0.003875,-979
0.00387625,-1004
0.0038775,-1147
0.00387875,-1383
0.00388,-1648
0.00388125,-1855
0.0038825,-1948
0.00388375,-1948
0.003885,-1886
0.00388625,-1827
0.0038875,-1817
0.00388875,-1881
0.00389,-1974
0.00389125,-2090
0.0038925,-2145
0.00389375,-2153
0.003895,-2119
0.00389625,-2102
0.0038975,-2100
0.00389875,-2129
0.0039,-2147
0.00390125,-2104
0.0039025,-1955
0.00390375,-1740
0.003905,-1503
0.00390625,-1394
0.0039075,-1441
0.00390875,-1577
0.00391,-1707
0.00391125,-1683
0.0039125,-1545
0.00391375,-1333
0.003915,-1111
0.00391625,-871
0.0039175,-554
0.00391875,-182
0.00392,210
0.00392125,519
0.0039225,670
0.00392375,693
0.003925,711
0.00392625,848
0.0039275,1153
0.00392875,1551
0.00393,1967
0.00393125,2241
0.0039325,2410
0.00393375,2470
0.003935,2561
0.00393625,2745
0.0039375,3018
0.00393875,3329
0.00394,3559
0.00394125,3641
0.0039425,3582
0.00394375,3414
0.003945,3272
0.00394625,3214
0.0039475,3232
0.00394875,3243
0.00395,3127
0.00395125,2856
0.0039525,2427
0.00395375,1949
0.003955,1509
0.00395625,1178
0.0039575,985
0.00395875,949
0.00396,1009
0.00396125,1120
0.0039625,1172
0.00396375,1175
0.003965,1084
0.00396625,938
0.0039675,898
0.00396875,834
0.00397,848
0.00397125,879
0.0039725,858
0.00397375,745
0.003975,589
0.00397625,429
0.0039775,309
0.00397875,209
0.00398,113
0.00398125,-28
0.0039825,-202
0.00398375,-448
0.003985,-732
0.00398625,-990
0.0039875,-1273
0.00398875,-1522
0.00399,-1721
0.00399125,-1843
0.0039925,-1890
0.00399375,-1916
0.003995,-1971
0.00399625,-2086
0.0039975,-2256
0.00399875,-2351
0.004,-2290
0.00400125,-2068
0.0040025,-1731
0.00400375,-1394
0.004005,-1140
0.00400625,-940
0.0040075,-794
0.00400875,-671
0.00401,-515
0.00401125,-390
0.0040125,-336
0.00401375,-352
0.004015,-342
0.00401625,-261
0.0040175,-2
0.00401875,414
0.00402,900
0.00402125,1271
0.0040225,1448
0.00402375,1360
0.004025,1202
0.00402625,1119
0.0040275,1202
0.00402875,1454
0.00403,1812
0.00403125,2155
0.0040325,2457
0.00403375,2665
0.004035,2759
0.00403625,2730
0.0040375,2599
0.00403875,2477
0.00404,2447
0.00404125,2596
0.0040425,2857
0.00404375,3157
0.004045,3387
0.00404625,3525
0.0040475,3589
0.00404875,3650
0.00405,3685
0.00405125,3661
0.0040525,3511
0.00405375,3178
0.004055,2740
0.00405625,2352
0.0040575,2121
0.00405875,2059
0.00406,2075
0.00406125,2081
0.0040625,1933
0.00406375,1606
0.004065,1205
0.00406625,831
0.0040675,614
0.00406875,588
0.00407,717
0.00407125,904
0.0040725,1022
0.00407375,946
0.004075,692
0.00407625,354
0.0040775,58
0.00407875,-101
0.00408,-137
0.00408125,-124
0.0040825,-171
0.00408375,-284
0.004085,-472
0.00408625,-652
0.0040875,-799
0.00408875,-903
0.00409,-935
0.00409125,-961
0.0040925,-1020
0.00409375,-1111
0.004095,-1192
0.00409625,-1257
0.0040975,-1243
0.00409875,-1068
0.0041,-805
0.00410125,-508
0.0041025,-236
0.00410375,-88
0.004105,-33
0.00410625,-62
0.0041075,-135
0.00410875,-176
0.00411,-172
0.00411125,-95
0.0041125,60
0.00411375,236
0.004115,369
0.00411625,438
0.0041175,427
0.00411875,512
0.00412,754
0.00412125,1156
0.0041225,1601
0.00412375,1900
0.004125,1993
0.00412625,2010
0.0041275,2149
0.00412875,2569
0.00413,3246
0.00413125,3963
0.0041325,4491
0.00413375,4666
0.004135,4499
0.00413625,4203
0.0041375,3889
0.00413875,3753
0.00414,3772
0.00414125,3941
0.0041425,4165
0.00414375,4335
0.004145,4427
0.00414625,4458
0.0041475,4396
0.00414875,4234
0.00415,3958
0.00415125,3562
0.0041525,3087
0.00415375,2695
0.004155,2375
0.00415625,2197
0.0041575,2161
0.00415875,2195
0.00416,2188
0.00416125,2074
0.0041625,1790
0.00416375,1388
0.004165,996
0.00416625,743
0.0041675,646
0.00416875,653
0.00417,698
0.00417125,672
0.0041725,554
0.00417375,337
0.004175,91
0.00417625,-133
0.0041775,-290
0.00417875,-411
0.00418,-481
0.00418125,-555
0.0041825,-660
0.00418375,-810
0.004185,-986
0.00418625,-1106
0.0041875,-1193
0.00418875,-1218
0.00419,-1136
0.00419125,-1049
0.0041925,-979
0.00419375,-953
0.004195,-978
0.00419625,-982
0.0041975,-917
0.00419875,-706
0.0042,-379
0.00420125,-29
0.0042025,154
0.00420375,98
0.004205,-125
0.00420625,-409
0.0042075,-526
0.00420875,-401
0.00421,-110
0.00421125,195
0.0042125,391
0.00421375,386
0.004215,230
0.00421625,108
0.0042175,138
0.00421875,436
0.00422,979
0.00422125,1640
0.0042225,2239
0.00422375,2638
0.004225,2733
0.00422625,2628
0.0042275,2516
0.00422875,2532
0.00423,2715
0.00423125,3030
0.0042325,3400
0.00423375,3695
0.004235,3921
0.00423625,4163
0.0042375,4448
0.00423875,4760
0.00424,4991
0.00424125,5107
0.0042425,5146
0.00424375,5111
0.004245,5134
0.00424625,5183
0.0042475,5119
0.00424875,4903
0.00425,4570
0.00425125,4239
0.0042525,4005
0.00425375,3885
0.004255,3801
0.00425625,3682
0.0042575,3438
0.00425875,3119
0.00426,2806
0.00426125,2661
0.0042625,2605
0.00426375,2590
0.004265,2567
0.00426625,2429
0.0042675,2200
0.00426875,1884
0.00427,1598
0.00427125,1373
0.0042725,1207
0.00427375,1105
0.004275,1027
0.00427625,936
0.0042775,828
0.00427875,701
0.00428,584
0.00428125,546
0.0042825,595
0.00428375,699
0.004285,733
0.00428625,618
0.0042875,346
0.00428875,56
0.00429,-131
0.00429125,-135
0.0042925,9
0.00429375,176
0.004295,251
0.00429625,152
0.0042975,-5
0.00429875,-185
0.0043,-324
0.00430125,-346
0.0043025,-278
0.00430375,-188
0.004305,-73
0.00430625,19
0.0043075,85
0.00430875,122
0.00431,149
0.00431125,229
0.0043125,349
0.00431375,488
0.004315,574
0.00431625,579
0.0043175,579
0.00431875,640
0.00432,877
0.00432125,1314
0.0043225,1814
0.00432375,2281
0.004325,2558
0.00432625,2645
0.0043275,2622
0.00432875,2609
0.00433,2758
0.00433125,3120
0.0043325,3652
0.00433375,4151
0.004335,4485
0.00433625,4540
0.0043375,4300
0.00433875,3999
0.00434,3875
0.00434125,4018
0.0043425,4450
0.00434375,4884
0.004345,5090
0.00434625,4913
0.0043475,4386
0.00434875,3748
0.00435,3300
0.00435125,3172
0.0043525,3371
0.00435375,3697
0.004355,3942
0.00435625,3942
0.0043575,3691
0.00435875,3300
0.00436,2912
0.00436125,2644
0.0043625,2539
0.00436375,2575
0.004365,2608
0.00436625,2471
0.0043675,2110
0.00436875,1600
0.00437,1082
0.00437125,706
0.0043725,582
0.00437375,630
0.004375,741
0.00437625,683
0.0043775,414
0.00437875,-75
0.00438,-640
0.00438125,-1091
0.0043825,-1253
0.00438375,-1057
0.004385,-602
0.00438625,-47
0.0043875,377
0.00438875,501
0.00439,336
0.00439125,18
0.0043925,-243
0.00439375,-329
0.004395,-200
0.00439625,52
0.0043975,274
0.00439875,346
0.0044,242
0.00440125,110
0.0044025,71
0.00440375,212
0.004405,511
0.00440625,790
0.0044075,919
0.00440875,842
0.00441,632
0.00441125,476
0.0044125,443
0.00441375,611
0.004415,859
0.00441625,1072
0.0044175,1209
0.00441875,1311
0.00442,1491
0.00442125,1846
0.0044225,2293
0.00442375,2757
0.004425,3121
0.00442625,3318
0.0044275,3387
0.00442875,3446
0.00443,3579
0.00443125,3799
0.0044325,4066
0.00443375,4304
0.004435,4457
0.00443625,4531
0.0044375,4532
0.00443875,4554
0.00444,4629
0.00444125,4722
0.0044425,4688
0.00444375,4504
0.004445,4146
0.00444625,3699
0.0044475,3336
0.00444875,3219
0.00445,3416
0.00445125,3742
0.0044525,3943
0.00445375,3846
0.004455,3450
0.00445625,2938
0.0044575,2609
0.00445875,2551
0.00446,2783
0.00446125,3058
0.0044625,3171
0.00446375,3014
0.004465,2675
0.00446625,2233
0.0044675,1813
0.00446875,1508
0.00447,1278
0.00447125,1110
0.0044725,969
0.00447375,831
0.004475,678
0.00447625,553
0.0044775,477
0.00447875,394
0.00448,333
0.00448125,306
0.0044825,280
0.00448375,269
0.004485,251
0.00448625,248
0.0044875,252
0.00448875,244
0.00449,284
0.00449125,412
0.0044925,628
0.00449375,861
0.004495,1012
0.00449625,959
0.0044975,721
0.00449875,379
0.0045,111
0.00450125,5
0.0045025,78
0.00450375,217
0.004505,351
0.00450625,400
0.0045075,342
0.00450875,255
0.00451,183
0.00451125,146
0.0045125,152
0.00451375,197
0.004515,265
0.00451625,325
0.0045175,358
0.00451875,365
0.00452,410
0.00452125,605
0.0045225,1025
0.00452375,1720
0.004525,2570
0.00452625,3332
0.0045275,3884
0.00452875,4187
0.00453,4308
0.00453125,4391
0.0045325,4446
0.00453375,4442
0.004535,4292
0.00453625,3999
0.0045375,3695
0.00453875,3556
0.00454,3598
0.00454125,3706
0.0045425,3720
0.00454375,3551
0.004545,3234
0.00454625,2915
0.0045475,2732
0.00454875,2736
0.00455,2872
0.00455125,2961
0.0045525,2917
0.00455375,2745
0.004555,2481
0.00455625,2238
0.0045575,2080
0.00455875,2008
0.00456,1950
0.00456125,1913
0.0045625,1827
0.00456375,1666
0.004565,1483
0.00456625,1297
0.0045675,1131
0.00456875,989
0.00457,945
0.00457125,931
0.0045725,874
0.00457375,671
0.004575,315
0.00457625,-85
0.0045775,-391
0.00457875,-520
0.00458,-448
0.00458125,-294
0.0045825,-205
0.00458375,-212
0.004585,-293
0.00458625,-389
0.0045875,-318
0.00458875,-139
0.00459,123
0.00459125,383
0.0045925,570
0.00459375,578
0.004595,443
0.00459625,171
0.0045975,-163
0.00459875,-438
0.0046,-579
0.00460125,-570
0.0046025,-380
0.00460375,-74
0.004605,220
0.00460625,350
0.0046075,200
0.00460875,-154
0.00461,-619
0.00461125,-957
0.0046125,-990
0.00461375,-701
0.004615,-172
0.00461625,322
0.0046175,664
0.00461875,766
0.00462,732
0.00462125,771
0.0046225,1077
0.00462375,1698
0.004625,2467
0.00462625,3226
0.0046275,3858
0.00462875,4351
0.00463,4754
0.00463125,5098
0.0046325,5359
0.00463375,5413
0.004635,5285
0.00463625,5072
0.0046375,4960
0.00463875,5059
0.00464,5387
0.00464125,5793
0.0046425,6162
0.00464375,6363
0.004645,6424
0.00464625,6447
0.0046475,6482
0.00464875,6555
0.00465,6603
0.00465125,6598
0.0046525,6515
0.00465375,6354
0.004655,6178
0.00465625,5981
0.0046575,5822
0.00465875,5667
0.00466,5525
0.00466125,5327
0.0046625,4981
0.00466375,4491
0.004665,3904
0.00466625,3373
0.0046675,2970
0.00466875,2725
0.00467,2537
0.00467125,2316
0.0046725,1918
0.00467375,1285
0.004675,427
0.00467625,-526
0.0046775,-1443
0.00467875,-2248
0.00468,-2725
0.00468125,-2961
0.0046825,-3022
0.00468375,-3038
0.004685,-3207
0.00468625,-3627
0.0046875,-4284
0.00468875,-5017
0.00469,-5661
0.00469125,-6105
0.0046925,-6340
0.00469375,-6489
0.004695,-6632
0.00469625,-6860
0.0046975,-7129
0.00469875,-7479
0.0047,-7859
0.00470125,-8268
0.0047025,-8646
0.00470375,-8935
0.004705,-9084
0.00470625,-9068
0.0047075,-8927
0.00470875,-8777
0.00471,-8640
0.00471125,-8549
0.0047125,-8487
0.00471375,-8381
0.004715,-8252
0.00471625,-8094
0.0047175,-7894
0.00471875,-7654
0.00472,-7342
0.00472125,-6915
0.0047225,-6300
0.00472375,-5539
0.004725,-4705
0.00472625,-3859
0.0047275,-3120
0.00472875,-2493
0.00473,-1922
0.00473125,-1333
0.0047325,-712
0.00473375,-40
0.004735,562
0.00473625,1063
0.0047375,1501
0.00473875,1973
0.00474,2571
0.00474125,3295
0.0047425,4095
0.00474375,4837
0.004745,5477
0.00474625,6037
0.0047475,6529
0.00474875,7050
0.00475,7612
0.00475125,8286
0.0047525,8955
0.00475375,9580
0.004755,10109
0.00475625,10537
0.0047575,10911
0.00475875,11276
0.00476,11654
0.00476125,12006
0.0047625,12305
0.00476375,12514
0.004765,12638
0.00476625,12738
0.0047675,12901
0.00476875,13043
0.00477,13271
0.00477125,13492
0.0047725,13671
0.00477375,13783
0.004775,13809
0.00477625,13763
0.0047775,13718
0.00477875,13697
0.00478,13687
0.00478125,13760
0.0047825,13901
0.00478375,14084
0.004785,14163
0.00478625,14089
0.0047875,13755
0.00478875,13212
0.00479,12596
0.00479125,12044
0.0047925,11640
0.00479375,11330
0.004795,10999
0.00479625,10587
0.0047975,10045
0.00479875,9429
0.0048,8744
0.00480125,8050
0.0048025,7372
0.00480375,6664
0.004805,5971
0.00480625,5277
0.0048075,4640
0.00480875,3990
0.00481,3396
0.00481125,2838
0.0048125,2284
0.00481375,1713
0.004815,1094
0.00481625,459
0.0048175,-212
0.00481875,-904
0.00482,-1509
0.00482125,-1870
0.0048225,-1881
0.00482375,-1503
0.004825,-950
0.00482625,-521
0.0048275,-507
0.00482875,-945
0.00483,-1601
0.00483125,-2130
0.0048325,-2267
0.00483375,-2066
0.004835,-1839
0.00483625,-1886
0.0048375,-2368
0.00483875,-3102
0.00484,-3685
0.00484125,-3910
0.0048425,-3694
0.00484375,-3252
0.004845,-2878
0.00484625,-2784
0.0048475,-2945
0.00484875,-3138
0.00485,-3154
0.00485125,-2903
0.0048525,-2468
0.00485375,-2022
0.004855,-1698
0.00485625,-1558
0.0048575,-1503
0.00485875,-1402
0.00486,-1151
0.00486125,-741
0.0048625,-309
0.00486375,29
0.004865,156
0.00486625,102
0.0048675,-24
0.00486875,-40
0.00487,92
0.00487125,340
0.0048725,641
0.00487375,898
0.004875,1053
0.00487625,1144
0.0048775,1239
0.00487875,1285
0.00488,1349
0.00488125,1414
0.0048825,1460
0.00488375,1505
0.004885,1536
0.00488625,1572
0.0048875,1594
0.00488875,1637
0.00489,1670
0.00489125,1703
0.0048925,1733
0.00489375,1707
0.004895,1600
0.00489625,1458
0.0048975,1324
0.00489875,1229
0.0049,1232
0.00490125,1350
0.0049025,1508
0.00490375,1595
0.004905,1518
0.00490625,1263
0.0049075,929
0.00490875,621
0.00491,430
0.00491125,410
0.0049125,444
0.00491375,485
0.004915,461
0.00491625,364
0.0049175,198
0.00491875,-15
0.00492,-241
0.00492125,-372
0.0049225,-311
0.00492375,45
0.004925,674
0.00492625,1334
0.0049275,1795
0.00492875,1934
0.00493,1826
0.00493125,1666
0.0049325,1673
0.00493375,1817
0.004935,1920
0.00493625,1749
0.0049375,1220
0.00493875,504
0.00494,-51
0.00494125,-247
0.0049425,-28
0.00494375,372
0.004945,659
0.00494625,646
0.0049475,357
0.00494875,60
0.00495,-203
0.00495125,-250
0.0049525,-75
0.00495375,135
0.004955,322
0.00495625,425
0.0049575,442
0.00495875,490
0.00496,571
0.00496125,746
0.0049625,1004
0.00496375,1284
0.004965,1496
0.00496625,1669
0.0049675,1810
0.00496875,1924
0.00497,2079
0.00497125,2193
0.0049725,2177
0.00497375,1963
0.004975,1633
0.00497625,1333
0.0049775,1254
0.00497875,1483
0.00498,1978
0.00498125,2559
0.0049825,3030
0.00498375,3240
0.004985,3202
0.00498625,3109
0.0049875,3080
0.00498875,3205
0.00499,3390
0.00499125,3495
0.0049925,3384
0.00499375,3134
0.004995,2940
0.00499625,2959
0.0049975,3146
0.00499875,3404
0.005,3542
0.00500125,3460
0.0050025,3168
0.00500375,2863
0.005005,2667
0.00500625,2643
0.0050075,2749
0.00500875,2870
0.00501,2930
0.00501125,2855
0.0050125,2658
0.00501375,2313
0.005015,1918
0.00501625,1512
0.0050175,1208
0.00501875,1020
0.00502,1055
0.00502125,1233
0.0050225,1508
0.00502375,1855
0.005025,2210
0.00502625,2492
0.0050275,2643
0.00502875,2608
0.00503,2420
0.00503125,2194
0.0050325,2056
0.00503375,2026
0.005035,1945
0.00503625,1625
0.0050375,999
0.00503875,184
0.00504,-568
0.00504125,-981
0.0050425,-956
0.00504375,-662
0.005045,-384
0.00504625,-327
0.0050475,-553
0.00504875,-950
0.00505,-1391
0.00505125,-1700
0.0050525,-1866
0.00505375,-1964
0.005055,-2021
0.00505625,-2087
0.0050575,-2251
0.00505875,-2406
0.00506,-2606
0.00506125,-2816
0.0050625,-3049
0.00506375,-3292
0.005065,-3474
0.00506625,-3547
0.0050675,-3438
0.00506875,-3188
0.00507,-2900
0.00507125,-2724
0.0050725,-2832
0.00507375,-3190
0.005075,-3687
0.00507625,-4025
0.0050775,-4034
0.00507875,-3720
0.00508,-3232
0.00508125,-2813
0.0050825,-2718
0.00508375,-2967
0.005085,-3432
0.00508625,-3856
0.0050875,-4025
0.00508875,-3929
0.00509,-3661
0.00509125,-3418
0.0050925,-3354
0.00509375,-3422
0.005095,-3608
0.00509625,-3761
0.0050975,-3811
0.00509875,-3723
0.0051,-3553
0.00510125,-3399
0.0051025,-3293
0.00510375,-3221
0.005105,-3120
0.00510625,-2986
0.0051075,-2839
0.00510875,-2745
0.00511,-2727
0.00511125,-2734
0.0051125,-2728
0.00511375,-2526
0.005115,-2137
0.00511625,-1630
0.0051175,-1173
0.00511875,-936
0.00512,-955
0.00512125,-1116
0.0051225,-1173
0.00512375,-938
0.005125,-336
0.00512625,481
0.0051275,1270
0.00512875,1680
0.00513,1595
0.00513125,1037
0.0051325,283
0.00513375,-357
0.005135,-679
0.00513625,-669
0.0051375,-509
0.00513875,-443
0.00514,-584
0.00514125,-927
0.0051425,-1259
0.00514375,-1484
0.005145,-1544
0.00514625,-1488
0.0051475,-1423
0.00514875,-1576
0.00515,-1863
0.00515125,-2229
0.0051525,-2563
0.00515375,-2767
0.005155,-2778
0.00515625,-2681
0.0051575,-2651
0.00515875,-2833
0.00516,-3239
0.00516125,-3774
0.0051625,-4204
0.00516375,-4385
0.005165,-4272
0.00516625,-3950
0.0051675,-3765
0.00516875,-3816
0.00517,-4138
0.00517125,-4633
0.0051725,-5192
0.00517375,-5610
0.005175,-5829
0.00517625,-5855
0.0051775,-5758
0.00517875,-5576
0.00518,-5371
0.00518125,-5176
0.0051825,-5035
0.00518375,-4979
0.005185,-5025
0.00518625,-5158
0.0051875,-5397
0.00518875,-5589
0.00519,-5630
0.00519125,-5473
0.0051925,-5096
0.00519375,-4667
0.005195,-4412
0.00519625,-4536
0.0051975,-5006
0.00519875,-5589
0.0052,-5918
0.00520125,-5708
0.0052025,-4989
0.00520375,-4030
0.005205,-3220
0.00520625,-2898
0.0052075,-3067
0.00520875,-3434
0.00521,-3678
0.00521125,-3490
0.0052125,-2878
0.00521375,-2070
0.005215,-1414
0.00521625,-1105
0.0052175,-1149
0.00521875,-1356
0.00522,-1485
0.00522125,-1336
0.0052225,-863
0.00522375,-211
0.005225,447
0.00522625,900
0.0052275,990
0.00522875,718
0.00523,235
0.00523125,-192
0.0052325,-356
0.00523375,-192
0.005235,178
0.00523625,563
0.0052375,688
0.00523875,485
0.00524,56
0.00524125,-417
0.0052425,-681
0.00524375,-644
0.005245,-382
0.00524625,-82
0.0052475,-33
0.00524875,-336
0.00525,-960
0.00525125,-1645
0.0052525,-2158
0.00525375,-2331
0.005255,-2182
0.00525625,-1877
0.0052575,-1745
0.00525875,-1886
0.00526,-2302
0.00526125,-2809
0.0052625,-3193
0.00526375,-3299
0.005265,-3137
0.00526625,-2920
0.0052675,-2810
0.00526875,-2946
0.00527,-3257
0.00527125,-3628
0.0052725,-3914
0.00527375,-3974
0.005275,-3932
0.00527625,-3917
0.0052775,-4048
0.00527875,-4318
0.00528,-4595
0.00528125,-4689
0.0052825,-4549
0.00528375,-4293
0.005285,-4149
0.00528625,-4342
0.0052875,-4840
0.00528875,-5392
0.00529,-5711
0.00529125,-5592
0.0052925,-5067
0.00529375,-4471
0.005295,-4142
0.00529625,-4243
0.0052975,-4698
0.00529875,-5240
0.0053,-5542
0.00530125,-5420
0.0053025,-4981
0.00530375,-4434
0.005305,-4079
0.00530625,-4070
0.0053075,-4322
0.00530875,-4606
0.00531,-4717
0.00531125,-4563
0.0053125,-4211
0.00531375,-3802
0.005315,-3417
0.00531625,-3125
0.0053175,-2894
0.00531875,-2689
0.00532,-2483
0.00532125,-2181
0.0053225,-1737
0.00532375,-1181
0.005325,-659
0.00532625,-355
0.0053275,-454
0.00532875,-869
0.00533,-1271
0.00533125,-1391
0.0053325,-1097
0.00533375,-586
0.005335,-241
0.00533625,-448
0.0053375,-1180
0.00533875,-2116
0.00534,-2775
0.00534125,-2844
0.0053425,-2394
0.00534375,-1846
0.005345,-1601
0.00534625,-1887
0.0053475,-2566
0.00534875,-3260
0.00535,-3622
0.00535125,-3517
0.0053525,-3077
0.00535375,-2655
0.005355,-2510
0.00535625,-2713
0.0053575,-3066
0.00535875,-3279
0.00536,-3171
0.00536125,-2790
0.0053625,-2430
0.00536375,-2380
0.005365,-2758
0.00536625,-3398
0.0053675,-3946
0.00536875,-4104
0.00537,-3817
0.00537125,-3314
0.0053725,-2948
0.00537375,-2955
0.005375,-3381
0.00537625,-3977
0.0053775,-4414
0.00537875,-4558
0.00538,-4305
0.00538125,-3880
0.0053825,-3594
0.00538375,-3592
0.005385,-3876
0.00538625,-4238
0.0053875,-4494
0.00538875,-4506
0.00539,-4350
0.00539125,-4150
0.0053925,-4024
0.00539375,-4079
0.005395,-4229
0.00539625,-4352
0.0053975,-4415
0.00539875,-4336
0.0054,-4225
0.00540125,-4074
0.0054025,-3889
0.00540375,-3647
0.005405,-3451
0.00540625,-3390
0.0054075,-3545
0.00540875,-3881
0.00541,-4221
0.00541125,-4309
0.0054125,-3976
0.00541375,-3254
0.005415,-2372
0.00541625,-1667
0.0054175,-1419
0.00541875,-1643
0.00542,-2069
0.00542125,-2332
0.0054225,-2112
0.00542375,-1357
0.005425,-406
0.00542625,317
0.0054275,447
0.00542875,-59
0.00543,-815
0.00543125,-1395
0.0054325,-1418
0.00543375,-889
0.005435,-216
0.00543625,171
0.0054375,-41
0.00543875,-754
0.00544,-1624
0.00544125,-2229
0.0054425,-2360
0.00544375,-2118
0.005445,-1802
0.00544625,-1671
0.0054475,-1767
0.00544875,-1933
0.00545,-2049
0.00545125,-2086
0.0054525,-2105
0.00545375,-2271
0.005455,-2623
0.00545625,-2956
0.0054575,-3084
0.00545875,-2934
0.00546,-2572
0.00546125,-2261
0.0054625,-2225
0.00546375,-2490
0.005465,-2957
0.00546625,-3442
0.0054675,-3734
0.00546875,-3902
0.00547,-4068
0.00547125,-4333
0.0054725,-4821
0.00547375,-5320
0.005475,-5643
0.00547625,-5638
0.0054775,-5288
0.00547875,-4804
0.00548,-4443
0.00548125,-4405
0.0054825,-4723
0.00548375,-5246
0.005485,-5679
0.00548625,-5794
0.0054875,-5559
0.00548875,-5034
0.00549,-4527
0.00549125,-4265
0.0054925,-4358
0.00549375,-4787
0.005495,-5223
0.00549625,-5405
0.0054975,-5160
0.00549875,-4530
0.0055,-3782
0.00550125,-3225
0.0055025,-3069
0.00550375,-3287
0.005505,-3675
0.00550625,-3959
0.0055075,-4007
0.00550875,-3735
0.00551,-3266
0.00551125,-2741
0.0055125,-2274
0.00551375,-1942
0.005515,-1734
0.00551625,-1647
0.0055175,-1619
0.00551875,-1574
0.00552,-1471
0.00552125,-1207
0.0055225,-780
0.00552375,-236
0.005525,287
0.00552625,670
0.0055275,762
0.00552875,571
0.00553,187
0.00553125,-286
0.0055325,-615
0.00553375,-726
0.005535,-631
0.00553625,-456
0.0055375,-434
0.00553875,-719
0.00554,-1315
0.00554125,-2038
0.0055425,-2655
0.00554375,-2990
0.005545,-3037
0.00554625,-2879
0.0055475,-2744
0.00554875,-2763
0.00555,-3056
0.00555125,-3520
0.0055525,-4002
0.00555375,-4378
0.005555,-4540
0.00555625,-4510
0.0055575,-4386
0.00555875,-4341
0.00556,-4457
0.00556125,-4755
0.0055625,-5117
0.00556375,-5431
0.005565,-5603
0.00556625,-5627
0.0055675,-5469
0.00556875,-5251
0.00557,-5052
0.00557125,-4958
0.0055725,-5049
0.00557375,-5325
0.005575,-5686
0.00557625,-5983
0.0055775,-6056
0.00557875,-5849
0.00558,-5478
0.00558125,-5124
0.0055825,-5042
0.00558375,-5323
0.005585,-5854
0.00558625,-6397
0.0055875,-6704
0.00558875,-6642
0.00559,-6275
0.00559125,-5868
0.0055925,-5644
0.00559375,-5715
0.005595,-5969
0.00559625,-6217
0.0055975,-6304
0.00559875,-6068
0.0056,-5690
0.00560125,-5319
0.0056025,-5094
0.00560375,-5047
0.005605,-5115
0.00560625,-5174
0.0056075,-5064
0.00560875,-4762
0.00561,-4250
0.00561125,-3563
0.0056125,-2849
0.00561375,-2243
0.005615,-1894
0.00561625,-1924
0.0056175,-2193
0.00561875,-2524
0.00562,-2643
0.00562125,-2361
0.0056225,-1736
0.00562375,-1007
0.005625,-503
0.00562625,-447
0.0056275,-776
0.00562875,-1270
0.00563,-1596
0.00563125,-1542
0.0056325,-1110
0.00563375,-568
0.005635,-235
0.00563625,-291
0.0056375,-793
0.00563875,-1483
0.00564,-2048
0.00564125,-2233
0.0056425,-2038
0.00564375,-1650
0.005645,-1363
0.00564625,-1354
0.0056475,-1663
0.00564875,-2077
0.00565,-2331
0.00565125,-2307
0.0056525,-2096
0.00565375,-1997
0.005655,-2217
0.00565625,-2731
0.0056575,-3320
0.00565875,-3664
0.00566,-3567
0.00566125,-3182
0.0056625,-2840
0.00566375,-2876
0.005665,-3345
0.00566625,-4079
0.0056675,-4700
0.00566875,-4936
0.00567,-4763
0.00567125,-4425
0.0056725,-4222
0.00567375,-4363
0.005675,-4825
0.00567625,-5391
0.0056775,-5800
0.00567875,-5883
0.00568,-5695
0.00568125,-5450
0.0056825,-5307
0.00568375,-5366
0.005685,-5580
0.00568625,-5720
0.0056875,-5624
0.00568875,-5278
0.00569,-4847
0.00569125,-4558
0.0056925,-4681
0.00569375,-5156
0.005695,-5719
0.00569625,-6069
0.0056975,-5934
0.00569875,-5364
0.0057,-4679
0.00570125,-4210
0.0057025,-4207
0.00570375,-4658
0.005705,-5227
0.00570625,-5483
0.0057075,-5179
0.00570875,-4293
0.00571,-3272
0.00571125,-2436
0.0057125,-2077
0.00571375,-2259
0.005715,-2677
0.00571625,-2983
0.0057175,-2883
0.00571875,-2343
0.00572,-1541
0.00572125,-771
0.0057225,-347
0.00572375,-415
0.005725,-896
0.00572625,-1550
0.0057275,-2102
0.00572875,-2267
0.00573,-2047
0.00573125,-1548
0.0057325,-1084
0.00573375,-898
0.005735,-1156
0.00573625,-1783
0.0057375,-2567
0.00573875,-3244
0.00574,-3580
0.00574125,-3539
0.0057425,-3298
0.00574375,-3106
0.005745,-3143
0.00574625,-3474
0.0057475,-3977
0.00574875,-4429
0.00575,-4630
0.00575125,-4551
0.0057525,-4338
0.00575375,-4205
0.005755,-4307
0.00575625,-4642
0.0057575,-5082
0.00575875,-5418
0.00576,-5529
0.00576125,-5468
0.0057625,-5377
0.00576375,-5376
0.005765,-5635
0.00576625,-6017
0.0057675,-6391
0.00576875,-6621
0.00577,-6677
0.00577125,-6607
0.0057725,-6482
0.00577375,-6359
0.005775,-6279
0.00577625,-6249
0.0057775,-6346
0.00577875,-6555
0.00578,-6863
0.00578125,-7093
0.0057825,-7094
0.00578375,-6777
0.005785,-6282
0.00578625,-5824
0.0057875,-5616
0.00578875,-5778
0.00579,-6178
0.00579125,-6583
0.0057925,-6792
0.00579375,-6694
0.005795,-6397
0.00579625,-6137
0.0057975,-6073
0.00579875,-6270
0.0058,-6622
0.00580125,-6913
0.0058025,-6939
0.00580375,-6656
0.005805,-6113
0.00580625,-5512
0.0058075,-5061
0.00580875,-4825
0.00581,-4753
0.00581125,-4686
0.0058125,-4506
0.00581375,-4204
0.005815,-3907
0.00581625,-3759
0.0058175,-3778
0.00581875,-3894
0.00582,-3895
0.00582125,-3615
0.0058225,-3147
0.00582375,-2643
0.005825,-2335
0.00582625,-2344
0.0058275,-2556
0.00582875,-2768
0.00583,-2772
0.00583125,-2550
0.0058325,-2234
0.00583375,-2042
0.005835,-2114
0.00583625,-2414
0.0058375,-2956
0.00583875,-3459
0.00584,-3885
0.00584125,-4175
0.0058425,-4384
0.00584375,-4566
0.005845,-4762
0.00584625,-5013
0.0058475,-5229
0.00584875,-5341
0.00585,-5310
0.00585125,-5206
0.0058525,-5163
0.00585375,-5346
0.005855,-5754
0.00585625,-6275
0.0058575,-6593
0.00585875,-6594
0.00586,-6271
0.00586125,-5841
0.0058625,-5606
0.00586375,-5725
0.005865,-6199
0.00586625,-6789
0.0058675,-7192
0.00586875,-7250
0.00587,-6994
0.00587125,-6693
0.0058725,-6598
0.00587375,-6810
0.005875,-7258
0.00587625,-7682
0.0058775,-7885
0.00587875,-7800
0.00588,-7528
0.00588125,-7310
0.0058825,-7266
0.00588375,-7448
0.005885,-7726
0.00588625,-7917
0.0058875,-7929
0.00588875,-7771
0.00589,-7528
0.00589125,-7221
0.0058925,-7003
0.00589375,-6810
0.005895,-6679
0.00589625,-6679
0.0058975,-6815
0.00589875,-7036
0.0059,-7152
0.00590125,-7016
0.0059025,-6528
0.00590375,-5795
0.005905,-5059
0.00590625,-4608
0.0059075,-4594
0.00590875,-4943
0.00591,-5381
0.00591125,-5579
0.0059125,-5429
0.00591375,-5008
0.005915,-4572
0.00591625,-4330
0.0059175,-4369
0.00591875,-4585
0.00592,-4742
0.00592125,-4697
0.0059225,-4435
0.00592375,-4067
0.005925,-3773
0.00592625,-3640
0.0059275,-3619
0.00592875,-3645
0.00593,-3596
0.00593125,-3529
0.0059325,-3397
0.00593375,-3251
0.005935,-3047
0.00593625,-2842
0.0059375,-2789
0.00593875,-3030
0.00594,-3646
0.00594125,-4550
0.0059425,-5364
0.00594375,-5804
0.005945,-5736
0.00594625,-5306
0.0059475,-4887
0.00594875,-4853
0.00595,-5288
0.00595125,-6019
0.0059525,-6683
0.00595375,-6950
0.005955,-6783
0.00595625,-6368
0.0059575,-6030
0.00595875,-6032
0.00596,-6393
0.00596125,-6873
0.0059625,-7212
0.00596375,-7278
0.005965,-7137
0.00596625,-7029
0.0059675,-7166
0.00596875,-7643
0.00597,-8284
0.00597125,-8854
0.0059725,-9131
0.00597375,-9070
0.005975,-8759
0.00597625,-8414
0.0059775,-8276
0.00597875,-8466
0.00598,-8922
0.00598125,-9437
0.0059825,-9743
0.00598375,-9692
0.005985,-9299
0.00598625,-8717
0.0059875,-8218
0.00598875,-8026
0.00599,-8173
0.00599125,-8484
0.0059925,-8749
0.00599375,-8783
0.005995,-8538
0.00599625,-8165
0.0059975,-7850
0.00599875,-7646
0.006,-7518
0.00600125,-7346
0.0060025,-7049
0.00600375,-6650
0.006005,-6257
0.00600625,-6060
0.0060075,-6067
0.00600875,-6229
0.00601,-6345
0.00601125,-6251
0.0060125,-5882
0.00601375,-5316
0.006015,-4760
0.00601625,-4487
0.0060175,-4547
0.00601875,-4882
0.00602,-5250
0.00602125,-5368
0.0060225,-5161
0.00602375,-4606
0.006025,-4104
0.00602625,-3893
0.0060275,-4075
0.00602875,-4514
0.00603,-4947
0.00603125,-5088
0.0060325,-4875
0.00603375,-4443
0.006035,-4061
0.00603625,-3938
0.0060375,-4207
0.00603875,-4768
0.00604,-5419
0.00604125,-5925
0.0060425,-6127
0.00604375,-6058
0.006045,-5847
0.00604625,-5742
0.0060475,-5877
0.00604875,-6277
0.00605,-6830
0.00605125,-7285
0.0060525,-7541
0.00605375,-7625
0.006055,-7627
0.00605625,-7691
0.0060575,-7804
0.00605875,-7938
0.00606,-8025
0.00606125,-8100
0.0060625,-8317
0.00606375,-8844
0.006065,-9595
0.00606625,-10368
0.0060675,-10815
0.00606875,-10709
0.00607,-10094
0.00607125,-9282
0.0060725,-8662
0.00607375,-8488
0.006075,-8770
0.00607625,-9130
0.0060775,-9349
0.00607875,-9228
0.00608,-8808
0.00608125,-8350
0.0060825,-8161
0.00608375,-8279
0.006085,-8665
0.00608625,-9054
0.0060875,-9228
0.00608875,-9111
0.00609,-8800
0.00609125,-8508
0.0060925,-8391
0.00609375,-8457
0.006095,-8627
0.00609625,-8687
0.0060975,-8516
0.00609875,-8022
0.0061,-7332
0.00610125,-6605
0.0061025,-6008
0.00610375,-5680
0.006105,-5638
0.00610625,-5795
0.0061075,-5963
0.00610875,-5964
0.00611,-5702
0.00611125,-5193
0.0061125,-4566
0.00611375,-4028
0.006115,-3742
0.00611625,-3772
0.0061175,-3995
0.00611875,-4247
0.00612,-4331
0.00612125,-4212
0.0061225,-3932
0.00612375,-3673
0.006125,-3578
0.00612625,-3725
0.0061275,-4046
0.00612875,-4366
0.00613,-4534
0.00613125,-4509
0.0061325,-4329
0.00613375,-4121
0.006135,-3998
0.00613625,-3980
0.0061375,-4010
0.00613875,-4083
0.00614,-4172
0.00614125,-4387
0.0061425,-4820
0.00614375,-5482
0.006145,-6157
0.00614625,-6728
0.0061475,-6934
0.00614875,-6850
0.00615,-6665
0.00615125,-6621
0.0061525,-6896
0.00615375,-7449
0.006155,-8056
0.00615625,-8528
0.0061575,-8771
0.00615875,-8799
0.00616,-8775
0.00616125,-8790
0.0061625,-8947
0.00616375,-9189
0.006165,-9401
0.00616625,-9578
0.0061675,-9697
0.00616875,-9756
0.00617,-9754
0.00617125,-9764
0.0061725,-9779
0.00617375,-9812
0.006175,-9876
0.00617625,-9940
0.0061775,-9988
0.00617875,-9967
0.00618,-9807
0.00618125,-9562
0.0061825,-9426
0.00618375,-9431
0.006185,-9593
0.00618625,-9817
0.0061875,-9939
0.00618875,-9873
0.00619,-9664
0.00619125,-9445
0.0061925,-9307
0.00619375,-9296
0.006195,-9235
0.00619625,-8974
0.0061975,-8489
0.00619875,-7918
0.0062,-7435
0.00620125,-7211
0.0062025,-7211
0.00620375,-7254
0.006205,-7168
0.00620625,-6843
0.0062075,-6350
0.00620875,-5835
0.00621,-5421
0.00621125,-5123
0.0062125,-4851
0.00621375,-4468
0.006215,-3938
0.00621625,-3350
0.0062175,-2967
0.00621875,-2883
0.00622,-3206
0.00622125,-3770
0.0062225,-4286
0.00622375,-4468
0.006225,-4233
0.00622625,-3750
0.0062275,-3350
0.00622875,-3339
0.00623,-3804
0.00623125,-4523
0.0062325,-5142
0.00623375,-5397
0.006235,-5231
0.00623625,-4870
0.0062375,-4611
0.00623875,-4679
0.00624,-5128
0.00624125,-5822
0.0062425,-6564
0.00624375,-7138
0.006245,-7430
0.00624625,-7463
0.0062475,-7311
0.00624875,-7192
0.00625,-7207
0.00625125,-7427
0.0062525,-7819
0.00625375,-8229
0.006255,-8522
0.00625625,-8658
0.0062575,-8645
0.00625875,-8602
0.00626,-8654
0.00626125,-8858
0.0062625,-9183
0.00626375,-9543
0.006265,-9802
0.00626625,-9879
0.0062675,-9788
0.00626875,-9588
0.00627,-9452
0.00627125,-9464
0.0062725,-9771
0.00627375,-10153
0.006275,-10470
0.00627625,-10545
0.0062775,-10364
0.00627875,-10022
0.00628,-9733
0.00628125,-9635
0.0062825,-9751
0.00628375,-9986
0.006285,-10193
0.00628625,-10286
0.0062875,-10202
0.00628875,-10002
0.00629,-9685
0.00629125,-9376
0.0062925,-9035
0.00629375,-8706
0.006295,-8335
0.00629625,-7950
0.0062975,-7575
0.00629875,-7256
0.0063,-6996
0.00630125,-6800
0.0063025,-6610
0.00630375,-6399
0.006305,-6121
0.00630625,-5744
0.0063075,-5411
0.00630875,-5175
0.00631,-5087
0.00631125,-5142
0.0063125,-5254
0.00631375,-5305
0.006315,-5234
0.00631625,-5048
0.0063175,-4798
0.00631875,-4553
0.00632,-4402
0.00632125,-4275
0.0063225,-4230
0.00632375,-4215
0.006325,-4192
0.00632625,-4145
0.0063275,-4065
0.00632875,-3950
0.00633,-3839
0.00633125,-3821
0.0063325,-3915
0.00633375,-4127
0.006335,-4391
0.00633625,-4637
0.0063375,-4792
0.00633875,-4896
0.00634,-5046
0.00634125,-5353
0.0063425,-5856
0.00634375,-6448
0.006345,-6940
0.00634625,-7229
0.0063475,-7270
0.00634875,-7227
0.00635,-7250
0.00635125,-7433
0.0063525,-7730
0.00635375,-7992
0.006355,-8153
0.00635625,-8225
0.0063575,-8303
0.00635875,-8432
0.00636,-8630
0.00636125,-8814
0.0063625,-8936
0.00636375,-8961
0.006365,-8967
0.00636625,-8998
0.0063675,-9097
0.00636875,-9253
0.00637,-9419
0.00637125,-9577
0.0063725,-9611
0.00637375,-9521
0.006375,-9367
0.00637625,-9187
0.0063775,-9105
0.00637875,-9174
0.00638,-9394
0.00638125,-9664
0.0063825,-9867
0.00638375,-9918
0.006385,-9803
0.00638625,-9624
0.0063875,-9452
0.00638875,-9309
0.00639,-9152
0.00639125,-8846
0.0063925,-8447
0.00639375,-8040
0.006395,-7758
0.00639625,-7668
0.0063975,-7682
0.00639875,-7658
0.0064,-7453
0.00640125,-7062
0.0064025,-6637
0.00640375,-6257
0.006405,-6031
0.00640625,-5902
0.0064075,-5795
0.00640875,-5650
0.00641,-5428
0.00641125,-5217
0.0064125,-5008
0.00641375,-4886
0.006415,-4832
0.00641625,-4807
0.0064175,-4749
0.00641875,-4640
0.00642,-4492
0.00642125,-4377
0.0064225,-4298
0.00642375,-4314
0.006425,-4377
0.00642625,-4452
0.0064275,-4534
0.00642875,-4567
0.00643,-4576
0.00643125,-4568
0.0064325,-4580
0.00643375,-4595
0.006435,-4637
0.00643625,-4684
0.0064375,-4763
0.00643875,-4896
0.00644,-5075
0.00644125,-5342
0.0064425,-5708
0.00644375,-6192
0.006445,-6730
0.00644625,-7212
0.0064475,-7519
0.00644875,-7540
0.00645,-7451
0.00645125,-7374
0.0064525,-7471
0.00645375,-7797
0.006455,-8217
0.00645625,-8599
0.0064575,-8790
0.00645875,-8804
0.00646,-8700
0.00646125,-8601
0.0064625,-8554
0.00646375,-8597
0.006465,-8725
0.00646625,-8870
0.0064675,-9036
0.00646875,-9205
0.00647,-9350
0.00647125,-9392
0.0064725,-9376
0.00647375,-9354
0.006475,-9393
0.00647625,-9518
0.0064775,-9712
0.00647875,-9917
0.00648,-10022
0.00648125,-10028
0.0064825,-10001
0.00648375,-10019
0.006485,-10033
0.00648625,-9983
0.0064875,-9791
0.00648875,-9387
0.00649,-8798
0.00649125,-8226
0.0064925,-7801
0.00649375,-7607
0.006495,-7607
0.00649625,-7627
0.0064975,-7542
0.00649875,-7274
0.0065,-6855
0.00650125,-6400
0.0065025,-6020
0.00650375,-5787
0.006505,-5698
0.00650625,-5655
0.0065075,-5620
0.00650875,-5533
0.00651,-5374
0.00651125,-5136
0.0065125,-4845
0.00651375,-4572
0.006515,-4383
0.00651625,-4325
0.0065175,-4371
0.00651875,-4434
0.00652,-4419
0.00652125,-4338
0.0065225,-4155
0.00652375,-4021
0.006525,-3966
0.00652625,-3980
0.0065275,-4052
0.00652875,-4107
0.00653,-4152
0.00653125,-4214
0.0065325,-4261
0.00653375,-4324
0.006535,-4394
0.00653625,-4457
0.0065375,-4506
0.00653875,-4550
0.00654,-4549
0.00654125,-4664
0.0065425,-4949
0.00654375,-5465
0.006545,-6125
0.00654625,-6809
0.0065475,-7295
0.00654875,-7485
0.00655,-7436
0.00655125,-7296
0.0065525,-7285
0.00655375,-7517
0.006555,-7926
0.00655625,-8322
0.0065575,-8620
0.00655875,-8634
0.00656,-8524
0.00656125,-8394
0.0065625,-8381
0.00656375,-8477
0.006565,-8601
0.00656625,-8624
0.0065675,-8569
0.00656875,-8484
0.00657,-8449
0.00657125,-8525
0.0065725,-8723
0.00657375,-8843
0.006575,-8908
0.00657625,-8834
0.0065775,-8680
0.00657875,-8586
0.00658,-8593
0.00658125,-8749
0.0065825,-8973
0.00658375,-9148
0.006585,-9106
0.00658625,-8770
0.0065875,-8213
0.00658875,-7642
0.00659,-7216
0.00659125,-7108
0.0065925,-7151
0.00659375,-7299
0.006595,-7329
0.00659625,-7166
0.0065975,-6828
0.00659875,-6401
0.0066,-5939
0.00660125,-5572
0.0066025,-5276
0.00660375,-5081
0.006605,-4921
0.00660625,-4821
0.0066075,-4665
0.00660875,-4454
0.00661,-4149
0.00661125,-3828
0.0066125,-3515
0.00661375,-3215
0.006615,-2980
0.00661625,-2886
0.0066175,-2911
0.00661875,-3044
0.00662,-3227
0.00662125,-3353
0.0066225,-3387
0.00662375,-3335
0.006625,-3318
0.00662625,-3422
0.0066275,-3567
0.00662875,-3840
0.00663,-4086
0.00663125,-4264
0.0066325,-4363
0.00663375,-4406
0.006635,-4435
0.00663625,-4408
0.0066375,-4348
0.00663875,-4254
0.00664,-4158
0.00664125,-4132
0.0066425,-4278
0.00664375,-4631
0.006645,-5131
0.00664625,-5609
0.0066475,-5960
0.00664875,-6104
0.00665,-6099
0.00665125,-6021
0.0066525,-6010
0.00665375,-6150
0.006655,-6422
0.00665625,-6771
0.0066575,-7071
0.00665875,-7267
0.00666,-7344
0.00666125,-7391
0.0066625,-7469
0.00666375,-7622
0.006665,-7832
0.00666625,-8043
0.0066675,-8234
0.00666875,-8371
0.00667,-8448
0.00667125,-8510
0.0066725,-8570
0.00667375,-8616
0.006675,-8647
0.00667625,-8659
0.0066775,-8636
0.00667875,-8556
0.00668,-8425
0.00668125,-8212
0.0066825,-7905
0.00668375,-7512
0.006685,-7056
0.00668625,-6643
0.0066875,-6373
0.00668875,-6279
0.00669,-6346
0.00669125,-6440
0.0066925,-6423
0.00669375,-6254
0.006695,-5966
0.00669625,-5656
0.0066975,-5388
0.00669875,-5178
0.0067,-4977
0.00670125,-4737
0.0067025,-4445
0.00670375,-4136
0.006705,-3852
0.00670625,-3653
0.0067075,-3494
0.00670875,-3328
0.00671,-3111
0.00671125,-2864
0.0067125,-2609
0.00671375,-2421
0.006715,-2381
0.00671625,-2496
0.0067175,-2720
0.00671875,-2972
0.00672,-3202
0.00672125,-3281
0.0067225,-3209
0.00672375,-3036
0.006725,-2866
0.00672625,-2796
0.0067275,-2892
0.00672875,-3065
0.00673,-3240
0.00673125,-3295
0.0067325,-3196
0.00673375,-3040
0.006735,-2900
0.00673625,-2846
0.0067375,-2914
0.00673875,-3019
0.00674,-3122
0.00674125,-3175
0.0067425,-3249
0.00674375,-3449
0.006745,-3811
0.00674625,-4326
0.0067475,-4896
0.00674875,-5356
0.00675,-5591
0.00675125,-5634
0.0067525,-5569
0.00675375,-5585
0.006755,-5766
0.00675625,-6099
0.0067575,-6556
0.00675875,-6926
0.00676,-7150
0.00676125,-7243
0.0067625,-7242
0.00676375,-7198
0.006765,-7165
0.00676625,-7171
0.0067675,-7264
0.00676875,-7371
0.00677,-7476
0.00677125,-7531
0.0067725,-7486
0.00677375,-7367
0.006775,-7239
0.00677625,-7150
0.0067775,-7116
0.00677875,-7059
0.00678,-6950
0.00678125,-6672
0.0067825,-6236
0.00678375,-5756
0.006785,-5364
0.00678625,-5172
0.0067875,-5181
0.00678875,-5254
0.00679,-5273
0.00679125,-5134
0.0067925,-4782
0.00679375,-4410
0.006795,-4076
0.00679625,-3902
0.0067975,-3853
0.00679875,-3875
0.0068,-3860
0.00680125,-3708
0.0068025,-3442
0.00680375,-3144
0.006805,-2948
0.00680625,-2920
0.0068075,-2976
0.00680875,-3058
0.00681,-2966
0.00681125,-2797
0.0068125,-2522
0.00681375,-2299
0.006815,-2120
0.00681625,-2011
0.0068175,-1918
0.00681875,-1778
0.00682,-1600
0.00682125,-1411
0.0068225,-1206
0.00682375,-1043
0.006825,-935
0.00682625,-836
0.0068275,-801
0.00682875,-812
0.00683,-870
0.00683125,-1011
0.0068325,-1196
0.00683375,-1427
0.006835,-1639
0.00683625,-1835
0.0068375,-2031
0.00683875,-2230
0.00684,-2450
0.00684125,-2680
0.0068425,-2932
0.00684375,-3187
0.006845,-3452
0.00684625,-3791
0.0068475,-4163
0.00684875,-4525
0.00685,-4766
0.00685125,-4793
0.0068525,-4656
0.00685375,-4440
0.006855,-4367
0.00685625,-4583
0.0068575,-5054
0.00685875,-5633
0.00686,-6140
0.00686125,-6427
0.0068625,-6437
0.00686375,-6162
0.006865,-5786
0.00686625,-5477
0.0068675,-5381
0.00686875,-5597
0.00687,-6012
0.00687125,-6521
0.0068725,-6914
0.00687375,-7085
0.006875,-7037
0.00687625,-6849
0.0068775,-6601
0.00687875,-6326
0.00688,-5999
0.00688125,-5714
0.0068825,-5463
0.00688375,-5320
0.006885,-5276
0.00688625,-5278
0.0068875,-5178
0.00688875,-4896
0.00689,-4400
0.00689125,-3787
0.0068925,-3239
0.00689375,-2895
0.006895,-2791
0.00689625,-2819
0.0068975,-2800
0.00689875,-2651
0.0069,-2396
0.00690125,-2097
0.0069025,-1860
0.00690375,-1719
0.006905,-1607
0.00690625,-1433
0.0069075,-1093
0.00690875,-587
0.00691,-58
0.00691125,317
0.0069125,343
0.00691375,7
0.006915,-559
0.00691625,-1090
0.0069175,-1346
0.00691875,-1217
0.00692,-783
0.00692125,-315
0.0069225,-50
0.00692375,-85
0.006925,-383
0.00692625,-761
0.0069275,-1060
0.00692875,-1184
0.00693,-1106
0.00693125,-986
0.0069325,-897
0.00693375,-949
0.006935,-1119
0.00693625,-1355
0.0069375,-1558
0.00693875,-1671
0.00694,-1728
0.00694125,-1773
0.0069425,-1867
0.00694375,-2041
0.006945,-2315
0.00694625,-2704
0.0069475,-3220
0.00694875,-3752
0.00695,-4195
0.00695125,-4464
0.0069525,-4545
0.00695375,-4523
0.006955,-4546
0.00695625,-4724
0.0069575,-5035
0.00695875,-5402
0.00696,-5684
0.00696125,-5823
0.0069625,-5793
0.00696375,-5711
0.006965,-5679
0.00696625,-5717
0.0069675,-5765
0.00696875,-5844
0.00697,-5878
0.00697125,-5919
0.0069725,-6006
0.00697375,-6068
0.006975,-6052
0.00697625,-5814
0.0069775,-5380
0.00697875,-4903
0.00698,-4537
0.00698125,-4395
0.0069825,-4464
0.00698375,-4575
0.006985,-4597
0.00698625,-4439
0.0069875,-4107
0.00698875,-3763
0.00699,-3491
0.00699125,-3333
0.0069925,-3259
0.00699375,-3183
0.006995,-3033
0.00699625,-2795
0.0069975,-2528
0.00699875,-2254
0.007,-2053
0.00700125,-1912
0.0070025,-1822
0.00700375,-1758
0.007005,-1650
0.00700625,-1560
0.0070075,-1409
0.00700875,-1218
0.00701,-1007
0.00701125,-763
0.0070125,-548
0.00701375,-371
0.007015,-287
0.00701625,-273
0.0070175,-283
0.00701875,-265
0.00702,-195
0.00702125,-107
0.0070225,-33
0.00702375,9
0.007025,2
0.00702625,0
0.0070275,-1
0.00702875,16
0.00703,53
0.00703125,80
0.0070325,100
0.00703375,91
0.007035,52
0.00703625,-21
0.0070375,-104
0.00703875,-190
0.00704,-280
0.00704125,-344
0.0070425,-325
0.00704375,-329
0.007045,-379
0.00704625,-566
0.0070475,-934
0.00704875,-1440
0.00705,-1995
0.00705125,-2466
0.0070525,-2726
0.00705375,-2802
0.007055,-2785
0.00705625,-2776
0.0070575,-2879
0.00705875,-3142
0.00706,-3502
0.00706125,-3895
0.0070625,-4207
0.00706375,-4367
0.007065,-4399
0.00706625,-4368
0.0070675,-4366
0.00706875,-4460
0.00707,-4643
0.00707125,-4813
0.0070725,-4871
0.00707375,-4723
0.007075,-4343
0.00707625,-3824
0.0070775,-3356
0.00707875,-3110
0.00708,-3032
0.00708125,-3101
0.0070825,-3129
0.00708375,-3008
0.007085,-2722
0.00708625,-2406
0.0070875,-2226
0.00708875,-2212
0.00709,-2356
0.00709125,-2510
0.0070925,-2550
0.00709375,-2430
0.007095,-2170
0.00709625,-1977
0.0070975,-1863
0.00709875,-1846
0.0071,-1925
0.00710125,-2042
0.0071025,-2137
0.00710375,-2105
0.007105,-1970
0.00710625,-1784
0.0071075,-1522
0.00710875,-1273
0.00711,-1059
0.00711125,-821
0.0071125,-626
0.00711375,-404
0.007115,-240
0.00711625,-142
0.0071175,-84
0.00711875,-55
0.00712,-29
0.00712125,-11
0.0071225,31
0.00712375,71
0.007125,94
0.00712625,168
0.0071275,219
0.00712875,235
0.00713,193
0.00713125,128
0.0071325,34
0.00713375,-52
0.007135,-106
0.00713625,-141
0.0071375,-185
0.00713875,-287
0.00714,-416
0.00714125,-517
0.0071425,-510
0.00714375,-419
0.007145,-286
0.00714625,-257
0.0071475,-427
0.00714875,-829
0.00715,-1266
0.00715125,-1668
0.0071525,-1900
0.00715375,-1998
0.007155,-2059
0.00715625,-2250
0.0071575,-2615
0.00715875,-3102
0.00716,-3512
0.00716125,-3662
0.0071625,-3518
0.00716375,-3178
0.007165,-2851
0.00716625,-2727
0.0071675,-2891
0.00716875,-3290
0.00717,-3705
0.00717125,-3897
0.0071725,-3730
0.00717375,-3220
0.007175,-2543
0.00717625,-1974
0.0071775,-1683
0.00717875,-1650
0.00718,-1783
0.00718125,-1947
0.0071825,-1910
0.00718375,-1627
0.007185,-1227
0.00718625,-789
0.0071875,-507
0.00718875,-434
0.00719,-496
0.00719125,-572
0.0071925,-547
0.00719375,-380
0.007195,-140
0.00719625,81
0.0071975,213
0.00719875,255
0.0072,206
0.00720125,121
0.0072025,61
0.00720375,11
0.007205,24
0.00720625,111
0.0072075,288
0.00720875,539
0.00721,831
0.00721125,1081
0.0072125,1284
0.00721375,1403
0.007215,1466
0.00721625,1474
0.0072175,1486
0.00721875,1535
0.00722,1590
0.00722125,1679
0.0072225,1782
0.00722375,1905
0.007225,2020
0.00722625,2101
0.0072275,2069
0.00722875,1948
0.00723,1772
0.00723125,1572
0.0072325,1363
0.00723375,1137
0.007235,877
0.00723625,634
0.0072375,441
0.00723875,338
0.00724,296
0.00724125,339
0.0072425,350
0.00724375,340
0.007245,310
0.00724625,266
0.0072475,155
0.00724875,-52
0.00725,-330
0.00725125,-618
0.0072525,-813
0.00725375,-910
0.007255,-984
0.00725625,-1186
0.0072575,-1626
0.00725875,-2266
0.00726,-2875
0.00726125,-3208
0.0072625,-3170
0.00726375,-2770
0.007265,-2290
0.00726625,-2107
0.0072675,-2342
0.00726875,-2864
0.00727,-3334
0.00727125,-3427
0.0072725,-3033
0.00727375,-2368
0.007275,-1764
0.00727625,-1491
0.0072775,-1576
0.00727875,-1756
0.00728,-1877
0.00728125,-1767
0.0072825,-1422
0.00728375,-1017
0.007285,-672
0.00728625,-467
0.0072875,-379
0.00728875,-301
0.00729,-181
0.00729125,7
0.0072925,258
0.00729375,513
0.007295,750
0.00729625,953
0.0072975,1097
0.00729875,1196
0.0073,1269
0.00730125,1407
0.0073025,1663
0.00730375,2079
0.007305,2605
0.00730625,3120
0.0073075,3455
0.00730875,3537
0.00731,3357
0.00731125,3018
0.0073125,2734
0.00731375,2628
0.007315,2784
0.00731625,3152
0.0073175,3543
0.00731875,3759
0.00732,3804
0.00732125,3701
0.0073225,3571
0.00732375,3525
0.007325,3614
0.00732625,3777
0.0073275,3903
0.00732875,3907
0.00733,3736
0.00733125,3395
0.0073325,2981
0.00733375,2610
0.007335,2370
0.00733625,2321
0.0073375,2420
0.00733875,2609
0.00734,2808
0.00734125,2916
0.0073425,2911
0.00734375,2835
0.007345,2806
0.00734625,2816
0.0073475,2846
0.00734875,2782
0.00735,2533
0.00735125,2105
0.0073525,1619
0.00735375,1190
0.007355,931
0.00735625,759
0.0073575,672
0.00735875,493
0.00736,129
0.00736125,-405
0.0073625,-1010
0.00736375,-1544
0.007365,-1920
0.00736625,-2139
0.0073675,-2268
0.00736875,-2440
0.00737,-2774
0.00737125,-3305
0.0073725,-3946
0.00737375,-4545
0.007375,-4901
0.00737625,-4981
0.0073775,-4806
0.00737875,-4518
0.00738,-4315
0.00738125,-4322
0.0073825,-4506
0.00738375,-4775
0.007385,-4954
0.00738625,-4940
0.0073875,-4739
0.00738875,-4450
0.00739,-4211
0.00739125,-4123
0.0073925,-4110
0.00739375,-4147
0.007395,-4107
0.00739625,-3995
0.0073975,-3807
0.00739875,-3639
0.0074,-3572
0.00740125,-3555
0.0074025,-3595
0.00740375,-3634
0.007405,-3622
0.00740625,-3582
0.0074075,-3538
0.00740875,-3506
0.00741,-3495
0.00741125,-3504
0.0074125,-3518
0.00741375,-3558
0.007415,-3634
0.00741625,-3768
0.0074175,-3950
0.00741875,-4240
0.00742,-4539
0.00742125,-4863
0.0074225,-5203
0.00742375,-5515
0.007425,-5791
0.00742625,-6050
0.0074275,-6216
0.00742875,-6430
0.00743,-6636
0.00743125,-6931
0.0074325,-7291
0.00743375,-7684
0.007435,-8052
0.00743625,-8318
0.0074375,-8513
0.00743875,-8596
0.00744,-8648
0.00744125,-8697
0.0074425,-8730
0.00744375,-8740
0.007445,-8721
0.00744625,-8669
0.0074475,-8641
0.00744875,-8757
0.00745,-9119
0.00745125,-9670
0.0074525,-10227
0.00745375,-10543
0.007455,-10410
0.00745625,-9868
0.0074575,-9123
0.00745875,-8487
0.00746,-8197
0.00746125,-8220
0.0074625,-8312
0.00746375,-8132
0.007465,-7544
0.00746625,-6626
0.0074675,-5572
0.00746875,-4723
0.00747,-4245
0.00747125,-4107
0.0074725,-4136
0.00747375,-4075
0.007475,-3782
0.00747625,-3185
0.0074775,-2400
0.00747875,-1567
0.00748,-805
0.00748125,-205
0.0074825,229
0.00748375,537
0.007485,890
0.00748625,1368
0.0074875,1930
0.00748875,2596
0.00749,3291
0.00749125,3923
0.0074925,4444
0.00749375,4831
0.007495,5147
0.00749625,5437
0.0074975,5707
0.00749875,6041
0.0075,6408
0.00750125,6812
0.0075025,7227
0.00750375,7661
0.007505,8106
0.00750625,8527
0.0075075,8915
0.00750875,9307
0.00751,9667
0.00751125,10035
0.0075125,10367
0.00751375,10661
0.007515,10915
0.00751625,11157
0.0075175,11419
0.00751875,11708
0.00752,12008
0.00752125,12297
0.0075225,12494
0.00752375,12658
0.007525,12790
0.00752625,12893
0.0075275,12998
0.00752875,13129
0.00753,13276
0.00753125,13431
0.0075325,13545
0.00753375,13638
0.007535,13648
0.00753625,13577
0.0075375,13409
0.00753875,13233
0.00754,12998
0.00754125,12735
0.0075425,12433
0.00754375,12120
0.007545,11725
0.00754625,11310
0.0075475,10863
0.00754875,10285
0.00755,9566
0.00755125,8622
0.0075525,7533
0.00755375,6444
0.007555,5489
0.00755625,4739
0.0075575,4158
0.00755875,3545
0.00756,2721
0.00756125,1767
0.0075625,784
0.00756375,-6
0.007565,-432
0.00756625,-561
0.0075675,-643
0.00756875,-970
0.00757,-1661
0.00757125,-2619
0.0075725,-3523
0.00757375,-4152
0.007575,-4382
0.00757625,-4392
0.0075775,-4346
0.00757875,-4490
0.00758,-4822
0.00758125,-5199
0.0075825,-5462
0.00758375,-5599
0.007585,-5650
0.00758625,-5763
0.0075875,-6024
0.00758875,-6460
0.00759,-6909
0.00759125,-7265
0.0075925,-7462
0.00759375,-7497
0.007595,-7514
0.00759625,-7596
0.0075975,-7785
0.00759875,-8025
0.0076,-8085
0.00760125,-7921
0.0076025,-7544
0.00760375,-7023
0.007605,-6543
0.00760625,-6334
0.0076075,-6450
0.00760875,-6807
0.00761,-7230
0.00761125,-7522
0.0076125,-7571
0.00761375,-7382
0.007615,-7091
0.00761625,-6873
0.0076175,-6847
0.00761875,-6976
0.00762,-7190
0.00762125,-7378
0.0076225,-7475
0.00762375,-7466
0.007625,-7381
0.00762625,-7295
0.0076275,-7224
0.00762875,-7183
0.00763,-7137
0.00763125,-7065
0.0076325,-6969
0.00763375,-6945
0.007635,-6932
0.00763625,-7044
0.0076375,-7194
0.00763875,-7294
0.00764,-7290
0.00764125,-7152
0.0076425,-6917
0.00764375,-6647
0.007645,-6395
0.00764625,-6130
0.0076475,-5891
0.00764875,-5739
0.00765,-5787
0.00765125,-6073
0.0076525,-6578
0.00765375,-7028
0.007655,-7254
0.00765625,-7111
0.0076575,-6662
0.00765875,-6155
0.00766,-5751
0.00766125,-5478
0.0076625,-5259
0.00766375,-4943
0.007665,-4516
0.00766625,-4071
0.0076675,-3739
0.00766875,-3565
0.00767,-3480
0.00767125,-3349
0.0076725,-3025
0.00767375,-2562
0.007675,-2111
0.00767625,-1741
0.0076775,-1581
0.00767875,-1552
0.00768,-1553
0.00768125,-1468
0.0076825,-1276
0.00768375,-988
0.007685,-688
0.00768625,-464
0.0076875,-398
0.00768875,-466
0.00769,-619
0.00769125,-795
0.0076925,-933
0.00769375,-979
0.007695,-908
0.00769625,-729
0.0076975,-488
0.00769875,-246
0.0077,-33
0.00770125,66
0.0077025,66
0.00770375,11
0.007705,-80
0.00770625,-66
0.0077075,2
0.00770875,90
0.00771,189
0.00771125,236
0.0077125,272
0.00771375,239
0.007715,154
0.00771625,45
0.0077175,-64
0.00771875,-143
0.00772,-148
0.00772125,-109
0.0077225,-43
0.00772375,27
0.007725,37
0.00772625,-6
0.0077275,-70
0.00772875,-153
0.00773,-267
0.00773125,-436
0.0077325,-601
0.00773375,-762
0.007735,-912
0.00773625,-997
0.0077375,-1042
0.00773875,-1088
0.00774,-1098
0.00774125,-1119
0.0077425,-1161
0.00774375,-1227
0.007745,-1241
0.00774625,-1205
0.0077475,-1138
0.00774875,-1142
0.00775,-1346
0.00775125,-1874
0.0077525,-2663
0.00775375,-3527
0.007755,-4221
0.00775625,-4552
0.0077575,-4577
0.00775875,-4412
0.00776,-4265
0.00776125,-4255
0.0077625,-4409
0.00776375,-4555
0.007765,-4528
0.00776625,-4286
0.0077675,-3942
0.00776875,-3676
0.00777,-3579
0.00777125,-3653
0.0077725,-3791
0.00777375,-3848
0.007775,-3766
0.00777625,-3551
0.0077775,-3314
0.00777875,-3170
0.00778,-3041
0.00778125,-3044
0.0077825,-3088
0.00778375,-3121
0.007785,-3118
0.00778625,-3066
0.0077875,-2967
0.00778875,-2831
0.00779,-2690
0.00779125,-2518
0.0077925,-2353
0.00779375,-2231
0.007795,-2113
0.00779625,-2020
0.0077975,-1944
0.00779875,-1811
0.0078,-1663
0.00780125,-1560
0.0078025,-1570
0.00780375,-1681
0.007805,-1884
0.00780625,-2086
0.0078075,-2193
0.00780875,-2189
0.00781,-2112
0.00781125,-1971
0.0078125,-1814
0.00781375,-1680
0.007815,-1586
0.00781625,-1460
0.0078175,-1321
0.00781875,-1142
0.00782,-1004
0.00782125,-895
0.0078225,-878
0.00782375,-902
0.007825,-944
0.00782625,-942
0.0078275,-893
0.00782875,-843
0.00783,-863
0.00783125,-980
0.0078325,-1178
0.00783375,-1431
0.007835,-1601
0.00783625,-1661
0.0078375,-1647
0.00783875,-1563
0.00784,-1481
0.00784125,-1416
0.0078425,-1371
0.00784375,-1359
0.007845,-1324
0.00784625,-1239
0.0078475,-1225
0.00784875,-1294
0.00785,-1571
0.00785125,-2084
0.0078525,-2820
0.00785375,-3547
0.007855,-4060
0.00785625,-4244
0.0078575,-4087
0.00785875,-3724
0.00786,-3324
0.00786125,-3078
0.0078625,-3000
0.00786375,-2969
0.007865,-2850
0.00786625,-2528
0.0078675,-2030
0.00786875,-1499
0.00787,-1082
0.00787125,-896
0.0078725,-909
0.00787375,-1008
0.007875,-1070
0.00787625,-1018
0.0078775,-861
0.00787875,-661
0.00788,-533
0.00788125,-519
0.0078825,-638
0.00788375,-791
0.007885,-845
0.00788625,-787
0.0078875,-571
0.00788875,-276
0.00789,-18
0.00789125,136
0.0078925,156
0.00789375,86
0.007895,30
0.00789625,74
0.0078975,263
0.00789875,644
0.0079,1092
0.00790125,1509
0.0079025,1773
0.00790375,1803
0.007905,1570
0.00790625,1181
0.0079075,768
0.00790875,431
0.00791,295
0.00791125,358
0.0079125,544
0.00791375,755
0.007915,838
0.00791625,736
0.0079175,454
0.00791875,79
0.00792,-297
0.00792125,-597
0.0079225,-812
0.00792375,-991
0.007925,-1097
0.00792625,-1249
0.0079275,-1487
0.00792875,-1809
0.00793,-2155
0.00793125,-2472
0.0079325,-2731
0.00793375,-2851
0.007935,-2903
0.00793625,-2906
0.0079375,-2956
0.00793875,-3091
0.00794,-3274
0.00794125,-3534
0.0079425,-3849
0.00794375,-4166
0.007945,-4515
0.00794625,-4878
0.0079475,-5271
0.00794875,-5679
0.00795,-6092
0.00795125,-6542
0.0079525,-6980
0.00795375,-7348
0.007955,-7580
0.00795625,-7558
0.0079575,-7283
0.00795875,-6852
0.00796,-6353
0.00796125,-5950
0.0079625,-5686
0.00796375,-5484
0.007965,-5281
0.00796625,-5052
0.0079675,-4828
0.00796875,-4666
0.00797,-4633
0.00797125,-4708
0.0079725,-4762
0.00797375,-4773
0.007975,-4686
0.00797625,-4532
0.0079775,-4361
0.00797875,-4206
0.00798,-4090
0.00798125,-3957
0.0079825,-3808
0.00798375,-3614
0.007985,-3387
0.00798625,-3135
0.0079875,-2844
0.00798875,-2556
0.00799,-2280
0.00799125,-2024
0.0079925,-1824
0.00799375,-1684
0.007995,-1605
0.00799625,-1567
0.0079975,-1504
0.00799875,-1407
0.008,-1235
0.00800125,-1019
0.0080025,-812
0.00800375,-658
0.008005,-578
0.00800625,-519
0.0080075,-483
0.00800875,-412
0.00801,-238
0.00801125,-6
0.0080125,205
0.00801375,331
0.008015,328
0.00801625,185
0.0080175,13
0.00801875,-111
0.00802,-151
0.00802125,-135
0.0080225,-120
0.00802375,-148
0.008025,-208
0.00802625,-289
0.0080275,-337
0.00802875,-307
0.00803,-220
0.00803125,-95
0.0080325,-1
0.00803375,16
0.008035,-39
0.00803625,-174
0.0080375,-286
0.00803875,-348
0.00804,-341
0.00804125,-350
0.0080425,-474
0.00804375,-819
0.008045,-1403
0.00804625,-2093
0.0080475,-2707
0.00804875,-3150
0.00805,-3476
0.00805125,-3718
0.0080525,-3986
0.00805375,-4218
0.008055,-4321
0.00805625,-4247
0.0080575,-4060
0.00805875,-3856
0.00806,-3739
0.00806125,-3693
0.0080625,-3625
0.00806375,-3438
0.008065,-3173
0.00806625,-2926
0.0080675,-2816
0.00806875,-2917
0.00807,-3202
0.00807125,-3489
0.0080725,-3639
0.00807375,-3626
0.008075,-3513
0.00807625,-3420
0.0080775,-3427
0.00807875,-3529
0.00808,-3647
0.00808125,-3656
0.0080825,-3599
0.00808375,-3482
0.008085,-3376
0.00808625,-3328
0.0080875,-3327
0.00808875,-3363
0.00809,-3396
0.00809125,-3382
0.0080925,-3356
0.00809375,-3337
0.008095,-3366
0.00809625,-3440
0.0080975,-3495
0.00809875,-3548
0.0081,-3487
0.00810125,-3346
0.0081025,-3173
0.00810375,-2981
0.008105,-2826
0.00810625,-2712
0.0081075,-2658
0.00810875,-2685
0.00811,-2747
0.00811125,-2812
0.0081125,-2880
0.00811375,-2923
0.008115,-2959
0.00811625,-3013
0.0081175,-3099
0.00811875,-3210
0.00812,-3309
0.00812125,-3398
0.0081225,-3441
0.00812375,-3441
0.008125,-3379
0.00812625,-3291
0.0081275,-3227
0.00812875,-3203
0.00813,-3279
0.00813125,-3422
0.0081325,-3567
0.00813375,-3703
0.008135,-3820
0.00813625,-3954
0.0081375,-4097
0.00813875,-4281
0.00814,-4551
0.00814125,-4932
0.0081425,-5413
0.00814375,-5910
0.008145,-6256
0.00814625,-6385
0.0081475,-6318
0.00814875,-6237
0.00815,-6357
0.00815125,-6738
0.0081525,-7207
0.00815375,-7511
0.008155,-7428
0.00815625,-6952
0.0081575,-6315
0.00815875,-5862
0.00816,-5805
0.00816125,-6088
0.0081625,-6417
0.00816375,-6451
0.008165,-6118
0.00816625,-5465
0.0081675,-4846
0.00816875,-4519
0.00817,-4499
0.00817125,-4671
0.0081725,-4772
0.00817375,-4613
0.008175,-4226
0.00817625,-3712
0.0081775,-3235
0.00817875,-2907
0.00818,-2771
0.00818125,-2706
0.0081825,-2668
0.00818375,-2598
0.008185,-2393
0.00818625,-2193
0.0081875,-2071
0.00818875,-2013
0.00819,-2008
0.00819125,-2014
0.0081925,-1994
0.00819375,-1886
0.008195,-1627
0.00819625,-1233
0.0081975,-679
0.00819875,-25
0.0082,592
0.00820125,1016
0.0082025,1150
0.00820375,1012
0.008205,724
0.00820625,494
0.0082075,490
0.00820875,744
0.00821,1150
0.00821125,1482
0.0082125,1593
0.00821375,1462
0.008215,1148
0.00821625,848
0.0082175,724
0.00821875,766
0.00822,933
0.00822125,1033
0.0082225,974
0.00822375,765
0.008225,480
0.00822625,260
0.0082275,117
0.00822875,49
0.00823,-17
0.00823125,-122
0.0082325,-253
0.00823375,-398
0.008235,-569
0.00823625,-713
0.0082375,-880
0.00823875,-1139
0.00824,-1518
0.00824125,-1943
0.0082425,-2263
0.00824375,-2420
0.008245,-2358
0.00824625,-2197
0.0082475,-2128
0.00824875,-2342
0.00825,-2859
0.00825125,-3475
0.0082525,-3944
0.00825375,-4043
0.008255,-3748
0.00825625,-3302
0.0082575,-3062
0.00825875,-3233
0.00826,-3768
0.00826125,-4398
0.0082625,-4764
0.00826375,-4624
0.008265,-4103
0.00826625,-3464
0.0082675,-3046
0.00826875,-3007
0.00827,-3234
0.00827125,-3538
0.0082725,-3605
0.00827375,-3438
0.008275,-3084
0.00827625,-2714
0.0082775,-2503
0.00827875,-2463
0.00828,-2557
0.00828125,-2673
0.0082825,-2718
0.00828375,-2681
0.008285,-2568
0.00828625,-2461
0.0082875,-2425
0.00828875,-2448
0.00829,-2509
0.00829125,-2585
0.0082925,-2567
0.00829375,-2458
0.008295,-2277
0.00829625,-2080
0.0082975,-1908
0.00829875,-1790
0.0083,-1733
0.00830125,-1749
0.0083025,-1799
0.00830375,-1814
0.008305,-1799
0.00830625,-1762
0.0083075,-1683
0.00830875,-1635
0.00831,-1643
0.00831125,-1685
0.0083125,-1697
0.00831375,-1686
0.008315,-1637
0.00831625,-1593
0.0083175,-1572
0.00831875,-1592
0.00832,-1676
0.00832125,-1797
0.0083225,-1902
0.00832375,-1988
0.008325,-2017
0.00832625,-2119
0.0083275,-2247
0.00832875,-2479
0.00833,-2808
0.00833125,-3175
0.0083325,-3499
0.00833375,-3731
0.008335,-3854
0.00833625,-3938
0.0083375,-4070
0.00833875,-4299
0.00834,-4557
0.00834125,-4760
0.0083425,-4832
0.00834375,-4766
0.008345,-4610
0.00834625,-4477
0.0083475,-4492
0.00834875,-4649
0.00835,-4864
0.00835125,-5073
0.0083525,-5201
0.00835375,-5258
0.008355,-5266
0.00835625,-5302
0.0083575,-5408
0.00835875,-5538
0.00836,-5631
0.00836125,-5638
0.0083625,-5433
0.00836375,-5053
0.008365,-4594
0.00836625,-4194
0.0083675,-3967
0.00836875,-3963
0.00837,-4080
0.00837125,-4167
0.0083725,-4112
0.00837375,-3875
0.008375,-3528
0.00837625,-3216
0.0083775,-3022
0.00837875,-2913
0.00838,-2907
0.00838125,-2845
0.0083825,-2637
0.00838375,-2317
0.008385,-1852
0.00838625,-1413
0.0083875,-1045
0.00838875,-801
0.00839,-692
0.00839125,-673
0.0083925,-657
0.00839375,-600
0.008395,-510
0.00839625,-385
0.0083975,-283
0.00839875,-244
0.0084,-278
0.00840125,-390
0.0084025,-519
0.00840375,-568
0.008405,-518
0.00840625,-374
0.0084075,-146
0.00840875,57
0.00841,193
0.00841125,264
0.0084125,293
0.00841375,280
0.008415,302
0.00841625,373
0.0084175,461
0.00841875,543
0.00842,593
0.00842125,615
0.0084225,653
0.00842375,667
0.008425,640
0.00842625,605
0.0084275,533
0.00842875,471
0.00843,485
0.00843125,499
0.0084325,412
0.00843375,210
0.008435,-174
0.00843625,-746
0.0084375,-1371
0.00843875,-1895
0.00844,-2199
0.00844125,-2245
0.0084425,-2173
0.00844375,-2169
0.008445,-2398
0.00844625,-2909
0.0084475,-3548
0.00844875,-4059
0.00845,-4171
0.00845125,-3890
0.0084525,-3385
0.00845375,-2933
0.008455,-2764
0.00845625,-2940
0.0084575,-3296
0.00845875,-3609
0.00846,-3677
0.00846125,-3492
0.0084625,-3078
0.00846375,-2595
0.008465,-2136
0.00846625,-1911
0.0084675,-1851
0.00846875,-2000
0.00847,-2198
0.00847125,-2374
0.0084725,-2394
0.00847375,-2270
0.008475,-2084
0.00847625,-1898
0.0084775,-1814
0.00847875,-1823
0.00848,-1891
0.00848125,-1919
0.0084825,-1819
0.00848375,-1689
0.008485,-1492
0.00848625,-1296
0.0084875,-1156
0.00848875,-1092
0.00849,-1069
0.00849125,-1040
0.0084925,-962
0.00849375,-837
0.008495,-698
0.00849625,-573
0.0084975,-477
0.00849875,-404
0.0085,-343
0.00850125,-345
0.0085025,-352
0.00850375,-342
0.008505,-362
0.00850625,-399
0.0085075,-433
0.00850875,-491
0.00851,-551
0.00851125,-587
0.0085125,-646
0.00851375,-738
0.008515,-874
0.00851625,-1020
0.0085175,-1180
0.00851875,-1268
0.00852,-1307
0.00852125,-1350
0.0085225,-1392
0.00852375,-1466
0.008525,-1593
0.00852625,-1745
0.0085275,-1929
0.00852875,-2092
0.00853,-2250
0.00853125,-2426
0.0085325,-2660
0.00853375,-2960
0.008535,-3287
0.00853625,-3545
0.0085375,-3692
0.00853875,-3666
0.00854,-3553
0.00854125,-3413
0.0085425,-3368
0.00854375,-3453
0.008545,-3573
0.00854625,-3728
0.0085475,-3822
0.00854875,-3836
0.00855,-3803
0.00855125,-3784
0.0085525,-3801
0.00855375,-3827
0.008555,-3978
0.00855625,-4124
0.0085575,-4230
0.00855875,-4267
0.00856,-4239
0.00856125,-4164
0.0085625,-4032
0.00856375,-3782
0.008565,-3437
0.00856625,-3020
0.0085675,-2610
0.00856875,-2291
0.00857,-2139
0.00857125,-2077
0.0085725,-2023
0.00857375,-1912
0.008575,-1742
0.00857625,-1526
0.0085775,-1316
0.00857875,-1148
0.00858,-1031
0.00858125,-880
0.0085825,-696
0.00858375,-474
0.008585,-250
0.00858625,-55
0.0085875,78
0.00858875,174
0.00859,298
0.00859125,561
0.0085925,957
0.00859375,1429
0.008595,1865
0.00859625,2144
0.0085975,2212
0.00859875,2034
0.0086,1714
0.00860125,1415
0.0086025,1266
0.00860375,1310
0.008605,1511
0.00860625,1759
0.0086075,1946
0.00860875,1998
0.00861,1885
0.00861125,1733
0.0086125,1576
0.00861375,1462
0.008615,1421
0.00861625,1388
0.0086175,1339
0.00861875,1246
0.00862,1124
0.00862125,967
0.0086225,825
0.00862375,715
0.008625,666
0.00862625,678
0.0086275,545
0.00862875,309
0.00863,-75
0.00863125,-581
0.0086325,-1084
0.00863375,-1488
0.008635,-1704
0.00863625,-1797
0.0086375,-1831
0.00863875,-1884
0.00864,-2037
0.00864125,-2275
0.0086425,-2570
0.00864375,-2891
0.008645,-3224
0.00864625,-3492
0.0086475,-3681
0.00864875,-3656
0.00865,-3469
0.00865125,-3210
0.0086525,-2995
0.00865375,-2989
0.008655,-3198
0.00865625,-3541
0.0086575,-3822
0.00865875,-3956
0.00866,-3901
0.00866125,-3765
0.0086625,-3630
0.00866375,-3483
0.008665,-3300
0.00866625,-3009
0.0086675,-2604
0.00866875,-2219
0.00867,-1926
0.00867125,-1790
0.0086725,-1746
0.00867375,-1688
0.008675,-1496
0.00867625,-1160
0.0086775,-723
0.00867875,-341
0.00868,-138
0.00868125,-23
0.0086825,-15
0.00868375,5
0.008685,116
0.00868625,278
0.0086875,407
0.00868875,445
0.00869,366
0.00869125,242
0.0086925,106
0.00869375,45
0.008695,68
0.00869625,151
0.0086975,274
0.00869875,339
0.0087,372
0.00870125,346
0.0087025,306
0.00870375,282
0.008705,312
0.00870625,370
0.0087075,481
0.00870875,568
0.00871,620
0.00871125,609
0.0087125,519
0.00871375,388
0.008715,261
0.00871625,198
0.0087175,133
0.00871875,63
0.00872,-63
0.00872125,-282
0.0087225,-536
0.00872375,-769
0.008725,-987
0.00872625,-1222
0.0087275,-1542
0.00872875,-2021
0.00873,-2561
0.00873125,-3068
0.0087325,-3405
0.00873375,-3516
0.008735,-3513
0.00873625,-3485
0.0087375,-3556
0.00873875,-3743
0.00874,-4012
0.00874125,-4245
0.0087425,-4392
0.00874375,-4410
0.008745,-4378
0.00874625,-4334
0.0087475,-4341
0.00874875,-4380
0.00875,-4483
0.00875125,-4578
0.0087525,-4590
0.00875375,-4591
0.008755,-4580
0.00875625,-4554
0.0087575,-4560
0.00875875,-4645
0.00876,-4805
0.00876125,-4953
0.0087625,-5055
0.00876375,-4992
0.008765,-4737
0.00876625,-4378
0.0087675,-4025
0.00876875,-3839
0.00877,-3868
0.00877125,-4052
0.0087725,-4224
0.00877375,-4245
0.008775,-4031
0.00877625,-3646
0.0087775,-3269
0.00877875,-3016
0.00878,-2912
0.00878125,-2927
0.0087825,-2892
0.00878375,-2735
0.008785,-2477
0.00878625,-2172
0.0087875,-1904
0.00878875,-1747
0.00879,-1677
0.00879125,-1669
0.0087925,-1667
0.00879375,-1624
0.008795,-1559
0.00879625,-1522
0.0087975,-1465
0.00879875,-1396
0.0088,-1349
0.00880125,-1324
0.0088025,-1339
0.00880375,-1382
0.008805,-1416
0.00880625,-1470
0.0088075,-1497
0.00880875,-1486
0.00881,-1471
0.00881125,-1440
0.0088125,-1392
0.00881375,-1343
0.008815,-1311
0.00881625,-1307
0.0088175,-1325
0.00881875,-1347
0.00882,-1347
0.00882125,-1341
0.0088225,-1295
0.00882375,-1309
0.008825,-1478
0.00882625,-1839
0.0088275,-2327
0.00882875,-2865
0.00883,-3293
0.00883125,-3547
0.0088325,-3681
0.00883375,-3784
0.008835,-3963
0.00883625,-4278
0.0088375,-4645
0.00883875,-4998
0.00884,-5269
0.00884125,-5390
0.0088425,-5416
0.00884375,-5457
0.008845,-5572
0.00884625,-5706
0.0088475,-5852
0.00884875,-5930
0.00885,-5898
0.00885125,-5770
0.0088525,-5601
0.00885375,-5462
0.008855,-5359
0.00885625,-5290
0.0088575,-5263
0.00885875,-5258
0.00886,-5251
0.00886125,-5231
0.0088625,-5207
0.00886375,-5150
0.008865,-5037
0.00886625,-4832
0.0088675,-4518
0.00886875,-4147
0.00887,-3854
0.00887125,-3707
0.0088725,-3752
0.00887375,-3882
0.008875,-3948
0.00887625,-3894
0.0088775,-3689
0.00887875,-3389
0.00888,-3106
0.00888125,-2902
0.0088825,-2798
0.00888375,-2757
0.008885,-2740
0.00888625,-2709
0.0088875,-2640
0.00888875,-2539
0.00889,-2403
0.00889125,-2262
0.0088925,-2160
0.00889375,-2088
0.008895,-2060
0.00889625,-2054
0.0088975,-2024
0.00889875,-1974
0.0089,-1903
0.00890125,-1810
0.0089025,-1666
0.00890375,-1528
0.008905,-1435
0.00890625,-1398
0.0089075,-1415
0.00890875,-1538
0.00891,-1680
0.00891125,-1887
0.0089125,-2034
0.00891375,-2129
0.008915,-2210
0.00891625,-2250
0.0089175,-2321
0.00891875,-2407
0.00892,-2521
0.00892125,-2707
0.0089225,-3026
0.00892375,-3475
0.008925,-3963
0.00892625,-4359
0.0089275,-4547
0.00892875,-4505
0.00893,-4375
0.00893125,-4242
0.0089325,-4278
0.00893375,-4500
0.008935,-4824
0.00893625,-5177
0.0089375,-5427
0.00893875,-5558
0.00894,-5583
0.00894125,-5577
0.0089425,-5587
0.00894375,-5632
0.008945,-5687
0.00894625,-5772
0.0089475,-5828
0.00894875,-5900
0.00895,-5931
0.00895125,-5968
0.0089525,-5936
0.00895375,-5843
0.008955,-5721
0.00895625,-5605
0.0089575,-5462
0.00895875,-5394
0.00896,-5350
0.00896125,-5376
0.0089625,-5405
0.00896375,-5392
0.008965,-5300
0.00896625,-5067
0.0089675,-4737
0.00896875,-4291
0.00897,-3919
0.00897125,-3686
0.0089725,-3625
0.00897375,-3703
0.008975,-3806
0.00897625,-3791
0.0089775,-3636
0.00897875,-3335
0.00898,-3013
0.00898125,-2767
0.0089825,-2635
0.00898375,-2609
0.008985,-2636
0.00898625,-2625
0.0089875,-2511
0.00898875,-2338
0.00899,-2149
0.00899125,-1961
0.0089925,-1758
0.00899375,-1648
0.008995,-1524
0.00899625,-1410
0.0089975,-1306
0.00899875,-1232
0.009,-1180
0.00900125,-1136
0.0090025,-1099
0.00900375,-1117
0.009005,-1174
0.00900625,-1270
0.0090075,-1421
0.00900875,-1588
0.00901,-1751
0.00901125,-1919
0.0090125,-2054
0.00901375,-2111
0.009015,-2131
0.00901625,-2091
0.0090175,-2067
0.00901875,-2107
0.00902,-2268
0.00902125,-2583
0.0090225,-2995
0.00902375,-3421
0.009025,-3718
0.00902625,-3855
0.0090275,-3865
0.00902875,-3805
0.00903,-3878
0.00903125,-4080
0.0090325,-4417
0.00903375,-4797
0.009035,-5078
0.00903625,-5269
0.0090375,-5390
0.00903875,-5474
0.00904,-5597
0.00904125,-5763
0.0090425,-5934
0.00904375,-6074
0.009045,-6156
0.00904625,-6179
0.0090475,-6211
0.00904875,-6261
0.00905,-6330
0.00905125,-6418
0.0090525,-6476
0.00905375,-6444
0.009055,-6363
0.00905625,-6241
0.0090575,-6110
0.00905875,-5989
0.00906,-5883
0.00906125,-5822
0.0090625,-5746
0.00906375,-5646
0.009065,-5468
0.00906625,-5123
0.0090675,-4614
0.00906875,-4020
0.00907,-3466
0.00907125,-3057
0.0090725,-2849
0.00907375,-2819
0.009075,-2847
0.00907625,-2815
0.0090775,-2721
0.00907875,-2577
0.00908,-2470
0.00908125,-2439
0.0090825,-2468
0.00908375,-2528
0.009085,-2591
0.00908625,-2549
0.0090875,-2444
0.00908875,-2336
0.00909,-2282
0.00909125,-2254
0.0090925,-2236
0.00909375,-2175
0.009095,-2055
0.00909625,-1904
0.0090975,-1769
0.00909875,-1671
0.0091,-1624
0.00910125,-1583
0.0091025,-1563
0.00910375,-1541
0.009105,-1497
0.00910625,-1452
0.0091075,-1416
0.00910875,-1382
0.00911,-1403
0.00911125,-1452
0.0091125,-1518
0.00911375,-1562
0.009115,-1602
0.00911625,-1696
0.0091175,-1931
0.00911875,-2321
0.00912,-2835
0.00912125,-3362
0.0091225,-3792
0.00912375,-4025
0.009125,-4115
0.00912625,-4111
0.0091275,-4210
0.00912875,-4417
0.00913,-4740
0.00913125,-5034
0.0091325,-5200
0.00913375,-5242
0.009135,-5216
0.00913625,-5222
0.0091375,-5310
0.00913875,-5419
0.00914,-5602
0.00914125,-5716
0.0091425,-5792
0.00914375,-5838
0.009145,-5849
0.00914625,-5861
0.0091475,-5887
0.00914875,-5932
0.00915,-6010
0.00915125,-6089
0.0091525,-6174
0.00915375,-6206
0.009155,-6196
0.00915625,-6167
0.0091575,-6097
0.00915875,-6069
0.00916,-5992
0.00916125,-5927
0.0091625,-5866
0.00916375,-5768
0.009165,-5595
0.00916625,-5328
0.0091675,-4955
0.00916875,-4493
0.00917,-4005
0.00917125,-3634
0.0091725,-3403
0.00917375,-3331
0.009175,-3363
0.00917625,-3378
0.0091775,-3336
0.00917875,-3215
0.00918,-3049
0.00918125,-2880
0.0091825,-2719
0.00918375,-2582
0.009185,-2463
0.00918625,-2356
0.0091875,-2290
0.00918875,-2248
0.00919,-2230
0.00919125,-2220
0.0091925,-2174
0.00919375,-2056
0.009195,-1882
0.00919625,-1728
0.0091975,-1595
0.00919875,-1539
0.0092,-1547
0.00920125,-1556
0.0092025,-1548
0.00920375,-1473
0.009205,-1381
0.00920625,-1288
0.0092075,-1204
0.00920875,-1155
0.00921,-1129
0.00921125,-1145
0.0092125,-1211
0.00921375,-1282
0.009215,-1539
0.00921625,-2005
0.0092175,-2631
0.00921875,-3299
0.00922,-3834
0.00922125,-4160
0.0092225,-4280
0.00922375,-4324
0.009225,-4459
0.00922625,-4760
0.0092275,-5195
0.00922875,-5657
0.00923,-5983
0.00923125,-6206
0.0092325,-6232
0.00923375,-6176
0.009235,-6135
0.00923625,-6196
0.0092375,-6324
0.00923875,-6476
0.00924,-6608
0.00924125,-6670
0.0092425,-6674
0.00924375,-6649
0.009245,-6627
0.00924625,-6652
0.0092475,-6722
0.00924875,-6844
0.00925,-6954
0.00925125,-6992
0.0092525,-6923
0.00925375,-6748
0.009255,-6561
0.00925625,-6414
0.0092575,-6349
0.00925875,-6312
0.00926,-6228
0.00926125,-6058
0.0092625,-5815
0.00926375,-5582
0.009265,-5430
0.00926625,-5321
0.0092675,-5250
0.00926875,-5063
0.00927,-4704
0.00927125,-4211
0.0092725,-3734
0.00927375,-3388
0.009275,-3279
0.00927625,-3354
0.0092775,-3452
0.00927875,-3429
0.00928,-3211
0.00928125,-2868
0.0092825,-2498
0.00928375,-2222
0.009285,-2068
0.00928625,-2034
0.0092875,-2011
0.00928875,-1962
0.00929,-1893
0.00929125,-1807
0.0092925,-1728
0.00929375,-1700
0.009295,-1663
0.00929625,-1660
0.0092975,-1641
0.00929875,-1571
0.0093,-1504
0.00930125,-1439
0.0093025,-1428
0.00930375,-1450
0.009305,-1498
0.00930625,-1560
0.0093075,-1572
0.00930875,-1528
0.00931,-1477
0.00931125,-1459
0.0093125,-1553
0.00931375,-1856
0.009315,-2371
0.00931625,-2912
0.0093175,-3364
0.00931875,-3595
0.00932,-3586
0.00932125,-3456
0.0093225,-3375
0.00932375,-3450
0.009325,-3707
0.00932625,-4062
0.0093275,-4431
0.00932875,-4764
0.00933,-5032
0.00933125,-5267
0.0093325,-5468
0.00933375,-5659
0.009335,-5795
0.00933625,-5974
0.0093375,-6132
0.00933875,-6312
0.00934,-6463
0.00934125,-6575
0.0093425,-6622
0.00934375,-6642
0.009345,-6666
0.00934625,-6694
0.0093475,-6738
0.00934875,-6738
0.00935,-6637
0.00935125,-6483
0.0093525,-6289
0.00935375,-6131
0.009355,-6025
0.00935625,-5942
0.0093575,-5848
0.00935875,-5728
0.00936,-5572
0.00936125,-5433
0.0093625,-5325
0.00936375,-5266
0.009365,-5285
0.00936625,-5337
0.0093675,-5362
0.00936875,-5288
0.00937,-5051
0.00937125,-4683
0.0093725,-4237
0.00937375,-3767
0.009375,-3440
0.00937625,-3292
0.0093775,-3294
0.00937875,-3296
0.00938,-3185
0.00938125,-2919
0.0093825,-2550
0.00938375,-2208
0.009385,-1987
0.00938625,-1886
0.0093875,-1862
0.00938875,-1802
0.00939,-1774
0.00939125,-1642
0.0093925,-1449
0.00939375,-1308
0.009395,-1226
0.00939625,-1209
0.0093975,-1226
0.00939875,-1199
0.0094,-1121
0.00940125,-1015
0.0094025,-915
0.00940375,-898
0.009405,-962
0.00940625,-1039
0.0094075,-1143
0.00940875,-1317
0.00941,-1561
0.00941125,-1969
0.0094125,-2481
0.00941375,-2947
0.009415,-3269
0.00941625,-3378
0.0094175,-3341
0.00941875,-3287
0.00942,-3309
0.00942125,-3474
0.0094225,-3721
0.00942375,-3982
0.009425,-4112
0.00942625,-4220
0.0094275,-4284
0.00942875,-4412
0.00943,-4643
0.00943125,-4940
0.0094325,-5224
0.00943375,-5450
0.009435,-5625
0.00943625,-5815
0.0094375,-6076
0.00943875,-6399
0.00944,-6708
0.00944125,-6925
0.0094425,-6997
0.00944375,-6919
0.009445,-6805
0.00944625,-6724
0.0094475,-6694
0.00944875,-6683
0.00945,-6634
0.00945125,-6474
0.0094525,-6252
0.00945375,-5941
0.009455,-5670
0.00945625,-5464
0.0094575,-5304
0.00945875,-5180
0.00946,-5046
0.00946125,-4848
0.0094625,-4675
0.00946375,-4531
0.009465,-4453
0.00946625,-4439
0.0094675,-4454
0.00946875,-4439
0.00947,-4333
0.00947125,-4055
0.0094725,-3662
0.00947375,-3265
0.009475,-2977
0.00947625,-2872
0.0094775,-2860
0.00947875,-2930
0.00948,-2920
0.00948125,-2783
0.0094825,-2559
0.00948375,-2312
0.009485,-2124
0.00948625,-1986
0.0094875,-1898
0.00948875,-1861
0.00949,-1806
0.00949125,-1707
0.0094925,-1565
0.00949375,-1353
0.009495,-1126
0.00949625,-863
0.0094975,-650
0.00949875,-528
0.0095,-462
0.00950125,-427
0.0095025,-361
0.00950375,-212
0.009505,-47
0.00950625,37
0.0095075,-111
0.00950875,-557
0.00951,-1180
0.00951125,-1797
0.0095125,-2193
0.00951375,-2236
0.009515,-2076
0.00951625,-1944
0.0095175,-2055
0.00951875,-2427
0.00952,-2960
0.00952125,-3451
0.0095225,-3731
0.00952375,-3807
0.009525,-3739
0.00952625,-3718
0.0095275,-3824
0.00952875,-4046
0.00953,-4299
0.00953125,-4472
0.0095325,-4597
0.00953375,-4747
0.009535,-5033
0.00953625,-5487
0.0095375,-6010
0.00953875,-6393
0.00954,-6451
0.00954125,-6159
0.0095425,-5623
0.00954375,-5087
0.009545,-4826
0.00954625,-4951
0.0095475,-5365
0.00954875,-5816
0.00955,-6015
0.00955125,-5879
0.0095525,-5491
0.00955375,-5080
0.009555,-4850
0.00955625,-4850
0.0095575,-5011
0.00955875,-5165
0.00956,-5165
0.00956125,-4995
0.0095625,-4674
0.00956375,-4357
0.009565,-4129
0.00956625,-4058
0.0095675,-4061
0.00956875,-4036
0.00957,-3847
0.00957125,-3379
0.0095725,-2689
0.00957375,-1979
0.009575,-1446
0.00957625,-1226
0.0095775,-1372
0.00957875,-1731
0.00958,-2089
0.00958125,-2258
0.0095825,-2079
0.00958375,-1605
0.009585,-929
0.00958625,-278
0.0095875,162
0.00958875,293
0.00959,139
0.00959125,-153
0.0095925,-428
0.00959375,-526
0.009595,-330
0.00959625,73
0.0095975,585
0.00959875,994
0.0096,1189
0.00960125,1118
0.0096025,898
0.00960375,641
0.009605,400
0.00960625,142
0.0096075,-197
0.00960875,-619
0.00961,-1079
0.00961125,-1502
0.0096125,-1828
0.00961375,-2050
0.009615,-2238
0.00961625,-2472
0.0096175,-2821
0.00961875,-3172
0.00962,-3462
0.00962125,-3708
0.0096225,-3874
0.00962375,-4010
0.009625,-4158
0.00962625,-4337
0.0096275,-4522
0.00962875,-4610
0.00963,-4634
0.00963125,-4618
0.0096325,-4632
0.00963375,-4726
0.009635,-4880
0.00963625,-5055
0.0096375,-5186
0.00963875,-5223
0.00964,-5224
0.00964125,-5196
0.0096425,-5188
0.00964375,-5220
0.009645,-5293
0.00964625,-5403
0.0096475,-5471
0.00964875,-5497
0.00965,-5486
0.00965125,-5414
0.0096525,-5366
0.00965375,-5356
0.009655,-5364
0.00965625,-5379
0.0096575,-5375
0.00965875,-5314
0.00966,-5180
0.00966125,-5020
0.0096625,-4873
0.00966375,-4757
0.009665,-4710
0.00966625,-4634
0.0096675,-4525
0.00966875,-4381
0.00967,-4099
0.00967125,-3707
0.0096725,-3231
0.00967375,-2737
0.009675,-2317
0.00967625,-2028
0.0096775,-1898
0.00967875,-1836
0.00968,-1783
0.00968125,-1618
0.0096825,-1350
0.00968375,-1034
0.009685,-775
0.00968625,-604
0.0096875,-552
0.00968875,-510
0.00969,-401
0.00969125,-171
0.0096925,70
0.00969375,317
0.009695,431
0.00969625,392
0.0096975,263
0.00969875,174
0.0097,158
0.00970125,211
0.0097025,197
0.00970375,23
0.009705,-371
0.00970625,-912
0.0097075,-1406
0.00970875,-1700
0.00971,-1766
0.00971125,-1686
0.0097125,-1619
0.00971375,-1659
0.009715,-1856
0.00971625,-2162
0.0097175,-2472
0.00971875,-2727
0.00972,-2896
0.00972125,-3039
0.0097225,-3157
0.00972375,-3294
0.009725,-3458
0.00972625,-3641
0.0097275,-3801
0.00972875,-3921
0.00973,-4070
0.00973125,-4208
0.0097325,-4272
0.00973375,-4328
0.009735,-4350
0.00973625,-4375
0.0097375,-4413
0.00973875,-4488
0.00974,-4574
0.00974125,-4657
0.0097425,-4695
0.00974375,-4692
0.009745,-4682
0.00974625,-4715
0.0097475,-4688
0.00974875,-4748
0.00975,-4857
0.00975125,-4975
0.0097525,-5056
0.00975375,-5119
0.009755,-5078
0.00975625,-4994
0.0097575,-4917
0.00975875,-4861
0.00976,-4821
0.00976125,-4789
0.0097625,-4710
0.00976375,-4595
0.009765,-4392
0.00976625,-4188
0.0097675,-4016
0.00976875,-3926
0.00977,-3855
0.00977125,-3782
0.0097725,-3614
0.00977375,-3264
0.009775,-2766
0.00977625,-2223
0.0097775,-1829
0.00977875,-1621
0.00978,-1638
0.00978125,-1738
0.0097825,-1774
0.00978375,-1651
0.009785,-1340
0.00978625,-946
0.0097875,-615
0.00978875,-441
0.00979,-440
0.00979125,-534
0.0097925,-592
0.00979375,-534
0.009795,-378
0.00979625,-163
0.0097975,11
0.00979875,92
0.0098,-1
0.00980125,-292
0.0098025,-700
0.00980375,-1130
0.009805,-1466
0.00980625,-1585
0.0098075,-1492
0.00980875,-1294
0.00981,-1157
0.00981125,-1263
0.0098125,-1598
0.00981375,-2062
0.009815,-2506
0.00981625,-2766
0.0098175,-2789
0.00981875,-2608
0.00982,-2412
0.00982125,-2318
0.0098225,-2359
0.00982375,-2542
0.009825,-2746
0.00982625,-2923
0.0098275,-3000
0.00982875,-3007
0.00983,-3018
0.00983125,-3055
0.0098325,-3143
0.00983375,-3262
0.009835,-3395
0.00983625,-3580
0.0098375,-3733
0.00983875,-3871
0.00984,-3979
0.00984125,-3972
0.0098425,-3916
0.00984375,-3819
0.009845,-3736
0.00984625,-3708
0.0098475,-3743
0.00984875,-3890
0.00985,-4069
0.00985125,-4224
0.0098525,-4289
0.00985375,-4272
0.009855,-4179
0.00985625,-4053
0.0098575,-4003
0.00985875,-4064
0.00986,-4157
0.00986125,-4229
0.0098625,-4214
0.00986375,-4076
0.009865,-3885
0.00986625,-3677
0.0098675,-3555
0.00986875,-3554
0.00987,-3599
0.00987125,-3602
0.0098725,-3511
0.00987375,-3216
0.009875,-2753
0.00987625,-2249
0.0098775,-1861
0.00987875,-1625
0.00988,-1506
0.00988125,-1335
0.0098825,-1005
0.00988375,-507
0.009885,108
0.00988625,625
0.0098875,898
0.00988875,928
0.00989,721
0.00989125,404
0.0098925,106
0.00989375,-14
0.009895,53
0.00989625,265
0.0098975,522
0.00989875,609
0.0099,447
0.00990125,6
0.0099025,-593
0.00990375,-1103
0.009905,-1364
0.00990625,-1366
0.0099075,-1132
0.00990875,-885
0.00991,-814
0.00991125,-996
0.0099125,-1314
0.00991375,-1680
0.009915,-1937
0.00991625,-2049
0.0099175,-2104
0.00991875,-2173
0.00992,-2329
0.00992125,-2554
0.0099225,-2773
0.00992375,-2959
0.009925,-3075
0.00992625,-3187
0.0099275,-3273
0.00992875,-3358
0.00993,-3454
0.00993125,-3537
0.0099325,-3587
0.00993375,-3642
0.009935,-3667
0.00993625,-3704
0.0099375,-3762
0.00993875,-3872
0.00994,-4018
0.00994125,-4134
0.0099425,-4193
0.00994375,-4191
0.009945,-4109
0.00994625,-3983
0.0099475,-3820
0.00994875,-3666
0.00995,-3557
0.00995125,-3483
0.0099525,-3469
0.00995375,-3511
0.009955,-3510
0.00995625,-3462
0.0099575,-3372
0.00995875,-3261
0.00996,-3188
0.00996125,-3171
0.0099625,-3323
0.00996375,-3525
0.009965,-3691
0.00996625,-3714
0.0099675,-3571
0.00996875,-3341
0.00997,-3087
0.00997125,-2918
0.0099725,-2833
0.00997375,-2687
0.009975,-2383
0.00997625,-1876
0.0099775,-1266
0.00997875,-705
0.00998,-330
0.00998125,-174
0.0099825,-152
0.00998375,-133
0.009985,-6
0.00998625,201
0.0099875,414
0.00998875,557
0.00999,579
0.00999125,502
0.0099925,413
0.00999375,398
0.009995,411
0.00999625,416
0.0099975,299
0.00999875,-12
0.01,-427
0.01000125,-857
0.0100025,-1087
0.01000375,-1108
0.010005,-975
0.01000625,-798
0.0100075,-708
0.01000875,-762
0.01001,-972
0.01001125,-1232
0.0100125,-1447
0.01001375,-1540
0.010015,-1550
0.01001625,-1500
0.0100175,-1499
0.01001875,-1558
0.01002,-1704
0.01002125,-1861
0.0100225,-1992
0.01002375,-2091
0.010025,-2156
0.01002625,-2187
0.0100275,-2226
0.01002875,-2376
0.01003,-2652
0.01003125,-3067
0.0100325,-3577
0.01003375,-3993
0.010035,-4261
0.01003625,-4331
0.0100375,-4159
0.01003875,-3870
0.01004,-3613
0.01004125,-3448
0.0100425,-3470
0.01004375,-3641
0.010045,-3853
0.01004625,-3958
0.0100475,-3923
0.01004875,-3761
0.01005,-3516
0.01005125,-3300
0.0100525,-3157
0.01005375,-3104
0.010055,-3102
0.01005625,-3077
0.0100575,-3024
0.01005875,-2898
0.01006,-2745
0.01006125,-2639
0.0100625,-2581
0.01006375,-2643
0.010065,-2728
0.01006625,-2806
0.0100675,-2787
0.01006875,-2702
0.01007,-2528
0.01007125,-2290
0.0100725,-2048
0.01007375,-1842
0.010075,-1606
0.01007625,-1206
0.0100775,-577
0.01007875,277
0.01008,1224
0.01008125,2053
0.0100825,2564
0.01008375,2673
0.010085,2501
0.01008625,2222
0.0100875,2011
0.01008875,1955
0.01009,1978
0.01009125,1986
0.0100925,1895
0.01009375,1716
0.010095,1460
0.01009625,1152
0.0100975,836
0.01009875,514
0.0101,276
0.01010125,145
0.0101025,151
0.01010375,243
0.010105,223
0.01010625,109
0.0101075,-123
0.01010875,-415
0.01011,-665
0.01011125,-811
0.0101125,-827
0.01011375,-797
0.010115,-800
0.01011625,-846
0.0101175,-954
0.01011875,-1072
0.01012,-1189
0.01012125,-1259
0.0101225,-1305
0.01012375,-1345
0.010125,-1425
0.01012625,-1486
0.0101275,-1573
0.01012875,-1664
0.01013,-1803
0.01013125,-1972
0.0101325,-2160
0.01013375,-2318
0.010135,-2398
0.01013625,-2422
0.0101375,-2404
0.01013875,-2370
0.01014,-2341
0.01014125,-2330
0.0101425,-2265
0.01014375,-2214
0.010145,-2118
0.01014625,-2020
0.0101475,-1902
0.01014875,-1771
0.01015,-1635
0.01015125,-1514
0.0101525,-1402
0.01015375,-1298
0.010155,-1215
0.01015625,-1139
0.0101575,-1079
0.01015875,-1021
0.01016,-943
0.01016125,-916
0.0101625,-866
0.01016375,-811
0.010165,-768
0.01016625,-708
0.0101675,-614
0.01016875,-511
0.01017,-436
0.01017125,-443
0.0101725,-498
0.01017375,-578
0.010175,-578
0.01017625,-421
0.0101775,-131
0.01017875,226
0.01018,569
0.01018125,854
0.0101825,1104
0.01018375,1367
0.010185,1658
0.01018625,1917
0.0101875,2080
0.01018875,2073
0.01019,1872
0.01019125,1585
0.0101925,1286
0.01019375,989
0.010195,664
0.01019625,233
0.0101975,-294
0.01019875,-860
0.0102,-1295
0.01020125,-1480
0.0102025,-1434
0.01020375,-1310
0.010205,-1329
0.01020625,-1654
0.0102075,-2313
0.01020875,-3136
0.01021,-3846
0.01021125,-4214
0.0102125,-4184
0.01021375,-3870
0.010215,-3537
0.01021625,-3351
0.0102175,-3451
0.01021875,-3884
0.01022,-4417
0.01022125,-5043
0.0102225,-5718
0.01022375,-6437
0.010225,-7176
0.01022625,-7843
0.0102275,-8308
0.01022875,-8510
0.01023,-8459
0.01023125,-8361
0.0102325,-8396
0.01023375,-8736
0.010235,-9304
0.01023625,-9944
0.0102375,-10503
0.01023875,-10703
0.01024,-10602
0.01024125,-10347
0.0102425,-10193
0.01024375,-10301
0.010245,-10671
0.01024625,-11178
0.0102475,-11587
0.01024875,-11715
0.01025,-11543
0.01025125,-11257
0.0102525,-11019
0.01025375,-10910
0.010255,-10922
0.01025625,-11021
0.0102575,-11008
0.01025875,-10819
0.01026,-10474
0.01026125,-9983
0.0102625,-9469
0.01026375,-8917
0.010265,-8405
0.01026625,-7928
0.0102675,-7430
0.01026875,-6891
0.01027,-6323
0.01027125,-5688
0.0102725,-4995
0.01027375,-4246
0.010275,-3436
0.01027625,-2512
0.0102775,-1475
0.01027875,-299
0.01028,903
0.01028125,2085
0.0102825,3152
0.01028375,4068
0.010285,4848
0.01028625,5587
0.0102875,6330
0.01028875,7015
0.01029,7569
0.01029125,7905
0.0102925,7996
0.01029375,7928
0.010295,7859
0.01029625,7916
0.0102975,8132
0.01029875,8408
0.0103,8624
0.01030125,8641
0.0103025,8441
0.01030375,8070
0.010305,7689
0.01030625,7422
0.0103075,7274
0.01030875,7146
0.01031,7018
0.01031125,6750
0.0103125,6331
0.01031375,5833
0.010315,5331
0.01031625,4874
0.0103175,4449
0.01031875,4067
0.01032,3637
0.01032125,3147
0.0103225,2598
0.01032375,2038
0.010325,1503
0.01032625,999
0.0103275,467
0.01032875,-158
0.01033,-948
0.01033125,-1825
0.0103325,-2689
0.01033375,-3375
0.010335,-3779
0.01033625,-3934
0.0103375,-3918
0.01033875,-3848
0.01034,-3829
0.01034125,-3922
0.0103425,-4113
0.01034375,-4373
0.010345,-4591
0.01034625,-4809
0.0103475,-4876
0.01034875,-4793
0.01035,-4642
0.01035125,-4459
0.0103525,-4294
0.01035375,-4167
0.010355,-4060
0.01035625,-3969
0.0103575,-3820
0.01035875,-3603
0.01036,-3300
0.01036125,-2877
0.0103625,-2390
0.01036375,-1911
0.010365,-1425
0.01036625,-1050
0.0103675,-741
0.01036875,-461
0.01037,-194
0.01037125,155
0.0103725,576
0.01037375,1022
0.010375,1472
0.01037625,1998
0.0103775,2677
0.01037875,3602
0.01038,4729
0.01038125,5885
0.0103825,6856
0.01038375,7445
0.010385,7791
0.01038625,8073
0.0103875,8437
0.01038875,8910
0.01039,9297
0.01039125,9434
0.0103925,9218
0.01039375,8818
0.010395,8448
0.01039625,8275
0.0103975,8357
0.01039875,8504
0.0104,8509
0.01040125,8337
0.0104025,7940
0.01040375,7494
0.010405,7131
0.01040625,6881
0.0104075,6651
0.01040875,6360
0.01041,5945
0.01041125,5461
0.0104125,4988
0.01041375,4557
0.010415,4145
0.01041625,3698
0.0104175,3162
0.01041875,2483
0.01042,1774
0.01042125,1041
0.0104225,366
0.01042375,-231
0.010425,-713
0.01042625,-1184
0.0104275,-1729
0.01042875,-2365
0.01043,-3081
0.01043125,-3757
0.0104325,-4377
0.01043375,-4915
0.010435,-5441
0.01043625,-6045
0.0104375,-6772
0.01043875,-7539
0.01044,-8315
0.01044125,-8943
0.0104425,-9395
0.01044375,-9690
0.010445,-9964
0.01044625,-10337
0.0104475,-10859
0.01044875,-11503
0.01045,-12112
0.01045125,-12516
0.0104525,-12630
0.01045375,-12478
0.010455,-12268
0.01045625,-12168
0.0104575,-12206
0.01045875,-12411
0.01046,-12598
0.01046125,-12600
0.0104625,-12359
0.01046375,-11976
0.010465,-11662
0.01046625,-11496
0.0104675,-11475
0.01046875,-11474
0.01047,-11346
0.01047125,-10977
0.0104725,-10382
0.01047375,-9784
0.010475,-9269
0.01047625,-8853
0.0104775,-8388
0.01047875,-7716
0.01048,-6733
0.01048125,-5529
0.0104825,-4318
0.01048375,-3336
0.010485,-2684
0.01048625,-2256
0.0104875,-1899
0.01048875,-1545
0.01049,-1210
0.01049125,-939
0.0104925,-824
0.01049375,-771
0.010495,-641
0.01049625,-371
0.0104975,82
0.01049875,613
0.0105,1100
0.01050125,1466
0.0105025,1637
0.01050375,1658
0.010505,1626
0.01050625,1635
0.0105075,1676
0.01050875,1754
0.01051,1838
0.01051125,1825
0.0105125,1781
0.01051375,1639
0.010515,1382
0.01051625,1103
0.0105175,764
0.01051875,505
0.01052,322
0.01052125,208
0.0105225,69
0.01052375,-130
0.010525,-461
0.01052625,-913
0.0105275,-1352
0.01052875,-1676
0.01053,-1829
0.01053125,-1915
0.0105325,-2013
0.01053375,-2289
0.010535,-2733
0.01053625,-3296
0.0105375,-3796
0.01053875,-4090
0.01054,-4162
0.01054125,-4140
0.0105425,-4217
0.01054375,-4532
0.010545,-5057
0.01054625,-5576
0.0105475,-6002
0.01054875,-6147
0.01055,-6097
0.01055125,-5999
0.0105525,-6007
0.01055375,-6186
0.010555,-6464
0.01055625,-6720
0.0105575,-6838
0.01055875,-6781
0.01056,-6598
0.01056125,-6455
0.0105625,-6398
0.01056375,-6421
0.010565,-6638
0.01056625,-6748
0.0105675,-6725
0.01056875,-6568
0.01057,-6343
0.01057125,-6145
0.0105725,-6049
0.01057375,-6040
0.010575,-5987
0.01057625,-5754
0.0105775,-5299
0.01057875,-4709
0.01058,-4078
0.01058125,-3516
0.0105825,-3171
0.01058375,-2844
0.010585,-2504
0.01058625,-2062
0.0105875,-1614
0.01058875,-1286
0.01059,-1191
0.01059125,-1399
0.0105925,-1787
0.01059375,-2143
0.010595,-2236
0.01059625,-1983
0.0105975,-1504
0.01059875,-970
0.0106,-522
0.01060125,-305
0.0106025,-264
0.01060375,-270
0.010605,-196
0.01060625,-3
0.0106075,261
0.01060875,538
0.01061,729
0.01061125,838
0.0106125,906
0.01061375,969
0.010615,1057
0.01061625,1171
0.0106175,1293
0.01061875,1438
0.01062,1607
0.01062125,1781
0.0106225,1931
0.01062375,2035
0.010625,2066
0.01062625,1990
0.0106275,1855
0.01062875,1710
0.01063,1521
0.01063125,1290
0.0106325,1048
0.01063375,896
0.010635,960
0.01063625,1261
0.0106375,1717
0.01063875,2158
0.01064,2364
0.01064125,2233
0.0106425,1924
0.01064375,1637
0.010645,1522
0.01064625,1670
0.0106475,1963
0.01064875,2190
0.01065,2240
0.01065125,2099
0.0106525,1864
0.01065375,1701
0.010655,1611
0.01065625,1598
0.0106575,1595
0.01065875,1544
0.01066,1376
0.01066125,1173
0.0106625,963
0.01066375,775
0.010665,658
0.01066625,605
0.0106675,610
0.01066875,572
0.01067,459
0.01067125,336
0.0106725,262
0.01067375,352
0.010675,648
0.01067625,1050
0.0106775,1357
0.01067875,1446
0.01068,1345
0.01068125,1204
0.0106825,1181
0.01068375,1320
0.010685,1503
0.01068625,1517
0.0106875,1221
0.01068875,589
0.01069,-128
0.01069125,-734
0.0106925,-1088
0.01069375,-1142
0.010695,-1015
0.01069625,-859
0.0106975,-793
0.01069875,-849
0.0107,-1006
0.01070125,-1164
0.0107025,-1291
0.01070375,-1365
0.010705,-1366
0.01070625,-1308
0.0107075,-1271
0.01070875,-1295
0.01071,-1462
0.01071125,-1736
0.0107125,-2060
0.01071375,-2314
0.010715,-2458
0.01071625,-2507
0.0107175,-2504
0.01071875,-2553
0.01072,-2694
0.01072125,-2890
0.0107225,-3066
0.01072375,-3161
0.010725,-3188
0.01072625,-3176
0.0107275,-3167
0.01072875,-3212
0.01073,-3358
0.01073125,-3523
0.0107325,-3660
0.01073375,-3758
0.010735,-3792
0.01073625,-3782
0.0107375,-3719
0.01073875,-3611
0.01074,-3449
0.01074125,-3227
0.0107425,-2964
0.01074375,-2713
0.010745,-2544
0.01074625,-2405
0.0107475,-2266
0.01074875,-2126
0.01075,-1919
0.01075125,-1641
0.0107525,-1326
0.01075375,-1060
0.010755,-934
0.01075625,-922
0.0107575,-980
0.01075875,-1002
0.01076,-891
0.01076125,-659
0.0107625,-332
0.01076375,-52
0.010765,134
0.01076625,233
0.0107675,268
0.01076875,335
0.01077,449
0.01077125,654
0.0107725,981
0.01077375,1401
0.010775,1874
0.01077625,2354
0.0107775,2740
0.01077875,3051
0.01078,3355
0.01078125,3704
0.0107825,4042
0.01078375,4262
0.010785,4320
0.01078625,4178
0.0107875,3961
0.01078875,3759
0.01079,3663
0.01079125,3619
0.0107925,3543
0.01079375,3442
0.010795,3385
0.01079625,3369
0.0107975,3398
0.01079875,3353
0.0108,3171
0.01080125,2896
0.0108025,2573
0.01080375,2328
0.010805,2197
0.01080625,2149
0.0108075,2109
0.01080875,2036
0.01081,1901
0.01081125,1733
0.0108125,1601
0.01081375,1517
0.010815,1417
0.01081625,1319
0.0108175,1170
0.01081875,1004
0.01082,824
0.01082125,699
0.0108225,593
0.01082375,504
0.010825,378
0.01082625,163
0.0108275,-86
0.01082875,-378
0.01083,-674
0.01083125,-906
0.0108325,-1040
0.01083375,-1121
0.010835,-1162
0.01083625,-1245
0.0108375,-1360
0.01083875,-1472
0.01084,-1507
0.01084125,-1419
0.0108425,-1243
0.01084375,-1082
0.010845,-975
0.01084625,-940
0.0108475,-944
0.01084875,-923
0.01085,-844
0.01085125,-717
0.0108525,-592
0.01085375,-501
0.010855,-450
0.01085625,-417
0.0108575,-336
0.01085875,-252
0.01086,-119
0.01086125,-14
0.0108625,77
0.01086375,147
0.010865,228
0.01086625,303
0.0108675,369
0.01086875,453
0.01087,636
0.01087125,918
0.0108725,1379
0.01087375,1889
0.010875,2292
0.01087625,2461
0.0108775,2444
0.01087875,2413
0.01088,2597
0.01088125,2973
0.0108825,3397
0.01088375,3619
0.010885,3568
0.01088625,3275
0.0108875,3012
0.01088875,2968
0.01089,3019
0.01089125,3116
0.0108925,3021
0.01089375,2715
0.010895,2347
0.01089625,2075
0.0108975,1996
0.01089875,2087
0.0109,2178
0.01090125,2126
0.0109025,1929
0.01090375,1653
0.010905,1418
0.01090625,1345
0.0109075,1425
0.01090875,1546
0.01091,1583
0.01091125,1477
0.0109125,1213
0.01091375,863
0.010915,506
0.01091625,218
0.0109175,36
0.01091875,-10
0.01092,-32
0.01092125,-79
0.0109225,-315
0.01092375,-744
0.010925,-1398
0.01092625,-2110
0.0109275,-2671
0.01092875,-3015
0.01093,-3115
0.01093125,-3004
0.0109325,-2808
0.01093375,-2587
0.010935,-2421
0.01093625,-2343
0.0109375,-2394
0.01093875,-2494
0.01094,-2570
0.01094125,-2513
0.0109425,-2351
0.01094375,-2095
0.010945,-1894
0.01094625,-1782
0.0109475,-1815
0.01094875,-1904
0.01095,-1955
0.01095125,-1908
0.0109525,-1804
0.01095375,-1664
0.010955,-1595
0.01095625,-1619
0.0109575,-1690
0.01095875,-1705
0.01096,-1611
0.01096125,-1451
0.0109625,-1356
0.01096375,-1385
0.010965,-1576
0.01096625,-1785
0.0109675,-1818
0.01096875,-1571
0.01097,-1059
0.01097125,-417
0.0109725,122
0.01097375,408
0.010975,449
0.01097625,426
0.0109775,578
0.01097875,1078
0.01098,1828
0.01098125,2659
0.0109825,3170
0.01098375,3225
0.010985,2883
0.01098625,2462
0.0109875,2287
0.01098875,2525
0.01099,2994
0.01099125,3375
0.0109925,3348
0.01099375,2845
0.010995,2072
0.01099625,1445
0.0109975,1169
0.01099875,1272
0.011,1501
0.01100125,1531
0.0110025,1314
0.01100375,917
0.011005,568
0.01100625,483
0.0110075,636
0.01100875,866
0.01101,1015
0.01101125,1000
0.0110125,864
0.01101375,721
0.011015,654
0.01101625,666
0.0110175,728
0.01101875,771
0.01102,717
0.01102125,630
0.0110225,525
0.01102375,386
0.011025,290
0.01102625,184
0.0110275,63
0.01102875,-61
0.01103,-190
0.01103125,-315
0.0110325,-473
0.01103375,-627
0.011035,-777
0.01103625,-818
0.0110375,-842
0.01103875,-768
0.01104,-681
0.01104125,-706
0.0110425,-845
0.01104375,-1000
0.011045,-1090
0.01104625,-1008
0.0110475,-802
0.01104875,-556
0.01105,-339
0.01105125,-247
0.0110525,-219
0.01105375,-149
0.011055,-57
0.01105625,114
0.0110575,299
0.01105875,493
0.01106,641
0.01106125,784
0.0110625,887
0.01106375,984
0.011065,1149
0.01106625,1398
0.0110675,1814
0.01106875,2340
0.01107,2829
0.01107125,3139
0.0110725,3157
0.01107375,2986
0.011075,2755
0.01107625,2697
0.0110775,2948
0.01107875,3417
0.01108,3852
0.01108125,4045
0.0110825,3887
0.01108375,3482
0.011085,3058
0.01108625,2850
0.0110875,2936
0.01108875,3256
0.01109,3617
0.01109125,3817
0.0110925,3729
0.01109375,3362
0.011095,2881
0.01109625,2541
0.0110975,2461
0.01109875,2621
0.0111,2909
0.01110125,3116
0.0111025,3139
0.01110375,2969
0.011105,2688
0.01110625,2450
0.0111075,2309
0.01110875,2225
0.01111,2167
0.01111125,2055
0.0111125,1838
0.01111375,1573
0.011115,1303
0.01111625,1064
0.0111175,861
0.01111875,693
0.01112,473
0.01112125,253
0.0111225,70
0.01112375,-48
0.011125,-65
0.01112625,-78
0.0111275,-140
0.01112875,-304
0.01113,-505
0.01113125,-654
0.0111325,-674
0.01113375,-605
0.011135,-508
0.01113625,-490
0.0111375,-563
0.01113875,-700
0.01114,-831
0.01114125,-904
0.0111425,-932
0.01114375,-917
0.011145,-912
0.01114625,-915
0.0111475,-907
0.01114875,-863
0.01115,-782
0.01115125,-617
0.0111525,-475
0.01115375,-365
0.011155,-333
0.01115625,-390
0.0111575,-497
0.01115875,-604
0.01116,-653
0.01116125,-635
0.0111625,-531
0.01116375,-331
0.011165,-166
0.01116625,5
0.0111675,175
0.01116875,346
0.01117,525
0.01117125,652
0.0111725,738
0.01117375,811
0.011175,910
0.01117625,1102
0.0111775,1383
0.01117875,1682
0.01118,1937
0.01118125,2108
0.0111825,2190
0.01118375,2213
0.011185,2211
0.01118625,2194
0.0111875,2183
0.01118875,2141
0.01119,2090
0.01119125,1967
0.0111925,1721
0.01119375,1371
0.011195,1014
0.01119625,792
0.0111975,733
0.01119875,871
0.0112,1131
0.01120125,1396
0.0112025,1568
0.01120375,1595
0.011205,1475
0.01120625,1285
0.0112075,1112
0.01120875,1022
0.01121,1037
0.01121125,1077
0.0112125,1054
0.01121375,935
0.011215,716
0.01121625,478
0.0112175,258
0.01121875,176
0.01122,107
0.01122125,45
0.0112225,-60
0.01122375,-177
0.011225,-312
0.01122625,-397
0.0112275,-475
0.01122875,-506
0.01123,-545
0.01123125,-572
0.0112325,-595
0.01123375,-606
0.011235,-626
0.01123625,-657
0.0112375,-662
0.01123875,-655
0.01124,-595
0.01124125,-533
0.0112425,-463
0.01124375,-381
0.011245,-328
0.01124625,-257
0.0112475,-110
0.01124875,82
0.01125,219
0.01125125,269
0.0112525,199
0.01125375,47
0.011255,-82
0.01125625,-129
0.0112575,-99
0.01125875,-10
0.01126,118
0.01126125,310
0.0112625,610
0.01126375,1002
0.011265,1418
0.01126625,1802
0.0112675,2079
0.01126875,2217
0.01127,2304
0.01127125,2417
0.0112725,2629
0.01127375,3001
0.011275,3540
0.01127625,4163
0.0112775,4733
0.01127875,5012
0.01128,4901
0.01128125,4476
0.0112825,3941
0.01128375,3531
0.011285,3461
0.01128625,3733
0.0112875,4205
0.01128875,4631
0.01129,4799
0.01129125,4615
0.0112925,4174
0.01129375,3590
0.011295,3104
0.01129625,2821
0.0112975,2788
0.01129875,2891
0.0113,3026
0.01130125,3063
0.0113025,2972
0.01130375,2770
0.011305,2488
0.01130625,2233
0.0113075,2070
0.01130875,2038
0.01131,2078
0.01131125,2154
0.0113125,2180
0.01131375,2098
0.011315,1946
0.01131625,1798
0.0113175,1725
0.01131875,1766
0.01132,1794
0.01132125,1683
0.0113225,1320
0.01132375,728
0.011325,85
0.01132625,-411
0.0113275,-607
0.01132875,-515
0.01133,-291
0.01133125,-109
0.0113325,-88
0.01133375,-212
0.011335,-470
0.01133625,-711
0.0113375,-830
0.01133875,-762
0.01134,-529
0.01134125,-207
0.0113425,102
0.01134375,314
0.011345,404
0.01134625,447
0.0113475,525
0.01134875,717
0.01135,990
0.01135125,1308
0.0113525,1574
0.01135375,1741
0.011355,1799
0.01135625,1826
0.0113575,1902
0.01135875,2125
0.01136,2515
0.01136125,3001
0.0113625,3490
0.01136375,3833
0.011365,3956
0.01136625,3942
0.0113675,3904
0.01136875,3996
0.01137,4238
0.01137125,4534
0.0113725,4737
0.01137375,4783
0.011375,4744
0.01137625,4705
0.0113775,4707
0.01137875,4859
0.01138,4994
0.01138125,5120
0.0113825,5195
0.01138375,5219
0.011385,5271
0.01138625,5329
0.0113875,5381
0.01138875,5469
0.01139,5597
0.01139125,5770
0.0113925,5907
0.01139375,5907
0.011395,5646
0.01139625,5178
0.0113975,4597
0.01139875,4122
0.0114,3912
0.01140125,3915
0.0114025,3973
0.01140375,3917
0.011405,3628
0.01140625,3163
0.0114075,2678
0.01140875,2289
0.01141,2048
0.01141125,1920
0.0114125,1861
0.01141375,1810
0.011415,1810
0.01141625,1776
0.0114175,1695
0.01141875,1549
0.01142,1363
0.01142125,1216
0.0114225,1173
0.01142375,1231
0.011425,1329
0.01142625,1353
0.0114275,1302
0.01142875,1196
0.01143,1077
0.01143125,1057
0.0114325,1049
0.01143375,1076
0.011435,1048
0.01143625,938
0.0114375,785
0.01143875,615
0.01144,534
0.01144125,553
0.0114425,629
0.01144375,737
0.011445,806
0.01144625,851
0.0114475,922
0.01144875,1016
0.01145,1177
0.01145125,1325
0.0114525,1483
0.01145375,1650
0.011455,1830
0.01145625,2100
0.0114575,2448
0.01145875,2876
0.01146,3339
0.01146125,3764
0.0114625,4069
0.01146375,4214
0.011465,4256
0.01146625,4269
0.0114675,4309
0.01146875,4462
0.01147,4677
0.01147125,4874
0.0114725,4978
0.01147375,5017
0.011475,5022
0.01147625,5053
0.0114775,5138
0.01147875,5272
0.01148,5375
0.01148125,5450
0.0114825,5522
0.01148375,5615
0.011485,5752
0.01148625,5896
0.0114875,6016
0.01148875,6091
0.01149,6146
0.01149125,6237
0.0114925,6371
0.01149375,6462
0.011495,6325
0.01149625,5923
0.0114975,5405
0.01149875,4950
0.0115,4789
0.01150125,4919
0.0115025,5193
0.01150375,5345
0.011505,5223
0.01150625,4854
0.0115075,4413
0.01150875,4079
0.01151,3947
0.01151125,3951
0.0115125,3928
0.01151375,3746
0.011515,3400
0.01151625,3032
0.0115175,2779
0.01151875,2725
0.01152,2810
0.01152125,2885
0.0115225,2876
0.01152375,2718
0.011525,2507
0.01152625,2375
0.0115275,2378
0.01152875,2483
0.01153,2590
0.01153125,2620
0.0115325,2549
0.01153375,2451
0.011535,2448
0.01153625,2578
0.0115375,2764
0.01153875,2843
0.01154,2713
0.01154125,2409
0.0115425,2104
0.01154375,1952
0.011545,2034
0.01154625,2269
0.0115475,2487
0.01154875,2546
0.01155,2410
0.01155125,2164
0.0115525,1949
0.01155375,1940
0.011555,2227
0.01155625,2759
0.0115575,3399
0.01155875,3947
0.01156,4306
0.01156125,4439
0.0115625,4438
0.01156375,4487
0.011565,4659
0.01156625,4968
0.0115675,5329
0.01156875,5638
0.01157,5863
0.01157125,5987
0.0115725,6039
0.01157375,6088
0.011575,6119
0.01157625,6092
0.0115775,5978
0.01157875,5802
0.01158,5662
0.01158125,5611
0.0115825,5675
0.01158375,5735
0.011585,5707
0.01158625,5528
0.0115875,5282
0.01158875,5137
0.01159,5199
0.01159125,5419
0.0115925,5592
0.01159375,5619
0.011595,5309
0.01159625,4783
0.0115975,4275
0.01159875,4029
0.0116,4083
0.01160125,4356
0.0116025,4624
0.01160375,4682
0.011605,4448
0.01160625,4026
0.0116075,3630
0.01160875,3393
0.01161,3393
0.01161125,3423
0.0116125,3418
0.01161375,3208
0.011615,2831
0.01161625,2404
0.0116175,2053
0.01161875,1882
0.01162,1872
0.01162125,1927
0.0116225,1963
0.01162375,1851
0.011625,1611
0.01162625,1349
0.0116275,1203
0.01162875,1272
0.01163,1490
0.01163125,1775
0.0116325,1951
0.01163375,1984
0.011635,1903
0.01163625,1773
0.0116375,1700
0.01163875,1704
0.01164,1692
0.01164125,1690
0.0116425,1630
0.01164375,1554
0.011645,1525
0.01164625,1594
0.0116475,1673
0.01164875,1714
0.01165,1698
0.01165125,1634
0.0116525,1646
0.01165375,1815
0.011655,2164
0.01165625,2681
0.0116575,3169
0.01165875,3532
0.01166,3706
0.01166125,3744
0.0116625,3659
0.01166375,3645
0.011665,3770
0.01166625,4064
0.0116675,4416
0.01166875,4725
0.01167,4916
0.01167125,4947
0.0116725,4923
0.01167375,4944
0.011675,5058
0.01167625,5207
0.0116775,5348
0.01167875,5405
0.01168,5384
0.01168125,5291
0.0116825,5155
0.01168375,5029
0.011685,4932
0.01168625,4825
0.0116875,4722
0.01168875,4607
0.01169,4500
0.01169125,4429
0.0116925,4409
0.01169375,4421
0.011695,4405
0.01169625,4313
0.0116975,4053
0.01169875,3722
0.0117,3448
0.01170125,3354
0.0117025,3488
0.01170375,3755
0.011705,3959
0.01170625,3941
0.0117075,3666
0.01170875,3256
0.01171,2870
0.01171125,2647
0.0117125,2593
0.01171375,2603
0.011715,2552
0.01171625,2367
0.0117175,2040
0.01171875,1649
0.01172,1266
0.01172125,995
0.0117225,868
0.01172375,863
0.011725,914
0.01172625,953
0.0117275,903
0.01172875,725
0.01173,486
0.01173125,274
0.0117325,194
0.01173375,249
0.011735,424
0.01173625,651
0.0117375,798
0.01173875,852
0.01174,805
0.01174125,749
0.0117425,729
0.01174375,799
0.011745,935
0.01174625,1120
0.0117475,1313
0.01174875,1485
0.01175,1680
0.01175125,1898
0.0117525,2162
0.01175375,2475
0.011755,2756
0.01175625,2986
0.0117575,3088
0.01175875,3084
0.01176,3099
0.01176125,3170
0.0117625,3350
0.01176375,3624
0.011765,3868
0.01176625,4028
0.0117675,4136
0.01176875,4330
0.01177,4651
0.01177125,5098
0.0117725,5527
0.01177375,5734
0.011775,5608
0.01177625,5216
0.0117775,4768
0.01177875,4532
0.01178,4623
0.01178125,4958
0.0117825,5356
0.01178375,5590
0.011785,5575
0.01178625,5416
0.0117875,5286
0.01178875,5304
0.01179,5459
0.01179125,5621
0.0117925,5678
0.01179375,5583
0.011795,5338
0.01179625,5016
0.0117975,4608
0.01179875,4154
0.0118,3702
0.01180125,3305
0.0118025,3029
0.01180375,2916
0.011805,2809
0.01180625,2675
0.0118075,2408
0.01180875,2079
0.01181,1773
0.01181125,1535
0.0118125,1428
0.01181375,1373
0.011815,1305
0.01181625,1209
0.0118175,1107
0.01181875,1001
0.01182,892
0.01182125,780
0.0118225,637
0.01182375,480
0.011825,391
0.01182625,353
0.0118275,346
0.01182875,248
0.01183,43
0.01183125,-287
0.0118325,-628
0.01183375,-840
0.011835,-855
0.01183625,-702
0.0118375,-479
0.01183875,-302
0.01184,-157
0.01184125,-102
0.0118425,-87
0.01184375,-72
0.011845,-12
0.01184625,128
0.0118475,380
0.01184875,828
0.01185,1413
0.01185125,2023
0.0118525,2546
0.01185375,2840
0.011855,2876
0.01185625,2861
0.0118575,2888
0.01185875,3058
0.01186,3398
0.01186125,3776
0.0118625,4077
0.01186375,4225
0.011865,4248
0.01186625,4191
0.0118675,4181
0.01186875,4287
0.01187,4503
0.01187125,4810
0.0118725,5139
0.01187375,5341
0.011875,5325
0.01187625,5146
0.0118775,4913
0.01187875,4770
0.01188,4806
0.01188125,4950
0.0118825,5141
0.01188375,5214
0.011885,5105
0.01188625,4913
0.0118875,4701
0.01188875,4570
0.01189,4543
0.01189125,4626
0.0118925,4698
0.01189375,4728
0.011895,4620
0.01189625,4336
0.0118975,3926
0.01189875,3481
0.0119,3102
0.01190125,2906
0.0119025,2909
0.01190375,2981
0.011905,3029
0.01190625,2966
0.0119075,2704
0.01190875,2390
0.01191,2062
0.01191125,1837
0.0119125,1714
0.01191375,1699
0.011915,1718
0.01191625,1697
0.0119175,1579
0.01191875,1338
0.01192,1052
0.01192125,799
0.0119225,667
0.01192375,598
0.011925,644
0.01192625,647
0.0119275,583
0.01192875,504
0.01193,427
0.01193125,393
0.0119325,338
0.01193375,274
0.011935,167
0.01193625,56
0.0119375,-18
0.01193875,-11
0.01194,54
0.01194125,140
0.0119425,229
0.01194375,337
0.011945,530
0.01194625,894
0.0119475,1377
0.01194875,1916
0.01195,2401
0.01195125,2752
0.0119525,2996
0.01195375,3197
0.011955,3376
0.01195625,3567
0.0119575,3753
0.01195875,3946
0.01196,4127
0.01196125,4276
0.0119625,4385
0.01196375,4427
0.011965,4453
0.01196625,4411
0.0119675,4377
0.01196875,4365
0.01197,4370
0.01197125,4429
0.0119725,4506
0.01197375,4559
0.011975,4595
0.01197625,4587
0.0119775,4587
0.01197875,4607
0.01198,4655
0.01198125,4743
0.0119825,4851
0.01198375,4946
0.011985,4968
0.01198625,4934
0.0119875,4855
0.01198875,4718
0.01199,4647
0.01199125,4670
0.0119925,4821
0.01199375,5027
0.011995,5139
0.01199625,5037
0.0119975,4652
0.01199875,4018
0.012,3341
0.01200125,2840
0.0120025,2633
0.01200375,2673
0.012005,2832
0.01200625,2936
0.0120075,2818
0.01200875,2482
0.01201,2050
0.01201125,1618
0.0120125,1380
0.01201375,1213
0.012015,1200
0.01201625,1205
0.0120175,1151
0.01201875,1026
0.01202,841
0.01202125,668
0.0120225,513
0.01202375,428
0.012025,388
0.01202625,378
0.0120275,377
0.01202875,358
0.01203,331
0.01203125,266
0.0120325,121
0.01203375,-21
0.012035,-162
0.01203625,-260
0.0120375,-230
0.01203875,-102
0.01204,88
0.01204125,254
0.0120425,381
0.01204375,589
0.012045,936
0.01204625,1433
0.0120475,1973
0.01204875,2389
0.01205,2593
0.01205125,2589
0.0120525,2556
0.01205375,2644
0.012055,2917
0.01205625,3323
0.0120575,3698
0.01205875,3941
0.01206,4008
0.01206125,3952
0.0120625,3862
0.01206375,3834
0.012065,3902
0.01206625,4063
0.0120675,4309
0.01206875,4538
0.01207,4695
0.01207125,4741
0.0120725,4710
0.01207375,4583
0.012075,4450
0.01207625,4334
0.0120775,4275
0.01207875,4275
0.01208,4321
0.01208125,4379
0.0120825,4393
0.01208375,4300
0.012085,4068
0.01208625,3775
0.0120875,3549
0.01208875,3473
0.01209,3589
0.01209125,3804
0.0120925,4003
0.01209375,4115
0.012095,4077
0.01209625,3913
0.0120975,3629
0.01209875,3268
0.0121,2893
0.01210125,2592
0.0121025,2361
0.01210375,2325
0.012105,2430
0.01210625,2557
0.0121075,2553
0.01210875,2396
0.01211,2123
0.01211125,1762
0.0121125,1400
0.01211375,970
0.012115,462
0.01211625,-140
0.0121175,-754
0.01211875,-1225
0.01212,-1376
0.01212125,-1270
0.0121225,-986
0.01212375,-736
0.012125,-670
0.01212625,-832
0.0121275,-1108
0.01212875,-1351
0.01213,-1467
0.01213125,-1400
0.0121325,-1184
0.01213375,-932
0.012135,-713
0.01213625,-557
0.0121375,-566
0.01213875,-512
0.01214,-345
0.01214125,51
0.0121425,621
0.01214375,1265
0.012145,1779
0.01214625,2078
0.0121475,2178
0.01214875,2183
0.01215,2237
0.01215125,2396
0.0121525,2677
0.01215375,2948
0.012155,3170
0.01215625,3281
0.0121575,3360
0.01215875,3491
0.01216,3689
0.01216125,3937
0.0121625,4116
0.01216375,4183
0.012165,4144
0.01216625,4098
0.0121675,4171
0.01216875,4330
0.01217,4550
0.01217125,4775
0.0121725,4919
0.01217375,4972
0.012175,4972
0.01217625,4953
0.0121775,4908
0.01217875,4831
0.01218,4729
0.01218125,4636
0.0121825,4541
0.01218375,4452
0.012185,4322
0.01218625,4204
0.0121875,4055
0.01218875,3964
0.01219,3926
0.01219125,3986
0.0121925,4073
0.01219375,4142
0.012195,4143
0.01219625,4066
0.0121975,3897
0.01219875,3617
0.0122,3226
0.01220125,2740
0.0122025,2241
0.01220375,1860
0.012205,1697
0.01220625,1730
0.0122075,1691
0.01220875,1499
0.01221,1033
0.01221125,392
0.0122125,-226
0.01221375,-629
0.012215,-765
0.01221625,-688
0.0122175,-571
0.01221875,-532
0.01222,-604
0.01222125,-770
0.0122225,-940
0.01222375,-1047
0.012225,-1037
0.01222625,-956
0.0122275,-830
0.01222875,-710
0.01223,-644
0.01223125,-629
0.0122325,-656
0.01223375,-692
0.012235,-683
0.01223625,-584
0.0122375,-314
0.01223875,82
0.01224,541
0.01224125,888
0.0122425,1092
0.01224375,1025
0.012245,836
0.01224625,713
0.0122475,805
0.01224875,1079
0.01225,1492
0.01225125,1804
0.0122525,1941
0.01225375,1922
0.012255,1839
0.01225625,1869
0.0122575,2073
0.01225875,2386
0.01226,2717
0.01226125,3009
0.0122625,3194
0.01226375,3312
0.012265,3431
0.01226625,3567
0.0122675,3685
0.01226875,3813
0.01227,3906
0.01227125,3981
0.0122725,4030
0.01227375,4062
0.012275,4086
0.01227625,4119
0.0122775,4152
0.01227875,4182
0.01228,4208
0.01228125,4152
0.0122825,4077
0.01228375,3949
0.012285,3886
0.01228625,3901
0.0122875,4001
0.01228875,4064
0.01229,4045
0.01229125,3892
0.0122925,3661
0.01229375,3462
0.012295,3322
0.01229625,3253
0.0122975,3180
0.01229875,3003
0.0123,2683
0.01230125,2245
0.0123025,1813
0.01230375,1447
0.012305,1267
0.01230625,1262
0.0123075,1378
0.01230875,1506
0.01231,1525
0.01231125,1412
0.0123125,1191
0.01231375,998
0.012315,882
0.01231625,864
0.0123175,870
0.01231875,848
0.01232,676
0.01232125,343
0.0123225,-70
0.01232375,-488
0.012325,-779
0.01232625,-958
0.0123275,-1068
0.01232875,-1222
0.01233,-1507
0.01233125,-1912
0.0123325,-2310
0.01233375,-2509
0.012335,-2443
0.01233625,-2022
0.0123375,-1425
0.01233875,-826
0.01234,-395
0.01234125,-212
0.0123425,-163
0.01234375,-125
0.012345,17
0.01234625,401
0.0123475,943
0.01234875,1515
0.01235,1982
0.01235125,2238
0.0123525,2277
0.01235375,2207
0.012355,2161
0.01235625,2196
0.0123575,2335
0.01235875,2501
0.01236,2629
0.01236125,2677
0.0123625,2670
0.01236375,2618
0.012365,2577
0.01236625,2565
0.0123675,2518
0.01236875,2466
0.01237,2405
0.01237125,2438
0.0123725,2517
0.01237375,2683
0.012375,2842
0.01237625,2938
0.0123775,2941
0.01237875,2886
0.01238,2905
0.01238125,3022
0.0123825,3153
0.01238375,3273
0.012385,3306
0.01238625,3244
0.0123875,3163
0.01238875,3099
0.01239,3127
0.01239125,3144
0.0123925,3124
0.01239375,3063
0.012395,2921
0.01239625,2730
0.0123975,2498
0.01239875,2232
0.0124,1898
0.01240125,1462
0.0124025,957
0.01240375,502
0.012405,187
0.01240625,53
0.0124075,-43
0.01240875,-103
0.01241,-254
0.01241125,-483
0.0124125,-705
0.01241375,-881
0.012415,-1013
0.01241625,-1092
0.0124175,-1192
0.01241875,-1280
0.01242,-1348
0.01242125,-1389
0.0124225,-1425
0.01242375,-1465
0.012425,-1547
0.01242625,-1650
0.0124275,-1733
0.01242875,-1809
0.01243,-1875
0.01243125,-1904
0.0124325,-1875
0.01243375,-1739
0.012435,-1519
0.01243625,-1232
0.0124375,-982
0.01243875,-828
0.01244,-784
0.01244125,-775
0.0124425,-727
0.01244375,-574
0.012445,-315
0.01244625,-17
0.0124475,251
0.01244875,527
0.01245,768
0.01245125,1029
0.0124525,1266
0.01245375,1405
0.012455,1448
0.01245625,1427
0.0124575,1402
0.01245875,1457
0.01246,1476
0.01246125,1550
0.0124625,1568
0.01246375,1550
0.012465,1512
0.01246625,1499
0.0124675,1519
0.01246875,1564
0.01247,1620
0.01247125,1682
0.0124725,1718
0.01247375,1761
0.012475,1832
0.01247625,1896
0.0124775,2041
0.01247875,2137
0.01248,2242
0.01248125,2308
0.0124825,2302
0.01248375,2250
0.012485,2179
0.01248625,2053
0.0124875,1955
0.01248875,1918
0.01249,1951
0.01249125,2020
0.0124925,2016
0.01249375,1901
0.012495,1633
0.01249625,1355
0.0124975,1153
0.01249875,1095
0.0125,1064
0.01250125,908
0.0125025,594
0.01250375,128
0.012505,-398
0.01250625,-742
0.0125075,-878
0.01250875,-841
0.01251,-784
0.01251125,-823
0.0125125,-996
0.01251375,-1230
0.012515,-1488
0.01251625,-1662
0.0125175,-1753
0.01251875,-1749
0.01252,-1755
0.01252125,-1790
0.0125225,-1886
0.01252375,-2027
0.012525,-2189
0.01252625,-2344
0.0125275,-2444
0.01252875,-2403
0.01253,-2258
0.01253125,-1923
0.0125325,-1562
0.01253375,-1258
0.012535,-1077
0.01253625,-1010
0.0125375,-1010
0.01253875,-1020
0.01254,-1012
0.01254125,-936
0.0125425,-817
0.01254375,-664
0.012545,-531
0.01254625,-393
0.0125475,-298
0.01254875,-228
0.01255,-121
0.01255125,30
0.0125525,170
0.01255375,265
0.012555,264
0.01255625,219
0.0125575,152
0.01255875,249
0.01256,557
0.01256125,1109
0.0125625,1771
0.01256375,2347
0.012565,2671
0.01256625,2615
0.0125675,2252
0.01256875,1842
0.01257,1557
0.01257125,1568
0.0125725,1799
0.01257375,2112
0.012575,2352
0.01257625,2430
0.0125775,2355
0.01257875,2210
0.01258,2062
0.01258125,1934
0.0125825,1857
0.01258375,1850
0.012585,1883
0.01258625,1883
0.0125875,1825
0.01258875,1651
0.01259,1348
0.01259125,1065
0.0125925,795
0.01259375,637
0.012595,570
0.01259625,546
0.0125975,512
0.01259875,434
0.0126,246
0.01260125,-118
0.0126025,-605
0.01260375,-1159
0.012605,-1633
0.01260625,-1843
0.0126075,-1859
0.01260875,-1834
0.01261,-1965
0.01261125,-2388
0.0126125,-3005
0.01261375,-3534
0.012615,-3749
0.01261625,-3555
0.0126175,-3082
0.01261875,-2630
0.01262,-2477
0.01262125,-2635
0.0126225,-2926
0.01262375,-3294
0.012625,-3414
0.01262625,-3256
0.0126275,-2861
0.01262875,-2324
0.01263,-1821
0.01263125,-1521
0.0126325,-1456
0.01263375,-1606
0.012635,-1825
0.01263625,-1928
0.0126375,-1843
0.01263875,-1555
0.01264,-1170
0.01264125,-796
0.0126425,-554
0.01264375,-456
0.012645,-420
0.01264625,-374
0.0126475,-241
0.01264875,-50
0.01265,185
0.01265125,404
0.0126525,582
0.01265375,780
0.012655,1025
0.01265625,1326
0.0126575,1588
0.01265875,1726
0.01266,1714
0.01266125,1618
0.0126625,1570
0.01266375,1598
0.012665,1730
0.01266625,1889
0.0126675,2015
0.01266875,2075
0.01267,2100
0.01267125,2106
0.0126725,2109
0.01267375,2111
0.012675,2104
0.01267625,2087
0.0126775,2083
0.01267875,2073
0.01268,2070
0.01268125,2073
0.0126825,2038
0.01268375,2002
0.012685,1957
0.01268625,1920
0.0126875,1917
0.01268875,1968
0.01269,1997
0.01269125,1929
0.0126925,1779
0.01269375,1572
0.012695,1315
0.01269625,1092
0.0126975,958
0.01269875,908
0.0127,870
0.01270125,729
0.0127025,404
0.01270375,-150
0.012705,-826
0.01270625,-1442
0.0127075,-1786
0.01270875,-1817
0.01271,-1670
0.01271125,-1554
0.0127125,-1582
0.01271375,-1855
0.012715,-2276
0.01271625,-2664
0.0127175,-2871
0.01271875,-2860
0.01272,-2722
0.01272125,-2548
0.0127225,-2445
0.01272375,-2470
0.012725,-2499
0.01272625,-2432
0.0127275,-2192
0.01272875,-1782
0.01273,-1309
0.01273125,-978
0.0127325,-847
0.01273375,-935
0.012735,-1151
0.01273625,-1337
0.0127375,-1389
0.01273875,-1306
0.01274,-1078
0.01274125,-782
0.0127425,-535
0.01274375,-382
0.012745,-361
0.01274625,-458
0.0127475,-482
0.01274875,-451
0.01275,-309
0.01275125,-69
0.0127525,180
0.01275375,353
0.012755,459
0.01275625,522
0.0127575,560
0.01275875,639
0.01276,753
0.01276125,905
0.0127625,1057
0.01276375,1202
0.012765,1368
0.01276625,1482
0.0127675,1595
0.01276875,1682
0.01277,1782
0.01277125,1865
0.0127725,1923
0.01277375,1965
0.012775,1978
0.01277625,1985
0.0127775,2012
0.01277875,2067
0.01278,2119
0.01278125,2111
0.0127825,2005
0.01278375,1805
0.012785,1612
0.01278625,1514
0.0127875,1575
0.01278875,1693
0.01279,1818
0.01279125,1845
0.0127925,1755
0.01279375,1626
0.012795,1487
0.01279625,1432
0.0127975,1432
0.01279875,1494
0.0128,1503
0.01280125,1430
0.0128025,1186
0.01280375,781
0.012805,235
0.01280625,-344
0.0128075,-875
0.01280875,-1283
0.01281,-1567
0.01281125,-1751
0.0128125,-1922
0.01281375,-2166
0.012815,-2462
0.01281625,-2779
0.0128175,-3000
0.01281875,-3037
0.01282,-2929
0.01282125,-2705
0.0128225,-2533
0.01282375,-2493
0.012825,-2531
0.01282625,-2563
0.0128275,-2465
0.01282875,-2208
0.01283,-1803
0.01283125,-1401
0.0128325,-1104
0.01283375,-946
0.012835,-867
0.01283625,-755
0.0128375,-539
0.01283875,-201
0.01284,192
0.01284125,587
0.0128425,930
0.01284375,1241
0.012845,1482
0.01284625,1603
0.0128475,1603
0.01284875,1483
0.01285,1283
0.01285125,1075
0.0128525,905
0.01285375,788
0.012855,717
0.01285625,700
0.0128575,743
0.01285875,910
0.01286,1159
0.01286125,1418
0.0128625,1592
0.01286375,1554
0.012865,1353
0.01286625,1103
0.0128675,977
0.01286875,1131
0.01287,1518
0.01287125,1954
0.0128725,2253
0.01287375,2374
0.012875,2335
0.01287625,2264
0.0128775,2292
0.01287875,2412
0.01288,2509
0.01288125,2520
0.0128825,2405
0.01288375,2196
0.012885,1969
0.01288625,1792
0.0128875,1671
0.01288875,1601
0.01289,1499
0.01289125,1327
0.0128925,1107
0.01289375,875
0.012895,636
0.01289625,450
0.0128975,301
0.01289875,218
0.0129,132
0.01290125,18
0.0129025,-213
0.01290375,-624
0.012905,-1156
0.01290625,-1659
0.0129075,-1962
0.01290875,-1945
0.01291,-1688
0.01291125,-1380
0.0129125,-1259
0.01291375,-1400
0.012915,-1734
0.01291625,-2083
0.0129175,-2309
0.01291875,-2366
0.01292,-2275
0.01292125,-2063
0.0129225,-1795
0.01292375,-1542
0.012925,-1379
0.01292625,-1354
0.0129275,-1537
0.01292875,-1729
0.01293,-1874
0.01293125,-1861
0.0129325,-1659
0.01293375,-1358
0.012935,-1057
0.01293625,-857
0.0129375,-844
0.01293875,-944
0.01294,-1076
0.01294125,-1143
0.0129425,-1092
0.01294375,-865
0.012945,-444
0.01294625,113
0.0129475,597
0.01294875,876
0.01295,871
0.01295125,650
0.0129525,367
0.01295375,214
0.012955,248
0.01295625,402
0.0129575,586
0.01295875,695
0.01296,711
0.01296125,677
0.0129625,628
0.01296375,615
0.012965,678
0.01296625,745
0.0129675,797
0.01296875,795
0.01297,735
0.01297125,638
0.0129725,442
0.01297375,196
0.012975,-119
0.01297625,-505
0.0129775,-864
0.01297875,-1156
0.01298,-1364
0.01298125,-1478
0.0129825,-1555
0.01298375,-1670
0.012985,-1889
0.01298625,-2224
0.0129875,-2571
0.01298875,-2817
0.01299,-2931
0.01299125,-2950
0.0129925,-2928
0.01299375,-2942
0.012995,-2983
0.01299625,-2955
0.0129975,-2855
0.01299875,-2668
0.013,-2427
0.01300125,-2287
0.0130025,-2353
0.01300375,-2699
0.013005,-3291
0.01300625,-3951
0.0130075,-4445
0.01300875,-4522
0.01301,-4195
0.01301125,-3618
0.0130125,-3087
0.01301375,-2879
0.013015,-3055
0.01301625,-3416
0.0130175,-3599
0.01301875,-3355
0.01302,-2628
0.01302125,-1558
0.0130225,-460
0.01302375,381
0.013025,921
0.01302625,1221
0.0130275,1520
0.01302875,1959
0.01303,2579
0.01303125,3325
0.0130325,4109
0.01303375,4855
0.013035,5566
0.01303625,6232
0.0130375,6834
0.01303875,7345
0.01304,7805
0.01304125,8190
0.0130425,8537
0.01304375,8871
0.013045,9124
0.01304625,9277
0.0130475,9347
0.01304875,9361
0.01305,9403
0.01305125,9506
0.0130525,9635
0.01305375,9677
0.013055,9624
0.01305625,9460
0.0130575,9222
0.01305875,8977
0.01306,8802
0.01306125,8673
0.0130625,8564
0.01306375,8414
0.013065,8192
0.01306625,7908
0.0130675,7574
0.01306875,7218
0.01307,6842
0.01307125,6401
0.0130725,5957
0.01307375,5490
0.013075,5015
0.01307625,4513
0.0130775,3953
0.01307875,3285
0.01308,2528
0.01308125,1744
0.0130825,976
0.01308375,235
0.013085,-539
0.01308625,-1389
0.0130875,-2353
0.01308875,-3340
0.01309,-4291
0.01309125,-5123
0.0130925,-5868
0.01309375,-6529
0.013095,-7221
0.01309625,-7936
0.0130975,-8679
0.01309875,-9386
0.0131,-9945
0.01310125,-10354
0.0131025,-10666
0.01310375,-11007
0.013105,-11543
0.01310625,-12339
0.0131075,-13311
0.01310875,-14302
0.01311,-15094
0.01311125,-15500
0.0131125,-15586
0.01311375,-15532
0.013115,-15517
0.01311625,-15636
0.0131175,-15751
0.01311875,-15628
0.01312,-15189
0.01312125,-14536
0.0131225,-13927
0.01312375,-13621
0.013125,-13680
0.01312625,-13840
0.0131275,-13863
0.01312875,-13527
0.01313,-12832
0.01313125,-11976
0.0131325,-11214
0.01313375,-10641
0.013135,-10274
0.01313625,-9983
0.0131375,-9647
0.01313875,-9230
0.01314,-8681
0.01314125,-8056
0.0131425,-7372
0.01314375,-6636
0.013145,-5867
0.01314625,-5055
0.0131475,-4296
0.01314875,-3603
0.01315,-3028
0.01315125,-2556
0.0131525,-2096
0.01315375,-1507
0.013155,-652
0.01315625,476
0.0131575,1725
0.01315875,2862
0.01316,3653
0.01316125,4065
0.0131625,4182
0.01316375,4159
0.013165,4174
0.01316625,4262
0.0131675,4458
0.01316875,4765
0.01317,5147
0.01317125,5551
0.0131725,5927
0.01317375,6186
0.013175,6348
0.01317625,6402
0.0131775,6368
0.01317875,6335
0.01318,6231
0.01318125,6102
0.0131825,5931
0.01318375,5789
0.013185,5679
0.01318625,5604
0.0131875,5533
0.01318875,5401
0.01319,5181
0.01319125,4839
0.0131925,4431
0.01319375,3993
0.013195,3582
0.01319625,3223
0.0131975,2929
0.01319875,2710
0.0132,2611
0.01320125,2562
0.0132025,2485
0.01320375,2156
0.013205,1368
0.01320625,143
0.0132075,-1272
0.01320875,-2470
0.01321,-3223
0.01321125,-3477
0.0132125,-3440
0.01321375,-3431
0.013215,-3523
0.01321625,-3668
0.0132175,-3686
0.01321875,-3577
0.01322,-3403
0.01322125,-3358
0.0132225,-3520
0.01322375,-3883
0.013225,-4211
0.01322625,-4319
0.0132275,-4123
0.01322875,-3746
0.01323,-3366
0.01323125,-3127
0.0132325,-3102
0.01323375,-3199
0.013235,-3297
0.01323625,-3296
0.0132375,-3141
0.01323875,-2883
0.01324,-2603
0.01324125,-2251
0.0132425,-1843
0.01324375,-1435
0.013245,-1070
0.01324625,-774
0.0132475,-562
0.01324875,-347
0.01325,-65
0.01325125,284
0.0132525,706
0.01325375,1100
0.013255,1369
0.01325625,1592
0.0132575,1761
0.01325875,1924
0.01326,2117
0.01326125,2315
0.0132625,2491
0.01326375,2628
0.013265,2762
0.01326625,2870
0.0132675,2975
0.01326875,3121
0.01327,3264
0.01327125,3427
0.0132725,3542
0.01327375,3617
0.013275,3579
0.01327625,3471
0.0132775,3341
0.01327875,3259
0.01328,3235
0.01328125,3255
0.0132825,3179
0.01328375,2973
0.013285,2689
0.01328625,2382
0.0132875,2185
0.01328875,2090
0.01329,2037
0.01329125,1959
0.0132925,1814
0.01329375,1583
0.013295,1286
0.01329625,1008
0.0132975,762
0.01329875,557
0.0133,397
0.01330125,229
0.0133025,-9
0.01330375,-468
0.013305,-1200
0.01330625,-2180
0.0133075,-3205
0.01330875,-4050
0.01331,-4585
0.01331125,-4762
0.0133125,-4761
0.01331375,-4704
0.013315,-4710
0.01331625,-4743
0.0133175,-4698
0.01331875,-4508
0.01332,-4219
0.01332125,-3935
0.0133225,-3787
0.01332375,-3790
0.013325,-3893
0.01332625,-3979
0.0133275,-3971
0.01332875,-3842
0.01333,-3667
0.01333125,-3490
0.0133325,-3360
0.01333375,-3255
0.013335,-3192
0.01333625,-3114
0.0133375,-2958
0.01333875,-2706
0.01334,-2332
0.01334125,-1927
0.0133425,-1516
0.01334375,-1221
0.013345,-1047
0.01334625,-953
0.0133475,-863
0.01334875,-774
0.01335,-629
0.01335125,-493
0.0133525,-339
0.01335375,-170
0.013355,-23
0.01335625,158
0.0133575,323
0.01335875,487
0.01336,656
0.01336125,863
0.0133625,1137
0.01336375,1496
0.013365,1858
0.01336625,2219
0.0133675,2535
0.01336875,2812
0.01337,3032
0.01337125,3170
0.0133725,3178
0.01337375,3031
0.013375,2868
0.01337625,2770
0.0133775,2822
0.01337875,3008
0.01338,3226
0.01338125,3381
0.0133825,3351
0.01338375,3173
0.013385,2954
0.01338625,2790
0.0133875,2747
0.01338875,2816
0.01339,2969
0.01339125,3092
0.0133925,3162
0.01339375,3150
0.013395,3069
0.01339625,2954
0.0133975,2842
0.01339875,2796
0.0134,2817
0.01340125,2906
0.0134025,2974
0.01340375,2893
0.013405,2565
0.01340625,1982
0.0134075,1250
0.01340875,511
0.01341,-94
0.01341125,-449
0.0134125,-517
0.01341375,-344
0.013415,-34
0.01341625,273
0.0134175,475
0.01341875,566
0.01342,553
0.01342125,482
0.0134225,528
0.01342375,609
0.013425,703
0.01342625,771
0.0134275,770
0.01342875,687
0.01343,583
0.01343125,511
0.0134325,550
0.01343375,716
0.013435,980
0.01343625,1293
0.0134375,1581
0.01343875,1789
0.01344,1891
0.01344125,1934
0.0134425,2009
0.01344375,2203
0.013445,2509
0.01344625,2946
0.0134475,3393
0.01344875,3725
0.01345,3824
0.01345125,3766
0.0134525,3699
0.01345375,3859
0.013455,4336
0.01345625,5085
0.0134575,5794
0.01345875,6286
0.01346,6257
0.01346125,5768
0.0134625,5049
0.01346375,4415
0.013465,4166
0.01346625,4364
0.0134675,4842
0.01346875,5285
0.01347,5440
0.01347125,5209
0.0134725,4699
0.01347375,4175
0.013475,3917
0.01347625,3969
0.0134775,4251
0.01347875,4552
0.01348,4696
0.01348125,4598
0.0134825,4360
0.01348375,4120
0.013485,4004
0.01348625,4017
0.0134875,4066
0.01348875,4041
0.01349,3973
0.01349125,3931
0.0134925,3971
0.01349375,4158
0.013495,4315
0.01349625,4247
0.0134975,3822
0.01349875,3142
0.0135,2423
0.01350125,1926
0.0135025,1772
0.01350375,1813
0.013505,1797
0.01350625,1449
0.0135075,715
0.01350875,-140
0.01351,-785
0.01351125,-935
0.0135125,-536
0.01351375,129
0.013515,675
0.01351625,861
0.0135175,716
0.01351875,440
0.01352,281
0.01352125,426
0.0135225,821
0.01352375,1251
0.013525,1513
0.01352625,1528
0.0135275,1361
0.01352875,1190
0.01353,1168
0.01353125,1285
0.0135325,1534
0.01353375,1830
0.013535,2059
0.01353625,2228
0.0135375,2350
0.01353875,2384
0.01354,2296
0.01354125,2165
0.0135425,2083
0.01354375,2175
0.013545,2501
0.01354625,3016
0.0135475,3521
0.01354875,3813
0.01355,3778
0.01355125,3557
0.0135525,3385
0.01355375,3446
0.013555,3770
0.01355625,4236
0.0135575,4581
0.01355875,4625
0.01356,4333
0.01356125,3936
0.0135625,3688
0.01356375,3720
0.013565,4024
0.01356625,4366
0.0135675,4546
0.01356875,4389
0.01357,3975
0.01357125,3574
0.0135725,3412
0.01357375,3598
0.013575,3982
0.01357625,4268
0.0135775,4205
0.01357875,3769
0.01358,3200
0.01358125,2863
0.0135825,2927
0.01358375,3382
0.013585,3934
0.01358625,4170
0.0135875,3951
0.01358875,3365
0.01359,2732
0.01359125,2352
0.0135925,2410
0.01359375,2807
0.013595,3249
0.01359625,3410
0.0135975,3076
0.01359875,2290
0.0136,1350
0.01360125,640
0.0136025,397
0.01360375,577
0.013605,840
0.01360625,882
0.0136075,484
0.01360875,-185
0.01361,-739
0.01361125,-840
0.0136125,-370
0.01361375,488
0.013615,1309
0.01361625,1727
0.0136175,1589
0.01361875,1059
0.01362,499
0.01362125,262
0.0136225,443
0.01362375,1081
0.013625,1749
0.01362625,2158
0.0136275,2145
0.01362875,1752
0.01363,1252
0.01363125,959
0.0136325,1052
0.01363375,1499
0.013635,2075
0.01363625,2502
0.0136375,2621
0.01363875,2450
0.01364,2162
0.01364125,2003
0.0136425,2131
0.01364375,2533
0.013645,3052
0.01364625,3502
0.0136475,3724
0.01364875,3741
0.01365,3636
0.01365125,3570
0.0136525,3664
0.01365375,3890
0.013655,4143
0.01365625,4347
0.0136575,4442
0.01365875,4540
0.01366,4689
0.01366125,4795
0.0136625,4867
0.01366375,4779
0.013665,4487
0.01366625,4152
0.0136675,3975
0.01366875,4059
0.01367,4389
0.01367125,4797
0.0136725,5061
0.01367375,4994
0.013675,4653
0.01367625,4234
0.0136775,3951
0.01367875,3938
0.01368,4059
0.01368125,4211
0.0136825,4196
0.01368375,3959
0.013685,3621
0.01368625,3370
0.0136875,3320
0.01368875,3472
0.01369,3710
0.01369125,3885
0.0136925,3899
0.01369375,3737
0.013695,3491
0.01369625,3220
0.0136975,2952
0.01369875,2747
0.0137,2638
0.01370125,2686
0.0137025,2864
0.01370375,2964
0.013705,2759
0.01370625,2148
0.0137075,1238
0.01370875,413
0.01371,97
0.01371125,414
0.0137125,1147
0.01371375,1813
0.013715,1929
0.01371625,1454
0.0137175,673
0.01371875,131
0.01372,203
0.01372125,842
0.0137225,1681
0.01372375,2258
0.013725,2335
0.01372625,1951
0.0137275,1473
0.01372875,1245
0.01373,1399
0.01373125,1858
0.0137325,2396
0.01373375,2777
0.013735,2921
0.01373625,2895
0.0137375,2847
0.01373875,2985
0.01374,3317
0.01374125,3791
0.0137425,4228
0.01374375,4410
0.013745,4292
0.01374625,3940
0.0137475,3655
0.01374875,3636
0.01375,4050
0.01375125,4725
0.0137525,5440
0.01375375,5955
0.013755,6089
0.01375625,5893
0.0137575,5530
0.01375875,5225
0.01376,5060
0.01376125,5065
0.0137625,5177
0.01376375,5270
0.013765,5255
0.01376625,5156
0.0137675,5035
0.01376875,4951
0.01377,4952
0.01377125,5009
0.0137725,5035
0.01377375,4978
0.013775,4829
0.01377625,4624
0.0137775,4455
0.01377875,4397
0.01378,4463
0.01378125,4591
0.0137825,4644
0.01378375,4470
0.013785,4099
0.01378625,3670
0.0137875,3345
0.01378875,3320
0.01379,3614
0.01379125,4047
0.0137925,4276
0.01379375,4039
0.013795,3362
0.01379625,2479
0.0137975,1769
0.01379875,1540
0.0138,1858
0.01380125,2429
0.0138025,2840
0.01380375,2697
0.013805,2013
0.01380625,1048
0.0138075,276
0.01380875,95
0.01381,509
0.01381125,1221
0.0138125,1748
0.01381375,1754
0.013815,1239
0.01381625,507
0.0138175,-5
0.01381875,17
0.01382,521
0.01382125,1250
0.0138225,1767
0.01382375,1901
0.013825,1784
0.01382625,1657
0.0138275,1761
0.01382875,2088
0.01383,2442
0.01383125,2613
0.0138325,2529
0.01383375,2374
0.013835,2356
0.01383625,2670
0.0138375,3240
0.01383875,3846
0.01384,4197
0.01384125,4170
0.0138425,3877
0.01384375,3592
0.013845,3542
0.01384625,3825
0.0138475,4301
0.01384875,4729
0.01385,4954
0.01385125,4944
0.0138525,4835
0.01385375,4834
0.013855,5010
0.01385625,5346
0.0138575,5731
0.01385875,5952
0.01386,5988
0.01386125,5896
0.0138625,5790
0.01386375,5789
0.013865,5975
0.01386625,6302
0.0138675,6627
0.01386875,6798
0.01387,6678
0.01387125,6335
0.0138725,5965
0.01387375,5787
0.013875,5918
0.01387625,6297
0.0138775,6736
0.01387875,6933
0.01388,6785
0.01388125,6350
0.0138825,5819
0.01388375,5454
0.013885,5354
0.01388625,5464
0.0138875,5649
0.01388875,5683
0.01389,5442
0.01389125,4949
0.0138925,4272
0.01389375,3607
0.013895,3113
0.01389625,2874
0.0138975,2888
0.01389875,3005
0.0139,3072
0.01390125,3007
0.0139025,2811
0.01390375,2640
0.013905,2617
0.01390625,2684
0.0139075,2724
0.01390875,2579
0.01391,2229
0.01391125,1790
0.0139125,1490
0.01391375,1450
0.013915,1737
0.01391625,2122
0.0139175,2410
0.01391875,2508
0.01392,2438
0.01392125,2337
0.0139225,2312
0.01392375,2430
0.013925,2656
0.01392625,2856
0.0139275,2937
0.01392875,2854
0.01393,2675
0.01393125,2497
0.0139325,2435
0.01393375,2583
0.013935,2870
0.01393625,3191
0.0139375,3442
0.01393875,3529
0.01394,3475
0.01394125,3362
0.0139425,3364
0.01394375,3614
0.013945,4078
0.01394625,4648
0.0139475,5072
0.01394875,5199
0.01395,5042
0.01395125,4771
0.0139525,4628
0.01395375,4812
0.013955,5254
0.01395625,5698
0.0139575,5912
0.01395875,5773
0.01396,5332
0.01396125,4846
0.0139625,4571
0.01396375,4562
0.013965,4765
0.01396625,4986
0.0139675,5003
0.01396875,4837
0.01397,4435
0.01397125,4112
0.0139725,3966
0.01397375,4010
0.013975,4178
0.01397625,4346
0.0139775,4444
0.01397875,4390
0.01398,4255
0.01398125,4120
0.0139825,4027
0.01398375,4012
0.013985,4047
0.01398625,4109
0.0139875,4074
0.01398875,4012
0.01399,3875
0.01399125,3682
0.0139925,3399
0.01399375,3016
0.013995,2589
0.01399625,2241
0.0139975,2056
0.01399875,2043
0.014,2099
0.01400125,2027
0.0140025,1717
0.01400375,1221
0.014005,751
0.01400625,515
0.0140075,586
0.01400875,896
0.01401,1190
0.01401125,1238
0.0140125,1019
0.01401375,611
0.014015,254
0.01401625,159
0.0140175,380
0.01401875,882
0.01402,1461
0.01402125,1873
0.0140225,2023
0.01402375,1878
0.014025,1589
0.01402625,1377
0.0140275,1439
0.01402875,1829
0.01403,2428
0.01403125,3051
0.0140325,3411
0.01403375,3379
0.014035,3020
0.01403625,2585
0.0140375,2347
0.01403875,2537
0.01404,3171
0.01404125,3927
0.0140425,4506
0.01404375,4720
0.014045,4543
0.01404625,4181
0.0140475,3893
0.01404875,3905
0.01405,4231
0.01405125,4707
0.0140525,5103
0.01405375,5222
0.014055,5086
0.01405625,4753
0.0140575,4489
0.01405875,4397
0.01406,4516
0.01406125,4749
0.0140625,4954
0.01406375,5026
0.014065,4973
0.01406625,4908
0.0140675,4990
0.01406875,5212
0.01407,5433
0.01407125,5460
0.0140725,5167
0.01407375,4642
0.014075,4051
0.01407625,3815
0.0140775,4005
0.01407875,4478
0.01408,4926
0.01408125,5023
0.0140825,4672
0.01408375,4062
0.014085,3457
0.01408625,3119
0.0140875,3097
0.01408875,3234
0.01409,3277
0.01409125,3141
0.0140925,2857
0.01409375,2556
0.014095,2385
0.01409625,2397
0.0140975,2529
0.01409875,2645
0.0141,2627
0.01410125,2431
0.0141025,2143
0.01410375,1838
0.014105,1605
0.01410625,1560
0.0141075,1671
0.01410875,1871
0.01411,2061
0.01411125,2006
0.0141125,1675
0.01411375,1152
0.014115,652
0.01411625,420
0.0141175,660
0.01411875,1296
0.01412,2100
0.01412125,2785
0.0141225,3077
0.01412375,2981
0.014125,2697
0.01412625,2504
0.0141275,2589
0.01412875,2978
0.01413,3575
0.01413125,4123
0.0141325,4438
0.01413375,4522
0.014135,4440
0.01413625,4363
0.0141375,4412
0.01413875,4612
0.01414,4930
0.01414125,5224
0.0141425,5389
0.01414375,5429
0.014145,5439
0.01414625,5535
0.0141475,5775
0.01414875,6164
0.01415,6590
0.01415125,6873
0.0141525,6980
0.01415375,6921
0.014155,6761
0.01415625,6548
0.0141575,6278
0.01415875,6007
0.01416,5796
0.01416125,5729
0.0141625,5914
0.01416375,6309
0.014165,6767
0.01416625,7076
0.0141675,7124
0.01416875,6904
0.01417,6528
0.01417125,6196
0.0141725,6062
0.01417375,6130
0.014175,6267
0.01417625,6325
0.0141775,6144
0.01417875,5731
0.01418,5198
0.01418125,4728
0.0141825,4463
0.01418375,4400
0.014185,4268
0.01418625,4055
0.0141875,3656
0.01418875,3128
0.01419,2623
0.01419125,2350
0.0141925,2409
0.01419375,2749
0.014195,3207
0.01419625,3534
0.0141975,3452
0.01419875,2872
0.0142,1947
0.01420125,1026
0.0142025,564
0.01420375,747
0.014205,1462
0.01420625,2313
0.0142075,2781
0.01420875,2623
0.01421,1970
0.01421125,1241
0.0142125,845
0.01421375,967
0.014215,1454
0.01421625,1940
0.0142175,2128
0.01421875,2034
0.01422,1870
0.01422125,1899
0.0142225,2267
0.01422375,2823
0.014225,3329
0.01422625,3535
0.0142275,3411
0.01422875,3193
0.01423,3173
0.01423125,3532
0.0142325,4245
0.01423375,5019
0.014235,5555
0.01423625,5669
0.0142375,5432
0.01423875,5114
0.01424,5098
0.01424125,5538
0.0142425,6304
0.01424375,7091
0.014245,7525
0.01424625,7466
0.0142475,7059
0.01424875,6585
0.01425,6381
0.01425125,6568
0.0142525,7059
0.01425375,7545
0.014255,7805
0.01425625,7686
0.0142575,7337
0.01425875,7033
0.01426,6933
0.01426125,7038
0.0142625,7268
0.01426375,7432
0.014265,7415
0.01426625,7256
0.0142675,7077
0.01426875,6967
0.01427,6960
0.01427125,6973
0.0142725,7029
0.01427375,7022
0.014275,7052
0.01427625,7150
0.0142775,7248
0.01427875,7218
0.01428,7029
0.01428125,6663
0.0142825,6258
0.01428375,5932
0.014285,5765
0.01428625,5709
0.0142875,5645
0.01428875,5457
0.01429,5093
0.01429125,4615
0.0142925,4212
0.01429375,3935
0.014295,3817
0.01429625,3762
0.0142975,3641
0.01429875,3380
0.0143,2996
0.01430125,2652
0.0143025,2449
0.01430375,2451
0.014305,2606
0.01430625,2800
0.0143075,2895
0.01430875,2817
0.01431,2680
0.01431125,2563
0.0143125,2618
0.01431375,2818
0.014315,3065
0.01431625,3202
0.0143175,3154
0.01431875,3055
0.01432,3101
0.01432125,3432
0.0143225,3987
0.01432375,4399
0.014325,4479
0.01432625,4162
0.0143275,3611
0.01432875,3335
0.01433,3583
0.01433125,4290
0.0143325,5146
0.01433375,5733
0.014335,5833
0.01433625,5558
0.0143375,5247
0.01433875,5226
0.01434,5669
0.01434125,6406
0.0143425,7084
0.01434375,7471
0.014345,7485
0.01434625,7269
0.0143475,7111
0.01434875,7209
0.01435,7551
0.01435125,7981
0.0143525,8329
0.01435375,8465
0.014355,8439
0.01435625,8334
0.0143575,8259
0.01435875,8353
0.01436,8579
0.01436125,8838
0.0143625,9054
0.01436375,9053
0.014365,8788
0.01436625,8309
0.0143675,7848
0.01436875,7571
0.01437,7627
0.01437125,7941
0.0143725,8278
0.01437375,8430
0.014375,8293
0.01437625,7923
0.0143775,7552
0.01437875,7309
0.01438,7210
0.01438125,7175
0.0143825,7010
0.01438375,6701
0.014385,6319
0.01438625,5982
0.0143875,5843
0.01438875,5857
0.01439,5961
0.01439125,6016
0.0143925,5905
0.01439375,5624
0.014395,5224
0.01439625,4869
0.0143975,4697
0.01439875,4703
0.0144,4869
0.01440125,4904
0.0144025,4724
0.01440375,4274
0.014405,3702
0.01440625,3290
0.0144075,3219
0.01440875,3470
0.01441,3882
0.01441125,4182
0.0144125,4139
0.01441375,3801
0.014415,3358
0.01441625,3064
0.0144175,3090
0.01441875,3437
0.01442,3910
0.01442125,4434
0.0144225,4844
0.01442375,5144
0.014425,5373
0.01442625,5542
0.0144275,5668
0.01442875,5750
0.01443,5825
0.01443125,5926
0.0144325,6085
0.01443375,6337
0.014435,6648
0.01443625,6939
0.0144375,7120
0.01443875,7156
0.01444,7139
0.01444125,7179
0.0144425,7334
0.01444375,7604
0.014445,7861
0.01444625,7974
0.0144475,7940
0.01444875,7881
0.01445,7938
0.01445125,8181
0.0144525,8593
0.01445375,8972
0.014455,9133
0.01445625,9039
0.0144575,8764
0.01445875,8493
0.01446,8404
0.01446125,8498
0.0144625,8682
0.01446375,8786
0.014465,8676
0.01446625,8360
0.0144675,7958
0.01446875,7623
0.01447,7461
0.01447125,7488
0.0144725,7587
0.01447375,7733
0.014475,7746
0.01447625,7567
0.0144775,7210
0.01447875,6703
0.01448,6182
0.01448125,5813
0.0144825,5672
0.01448375,5727
0.014485,5904
0.01448625,6077
0.0144875,6109
0.01448875,5962
0.01449,5617
0.01449125,5102
0.0144925,4634
0.01449375,4289
0.014495,4172
0.01449625,4293
0.0144975,4542
0.01449875,4721
0.0145,4724
0.01450125,4475
0.0145025,4059
0.01450375,3714
0.014505,3529
0.01450625,3596
0.0145075,3874
0.01450875,4143
0.01451,4281
0.01451125,4242
0.0145125,4047
0.01451375,3813
0.014515,3708
0.01451625,3769
0.0145175,3984
0.01451875,4269
0.01452,4537
0.01452125,4799
0.0145225,5107
0.01452375,5470
0.014525,5921
0.01452625,6395
0.0145275,6788
0.01452875,7051
0.01453,7127
0.01453125,7029
0.0145325,6860
0.01453375,6754
0.014535,6793
0.01453625,7023
0.0145375,7355
0.01453875,7662
0.01454,7845
0.01454125,7881
0.0145425,7845
0.01454375,7781
0.014545,7814
0.01454625,7973
0.0145475,8210
0.01454875,8490
0.01455,8755
0.01455125,8951
0.0145525,9101
0.01455375,9194
0.014555,9239
0.01455625,9259
0.0145575,9259
0.01455875,9271
0.01456,9301
0.01456125,9289
0.0145625,9285
0.01456375,9333
0.014565,9441
0.01456625,9556
0.0145675,9581
0.01456875,9438
0.01457,9078
0.01457125,8675
0.0145725,8324
0.01457375,8165
0.014575,8105
0.01457625,7954
0.0145775,7632
0.01457875,7102
0.01458,6516
0.01458125,6060
0.0145825,5849
0.01458375,5799
0.014585,5783
0.01458625,5648
0.0145875,5390
0.01458875,5091
0.01459,4866
0.01459125,4793
0.0145925,4862
0.01459375,4982
0.014595,5050
0.01459625,5004
0.0145975,4896
0.01459875,4778
0.0146,4742
0.01460125,4740
0.0146025,4780
0.01460375,4781
0.014605,4719
0.01460625,4611
0.0146075,4563
0.01460875,4576
0.01461,4571
0.01461125,4517
0.0146125,4378
0.01461375,4091
0.014615,3856
0.01461625,3773
0.0146175,3849
0.01461875,4063
0.01462,4335
0.01462125,4663
0.0146225,5040
0.01462375,5492
0.014625,5959
0.01462625,6333
0.0146275,6544
0.01462875,6612
0.01463,6619
0.01463125,6708
0.0146325,6899
0.01463375,7190
0.014635,7467
0.01463625,7675
0.0146375,7803
0.01463875,7873
0.01464,7986
0.01464125,8163
0.0146425,8380
0.01464375,8621
0.014645,8817
0.01464625,8948
0.0146475,9002
0.01464875,9028
0.01465,9063
0.01465125,9181
0.0146525,9390
0.01465375,9649
0.014655,9858
0.01465625,9858
0.0146575,9603
0.01465875,9162
0.01466,8730
0.01466125,8542
0.0146625,8622
0.01466375,8912
0.014665,9167
0.01466625,9195
0.0146675,8984
0.01466875,8617
0.01467,8268
0.01467125,8032
0.0146725,7838
0.01467375,7600
0.014675,7226
0.01467625,6729
0.0146775,6268
0.01467875,5928
0.01468,5766
0.01468125,5719
0.0146825,5703
0.01468375,5604
0.014685,5401
0.01468625,5137
0.0146875,4883
0.01468875,4671
0.01469,4528
0.01469125,4459
0.0146925,4510
0.01469375,4657
0.014695,4857
0.01469625,5015
0.0146975,5007
0.01469875,4783
0.0147,4455
0.01470125,4157
0.0147025,3977
0.01470375,3951
0.014705,4036
0.01470625,4078
0.0147075,4023
0.01470875,3885
0.01471,3725
0.01471125,3626
0.0147125,3607
0.01471375,3638
0.014715,3712
0.01471625,3801
0.0147175,3862
0.01471875,3915
0.01472,3966
0.01472125,4116
0.0147225,4361
0.01472375,4799
0.014725,5328
0.01472625,5832
0.0147275,6166
0.01472875,6288
0.01473,6301
0.01473125,6335
0.0147325,6506
0.01473375,6835
0.014735,7183
0.01473625,7452
0.0147375,7610
0.01473875,7733
0.01474,7781
0.01474125,7901
0.0147425,8085
0.01474375,8300
0.014745,8520
0.01474625,8721
0.0147475,8856
0.01474875,8928
0.01475,8937
0.01475125,8910
0.0147525,8923
0.01475375,9009
0.014755,9135
0.01475625,9287
0.0147575,9341
0.01475875,9372
0.01476,9345
0.01476125,9306
0.0147625,9300
0.01476375,9312
0.014765,9342
0.01476625,9343
0.0147675,9323
0.01476875,9206
0.01477,8941
0.01477125,8527
0.0147725,7933
0.01477375,7350
0.014775,6812
0.01477625,6541
0.0147775,6523
0.01477875,6580
0.01478,6498
0.01478125,6197
0.0147825,5703
0.01478375,5191
0.014785,4846
0.01478625,4743
0.0147875,4833
0.01478875,4939
0.01479,4980
0.01479125,4854
0.0147925,4701
0.01479375,4483
0.014795,4271
0.01479625,4149
0.0147975,4078
0.01479875,4048
0.0148,4034
0.01480125,4025
0.0148025,4023
0.01480375,3991
0.014805,3968
0.01480625,3952
0.0148075,3923
0.01480875,3958
0.01481,3988
0.01481125,4096
0.0148125,4287
0.01481375,4458
0.014815,4604
0.01481625,4634
0.0148175,4533
0.01481875,4351
0.01482,4124
0.01482125,3931
0.0148225,3818
0.01482375,3934
0.014825,4318
0.01482625,4961
0.0148275,5632
0.01482875,6184
0.01483,6448
0.01483125,6416
0.0148325,6267
0.01483375,6279
0.014835,6587
0.01483625,7169
0.0148375,7874
0.01483875,8485
0.01484,8858
0.01484125,8973
0.0148425,8922
0.01484375,8829
0.014845,8816
0.01484625,8894
0.0148475,8992
0.01484875,9113
0.01485,9181
0.01485125,9173
0.0148525,9144
0.01485375,9081
0.014855,9013
0.01485625,8989
0.0148575,9033
0.01485875,9098
0.01486,9145
0.01486125,9125
0.0148625,9072
0.01486375,9042
0.014865,9038
0.01486625,9027
0.0148675,8954
0.01486875,8709
0.01487,8261
0.01487125,7728
0.0148725,7264
0.01487375,6976
0.014875,6895
0.01487625,6934
0.0148775,6930
0.01487875,6752
0.01488,6394
0.01488125,6002
0.0148825,5652
0.01488375,5449
0.014885,5398
0.01488625,5427
0.0148875,5417
0.01488875,5294
0.01489,5043
0.01489125,4731
0.0148925,4475
0.01489375,4314
0.014895,4262
0.01489625,4283
0.0148975,4247
0.01489875,4088
0.0149,3825
0.01490125,3541
0.0149025,3359
0.01490375,3336
0.014905,3430
0.01490625,3587
0.0149075,3721
0.01490875,3844
0.01491,3956
0.01491125,4089
0.0149125,4229
0.01491375,4358
0.014915,4465
0.01491625,4527
0.0149175,4536
0.01491875,4521
0.01492,4513
0.01492125,4521
0.0149225,4540
0.01492375,4602
0.014925,4719
0.01492625,4921
0.0149275,5186
0.01492875,5463
0.01493,5690
0.01493125,5810
0.0149325,5858
0.01493375,5910
0.014935,6051
0.01493625,6303
0.0149375,6622
0.01493875,6983
0.01494,7302
0.01494125,7551
0.0149425,7760
0.01494375,7946
0.014945,8158
0.01494625,8429
0.0149475,8740
0.01494875,9074
0.01495,9325
0.01495125,9466
0.0149525,9515
0.01495375,9529
0.014955,9549
0.01495625,9627
0.0149575,9751
0.01495875,9836
0.01496,9853
0.01496125,9807
0.0149625,9632
0.01496375,9351
0.014965,8918
0.01496625,8369
0.0149675,7771
0.01496875,7235
0.01497,6849
0.01497125,6679
0.0149725,6652
0.01497375,6586
0.014975,6451
0.01497625,6132
0.0149775,5697
0.01497875,5239
0.01498,4937
0.01498125,4858
0.0149825,5025
0.01498375,5316
0.014985,5544
0.01498625,5595
0.0149875,5388
0.01498875,5005
0.01499,4648
0.01499125,4432
0.0149925,4409
0.01499375,4565
0.014995,4718
0.01499625,4800
0.0149975,4728
0.01499875,4545
0.015,4339
0.01500125,4135
0.0150025,4028
0.01500375,3970
0.015005,4009
0.01500625,4076
0.0150075,4105
0.01500875,4094
0.01501,4024
0.01501125,3963
0.0150125,3853
0.01501375,3756
0.015015,3658
0.01501625,3583
0.0150175,3539
0.01501875,3583
0.01502,3703
0.01502125,3888
0.0150225,4093
0.01502375,4241
0.015025,4361
0.01502625,4545
0.0150275,4881
0.01502875,5378
0.01503,5983
0.01503125,6463
0.0150325,6735
0.01503375,6812
0.015035,6791
0.01503625,6835
0.0150375,6994
0.01503875,7250
0.01504,7482
0.01504125,7606
0.0150425,7625
0.01504375,7594
0.015045,7579
0.01504625,7620
0.0150475,7774
0.01504875,7957
0.01505,8124
0.01505125,8250
0.0150525,8356
0.01505375,8425
0.015055,8464
0.01505625,8485
0.0150575,8475
0.01505875,8477
0.01506,8517
0.01506125,8584
0.0150625,8560
0.01506375,8305
0.015065,7787
0.01506625,7043
0.0150675,6402
0.01506875,6037
0.01507,5956
0.01507125,6075
0.0150725,6133
0.01507375,5996
0.015075,5696
0.01507625,5365
0.0150775,5181
0.01507875,5165
0.01508,5273
0.01508125,5379
0.0150825,5298
0.01508375,5130
0.015085,4828
0.01508625,4579
0.0150875,4407
0.01508875,4227
0.01509,3951
0.01509125,3485
0.0150925,2829
0.01509375,2188
0.015095,1740
0.01509625,1641
0.0150975,1882
0.01509875,2307
0.0151,2680
0.01510125,2793
0.0151025,2663
0.01510375,2386
0.015105,2182
0.01510625,2170
0.0151075,2356
0.01510875,2660
0.01511,2918
0.01511125,2944
0.0151125,2840
0.01511375,2693
0.015115,2637
0.01511625,2731
0.0151175,2962
0.01511875,3218
0.01512,3472
0.01512125,3634
0.0151225,3699
0.01512375,3726
0.015125,3790
0.01512625,3971
0.0151275,4350
0.01512875,4886
0.01513,5437
0.01513125,5849
0.0151325,6032
0.01513375,5983
0.015135,5810
0.01513625,5699
0.0151375,5821
0.01513875,6154
0.01514,6712
0.01514125,7359
0.0151425,7931
0.01514375,8280
0.015145,8354
0.01514625,8191
0.0151475,7882
0.01514875,7577
0.01515,7458
0.01515125,7522
0.0151525,7727
0.01515375,7931
0.015155,8018
0.01515625,7963
0.0151575,7843
0.01515875,7691
0.01516,7578
0.01516125,7407
0.0151625,7157
0.01516375,6727
0.015165,6208
0.01516625,5698
0.0151675,5344
0.01516875,5171
0.01517,5180
0.01517125,5229
0.0151725,5208
0.01517375,5037
0.015175,4727
0.01517625,4334
0.0151775,3869
0.01517875,3427
0.01518,3054
0.01518125,2782
0.0151825,2592
0.01518375,2466
0.015185,2338
0.01518625,2140
0.0151875,1845
0.01518875,1489
0.01519,1124
0.01519125,822
0.0151925,655
0.01519375,661
0.015195,834
0.01519625,1061
0.0151975,1244
0.01519875,1345
0.0152,1312
0.01520125,1207
0.0152025,1090
0.01520375,1029
0.015205,1059
0.01520625,1132
0.0152075,1214
0.01520875,1285
0.01521,1298
0.01521125,1228
0.0152125,1134
0.01521375,989
0.015215,855
0.01521625,746
0.0152175,677
0.01521875,619
0.01522,664
0.01522125,796
0.0152225,1001
0.01522375,1246
0.015225,1445
0.01522625,1623
0.0152275,1906
0.01522875,2334
0.01523,2906
0.01523125,3519
0.0152325,4004
0.01523375,4292
0.015235,4436
0.01523625,4553
0.0152375,4771
0.01523875,5108
0.01524,5511
0.01524125,5828
0.0152425,6040
0.01524375,6072
0.015245,6048
0.01524625,6045
0.0152475,6104
0.01524875,6234
0.01525,6370
0.01525125,6506
0.0152525,6575
0.01525375,6570
0.015255,6558
0.01525625,6564
0.0152575,6557
0.01525875,6484
0.01526,6275
0.01526125,5923
0.0152625,5516
0.01526375,5168
0.015265,5031
0.01526625,5070
0.0152675,5232
0.01526875,5326
0.01527,5288
0.01527125,5104
0.0152725,4807
0.01527375,4580
0.015275,4425
0.01527625,4312
0.0152775,4158
0.01527875,3935
0.01528,3652
0.01528125,3357
0.0152825,3095
0.01528375,2883
0.015285,2683
0.01528625,2511
0.0152875,2288
0.01528875,2059
0.01529,1825
0.01529125,1629
0.0152925,1456
0.01529375,1310
0.015295,1227
0.01529625,1183
0.0152975,1143
0.01529875,1088
0.0153,1009
0.01530125,901
0.0153025,764
0.01530375,646
0.015305,519
0.01530625,424
0.0153075,350
0.01530875,332
0.01531,303
0.01531125,260
0.0153125,205
0.01531375,144
0.015315,150
0.01531625,261
0.0153175,414
0.01531875,507
0.01532,520
0.01532125,383
0.0153225,277
0.01532375,298
0.015325,495
0.01532625,808
0.0153275,1171
0.01532875,1521
0.01533,1860
0.01533125,2233
0.0153325,2626
0.01533375,2990
0.015335,3267
0.01533625,3446
0.0153375,3564
0.01533875,3628
0.01534,3775
0.01534125,4018
0.0153425,4285
0.01534375,4474
0.015345,4542
0.01534625,4506
0.0153475,4382
0.01534875,4266
0.01535,4236
0.01535125,4323
0.0153525,4477
0.01535375,4662
0.015355,4778
0.01535625,4727
0.0153575,4462
0.01535875,4041
0.01536,3611
0.01536125,3399
0.0153625,3465
0.01536375,3741
0.015365,4118
0.01536625,4376
0.0153675,4402
0.01536875,4250
0.01537,4027
0.01537125,3807
0.0153725,3682
0.01537375,3653
0.015375,3655
0.01537625,3562
0.0153775,3372
0.01537875,3091
0.01538,2773
0.01538125,2498
0.0153825,2274
0.01538375,2135
0.015385,2013
0.01538625,1905
0.0153875,1792
0.01538875,1651
0.01539,1510
0.01539125,1370
0.0153925,1253
0.01539375,1167
0.015395,1109
0.01539625,1089
0.0153975,1053
0.01539875,995
0.0154,919
0.01540125,849
0.0154025,855
0.01540375,858
0.015405,857
0.01540625,827
0.0154075,734
0.01540875,667
0.01541,590
0.01541125,566
0.0154125,630
0.01541375,708
0.015415,815
0.01541625,905
0.0154175,945
0.01541875,919
0.01542,871
0.01542125,820
0.0154225,780
0.01542375,757
0.015425,739
0.01542625,712
0.0154275,752
0.01542875,881
0.01543,1174
0.01543125,1639
0.0154325,2178
0.01543375,2660
0.015435,2994
0.01543625,3192
0.0154375,3364
0.01543875,3637
0.01544,4096
0.01544125,4630
0.0154425,5077
0.01544375,5278
0.015445,5178
0.01544625,4847
0.0154475,4446
0.01544875,4141
0.01545,4060
0.01545125,4162
0.0154525,4334
0.01545375,4426
0.015455,4258
0.01545625,3780
0.0154575,3081
0.01545875,2438
0.01546,2083
0.01546125,2155
0.0154625,2582
0.01546375,3045
0.015465,3306
0.01546625,3225
0.0154675,2878
0.01546875,2488
0.01547,2223
0.01547125,2175
0.0154725,2242
0.01547375,2329
0.015475,2293
0.01547625,2125
0.0154775,1897
0.01547875,1687
0.01548,1576
0.01548125,1496
0.0154825,1401
0.01548375,1191
0.015485,859
0.01548625,445
0.0154875,100
0.01548875,-126
0.01549,-244
0.01549125,-272
0.0154925,-273
0.01549375,-292
0.015495,-318
0.01549625,-367
0.0154975,-427
0.01549875,-463
0.0155,-500
0.01550125,-504
0.0155025,-465
0.01550375,-430
0.015505,-410
0.01550625,-393
0.0155075,-378
0.01550875,-292
0.01551,-172
0.01551125,14
0.0155125,208
0.01551375,354
0.015515,459
0.01551625,528
0.0155175,541
0.01551875,586
0.01552,597
0.01552125,554
0.0155225,450
0.01552375,350
0.015525,319
0.01552625,383
0.0155275,535
0.01552875,788
0.01553,1168
0.01553125,1633
0.0155325,2150
0.01553375,2594
0.015535,2853
0.01553625,2929
0.0155375,2845
0.01553875,2768
0.01554,2833
0.01554125,3098
0.0155425,3480
0.01554375,3859
0.015545,4103
0.01554625,4208
0.0155475,4194
0.01554875,4179
0.01555,4222
0.01555125,4338
0.0155525,4402
0.01555375,4273
0.015555,3901
0.01555625,3365
0.0155575,2825
0.01555875,2530
0.01556,2569
0.01556125,2871
0.0155625,3246
0.01556375,3423
0.015565,3350
0.01556625,3007
0.0155675,2593
0.01556875,2279
0.01557,2162
0.01557125,2256
0.0155725,2414
0.01557375,2511
0.015575,2408
0.01557625,2129
0.0155775,1821
0.01557875,1582
0.01558,1500
0.01558125,1512
0.0155825,1509
0.01558375,1371
0.015585,946
0.01558625,283
0.0155875,-483
0.01558875,-1193
0.01559,-1706
0.01559125,-1953
0.0155925,-1938
0.01559375,-1757
0.015595,-1492
0.01559625,-1260
0.0155975,-1147
0.01559875,-1144
0.0156,-1247
0.01560125,-1354
0.0156025,-1340
0.01560375,-1179
0.015605,-886
0.01560625,-578
0.0156075,-362
0.01560875,-291
0.01561,-331
0.01561125,-348
0.0156125,-309
0.01561375,-159
0.015615,20
0.01561625,173
0.0156175,260
0.01561875,271
0.01562,218
0.01562125,177
0.0156225,193
0.01562375,176
0.015625,218
0.01562625,289
0.0156275,344
0.01562875,361
0.01563,440
0.01563125,634
0.0156325,1056
0.01563375,1710
0.015635,2498
0.01563625,3210
0.0156375,3656
0.01563875,3789
0.01564,3698
0.01564125,3593
0.0156425,3590
0.01564375,3745
0.015645,3919
0.01564625,4020
0.0156475,3905
0.01564875,3704
0.01565,3496
0.01565125,3326
0.0156525,3187
0.01565375,3036
0.015655,2799
0.01565625,2541
0.0156575,2303
0.01565875,2150
0.01566,2068
0.01566125,1938
0.0156625,1703
0.01566375,1426
0.015665,1166
0.01566625,1023
0.0156675,975
0.01566875,948
0.01567,824
0.01567125,552
0.0156725,197
0.01567375,-144
0.015675,-343
0.01567625,-340
0.0156775,-240
0.01567875,-120
0.01568,-96
0.01568125,-191
0.0156825,-357
0.01568375,-506
0.015685,-624
0.01568625,-643
0.0156875,-585
0.01568875,-513
0.01569,-468
0.01569125,-511
0.0156925,-644
0.01569375,-813
0.015695,-987
0.01569625,-1054
0.0156975,-1099
0.01569875,-1148
0.0157,-1244
0.01570125,-1359
0.0157025,-1471
0.01570375,-1539
0.015705,-1499
0.01570625,-1326
0.0157075,-1034
0.01570875,-663
0.01571,-279
0.01571125,63
0.0157125,346
0.01571375,583
0.015715,803
0.01571625,1070
0.0157175,1401
0.01571875,1743
0.01572,2080
0.01572125,2435
0.0157225,2821
0.01572375,3262
0.015725,3773
0.01572625,4270
0.0157275,4627
0.01572875,4791
0.01573,4821
0.01573125,4842
0.0157325,5010
0.01573375,5348
0.015735,5800
0.01573625,6214
0.0157375,6517
0.01573875,6699
0.01574,6830
0.01574125,6963
0.0157425,7042
0.01574375,7067
0.015745,6975
0.01574625,6762
0.0157475,6501
0.01574875,6272
0.01575,6092
0.01575125,6002
0.0157525,5964
0.01575375,5965
0.015755,6007
0.01575625,6109
0.0157575,6225
0.01575875,6338
0.01576,6389
0.01576125,6382
0.0157625,6292
0.01576375,6173
0.015765,6074
0.01576625,5973
0.0157675,5889
0.01576875,5787
0.01577,5692
0.01577125,5636
0.0157725,5522
0.01577375,5441
0.015775,5296
0.01577625,5122
0.0157775,4980
0.01577875,4859
0.01578,4765
0.01578125,4667
0.0157825,4556
0.01578375,4447
0.015785,4324
0.01578625,4255
0.0157875,4173
0.01578875,4151
0.01579,4165
0.01579125,4196
0.0157925,4255
0.01579375,4287
0.015795,4302
0.01579625,4288
0.0157975,4267
0.01579875,4230
0.0158,4204
0.01580125,4206
0.0158025,4233
0.01580375,4260
0.015805,4304
0.01580625,4332
0.0158075,4340
0.01580875,4337
0.01581,4285
0.01581125,4272
0.0158125,4228
0.01581375,4127
0.015815,3988
0.01581625,3805
0.0158175,3672
0.01581875,3579
0.01582,3524
0.01582125,3511
0.0158225,3439
0.01582375,3377
0.015825,3292
0.01582625,3175
0.0158275,2906
0.01582875,2540
0.01583,2074
0.01583125,1601
0.0158325,1253
0.01583375,1190
0.015835,1392
0.01583625,1778
0.0158375,2130
0.01583875,2279
0.01584,2177
0.01584125,1827
0.0158425,1421
0.01584375,1075
0.015845,798
0.01584625,487
0.0158475,83
0.01584875,-472
0.01585,-1182
0.01585125,-1895
0.0158525,-2484
0.01585375,-2916
0.015855,-3184
0.01585625,-3457
0.0158575,-3842
0.01585875,-4389
0.01586,-5093
0.01586125,-5830
0.0158625,-6480
0.01586375,-6959
0.015865,-7363
0.01586625,-7749
0.0158675,-8140
0.01586875,-8590
0.01587,-9064
0.01587125,-9512
0.0158725,-9920
0.01587375,-10316
0.015875,-10714
0.01587625,-11092
0.0158775,-11421
0.01587875,-11718
0.01588,-11916
0.01588125,-12047
0.0158825,-12220
0.01588375,-12472
0.015885,-12884
0.01588625,-13420
0.0158875,-13955
0.01588875,-14355
0.01589,-14469
0.01589125,-14255
0.0158925,-13814
0.01589375,-13334
0.015895,-12959
0.01589625,-12771
0.0158975,-12731
0.01589875,-12721
0.0159,-12614
0.01590125,-12320
0.0159025,-11897
0.01590375,-11409
0.015905,-10921
0.01590625,-10465
0.0159075,-10028
0.01590875,-9543
0.01591,-8970
0.01591125,-8316
0.0159125,-7667
0.01591375,-7068
0.015915,-6563
0.01591625,-6019
0.0159175,-5441
0.01591875,-4740
0.01592,-3952
0.01592125,-3175
0.0159225,-2466
0.01592375,-1861
0.015925,-1310
0.01592625,-784
0.0159275,-210
0.01592875,412
0.01593,1100
0.01593125,1854
0.0159325,2728
0.01593375,3795
0.015935,4961
0.01593625,6204
0.0159375,7260
0.01593875,8038
0.01594,8568
0.01594125,8978
0.0159425,9452
0.01594375,10066
0.015945,10706
0.01594625,11105
0.0159475,11130
0.01594875,10851
0.01595,10555
0.01595125,10517
0.0159525,10883
0.01595375,11526
0.015955,12133
0.01595625,12391
0.0159575,12231
0.01595875,11823
0.01596,11421
0.01596125,11254
0.0159625,11376
0.01596375,11637
0.015965,11817
0.01596625,11778
0.0159675,11525
0.01596875,11189
0.01597,10916
0.01597125,10773
0.0159725,10721
0.01597375,10672
0.015975,10501
0.01597625,10176
0.0159775,9786
0.01597875,9360
0.01598,8922
0.01598125,8532
0.0159825,8173
0.01598375,7831
0.015985,7511
0.01598625,7218
0.0159875,6889
0.01598875,6510
0.01599,6097
0.01599125,5709
0.0159925,5357
0.01599375,5061
0.015995,4791
0.01599625,4536
0.0159975,4257
0.01599875,3944
0.016,3598
0.01600125,3237
0.0160025,2901
0.01600375,2592
0.016005,2322
0.01600625,2107
0.0160075,1891
0.01600875,1675
0.01601,1501
0.01601125,1257
0.0160125,1021
0.01601375,825
0.016015,665
0.01601625,514
0.0160175,367
0.01601875,189
0.01602,10
0.01602125,-165
0.0160225,-300
0.01602375,-382
0.016025,-424
0.01602625,-476
0.0160275,-593
0.01602875,-750
0.01603,-928
0.01603125,-1078
0.0160325,-1035
0.01603375,-660
0.016035,45
0.01603625,913
0.0160375,1681
0.01603875,2090
0.01604,2091
0.01604125,1858
0.0160425,1670
0.01604375,1681
0.016045,1847
0.01604625,1900
0.0160475,1700
0.01604875,1299
0.01605,871
0.01605125,706
0.0160525,909
0.01605375,1336
0.016055,1744
0.01605625,1926
0.0160575,1819
0.01605875,1565
0.01606,1349
0.01606125,1267
0.0160625,1306
0.01606375,1358
0.016065,1325
0.01606625,1186
0.0160675,969
0.01606875,723
0.01607,530
0.01607125,423
0.0160725,394
0.01607375,365
0.016075,321
0.01607625,259
0.0160775,197
0.01607875,145
0.01608,104
0.01608125,84
0.0160825,56
0.01608375,1
0.016085,18
0.01608625,76
0.0160875,142
0.01608875,234
0.01609,327
0.01609125,392
0.0160925,439
0.01609375,461
0.016095,485
0.01609625,530
0.0160975,563
0.01609875,582
0.0161,610
0.01610125,640
0.0161025,674
0.01610375,734
0.016105,797
0.01610625,792
0.0161075,758
0.01610875,704
0.01611,683
0.01611125,726
0.0161125,843
0.01611375,996
0.016115,1156
0.01611625,1257
0.0161175,1348
0.01611875,1424
0.01612,1490
0.01612125,1568
0.0161225,1681
0.01612375,1815
0.016125,1978
0.01612625,2119
0.0161275,2258
0.01612875,2377
0.01613,2526
0.01613125,2738
0.0161325,3091
0.01613375,3545
0.016135,4055
0.01613625,4569
0.0161375,5046
0.01613875,5407
0.01614,5672
0.01614125,5861
0.0161425,6083
0.01614375,6292
0.016145,6425
0.01614625,6346
0.0161475,5979
0.01614875,5405
0.01615,4860
0.01615125,4590
0.0161525,4680
0.01615375,5044
0.016155,5400
0.01615625,5521
0.0161575,5335
0.01615875,4950
0.01616,4586
0.01616125,4442
0.0161625,4536
0.01616375,4733
0.016165,4878
0.01616625,4820
0.0161675,4565
0.01616875,4199
0.01617,3900
0.01617125,3731
0.0161725,3628
0.01617375,3586
0.016175,3450
0.01617625,3189
0.0161775,2832
0.01617875,2411
0.01618,2067
0.01618125,1820
0.0161825,1619
0.01618375,1338
0.016185,960
0.01618625,520
0.0161875,121
0.01618875,-57
0.01619,53
0.01619125,390
0.0161925,850
0.01619375,1186
0.016195,1335
0.01619625,1262
0.0161975,1030
0.01619875,779
0.0162,643
0.01620125,576
0.0162025,561
0.01620375,503
0.016205,364
0.01620625,128
0.0162075,-89
0.01620875,-198
0.01621,-240
0.01621125,-216
0.0162125,-202
0.01621375,-241
0.016215,-283
0.01621625,-317
0.0162175,-284
0.01621875,-154
0.01622,-8
0.01622125,128
0.0162225,237
0.01622375,265
0.016225,233
0.01622625,202
0.0162275,132
0.01622875,186
0.01623,435
0.01623125,840
0.0162325,1323
0.01623375,1740
0.016235,1985
0.01623625,2130
0.0162375,2328
0.01623875,2669
0.01624,3141
0.01624125,3568
0.0162425,3762
0.01624375,3611
0.016245,3216
0.01624625,2713
0.0162475,2325
0.01624875,2129
0.01625,2138
0.01625125,2231
0.0162525,2317
0.01625375,2314
0.016255,2201
0.01625625,2021
0.0162575,1791
0.01625875,1610
0.01626,1477
0.01626125,1442
0.0162625,1496
0.01626375,1563
0.016265,1623
0.01626625,1663
0.0162675,1625
0.01626875,1535
0.01627,1430
0.01627125,1335
0.0162725,1273
0.01627375,1262
0.016275,1331
0.01627625,1422
0.0162775,1487
0.01627875,1477
0.01628,1409
0.01628125,1318
0.0162825,1213
0.01628375,1246
0.016285,1324
0.01628625,1452
0.0162875,1563
0.01628875,1626
0.01629,1655
0.01629125,1619
0.0162925,1579
0.01629375,1575
0.016295,1640
0.01629625,1752
0.0162975,1909
0.01629875,2067
0.0163,2195
0.01630125,2274
0.0163025,2380
0.01630375,2482
0.016305,2623
0.01630625,2773
0.0163075,2977
0.01630875,3197
0.01631,3377
0.01631125,3514
0.0163125,3570
0.01631375,3574
0.016315,3562
0.01631625,3598
0.0163175,3643
0.01631875,3657
0.01632,3623
0.01632125,3534
0.0163225,3429
0.01632375,3331
0.016325,3240
0.01632625,3224
0.0163275,3332
0.01632875,3574
0.01633,3930
0.01633125,4265
0.0163325,4594
0.01633375,4837
0.016335,5098
0.01633625,5446
0.0163375,5904
0.01633875,6352
0.01634,6594
0.01634125,6597
0.0163425,6369
0.01634375,6046
0.016345,5831
0.01634625,5758
0.0163475,5734
0.01634875,5686
0.01635,5493
0.01635125,5193
0.0163525,4893
0.01635375,4714
0.016355,4606
0.01635625,4536
0.0163575,4388
0.01635875,4149
0.01636,3857
0.01636125,3592
0.0163625,3360
0.01636375,3168
0.016365,3025
0.01636625,2861
0.0163675,2695
0.01636875,2510
0.01637,2345
0.01637125,2170
0.0163725,1972
0.01637375,1808
0.016375,1632
0.01637625,1486
0.0163775,1369
0.01637875,1312
0.01638,1264
0.01638125,1204
0.0163825,1114
0.01638375,986
0.016385,836
0.01638625,694
0.0163875,599
0.01638875,570
0.01639,598
0.01639125,593
0.0163925,589
0.01639375,520
0.016395,402
0.01639625,250
0.0163975,160
0.01639875,138
0.0164,211
0.01640125,348
0.0164025,507
0.01640375,676
0.016405,850
0.01640625,975
0.0164075,1066
0.01640875,1077
0.01641,1074
0.01641125,1071
0.0164125,1108
0.01641375,1189
0.016415,1287
0.01641625,1375
0.0164175,1441
0.01641875,1474
0.01642,1484
0.01642125,1489
0.0164225,1450
0.01642375,1427
0.016425,1407
0.01642625,1523
0.0164275,1827
0.01642875,2257
0.01643,2736
0.01643125,3142
0.0164325,3437
0.01643375,3721
0.016435,4129
0.01643625,4730
0.0164375,5395
0.01643875,5920
0.01644,6109
0.01644125,5986
0.0164425,5725
0.01644375,5641
0.016445,5762
0.01644625,5998
0.0164475,6061
0.01644875,5840
0.01645,5325
0.01645125,4702
0.0164525,4245
0.01645375,4105
0.016455,4236
0.01645625,4458
0.0164575,4536
0.01645875,4382
0.01646,4053
0.01646125,3670
0.0164625,3408
0.01646375,3317
0.016465,3385
0.01646625,3472
0.0164675,3548
0.01646875,3524
0.01647,3420
0.01647125,3318
0.0164725,3249
0.01647375,3223
0.016475,3248
0.01647625,3270
0.0164775,3280
0.01647875,3215
0.01648,3037
0.01648125,2645
0.0164825,2123
0.01648375,1556
0.016485,1050
0.01648625,771
0.0164875,750
0.01648875,926
0.01649,1193
0.01649125,1419
0.0164925,1506
0.01649375,1447
0.016495,1286
0.01649625,1152
0.0164975,1125
0.01649875,1246
0.0165,1464
0.01650125,1723
0.0165025,1942
0.01650375,2056
0.016505,2060
0.01650625,2017
0.0165075,1994
0.01650875,1998
0.01651,2052
0.01651125,2167
0.0165125,2242
0.01651375,2272
0.016515,2241
0.01651625,2129
0.0165175,2001
0.01651875,1885
0.01652,1820
0.01652125,1829
0.0165225,1854
0.01652375,1948
0.016525,2131
0.01652625,2393
0.0165275,2705
0.01652875,2943
0.01653,3051
0.01653125,3028
0.0165325,2975
0.01653375,3088
0.016535,3431
0.01653625,3973
0.0165375,4454
0.01653875,4618
0.01654,4359
0.01654125,3814
0.0165425,3258
0.01654375,3023
0.016545,3212
0.01654625,3637
0.0165475,3954
0.01654875,3888
0.01655,3406
0.01655125,2712
0.0165525,2121
0.01655375,1893
0.016555,2026
0.01655625,2246
0.0165575,2397
0.01655875,2341
0.01656,2050
0.01656125,1636
0.0165625,1239
0.01656375,973
0.016565,798
0.01656625,640
0.0165675,428
0.01656875,132
0.01657,-208
0.01657125,-494
0.0165725,-691
0.01657375,-778
0.016575,-876
0.01657625,-996
0.0165775,-1144
0.01657875,-1290
0.01658,-1439
0.01658125,-1501
0.0165825,-1507
0.01658375,-1467
0.016585,-1439
0.01658625,-1390
0.0165875,-1349
0.01658875,-1303
0.01659,-1205
0.01659125,-1091
0.0165925,-970
0.01659375,-862
0.016595,-749
0.01659625,-629
0.0165975,-478
0.01659875,-324
0.0166,-207
0.01660125,-65
0.0166025,17
0.01660375,29
0.016605,32
0.01660625,57
0.0166075,107
0.01660875,175
0.01661,359
0.01661125,491
0.0166125,612
0.01661375,706
0.016615,813
0.01661625,942
0.0166175,1048
0.01661875,1165
0.01662,1296
0.01662125,1525
0.0166225,1863
0.01662375,2387
0.016625,2930
0.01662625,3416
0.0166275,3697
0.01662875,3788
0.01663,3749
0.01663125,3745
0.0166325,3938
0.01663375,4432
0.016635,5077
0.01663625,5697
0.0166375,6030
0.01663875,5982
0.01664,5650
0.01664125,5263
0.0166425,5077
0.01664375,5257
0.016645,5808
0.01664625,6421
0.0166475,6775
0.01664875,6653
0.01665,6109
0.01665125,5349
0.0166525,4734
0.01665375,4524
0.016655,4676
0.01665625,4966
0.0166575,5136
0.01665875,5015
0.01666,4631
0.01666125,4177
0.0166625,3763
0.01666375,3598
0.016665,3599
0.01666625,3661
0.0166675,3696
0.01666875,3619
0.01667,3462
0.01667125,3309
0.0166725,3175
0.01667375,3051
0.016675,2889
0.01667625,2696
0.0166775,2513
0.01667875,2405
0.01668,2373
0.01668125,2420
0.0166825,2450
0.01668375,2422
0.016685,2301
0.01668625,2211
0.0166875,2133
0.01668875,2132
0.01669,2216
0.01669125,2348
0.0166925,2479
0.01669375,2594
0.016695,2658
0.01669625,2649
0.0166975,2639
0.01669875,2580
0.0167,2526
0.01670125,2515
0.0167025,2516
0.01670375,2507
0.016705,2493
0.01670625,2462
0.0167075,2381
0.01670875,2336
0.01671,2299
0.01671125,2286
0.0167125,2296
0.01671375,2365
0.016715,2333
0.01671625,2314
0.0167175,2282
0.01671875,2273
0.01672,2405
0.01672125,2685
0.0167225,3098
0.01672375,3601
0.016725,4055
0.01672625,4311
0.0167275,4346
0.01672875,4208
0.01673,4074
0.01673125,4066
0.0167325,4246
0.01673375,4555
0.016735,4832
0.01673625,5019
0.0167375,5052
0.01673875,4978
0.01674,4852
0.01674125,4722
0.0167425,4635
0.01674375,4610
0.016745,4600
0.01674625,4592
0.0167475,4493
0.01674875,4258
0.01675,3897
0.01675125,3489
0.0167525,3178
0.01675375,3038
0.016755,3081
0.01675625,3209
0.0167575,3287
0.01675875,3205
0.01676,2986
0.01676125,2683
0.0167625,2396
0.01676375,2181
0.016765,2047
0.01676625,1967
0.0167675,1899
0.01676875,1762
0.01677,1573
0.01677125,1312
0.0167725,1048
0.01677375,814
0.016775,632
0.01677625,530
0.0167775,434
0.01677875,338
0.01678,232
0.01678125,116
0.0167825,13
0.01678375,-70
0.016785,-136
0.01678625,-170
0.0167875,-185
0.01678875,-163
0.01679,-94
0.01679125,-21
0.0167925,52
0.01679375,106
0.016795,149
0.01679625,218
0.0167975,326
0.01679875,478
0.0168,632
0.01680125,779
0.0168025,916
0.01680375,998
0.016805,1085
0.01680625,1202
0.0168075,1342
0.01680875,1486
0.01681,1637
0.01681125,1765
0.0168125,1886
0.01681375,1963
0.016815,1962
0.01681625,1902
0.0168175,1859
0.01681875,1945
0.01682,2225
0.01682125,2623
0.0168225,3027
0.01682375,3324
0.016825,3366
0.01682625,3269
0.0168275,3143
0.01682875,3152
0.01683,3443
0.01683125,4007
0.0168325,4738
0.01683375,5396
0.016835,5750
0.01683625,5717
0.0168375,5401
0.01683875,5042
0.01684,4866
0.01684125,4981
0.0168425,5382
0.01684375,5854
0.016845,6197
0.01684625,6338
0.0168475,6218
0.01684875,5876
0.01685,5397
0.01685125,4916
0.0168525,4510
0.01685375,4254
0.016855,4145
0.01685625,4105
0.0168575,4057
0.01685875,3883
0.01686,3580
0.01686125,3210
0.0168625,2858
0.01686375,2589
0.016865,2463
0.01686625,2432
0.0168675,2441
0.01686875,2412
0.01687,2322
0.01687125,2165
0.0168725,1989
0.01687375,1850
0.016875,1794
0.01687625,1750
0.0168775,1622
0.01687875,1341
0.01688,910
0.01688125,427
0.0168825,53
0.01688375,-42
0.016885,221
0.01688625,724
0.0168875,1238
0.01688875,1557
0.01689,1574
0.01689125,1333
0.0168925,993
0.01689375,756
0.016895,685
0.01689625,755
0.0168975,877
0.01689875,978
0.0169,950
0.01690125,837
0.0169025,727
0.01690375,677
0.016905,716
0.01690625,821
0.0169075,942
0.01690875,1061
0.01691,1141
0.01691125,1208
0.0169125,1248
0.01691375,1351
0.016915,1520
0.01691625,1837
0.0169175,2287
0.01691875,2773
0.01692,3114
0.01692125,3251
0.0169225,3134
0.01692375,2879
0.016925,2641
0.01692625,2552
0.0169275,2665
0.01692875,2895
0.01693,3134
0.01693125,3283
0.0169325,3301
0.01693375,3237
0.016935,3130
0.01693625,3034
0.0169375,2999
0.01693875,3052
0.01694,3197
0.01694125,3352
0.0169425,3499
0.01694375,3558
0.016945,3567
0.01694625,3567
0.0169475,3518
0.01694875,3394
0.01695,3194
0.01695125,2844
0.0169525,2459
0.01695375,2072
0.016955,1787
0.01695625,1647
0.0169575,1624
0.01695875,1595
0.01696,1467
0.01696125,1198
0.0169625,846
0.01696375,504
0.016965,245
0.01696625,101
0.0169675,10
0.01696875,-51
0.01697,-115
0.01697125,-274
0.0169725,-464
0.01697375,-661
0.016975,-821
0.01697625,-888
0.0169775,-912
0.01697875,-878
0.01698,-835
0.01698125,-838
0.0169825,-884
0.01698375,-943
0.016985,-1003
0.01698625,-1046
0.0169875,-1079
0.01698875,-1018
0.01699,-962
0.01699125,-926
0.0169925,-903
0.01699375,-915
0.016995,-936
0.01699625,-973
0.0169975,-1020
0.01699875,-1073
0.017,-1159
0.01700125,-1234
0.0170025,-1265
0.01700375,-1211
0.017005,-1056
0.01700625,-851
0.0170075,-627
0.01700875,-444
0.01701,-335
0.01701125,-245
0.0170125,-89
0.01701375,210
0.017015,691
0.01701625,1317
0.0170175,1933
0.01701875,2380
0.01702,2569
0.01702125,2580
0.0170225,2515
0.01702375,2562
0.017025,2790
0.01702625,3079
0.0170275,3394
0.01702875,3616
0.01703,3712
0.01703125,3728
0.0170325,3709
0.01703375,3714
0.017035,3753
0.01703625,3837
0.0170375,3929
0.01703875,3991
0.01704,4032
0.01704125,4065
0.0170425,4095
0.01704375,4133
0.017045,4183
0.01704625,4253
0.0170475,4298
0.01704875,4265
0.01705,4095
0.01705125,3775
0.0170525,3378
0.01705375,3061
0.017055,2919
0.01705625,2959
0.0170575,3082
0.01705875,3152
0.01706,3055
0.01706125,2839
0.0170625,2561
0.01706375,2323
0.017065,2159
0.01706625,2048
0.0170675,1893
0.01706875,1674
0.01707,1381
0.01707125,1044
0.0170725,742
0.01707375,526
0.017075,382
0.01707625,291
0.0170775,234
0.01707875,168
0.01708,102
0.01708125,69
0.0170825,-4
0.01708375,3
0.017085,26
0.01708625,76
0.0170875,162
0.01708875,250
0.01709,311
0.01709125,386
0.0170925,481
0.01709375,558
0.017095,661
0.01709625,780
0.0170975,876
0.01709875,950
0.0171,961
0.01710125,969
0.0171025,1033
0.01710375,1143
0.017105,1277
0.01710625,1420
0.0171075,1499
0.01710875,1536
0.01711,1587
0.01711125,1760
0.0171125,2088
0.01711375,2545
0.017115,3027
0.01711625,3387
0.0171175,3558
0.01711875,3572
0.01712,3565
0.01712125,3691
0.0171225,3991
0.01712375,4448
0.017125,4939
0.01712625,5338
0.0171275,5564
0.01712875,5596
0.01713,5570
0.01713125,5568
0.0171325,5667
0.01713375,5852
0.017135,6050
0.01713625,6153
0.0171375,6099
0.01713875,5937
0.01714,5742
0.01714125,5596
0.0171425,5539
0.01714375,5540
0.017145,5610
0.01714625,5644
0.0171475,5607
0.01714875,5448
0.01715,5130
0.01715125,4701
0.0171525,4238
0.01715375,3840
0.017155,3730
0.01715625,3753
0.0171575,3879
0.01715875,3957
0.01716,3881
0.01716125,3644
0.0171625,3295
0.01716375,2988
0.017165,2777
0.01716625,2653
0.0171675,2555
0.01716875,2455
0.01717,2239
0.01717125,1978
0.0171725,1647
0.01717375,1439
0.017175,1302
0.01717625,1218
0.0171775,1160
0.01717875,1107
0.01718,1072
0.01718125,1054
0.0171825,1057
0.01718375,1071
0.017185,1073
0.01718625,1056
0.0171875,1066
0.01718875,1150
0.01719,1218
0.01719125,1352
0.0171925,1538
0.01719375,1679
0.017195,1808
0.01719625,1896
0.0171975,1964
0.01719875,2045
0.0172,2110
0.01720125,2198
0.0172025,2291
0.01720375,2334
0.017205,2363
0.01720625,2373
0.0172075,2413
0.01720875,2564
0.01721,2872
0.01721125,3252
0.0172125,3594
0.01721375,3791
0.017215,3815
0.01721625,3730
0.0172175,3689
0.01721875,3783
0.01722,4064
0.01722125,4462
0.0172225,4813
0.01722375,5063
0.017225,5161
0.01722625,5216
0.0172275,5306
0.01722875,5471
0.01723,5712
0.01723125,5953
0.0172325,6168
0.01723375,6308
0.017235,6384
0.01723625,6420
0.0172375,6446
0.01723875,6450
0.01724,6502
0.01724125,6556
0.0172425,6553
0.01724375,6563
0.017245,6566
0.01724625,6578
0.0172475,6586
0.01724875,6613
0.01725,6612
0.01725125,6475
0.0172525,6201
0.01725375,5765
0.017255,5277
0.01725625,4854
0.0172575,4607
0.01725875,4537
0.01726,4512
0.01726125,4442
0.0172625,4188
0.01726375,3786
0.017265,3369
0.01726625,3061
0.0172675,2925
0.01726875,2941
0.01727,3003
0.01727125,3003
0.0172725,2931
0.01727375,2797
0.017275,2673
0.01727625,2592
0.0172775,2570
0.01727875,2564
0.01728,2499
0.01728125,2407
0.0172825,2260
0.01728375,2086
0.017285,1932
0.01728625,1804
0.0172875,1721
0.01728875,1657
0.01729,1598
0.01729125,1561
0.0172925,1530
0.01729375,1501
0.017295,1497
0.01729625,1546
0.0172975,1680
0.01729875,1849
0.0173,2007
0.01730125,2112
0.0173025,2165
0.01730375,2195
0.017305,2336
0.01730625,2658
0.0173075,3159
0.01730875,3750
0.01731,4270
0.01731125,4588
0.0173125,4638
0.01731375,4525
0.017315,4393
0.01731625,4394
0.0173175,4580
0.01731875,4863
0.01732,5132
0.01732125,5309
0.0173225,5399
0.01732375,5511
0.017325,5770
0.01732625,6210
0.0173275,6734
0.01732875,7138
0.01733,7256
0.01733125,7003
0.0173325,6584
0.01733375,6197
0.017335,6102
0.01733625,6343
0.0173375,6774
0.01733875,7186
0.01734,7397
0.01734125,7361
0.0173425,7128
0.01734375,6878
0.017345,6729
0.01734625,6699
0.0173475,6806
0.01734875,6912
0.01735,6923
0.01735125,6725
0.0173525,6351
0.01735375,5762
0.017355,5109
0.01735625,4515
0.0173575,4103
0.01735875,3912
0.01736,3851
0.01736125,3822
0.0173625,3703
0.01736375,3482
0.017365,3173
0.01736625,2862
0.0173675,2638
0.01736875,2497
0.01737,2397
0.01737125,2341
0.0173725,2252
0.01737375,2124
0.017375,1942
0.01737625,1732
0.0173775,1493
0.01737875,1260
0.01738,1070
0.01738125,944
0.0173825,869
0.01738375,856
0.017385,878
0.01738625,947
0.0173875,1045
0.01738875,1118
0.01739,1177
0.01739125,1263
0.0173925,1373
0.01739375,1544
0.017395,1737
0.01739625,1955
0.0173975,2147
0.01739875,2285
0.0174,2411
0.01740125,2505
0.0174025,2629
0.01740375,2861
0.017405,3277
0.01740625,3790
0.0174075,4320
0.01740875,4726
0.01741,4962
0.01741125,5012
0.0174125,4974
0.01741375,5005
0.017415,5189
0.01741625,5502
0.0174175,5845
0.01741875,6107
0.01742,6255
0.01742125,6280
0.0174225,6226
0.01742375,6194
0.017425,6206
0.01742625,6253
0.0174275,6303
0.01742875,6337
0.01743,6333
0.01743125,6269
0.0174325,6220
0.01743375,6221
0.017435,6279
0.01743625,6377
0.0174375,6499
0.01743875,6626
0.01744,6733
0.01744125,6818
0.0174425,6872
0.01744375,6948
0.017445,6995
0.01744625,7036
0.0174475,7073
0.01744875,7078
0.01745,7000
0.01745125,6821
0.0174525,6467
0.01745375,5962
0.017455,5382
0.01745625,4850
0.0174575,4468
0.01745875,4265
0.01746,4215
0.01746125,4118
0.0174625,3980
0.01746375,3733
0.017465,3418
0.01746625,3145
0.0174675,2934
0.01746875,2770
0.01747,2680
0.01747125,2626
0.0174725,2558
0.01747375,2470
0.017475,2357
0.01747625,2259
0.0174775,2149
0.01747875,2092
0.01748,2068
0.01748125,2072
0.0174825,2130
0.01748375,2168
0.017485,2227
0.01748625,2299
0.0174875,2347
0.01748875,2375
0.01749,2397
0.01749125,2424
0.0174925,2442
0.01749375,2451
0.017495,2484
0.01749625,2495
0.0174975,2480
0.01749875,2475
0.0175,2541
0.01750125,2744
0.0175025,3082
0.01750375,3524
0.017505,3945
0.01750625,4253
0.0175075,4393
0.01750875,4444
0.01751,4494
0.01751125,4609
0.0175125,4834
0.01751375,5177
0.017515,5538
0.01751625,5814
0.0175175,5984
0.01751875,6039
0.01752,6038
0.01752125,6031
0.0175225,6069
0.01752375,6187
0.017525,6354
0.01752625,6539
0.0175275,6710
0.01752875,6818
0.01753,6911
0.01753125,6933
0.0175325,6982
0.01753375,7141
0.017535,7290
0.01753625,7473
0.0175375,7631
0.01753875,7720
0.01754,7732
0.01754125,7664
0.0175425,7561
0.01754375,7468
0.017545,7382
0.01754625,7333
0.0175475,7287
0.01754875,7247
0.01755,7167
0.01755125,7017
0.0175525,6856
0.01755375,6504
0.017555,6035
0.01755625,5498
0.0175575,5045
0.01755875,4794
0.01756,4769
0.01756125,4873
0.0175625,4925
0.01756375,4780
0.017565,4378
0.01756625,3847
0.0175675,3326
0.01756875,2940
0.01757,2755
0.01757125,2682
0.0175725,2589
0.01757375,2448
0.017575,2248
0.01757625,2002
0.0175775,1846
0.01757875,1752
0.01758,1771
0.01758125,1840
0.0175825,1945
0.01758375,2031
0.017585,2142
0.01758625,2225
0.0175875,2292
0.01758875,2349
0.01759,2425
0.01759125,2499
0.0175925,2636
0.01759375,2771
0.017595,2879
0.01759625,2940
0.0175975,2984
0.01759875,3141
0.0176,3504
0.01760125,4046
0.0176025,4682
0.01760375,5218
0.017605,5513
0.01760625,5526
0.0176075,5387
0.01760875,5271
0.01761,5329
0.01761125,5554
0.0176125,5880
0.01761375,6141
0.017615,6264
0.01761625,6222
0.0176175,6088
0.01761875,5991
0.01762,5966
0.01762125,6054
0.0176225,6218
0.01762375,6415
0.017625,6562
0.01762625,6629
0.0176275,6674
0.01762875,6711
0.01763,6797
0.01763125,6930
0.0176325,7123
0.01763375,7245
0.017635,7281
0.01763625,7220
0.0176375,7151
0.01763875,7101
0.01764,7089
0.01764125,7094
0.0176425,7064
0.01764375,6973
0.017645,6817
0.01764625,6646
0.0176475,6501
0.01764875,6401
0.01765,6363
0.01765125,6326
0.0176525,6259
0.01765375,6046
0.017655,5655
0.01765625,5177
0.0176575,4717
0.01765875,4368
0.01766,4207
0.01766125,4216
0.0176625,4250
0.01766375,4215
0.017665,4038
0.01766625,3778
0.0176675,3456
0.01766875,3123
0.01767,2775
0.01767125,2357
0.0176725,1870
0.01767375,1386
0.017675,1008
0.01767625,859
0.0176775,1013
0.01767875,1381
0.01768,1816
0.01768125,2118
0.0176825,2172
0.01768375,2013
0.017685,1803
0.01768625,1726
0.0176875,1824
0.01768875,2094
0.01769,2393
0.01769125,2578
0.0176925,2605
0.01769375,2555
0.017695,2514
0.01769625,2601
0.0176975,2858
0.01769875,3196
0.0177,3540
0.01770125,3773
0.0177025,3859
0.01770375,3899
0.017705,3936
0.01770625,4010
0.0177075,4167
0.01770875,4383
0.01771,4612
0.01771125,4867
0.0177125,5098
0.01771375,5345
0.017715,5576
0.01771625,5750
0.0177175,5937
0.01771875,6129
0.01772,6395
0.01772125,6610
0.0177225,6847
0.01772375,7004
0.017725,7077
0.01772625,7108
0.0177275,7168
0.01772875,7221
0.01773,7281
0.01773125,7334
0.0177325,7304
0.01773375,7185
0.017735,7023
0.01773625,6876
0.0177375,6762
0.01773875,6666
0.01774,6597
0.01774125,6506
0.0177425,6378
0.01774375,6223
0.017745,6096
0.01774625,5995
0.0177475,5967
0.01774875,5948
0.01775,5909
0.01775125,5874
0.0177525,5801
0.01775375,5658
0.017755,5432
0.01775625,5019
0.0177575,4530
0.01775875,3988
0.01776,3600
0.01776125,3407
0.0177625,3368
0.01776375,3365
0.017765,3282
0.01776625,3043
0.0177675,2702
0.01776875,2329
0.01777,2061
0.01777125,1949
0.0177725,1950
0.01777375,1983
0.017775,1985
0.01777625,1829
0.0177775,1581
0.01777875,1326
0.01778,1144
0.01778125,1002
0.0177825,924
0.01778375,857
0.017785,812
0.01778625,794
0.0177875,813
0.01778875,914
0.01779,1051
0.01779125,1200
0.0177925,1412
0.01779375,1687
0.017795,2195
0.01779625,2826
0.0177975,3510
0.01779875,4075
0.0178,4366
0.01780125,4379
0.0178025,4230
0.01780375,4164
0.017805,4334
0.01780625,4702
0.0178075,5213
0.01780875,5625
0.01781,5789
0.01781125,5741
0.0178125,5549
0.01781375,5426
0.017815,5396
0.01781625,5485
0.0178175,5609
0.01781875,5700
0.01782,5704
0.01782125,5645
0.0178225,5600
0.01782375,5612
0.017825,5677
0.01782625,5772
0.0178275,5842
0.01782875,5853
0.01783,5872
0.01783125,5874
0.0178325,5921
0.01783375,6020
0.017835,6164
0.01783625,6296
0.0178375,6403
0.01783875,6473
0.01784,6546
0.01784125,6661
0.0178425,6829
0.01784375,6958
0.017845,7000
0.01784625,6898
0.0178475,6605
0.01784875,6304
0.01785,6037
0.01785125,5903
0.0178525,5850
0.01785375,5752
0.017855,5466
0.01785625,4922
0.0178575,4197
0.01785875,3402
0.01786,2798
0.01786125,2505
0.0178625,2496
0.01786375,2634
0.017865,2731
0.01786625,2645
0.0178675,2389
0.01786875,2072
0.01787,1825
0.01787125,1793
0.0178725,1814
0.01787375,1851
0.017875,1797
0.01787625,1649
0.0178775,1500
0.01787875,1398
0.01788,1375
0.01788125,1395
0.0178825,1378
0.01788375,1312
0.017885,1221
0.01788625,1148
0.0178875,1135
0.01788875,1192
0.01789,1217
0.01789125,1283
0.0178925,1445
0.01789375,1730
0.017895,2120
0.01789625,2515
0.0178975,2815
0.01789875,2926
0.0179,2897
0.01790125,2840
0.0179025,2883
0.01790375,3069
0.017905,3387
0.01790625,3736
0.0179075,4057
0.01790875,4295
0.01791,4422
0.01791125,4509
0.0179125,4607
0.01791375,4745
0.017915,4938
0.01791625,5201
0.0179175,5460
0.01791875,5662
0.01792,5731
0.01792125,5676
0.0179225,5529
0.01792375,5376
0.017925,5270
0.01792625,5278
0.0179275,5394
0.01792875,5501
0.01793,5611
0.01793125,5691
0.0179325,5758
0.01793375,5838
0.017935,5963
0.01793625,6090
0.0179375,6196
0.01793875,6238
0.01794,6234
0.01794125,6221
0.0179425,6194
0.01794375,6174
0.017945,6123
0.01794625,5991
0.0179475,5727
0.01794875,5372
0.01795,4966
0.01795125,4584
0.0179525,4326
0.01795375,4214
0.017955,4159
0.01795625,4029
0.0179575,3700
0.01795875,3179
0.01796,2614
0.01796125,2201
0.0179625,2033
0.01796375,2150
0.017965,2378
0.01796625,2490
0.0179675,2422
0.01796875,2179
0.01797,1843
0.01797125,1547
0.0179725,1382
0.01797375,1346
0.017975,1379
0.01797625,1383
0.0179775,1345
0.01797875,1233
0.01798,1100
0.01798125,980
0.0179825,888
0.01798375,844
0.017985,798
0.01798625,741
0.0179875,686
0.01798875,674
0.01799,749
0.01799125,958
0.0179925,1297
0.01799375,1664
0.017995,1972
0.01799625,2130
0.0179975,2175
0.01799875,2154
0.018,2198
0.01800125,2349
0.0180025,2611
0.01800375,2927
0.018005,3230
0.01800625,3502
0.0180075,3729
0.01800875,3904
0.01801,4041
0.01801125,4149
0.0180125,4206
0.01801375,4240
0.018015,4288
0.01801625,4393
0.0180175,4619
0.01801875,4943
0.01802,5394
0.01802125,5880
0.0180225,6249
0.01802375,6379
0.018025,6206
0.01802625,5803
0.0180275,5355
0.01802875,5069
0.01803,5100
0.01803125,5349
0.0180325,5706
0.01803375,5942
0.018035,5959
0.01803625,5780
0.0180375,5504
0.01803875,5259
0.01804,5096
0.01804125,5010
0.0180425,4926
0.01804375,4775
0.018045,4600
0.01804625,4409
0.0180475,4285
0.01804875,4253
0.01805,4277
0.01805125,4296
0.0180525,4243
0.01805375,4201
0.018055,4110
0.01805625,4001
0.0180575,3878
0.01805875,3648
0.01806,3309
0.01806125,2905
0.0180625,2498
0.01806375,2189
0.018065,1995
0.01806625,1869
0.0180675,1741
0.01806875,1555
0.01807,1286
0.01807125,1021
0.0180725,755
0.01807375,591
0.018075,490
0.01807625,442
0.0180775,442
0.01807875,474
0.01808,527
0.01808125,567
0.0180825,564
0.01808375,482
0.018085,345
0.01808625,298
0.0180875,429
0.01808875,780
0.01809,1236
0.01809125,1603
0.0180925,1756
0.01809375,1655
0.018095,1461
0.01809625,1365
0.0180975,1493
0.01809875,1843
0.0181,2291
0.01810125,2711
0.0181025,2972
0.01810375,3076
0.018105,3128
0.01810625,3202
0.0181075,3368
0.01810875,3608
0.01811,3895
0.01811125,4168
0.0181125,4364
0.01811375,4513
0.018115,4620
0.01811625,4722
0.0181175,4809
0.01811875,4880
0.01812,5008
0.01812125,5129
0.0181225,5265
0.01812375,5390
0.018125,5469
0.01812625,5497
0.0181275,5482
0.01812875,5471
0.01813,5483
0.01813125,5469
0.0181325,5440
0.01813375,5402
0.018135,5361
0.01813625,5315
0.0181375,5241
0.01813875,5158
0.01814,5028
0.01814125,4878
0.0181425,4749
0.01814375,4643
0.018145,4601
0.01814625,4577
0.0181475,4591
0.01814875,4575
0.01815,4510
0.01815125,4372
0.0181525,4211
0.01815375,4070
0.018155,3986
0.01815625,3915
0.0181575,3822
0.01815875,3587
0.01816,3174
0.01816125,2684
0.0181625,2207
0.01816375,1890
0.018165,1653
0.01816625,1459
0.0181675,1194
0.01816875,784
0.01817,325
0.01817125,-42
0.0181725,-200
0.01817375,-81
0.018175,243
0.01817625,578
0.0181775,732
0.01817875,613
0.01818,313
0.01818125,-51
0.0181825,-222
0.01818375,-104
0.018185,310
0.01818625,893
0.0181875,1432
0.01818875,1761
0.01819,1806
0.01819125,1656
0.0181925,1461
0.01819375,1375
0.018195,1488
0.01819625,1732
0.0181975,1957
0.01819875,2078
0.0182,2083
0.01820125,2051
0.0182025,2073
0.01820375,2215
0.018205,2478
0.01820625,2745
0.0182075,2946
0.01820875,3075
0.01821,3171
0.01821125,3292
0.0182125,3487
0.01821375,3752
0.018215,4018
0.01821625,4295
0.0182175,4491
0.01821875,4635
0.01822,4732
0.01822125,4793
0.0182225,4846
0.01822375,4952
0.018225,5075
0.01822625,5191
0.0182275,5241
0.01822875,5201
0.01823,5088
0.01823125,4917
0.0182325,4770
0.01823375,4693
0.018235,4593
0.01823625,4565
0.0182375,4536
0.01823875,4495
0.01824,4429
0.01824125,4333
0.0182425,4247
0.01824375,4158
0.018245,4122
0.01824625,4112
0.0182475,4130
0.01824875,4170
0.01825,4165
0.01825125,4077
0.0182525,3966
0.01825375,3817
0.018255,3683
0.01825625,3599
0.0182575,3502
0.01825875,3285
0.01826,2925
0.01826125,2442
0.0182625,1985
0.01826375,1680
0.018265,1582
0.01826625,1639
0.0182675,1707
0.01826875,1656
0.01827,1477
0.01827125,1199
0.0182725,906
0.01827375,687
0.018275,580
0.01827625,541
0.0182775,490
0.01827875,373
0.01828,199
0.01828125,21
0.0182825,-65
0.01828375,6
0.018285,295
0.01828625,731
0.0182875,1121
0.01828875,1388
0.01829,1461
0.01829125,1371
0.0182925,1247
0.01829375,1243
0.018295,1466
0.01829625,1825
0.0182975,2192
0.01829875,2445
0.0183,2461
0.01830125,2345
0.0183025,2181
0.01830375,2072
0.018305,2144
0.01830625,2295
0.0183075,2488
0.01830875,2695
0.01831,2867
0.01831125,2970
0.0183125,3075
0.01831375,3219
0.018315,3429
0.01831625,3790
0.0183175,4323
0.01831875,4928
0.01832,5496
0.01832125,5845
0.0183225,5886
0.01832375,5596
0.018325,5086
0.01832625,4564
0.0183275,4257
0.01832875,4215
0.01833,4352
0.01833125,4533
0.0183325,4560
0.01833375,4394
0.018335,4079
0.01833625,3782
0.0183375,3605
0.01833875,3611
0.01834,3789
0.01834125,3922
0.0183425,4037
0.01834375,4006
0.018345,3866
0.01834625,3660
0.0183475,3484
0.01834875,3374
0.01835,3361
0.01835125,3385
0.0183525,3428
0.01835375,3439
0.018355,3413
0.01835625,3344
0.0183575,3238
0.01835875,3065
0.01836,2821
0.01836125,2492
0.0183625,2047
0.01836375,1564
0.018365,1076
0.01836625,659
0.0183675,331
0.01836875,90
0.01837,-129
0.01837125,-372
0.0183725,-667
0.01837375,-918
0.018375,-1022
0.01837625,-959
0.0183775,-787
0.01837875,-615
0.01838,-561
0.01838125,-600
0.0183825,-597
0.01838375,-396
0.018385,4
0.01838625,460
0.0183875,807
0.01838875,944
0.01839,901
0.01839125,811
0.0183925,845
0.01839375,1038
0.018395,1353
0.01839625,1565
0.0183975,1701
0.01839875,1738
0.0184,1772
0.01840125,1853
0.0184025,2040
0.01840375,2306
0.018405,2553
0.01840625,2741
0.0184075,2877
0.01840875,2978
0.01841,3086
0.01841125,3223
0.0184125,3421
0.01841375,3657
0.018415,3878
0.01841625,4104
0.0184175,4322
0.01841875,4490
0.01842,4607
0.01842125,4659
0.0184225,4651
0.01842375,4612
0.018425,4550
0.01842625,4515
0.0184275,4527
0.01842875,4546
0.01843,4558
0.01843125,4533
0.0184325,4433
0.01843375,4255
0.018435,4086
0.01843625,3957
0.0184375,3891
0.01843875,3899
0.01844,3926
0.01844125,3943
0.0184425,3921
0.01844375,3859
0.018445,3754
0.01844625,3659
0.0184475,3616
0.01844875,3589
0.01845,3598
0.01845125,3621
0.0184525,3638
0.01845375,3630
0.018455,3602
0.01845625,3519
0.0184575,3409
0.01845875,3209
0.01846,2907
0.01846125,2440
0.0184625,1848
0.01846375,1196
0.018465,590
0.01846625,172
0.0184675,-74
0.01846875,-182
0.01847,-275
0.01847125,-481
0.0184725,-813
0.01847375,-1186
0.018475,-1496
0.01847625,-1627
0.0184775,-1560
0.01847875,-1307
0.01848,-950
0.01848125,-614
0.0184825,-392
0.01848375,-331
0.018485,-461
0.01848625,-677
0.0184875,-859
0.01848875,-920
0.01849,-840
0.01849125,-670
0.0184925,-505
0.01849375,-425
0.018495,-472
0.01849625,-585
0.0184975,-695
0.01849875,-711
0.0185,-634
0.01850125,-438
0.0185025,-227
0.01850375,-23
0.018505,135
0.01850625,270
0.0185075,414
0.01850875,585
0.01851,769
0.01851125,937
0.0185125,1134
0.01851375,1334
0.018515,1553
0.01851625,1824
0.0185175,2118
0.01851875,2382
0.01852,2626
0.01852125,2826
0.0185225,3005
0.01852375,3200
0.018525,3422
0.01852625,3691
0.0185275,3956
0.01852875,4224
0.01853,4445
0.01853125,4611
0.0185325,4742
0.01853375,4828
0.018535,4944
0.01853625,5118
0.0185375,5328
0.01853875,5544
0.01854,5656
0.01854125,5594
0.0185425,5420
0.01854375,5222
0.018545,5176
0.01854625,5380
0.0185475,5798
0.01854875,6317
0.01855,6710
0.01855125,6854
0.0185525,6710
0.01855375,6451
0.018555,6272
0.01855625,6279
0.0185575,6515
0.01855875,6922
0.01856,7286
0.01856125,7469
0.0185625,7369
0.01856375,7029
0.018565,6575
0.01856625,6186
0.0185675,6021
0.01856875,6148
0.01857,6492
0.01857125,6947
0.0185725,7434
0.01857375,7924
0.018575,8372
0.01857625,8853
0.0185775,9412
0.01857875,10037
0.01858,10714
0.01858125,11334
0.0185825,11851
0.01858375,12198
0.018585,12335
0.01858625,12342
0.0185875,12302
0.01858875,12301
0.01859,12377
0.01859125,12509
0.0185925,12637
0.01859375,12588
0.018595,12328
0.01859625,11877
0.0185975,11336
0.01859875,10867
0.0186,10541
0.01860125,10382
0.0186025,10240
0.01860375,9963
0.018605,9462
0.01860625,8760
0.0186075,7951
0.01860875,7187
0.01861,6544
0.01861125,6080
0.0186125,5703
0.01861375,5379
0.018615,5078
0.01861625,4830
0.0186175,4611
0.01861875,4346
0.01862,4013
0.01862125,3497
0.0186225,2736
0.01862375,1866
0.018625,1013
0.01862625,340
0.0186275,-153
0.01862875,-545
0.01863,-956
0.01863125,-1487
0.0186325,-2130
0.01863375,-2809
0.018635,-3412
0.01863625,-3928
0.0186375,-4398
0.01863875,-4824
0.01864,-5224
0.01864125,-5591
0.0186425,-5848
0.01864375,-5951
0.018645,-5943
0.01864625,-5898
0.0186475,-5864
0.01864875,-5886
0.01865,-5939
0.01865125,-5968
0.0186525,-5884
0.01865375,-5651
0.018655,-5286
0.01865625,-4862
0.0186575,-4406
0.01865875,-4006
0.01866,-3719
0.01866125,-3574
0.0186625,-3643
0.01866375,-3870
0.018665,-4165
0.01866625,-4281
0.0186675,-4148
0.01866875,-3744
0.01867,-3178
0.01867125,-2679
0.0186725,-2315
0.01867375,-2075
0.018675,-1791
0.01867625,-1294
0.0186775,-569
0.01867875,250
0.01868,937
0.01868125,1280
0.0186825,1282
0.01868375,1102
0.018685,1006
0.01868625,1178
0.0186875,1604
0.01868875,2121
0.01869,2560
0.01869125,2813
0.0186925,2893
0.01869375,2866
0.018695,2845
0.01869625,2875
0.0186975,2943
0.01869875,3042
0.0187,3151
0.01870125,3122
0.0187025,3026
0.01870375,2815
0.018705,2520
0.01870625,2204
0.0187075,1911
0.01870875,1682
0.01871,1538
0.01871125,1474
0.0187125,1354
0.01871375,1171
0.018715,858
0.01871625,393
0.0187175,-77
0.01871875,-454
0.01872,-700
0.01872125,-824
0.0187225,-926
0.01872375,-1151
0.018725,-1531
0.01872625,-2055
0.0187275,-2603
0.01872875,-3064
0.01873,-3351
0.01873125,-3499
0.0187325,-3571
0.01873375,-3662
0.018735,-3816
0.01873625,-4034
0.0187375,-4267
0.01873875,-4407
0.01874,-4412
0.01874125,-4286
0.0187425,-4091
0.01874375,-3930
0.018745,-3862
0.01874625,-3873
0.0187475,-3907
0.01874875,-3851
0.01875,-3615
0.01875125,-3249
0.0187525,-2869
0.01875375,-2563
0.018755,-2412
0.01875625,-2325
0.0187575,-2173
0.01875875,-1796
0.01876,-1225
0.01876125,-645
0.0187625,-246
0.01876375,-219
0.018765,-544
0.01876625,-962
0.0187675,-1185
0.01876875,-1001
0.01877,-397
0.01877125,437
0.0187725,1357
0.01877375,2220
0.018775,2957
0.01877625,3636
0.0187775,4258
0.01877875,4813
0.01878,5282
0.01878125,5706
0.0187825,6160
0.01878375,6660
0.018785,7212
0.01878625,7741
0.0187875,8187
0.01878875,8533
0.01879,8762
0.01879125,8994
0.0187925,9308
0.01879375,9646
0.018795,9956
0.01879625,10049
0.0187975,9899
0.01879875,9573
0.0188,9213
0.01880125,9016
0.0188025,9020
0.01880375,9164
0.018805,9333
0.01880625,9384
0.0188075,9346
0.01880875,9239
0.01881,9171
0.01881125,9119
0.0188125,9045
0.01881375,8927
0.018815,8731
0.01881625,8482
0.0188175,8258
0.01881875,8082
0.01882,7901
0.01882125,7666
0.0188225,7362
0.01882375,6968
0.018825,6632
0.01882625,6431
0.0188275,6338
0.01882875,6302
0.01883,6199
0.01883125,5906
0.0188325,5476
0.01883375,4999
0.018835,4596
0.01883625,4376
0.0188375,4351
0.01883875,4474
0.01884,4575
0.01884125,4513
0.0188425,4169
0.01884375,3592
0.018845,2953
0.01884625,2481
0.0188475,2333
0.01884875,2469
0.01885,2661
0.01885125,2698
0.0188525,2448
0.01885375,1984
0.018855,1504
0.01885625,1232
0.0188575,1285
0.01885875,1571
0.01886,1850
0.01886125,1859
0.0188625,1389
0.01886375,477
0.018865,-594
0.01886625,-1449
0.0188675,-1786
0.01886875,-1597
0.01887,-1091
0.01887125,-579
0.0188725,-304
0.01887375,-278
0.018875,-325
0.01887625,-177
0.0188775,259
0.01887875,963
0.01888,1708
0.01888125,2260
0.0188825,2482
0.01888375,2444
0.018885,2373
0.01888625,2516
0.0188875,2928
0.01888875,3540
0.01889,4145
0.01889125,4568
0.0188925,4753
0.01889375,4803
0.018895,4836
0.01889625,5039
0.0188975,5329
0.01889875,5654
0.0189,5903
0.01890125,6070
0.0189025,6191
0.01890375,6298
0.018905,6474
0.01890625,6654
0.0189075,6821
0.01890875,6955
0.01891,7111
0.01891125,7363
0.0189125,7729
0.01891375,8168
0.018915,8574
0.01891625,8784
0.0189175,8775
0.01891875,8463
0.01892,7909
0.01892125,7204
0.0189225,6534
0.01892375,6055
0.018925,5849
0.01892625,5879
0.0189275,5972
0.01892875,5975
0.01893,5821
0.01893125,5514
0.0189325,5226
0.01893375,4966
0.018935,4750
0.01893625,4558
0.0189375,4325
0.01893875,4051
0.01894,3781
0.01894125,3504
0.0189425,3227
0.01894375,2941
0.018945,2618
0.01894625,2271
0.0189475,1993
0.01894875,1772
0.01895,1618
0.01895125,1447
0.0189525,1226
0.01895375,906
0.018955,546
0.01895625,231
0.0189575,8
0.01895875,-53
0.01896,-34
0.01896125,-164
0.0189625,-641
0.01896375,-1589
0.018965,-2852
0.01896625,-4046
0.0189675,-4803
0.01896875,-4981
0.01897,-4667
0.01897125,-4168
0.0189725,-3806
0.01897375,-3738
0.018975,-3901
0.01897625,-4056
0.0189775,-4036
0.01897875,-3760
0.01898,-3324
0.01898125,-2908
0.0189825,-2629
0.01898375,-2523
0.018985,-2486
0.01898625,-2402
0.0189875,-2283
0.01898875,-2049
0.01899,-1763
0.01899125,-1508
0.0189925,-1291
0.01899375,-1116
0.018995,-942
0.01899625,-782
0.0189975,-579
0.01899875,-305
0.019,-19
0.01900125,274
0.0190025,552
0.01900375,823
0.019005,1163
0.01900625,1566
0.0190075,2036
0.01900875,2419
0.01901,2606
0.01901125,2579
0.0190125,2461
0.01901375,2430
0.019015,2616
0.01901625,3000
0.0190175,3465
0.01901875,3822
0.01902,4009
0.01902125,4012
0.0190225,4067
0.01902375,4184
0.019025,4429
0.01902625,4742
0.0190275,5024
0.01902875,5206
0.01903,5268
0.01903125,5240
0.0190325,5198
0.01903375,5138
0.019035,5085
0.01903625,5047
0.0190375,5057
0.01903875,5124
0.01904,5246
0.01904125,5409
0.0190425,5541
0.01904375,5622
0.019045,5698
0.01904625,5842
0.0190475,6039
0.01904875,6212
0.01905,6228
0.01905125,6045
0.0190525,5707
0.01905375,5363
0.019055,5133
0.01905625,5003
0.0190575,4867
0.01905875,4572
0.01906,4089
0.01906125,3446
0.0190625,2779
0.01906375,2180
0.019065,1659
0.01906625,1221
0.0190675,885
0.01906875,690
0.01907,694
0.01907125,858
0.0190725,1082
0.01907375,1289
0.019075,1392
0.01907625,1376
0.0190775,1266
0.01907875,1125
0.01908,971
0.01908125,866
0.0190825,827
0.01908375,881
0.019085,1059
0.01908625,1221
0.0190875,1269
0.01908875,1117
0.01909,817
0.01909125,512
0.0190925,342
0.01909375,479
0.019095,754
0.01909625,1031
0.0190975,1185
0.01909875,1194
0.0191,1153
0.01910125,1170
0.0191025,1279
0.01910375,1499
0.019105,1722
0.01910625,1869
0.0191075,1873
0.01910875,1769
0.01911,1581
0.01911125,1430
0.0191125,1331
0.01911375,1333
0.019115,1393
0.01911625,1489
0.0191175,1567
0.01911875,1585
0.01912,1540
0.01912125,1486
0.0191225,1421
0.01912375,1418
0.019125,1503
0.01912625,1685
0.0191275,1912
0.01912875,2090
0.01913,2144
0.01913125,1958
0.0191325,1613
0.01913375,1247
0.019135,1044
0.01913625,1050
0.0191375,1224
0.01913875,1413
0.01914,1514
0.01914125,1475
0.0191425,1350
0.01914375,1228
0.019145,1181
0.01914625,1185
0.0191475,1223
0.01914875,1242
0.01915,1234
0.01915125,1230
0.0191525,1213
0.01915375,1164
0.019155,1011
0.01915625,724
0.0191575,346
0.01915875,-30
0.01916,-275
0.01916125,-441
0.0191625,-558
0.01916375,-803
0.019165,-1169
0.01916625,-1561
0.0191675,-1768
0.01916875,-1701
0.01917,-1449
0.01917125,-1164
0.0191725,-986
0.01917375,-930
0.019175,-924
0.01917625,-897
0.0191775,-803
0.01917875,-684
0.01918,-597
0.01918125,-503
0.0191825,-341
0.01918375,-112
0.019185,236
0.01918625,587
0.0191875,905
0.01918875,1108
0.01919,1193
0.01919125,1213
0.0191925,1256
0.01919375,1380
0.019195,1592
0.01919625,1862
0.0191975,2109
0.01919875,2253
0.0192,2256
0.01920125,2192
0.0192025,2053
0.01920375,1938
0.019205,1868
0.01920625,1886
0.0192075,2019
0.01920875,2252
0.01921,2616
0.01921125,3077
0.0192125,3522
0.01921375,3811
0.019215,3833
0.01921625,3531
0.0192175,2976
0.01921875,2418
0.01922,2083
0.01922125,2102
0.0192225,2386
0.01922375,2741
0.019225,2934
0.01922625,2822
0.0192275,2498
0.01922875,2119
0.01923,1851
0.01923125,1772
0.0192325,1821
0.01923375,1906
0.019235,1945
0.01923625,1905
0.0192375,1834
0.01923875,1738
0.01924,1698
0.01924125,1675
0.0192425,1664
0.01924375,1651
0.019245,1598
0.01924625,1510
0.0192475,1437
0.01924875,1409
0.01925,1470
0.01925125,1584
0.0192525,1643
0.01925375,1503
0.019255,1091
0.01925625,500
0.0192575,-25
0.01925875,-283
0.01926,-229
0.01926125,-58
0.0192625,-21
0.01926375,-323
0.019265,-894
0.01926625,-1422
0.0192675,-1587
0.01926875,-1299
0.01927,-758
0.01927125,-319
0.0192725,-235
0.01927375,-528
0.019275,-977
0.01927625,-1186
0.0192775,-988
0.01927875,-447
0.01928,164
0.01928125,569
0.0192825,650
0.01928375,493
0.019285,337
0.01928625,397
0.0192875,683
0.01928875,1125
0.01929,1517
0.01929125,1791
0.0192925,1982
0.01929375,2186
0.019295,2481
0.01929625,2795
0.0192975,3016
0.01929875,3048
0.0193,2924
0.01930125,2767
0.0193025,2736
0.01930375,2866
0.019305,3086
0.01930625,3257
0.0193075,3301
0.01930875,3180
0.01931,2996
0.01931125,2861
0.0193125,2912
0.01931375,3080
0.019315,3310
0.01931625,3474
0.0193175,3483
0.01931875,3344
0.01932,3116
0.01932125,2890
0.0193225,2754
0.01932375,2748
0.019325,2817
0.01932625,2916
0.0193275,2979
0.01932875,2947
0.01933,2840
0.01933125,2663
0.0193325,2471
0.01933375,2320
0.019335,2246
0.01933625,2270
0.0193375,2375
0.01933875,2446
0.01934,2380
0.01934125,2111
0.0193425,1691
0.01934375,1244
0.019345,964
0.01934625,867
0.0193475,911
0.01934875,980
0.01935,893
0.01935125,572
0.0193525,32
0.01935375,-594
0.019355,-1117
0.01935625,-1393
0.0193575,-1350
0.01935875,-1113
0.01936,-947
0.01936125,-1078
0.0193625,-1537
0.01936375,-2255
0.019365,-2955
0.01936625,-3286
0.0193675,-3181
0.01936875,-2798
0.01937,-2451
0.01937125,-2463
0.0193725,-2853
0.01937375,-3367
0.019375,-3709
0.01937625,-3587
0.0193775,-3103
0.01937875,-2565
0.01938,-2283
0.01938125,-2374
0.0193825,-2726
0.01938375,-3006
0.019385,-3009
0.01938625,-2699
0.0193875,-2208
0.01938875,-1776
0.01939,-1498
0.01939125,-1390
0.0193925,-1354
0.01939375,-1313
0.019395,-1194
0.01939625,-1003
0.0193975,-818
0.01939875,-612
0.0194,-447
0.01940125,-304
0.0194025,-188
0.01940375,-117
0.019405,-44
0.01940625,57
0.0194075,258
0.01940875,592
0.01941,1080
0.01941125,1645
0.0194125,2131
0.01941375,2373
0.019415,2281
0.01941625,1781
0.0194175,1115
0.01941875,549
0.01942,303
0.01942125,397
0.0194225,684
0.01942375,945
0.019425,989
0.01942625,824
0.0194275,548
0.01942875,363
0.01943,352
0.01943125,499
0.0194325,713
0.01943375,950
0.019435,1076
0.01943625,1095
0.0194375,1058
0.01943875,1022
0.01944,1002
0.01944125,1030
0.0194425,1084
0.01944375,1143
0.019445,1180
0.01944625,1187
0.0194475,1116
0.01944875,893
0.01945,526
0.01945125,-80
0.0194525,-677
0.01945375,-1123
0.019455,-1302
0.01945625,-1193
0.0194575,-985
0.01945875,-952
0.01946,-1230
0.01946125,-1785
0.0194625,-2400
0.01946375,-2774
0.019465,-2837
0.01946625,-2630
0.0194675,-2376
0.01946875,-2236
0.01947,-2333
0.01947125,-2596
0.0194725,-2858
0.01947375,-2950
0.019475,-2778
0.01947625,-2328
0.0194775,-1774
0.01947875,-1268
0.01948,-960
0.01948125,-884
0.0194825,-983
0.01948375,-1106
0.019485,-1107
0.01948625,-895
0.0194875,-600
0.01948875,-303
0.01949,-83
0.01949125,10
0.0194925,-1
0.01949375,-18
0.019495,13
0.01949625,160
0.0194975,400
0.01949875,744
0.0195,1092
0.01950125,1323
0.0195025,1341
0.01950375,1199
0.019505,1046
0.01950625,1001
0.0195075,1155
0.01950875,1499
0.01951,1880
0.01951125,2133
0.0195125,2207
0.01951375,2135
0.019515,2016
0.01951625,1940
0.0195175,1900
0.01951875,1926
0.01952,1942
0.01952125,1976
0.0195225,2028
0.01952375,2092
0.019525,2158
0.01952625,2209
0.0195275,2223
0.01952875,2235
0.01953,2228
0.01953125,2230
0.0195325,2262
0.01953375,2314
0.019535,2420
0.01953625,2533
0.0195375,2670
0.01953875,2716
0.01954,2605
0.01954125,2379
0.0195425,2132
0.01954375,1961
0.019545,1935
0.01954625,1945
0.0195475,1844
0.01954875,1515
0.01955,1008
0.01955125,484
0.0195525,142
0.01955375,74
0.019555,176
0.01955625,293
0.0195575,176
0.01955875,-270
0.01956,-970
0.01956125,-1659
0.0195625,-2119
0.01956375,-2186
0.019565,-1953
0.01956625,-1619
0.0195675,-1431
0.01956875,-1522
0.01957,-1849
0.01957125,-2227
0.0195725,-2417
0.01957375,-2300
0.019575,-1835
0.01957625,-1212
0.0195775,-703
0.01957875,-443
0.01958,-459
0.01958125,-642
0.0195825,-754
0.01958375,-684
0.019585,-452
0.01958625,-138
0.0195875,96
0.01958875,233
0.01959,239
0.01959125,205
0.0195925,194
0.01959375,217
0.019595,336
0.01959625,484
0.0195975,661
0.01959875,803
0.0196,884
0.01960125,958
0.0196025,992
0.01960375,1052
0.019605,1164
0.01960625,1306
0.0196075,1460
0.01960875,1629
0.01961,1735
0.01961125,1792
0.0196125,1779
0.01961375,1741
0.019615,1734
0.01961625,1797
0.0196175,1963
0.01961875,2195
0.01962,2378
0.01962125,2425
0.0196225,2353
0.01962375,2201
0.019625,2029
0.01962625,1957
0.0196275,1902
0.01962875,1851
0.01963,1777
0.01963125,1664
0.0196325,1545
0.01963375,1410
0.019635,1266
0.01963625,1095
0.0196375,902
0.01963875,726
0.01964,573
0.01964125,478
0.0196425,389
0.01964375,287
0.019645,55
0.01964625,-272
0.0196475,-655
0.01964875,-991
0.01965,-1179
0.01965125,-1169
0.0196525,-1058
0.01965375,-974
0.019655,-1002
0.01965625,-1189
0.0196575,-1448
0.01965875,-1663
0.01966,-1700
0.01966125,-1588
0.0196625,-1459
0.01966375,-1488
0.019665,-1763
0.01966625,-2218
0.0196675,-2660
0.01966875,-2939
0.01967,-2995
0.01967125,-2907
0.0196725,-2834
0.01967375,-2861
0.019675,-2946
0.01967625,-2998
0.0196775,-2894
0.01967875,-2549
0.01968,-2080
0.01968125,-1615
0.0196825,-1304
0.01968375,-1182
0.019685,-1174
0.01968625,-1175
0.0196875,-1040
0.01968875,-778
0.01969,-418
0.01969125,-69
0.0196925,177
0.01969375,321
0.019695,390
0.01969625,443
0.0196975,569
0.01969875,787
0.0197,1018
0.01970125,1136
0.0197025,1076
0.01970375,881
0.019705,674
0.01970625,561
0.0197075,611
0.01970875,770
0.01971,934
0.01971125,1014
0.0197125,991
0.01971375,897
0.019715,795
0.01971625,760
0.0197175,794
0.01971875,890
0.01972,1029
0.01972125,1146
0.0197225,1228
0.01972375,1251
0.019725,1229
0.01972625,1245
0.0197275,1235
0.01972875,1243
0.01973,1232
0.01973125,1169
0.0197325,1097
0.01973375,1071
0.019735,1044
0.01973625,1130
0.0197375,1227
0.01973875,1218
0.01974,1017
0.01974125,611
0.0197425,71
0.01974375,-455
0.019745,-866
0.01974625,-1101
0.0197475,-1162
0.01974875,-1135
0.01975,-1102
0.01975125,-1150
0.0197525,-1351
0.01975375,-1694
0.019755,-2136
0.01975625,-2651
0.0197575,-3187
0.01975875,-3667
0.01976,-3963
0.01976125,-4018
0.0197625,-3795
0.01976375,-3374
0.019765,-2944
0.01976625,-2704
0.0197675,-2728
0.01976875,-2990
0.01977,-3277
0.01977125,-3409
0.0197725,-3341
0.01977375,-3105
0.019775,-2859
0.01977625,-2677
0.0197775,-2516
0.01977875,-2278
0.01978,-1951
0.01978125,-1629
0.0197825,-1509
0.01978375,-1634
0.019785,-1943
0.01978625,-2227
0.0197875,-2266
0.01978875,-2047
0.01979,-1664
0.01979125,-1298
0.0197925,-1088
0.01979375,-1078
0.019795,-1132
0.01979625,-1123
0.0197975,-990
0.01979875,-700
0.0198,-366
0.01980125,-47
0.0198025,153
0.01980375,220
0.019805,206
0.01980625,101
0.0198075,6
0.01980875,-25
0.01981,-27
0.01981125,17
0.0198125,81
0.01981375,157
0.019815,218
0.01981625,228
0.0198175,162
0.01981875,16
0.01982,-78
0.01982125,-79
0.0198225,61
0.01982375,248
0.019825,374
0.01982625,287
0.0198275,32
0.01982875,-305
0.01983,-567
0.01983125,-638
0.0198325,-579
0.01983375,-489
0.019835,-425
0.01983625,-443
0.0198375,-555
0.01983875,-712
0.01984,-942
0.01984125,-1270
0.0198425,-1641
0.01984375,-2047
0.019845,-2346
0.01984625,-2517
0.0198475,-2557
0.01984875,-2574
0.01985,-2652
0.01985125,-2848
0.0198525,-3155
0.01985375,-3480
0.019855,-3758
0.01985625,-3989
0.0198575,-4122
0.01985875,-4216
0.01986,-4220
0.01986125,-4200
0.0198625,-4153
0.01986375,-4142
0.019865,-4213
0.01986625,-4438
0.0198675,-4686
0.01986875,-4911
0.01987,-5020
0.01987125,-4960
0.0198725,-4887
0.01987375,-4883
0.019875,-4902
0.01987625,-4849
0.0198775,-4560
0.01987875,-4091
0.01988,-3510
0.01988125,-3017
0.0198825,-2808
0.01988375,-2876
0.019885,-3070
0.01988625,-3174
0.0198875,-3074
0.01988875,-2772
0.01989,-2431
0.01989125,-2185
0.0198925,-2134
0.01989375,-2238
0.019895,-2364
0.01989625,-2388
0.0198975,-2308
0.01989875,-2104
0.0199,-1840
0.01990125,-1587
0.0199025,-1461
0.01990375,-1446
0.019905,-1508
0.01990625,-1567
0.0199075,-1538
0.01990875,-1373
0.01991,-1127
0.01991125,-862
0.0199125,-630
0.01991375,-434
0.019915,-336
0.01991625,-288
0.0199175,-265
0.01991875,-288
0.01992,-331
0.01992125,-389
0.0199225,-460
0.01992375,-507
0.019925,-601
0.01992625,-738
0.0199275,-910
0.01992875,-1085
0.01993,-1220
0.01993125,-1264
0.0199325,-1178
0.01993375,-1036
0.019935,-891
0.01993625,-832
0.0199375,-968
0.01993875,-1234
0.01994,-1582
0.01994125,-1883
0.0199425,-2006
0.01994375,-1920
0.019945,-1764
0.01994625,-1642
0.0199475,-1701
0.01994875,-2036
0.01995,-2535
0.01995125,-3037
0.0199525,-3426
0.01995375,-3582
0.019955,-3596
0.01995625,-3600
0.0199575,-3668
0.01995875,-3839
0.01996,-4063
0.01996125,-4262
0.0199625,-4427
0.01996375,-4580
0.019965,-4710
0.01996625,-4781
0.0199675,-4793
0.01996875,-4693
0.01997,-4619
0.01997125,-4546
0.0199725,-4543
0.01997375,-4606
0.019975,-4685
0.01997625,-4676
0.0199775,-4491
0.01997875,-4108
0.01998,-3559
0.01998125,-2991
0.0199825,-2550
0.01998375,-2344
0.019985,-2357
0.01998625,-2394
0.0199875,-2309
0.01998875,-2029
0.01999,-1588
0.01999125,-1219
0.0199925,-1089
0.01999375,-1238
0.019995,-1493
0.01999625,-1723
0.0199975,-1767
0.01999875,-1614
0.02,-1327
0.02000125,-987
0.0200025,-590
0.02000375,-106
0.020005,363
0.02000625,815
0.0200075,1040
0.02000875,977
0.02001,690
0.02001125,310
0.0200125,74
0.02001375,131
0.020015,467
0.02001625,895
0.0200175,1181
0.02001875,1195
0.02002,927
0.02002125,502
0.0200225,100
0.02002375,-82
0.020025,-45
0.02002625,139
0.0200275,306
0.02002875,284
0.02003,-4
0.02003125,-455
0.0200325,-895
0.02003375,-1214
0.020035,-1440
0.02003625,-1647
0.0200375,-1945
0.02003875,-2342
0.02004,-2723
0.02004125,-2994
0.0200425,-3057
0.02004375,-3002
0.020045,-2955
0.02004625,-2997
0.0200475,-3146
0.02004875,-3391
0.02005,-3613
0.02005125,-3755
0.0200525,-3802
0.02005375,-3739
0.020055,-3645
0.02005625,-3570
0.0200575,-3588
0.02005875,-3740
0.02006,-3987
0.02006125,-4313
0.0200625,-4633
0.02006375,-4866
0.020065,-4947
0.02006625,-4910
0.0200675,-4860
0.02006875,-4895
0.02007,-5088
0.02007125,-5446
0.0200725,-5745
0.02007375,-5915
0.020075,-5832
0.02007625,-5492
0.0200775,-5134
0.02007875,-4732
0.02008,-4283
0.02008125,-3856
0.0200825,-3415
0.02008375,-3014
0.020085,-2695
0.02008625,-2490
0.0200875,-2329
0.02008875,-2155
0.02009,-1924
0.02009125,-1634
0.0200925,-1344
0.02009375,-1061
0.020095,-844
0.02009625,-690
0.0200975,-561
0.02009875,-454
0.0201,-371
0.02010125,-295
0.0201025,-194
0.02010375,-81
0.020105,50
0.02010625,168
0.0201075,276
0.02010875,309
0.02011,333
0.02011125,387
0.0201125,572
0.02011375,712
0.020115,802
0.02011625,762
0.0201175,581
0.02011875,371
0.02012,212
0.02012125,215
0.0201225,362
0.02012375,528
0.020125,630
0.02012625,654
0.0201275,580
0.02012875,476
0.02013,349
0.02013125,217
0.0201325,26
0.02013375,-287
0.020135,-691
0.02013625,-1103
0.0201375,-1434
0.02013875,-1590
0.02014,-1591
0.02014125,-1531
0.0201425,-1538
0.02014375,-1704
0.020145,-2012
0.02014625,-2396
0.0201475,-2743
0.02014875,-2996
0.02015,-3165
0.02015125,-3242
0.0201525,-3328
0.02015375,-3416
0.020155,-3462
0.02015625,-3535
0.0201575,-3655
0.02015875,-3873
0.02016,-4163
0.02016125,-4427
0.0201625,-4603
0.02016375,-4598
0.020165,-4445
0.02016625,-4267
0.0201675,-4156
0.02016875,-4146
0.02017,-4218
0.02017125,-4328
0.0201725,-4411
0.02017375,-4424
0.020175,-4389
0.02017625,-4302
0.0201775,-4149
0.02017875,-3885
0.02018,-3462
0.02018125,-2921
0.0201825,-2354
0.02018375,-1888
0.020185,-1591
0.02018625,-1490
0.0201875,-1439
0.02018875,-1351
0.02019,-1133
0.02019125,-735
0.0201925,-246
0.02019375,194
0.020195,476
0.02019625,474
0.0201975,269
0.02019875,13
0.0202,-140
0.02020125,-111
0.0202025,120
0.02020375,403
0.020205,552
0.02020625,614
0.0202075,550
0.02020875,434
0.02021,378
0.02021125,385
0.0202125,437
0.02021375,535
0.020215,605
0.02021625,638
0.0202175,625
0.02021875,621
0.02022,644
0.02022125,719
0.0202225,842
0.02022375,960
0.020225,1041
0.02022625,1092
0.0202275,1040
0.02022875,893
0.02023,637
0.02023125,325
0.0202325,-6
0.02023375,-305
0.020235,-558
0.02023625,-828
0.0202375,-1157
0.02023875,-1491
0.02024,-1766
0.02024125,-1908
0.0202425,-1935
0.02024375,-1894
0.020245,-1843
0.02024625,-1875
0.0202475,-2007
0.02024875,-2172
0.02025,-2307
0.02025125,-2382
0.0202525,-2420
0.02025375,-2407
0.020255,-2385
0.02025625,-2416
0.0202575,-2496
0.02025875,-2584
0.02026,-2682
0.02026125,-2750
0.0202625,-2791
0.02026375,-2797
0.020265,-2811
0.02026625,-2836
0.0202675,-2880
0.02026875,-2950
0.02027,-3021
0.02027125,-3083
0.0202725,-3112
0.02027375,-3115
0.020275,-3114
0.02027625,-3119
0.0202775,-3051
0.02027875,-2846
0.02028,-2443
0.02028125,-2042
0.0202825,-1637
0.02028375,-1379
0.020285,-1278
0.02028625,-1251
0.0202875,-1219
0.02028875,-1059
0.02029,-806
0.02029125,-462
0.0202925,-114
0.02029375,168
0.020295,393
0.02029625,541
0.0202975,657
0.02029875,748
0.0203,886
0.02030125,1069
0.0203025,1266
0.02030375,1471
0.020305,1641
0.02030625,1768
0.0203075,1802
0.02030875,1755
0.02031,1674
0.02031125,1598
0.0203125,1534
0.02031375,1486
0.020315,1438
0.02031625,1333
0.0203175,1116
0.02031875,917
0.02032,797
0.02032125,824
0.0203225,1001
0.02032375,1216
0.020325,1347
0.02032625,1262
0.0203275,895
0.02032875,387
0.02033,-139
0.02033125,-511
0.0203325,-643
0.02033375,-553
0.020335,-333
0.02033625,-127
0.0203375,-83
0.02033875,-234
0.02034,-515
0.02034125,-842
0.0203425,-1094
0.02034375,-1246
0.020345,-1303
0.02034625,-1334
0.0203475,-1400
0.02034875,-1508
0.02035,-1691
0.02035125,-1895
0.0203525,-2111
0.02035375,-2316
0.020355,-2499
0.02035625,-2628
0.0203575,-2632
0.02035875,-2497
0.02036,-2309
0.02036125,-2146
0.0203625,-2128
0.02036375,-2286
0.020365,-2541
0.02036625,-2763
0.0203675,-2794
0.02036875,-2646
0.02037,-2406
0.02037125,-2199
0.0203725,-2042
0.02037375,-1981
0.020375,-1985
0.02037625,-1995
0.0203775,-1980
0.02037875,-1933
0.02038,-1762
0.02038125,-1444
0.0203825,-983
0.02038375,-484
0.020385,-53
0.02038625,213
0.0203875,291
0.02038875,235
0.02039,229
0.02039125,374
0.0203925,636
0.02039375,923
0.020395,1161
0.02039625,1283
0.0203975,1376
0.02039875,1554
0.0204,1881
0.02040125,2304
0.0204025,2632
0.02040375,2732
0.020405,2597
0.02040625,2352
0.0204075,2130
0.02040875,2087
0.02041,2213
0.02041125,2419
0.0204125,2571
0.02041375,2616
0.020415,2521
0.02041625,2307
0.0204175,2042
0.02041875,1794
0.02042,1586
0.02042125,1467
0.0204225,1389
0.02042375,1313
0.020425,1085
0.02042625,726
0.0204275,264
0.02042875,-149
0.02043,-380
0.02043125,-400
0.0204325,-200
0.02043375,53
0.020435,181
0.02043625,141
0.0204375,-44
0.02043875,-275
0.02044,-442
0.02044125,-536
0.0204425,-554
0.02044375,-554
0.020445,-552
0.02044625,-627
0.0204475,-774
0.02044875,-1062
0.02045,-1470
0.02045125,-1925
0.0204525,-2283
0.02045375,-2492
0.020455,-2561
0.02045625,-2540
0.0204575,-2519
0.02045875,-2574
0.02046,-2662
0.02046125,-2826
0.0204625,-2961
0.02046375,-3050
0.020465,-3075
0.02046625,-3013
0.0204675,-2915
0.02046875,-2805
0.02047,-2700
0.02047125,-2627
0.0204725,-2591
0.02047375,-2601
0.020475,-2584
0.02047625,-2553
0.0204775,-2447
0.02047875,-2305
0.02048,-2047
0.02048125,-1708
0.0204825,-1249
0.02048375,-671
0.020485,-73
0.02048625,450
0.0204875,797
0.02048875,865
0.02049,767
0.02049125,664
0.0204925,707
0.02049375,965
0.020495,1396
0.02049625,1786
0.0204975,2036
0.02049875,2091
0.0205,2047
0.02050125,1990
0.0205025,1997
0.02050375,2086
0.020505,2211
0.02050625,2331
0.0205075,2402
0.02050875,2402
0.02051,2360
0.02051125,2286
0.0205125,2250
0.02051375,2261
0.020515,2357
0.02051625,2411
0.0205175,2501
0.02051875,2503
0.02052,2426
0.02052125,2242
0.0205225,1969
0.02052375,1674
0.020525,1370
0.02052625,1099
0.0205275,868
0.02052875,688
0.02053,539
0.02053125,417
0.0205325,264
0.02053375,90
0.020535,-143
0.02053625,-377
0.0205375,-554
0.02053875,-681
0.02054,-762
0.02054125,-866
0.0205425,-997
0.02054375,-1150
0.020545,-1300
0.02054625,-1403
0.0205475,-1457
0.02054875,-1492
0.02055,-1497
0.02055125,-1538
0.0205525,-1523
0.02055375,-1503
0.020555,-1483
0.02055625,-1499
0.0205575,-1567
0.02055875,-1711
0.02056,-1875
0.02056125,-2012
0.0205625,-2043
0.02056375,-2003
0.020565,-1963
0.02056625,-2039
0.0205675,-2241
0.02056875,-2638
0.02057,-2934
0.02057125,-3022
0.0205725,-2879
0.02057375,-2543
0.020575,-2186
0.02057625,-1960
0.0205775,-1910
0.02057875,-1954
0.02058,-1987
0.02058125,-1841
0.0205825,-1472
0.02058375,-913
0.020585,-203
0.02058625,367
0.0205875,704
0.02058875,802
0.02059,757
0.02059125,722
0.0205925,820
0.02059375,1110
0.020595,1492
0.02059625,1824
0.0205975,2028
0.02059875,2079
0.0206,2056
0.02060125,2022
0.0206025,2045
0.02060375,2117
0.020605,2183
0.02060625,2223
0.0206075,2286
0.02060875,2417
0.02061,2585
0.02061125,2698
0.0206125,2674
0.02061375,2517
0.020615,2282
0.02061625,2109
0.0206175,2054
0.02061875,2061
0.02062,1976
0.02062125,1700
0.0206225,1343
0.02062375,1014
0.020625,833
0.02062625,848
0.0206275,926
0.02062875,901
0.02063,733
0.02063125,421
0.0206325,98
0.02063375,-176
0.020635,-316
0.02063625,-368
0.0206375,-400
0.02063875,-478
0.02064,-644
0.02064125,-818
0.0206425,-1030
0.02064375,-1255
0.020645,-1525
0.02064625,-1908
0.0206475,-2338
0.02064875,-2752
0.02065,-2975
0.02065125,-2958
0.0206525,-2747
0.02065375,-2463
0.020655,-2216
0.02065625,-2084
0.0206575,-2091
0.02065875,-2158
0.02066,-2214
0.02066125,-2211
0.0206625,-2131
0.02066375,-2002
0.020665,-1893
0.02066625,-1848
0.0206675,-1923
0.02066875,-2102
0.02067,-2291
0.02067125,-2387
0.0206725,-2431
0.02067375,-2311
0.020675,-2139
0.02067625,-2025
0.0206775,-1954
0.02067875,-1891
0.02068,-1804
0.02068125,-1592
0.0206825,-1187
0.02068375,-591
0.020685,168
0.02068625,932
0.0206875,1602
0.02068875,2082
0.02069,2290
0.02069125,2290
0.0206925,2215
0.02069375,2230
0.020695,2411
0.02069625,2736
0.0206975,3092
0.02069875,3338
0.0207,3397
0.02070125,3317
0.0207025,3170
0.02070375,3078
0.020705,3019
0.02070625,3009
0.0207075,3038
0.02070875,3058
0.02071,3007
0.02071125,2976
0.0207125,2921
0.02071375,2851
0.020715,2736
0.02071625,2583
0.0207175,2336
0.02071875,1975
0.02072,1582
0.02072125,1222
0.0207225,1003
0.02072375,965
0.020725,1087
0.02072625,1301
0.0207275,1466
0.02072875,1478
0.02073,1316
0.02073125,996
0.0207325,634
0.02073375,335
0.020735,192
0.02073625,213
0.0207375,279
0.02073875,292
0.02074,173
0.02074125,-81
0.0207425,-398
0.02074375,-723
0.020745,-963
0.02074625,-1157
0.0207475,-1292
0.02074875,-1395
0.02075,-1491
0.02075125,-1572
0.0207525,-1677
0.02075375,-1793
0.020755,-1877
0.02075625,-1953
0.0207575,-1987
0.02075875,-1966
0.02076,-1912
0.02076125,-1872
0.0207625,-1841
0.02076375,-1808
0.020765,-1760
0.02076625,-1687
0.0207675,-1590
0.02076875,-1497
0.02077,-1405
0.02077125,-1311
0.0207725,-1170
0.02077375,-941
0.020775,-764
0.02077625,-668
0.0207775,-725
0.02077875,-886
0.02078,-1053
0.02078125,-1081
0.0207825,-831
0.02078375,-376
0.020785,197
0.02078625,765
0.0207875,1149
0.02078875,1302
0.02079,1257
0.02079125,1178
0.0207925,1269
0.02079375,1675
0.020795,2396
0.02079625,3264
0.0207975,4006
0.02079875,4420
0.0208,4454
0.02080125,4253
0.0208025,3930
0.02080375,3709
0.020805,3645
0.02080625,3733
0.0208075,3866
0.02080875,3938
0.02081,3888
0.02081125,3772
0.0208125,3615
0.02081375,3479
0.020815,3327
0.02081625,3058
0.0208175,2584
0.02081875,2022
0.02082,1515
0.02082125,1212
0.0208225,1178
0.02082375,1323
0.020825,1456
0.02082625,1472
0.0208275,1341
0.02082875,1152
0.02083,1064
0.02083125,1051
0.0208325,1133
0.02083375,1220
0.020835,1205
0.02083625,1033
0.0208375,725
0.02083875,379
0.02084,71
0.02084125,-174
0.0208425,-309
0.02084375,-400
0.020845,-508
0.02084625,-703
0.0208475,-961
0.02084875,-1249
0.02085,-1422
0.02085125,-1500
0.0208525,-1503
0.02085375,-1577
0.020855,-1699
0.02085625,-1935
0.0208575,-2135
0.02085875,-2178
0.02086,-2052
0.02086125,-1803
0.0208625,-1520
0.02086375,-1324
0.020865,-1246
0.02086625,-1214
0.0208675,-1194
0.02086875,-1139
0.02087,-1018
0.02087125,-845
0.0208725,-619
0.02087375,-409
0.020875,-201
0.02087625,-23
0.0208775,122
0.02087875,219
0.02088,253
0.02088125,250
0.0208825,261
0.02088375,367
0.020885,640
0.02088625,1085
0.0208875,1598
0.02088875,2072
0.02089,2388
0.02089125,2457
0.0208925,2467
0.02089375,2543
0.020895,2762
0.02089625,3087
0.0208975,3374
0.02089875,3511
0.0209,3489
0.02090125,3466
0.0209025,3510
0.02090375,3722
0.020905,4022
0.02090625,4319
0.0209075,4534
0.02090875,4648
0.02091,4643
0.02091125,4517
0.0209125,4290
0.02091375,3956
0.020915,3572
0.02091625,3239
0.0209175,3050
0.02091875,3055
0.02092,3163
0.02092125,3254
0.0209225,3258
0.02092375,3129
0.020925,2937
0.02092625,2801
0.0209275,2727
0.02092875,2754
0.02093,2767
0.02093125,2704
0.0209325,2540
0.02093375,2298
0.020935,2013
0.02093625,1746
0.0209375,1580
0.02093875,1472
0.02094,1377
0.02094125,1297
0.0209425,1105
0.02094375,741
0.020945,320
0.02094625,-54
0.0209475,-342
0.02094875,-468
0.02095,-477
0.02095125,-432
0.0209525,-401
0.02095375,-384
0.020955,-364
0.02095625,-325
0.0209575,-282
0.02095875,-218
0.02096,-141
0.02096125,-27
0.0209625,86
0.02096375,217
0.020965,325
0.02096625,407
0.0209675,441
0.02096875,455
0.02097,482
0.02097125,522
0.0209725,538
0.02097375,539
0.020975,483
0.02097625,423
0.0209775,370
0.02097875,419
0.02098,552
0.02098125,692
0.0209825,725
0.02098375,644
0.020985,541
0.02098625,549
0.0209875,809
0.02098875,1291
0.02099,1791
0.02099125,2151
0.0209925,2299
0.02099375,2374
0.020995,2611
0.02099625,3122
0.0209975,3848
0.02099875,4553
0.021,4991
0.02100125,4965
0.0210025,4613
0.02100375,4173
0.021005,3898
0.02100625,3956
0.0210075,4350
0.02100875,4848
0.02101,5159
0.02101125,5120
0.0210125,4661
0.02101375,3943
0.021015,3278
0.02101625,2951
0.0210175,3062
0.02101875,3474
0.02102,3865
0.02102125,3956
0.0210225,3660
0.02102375,3095
0.021025,2552
0.02102625,2250
0.0210275,2236
0.02102875,2392
0.02103,2497
0.02103125,2464
0.0210325,2248
0.02103375,1934
0.021035,1657
0.02103625,1476
0.0210375,1396
0.02103875,1358
0.02104,1283
0.02104125,1135
0.0210425,928
0.02104375,681
0.021045,495
0.02104625,366
0.0210475,328
0.02104875,362
0.02105,431
0.02105125,504
0.0210525,537
0.02105375,536
0.021055,509
0.02105625,489
0.0210575,498
0.02105875,583
0.02106,728
0.02106125,873
0.0210625,882
0.02106375,768
0.021065,473
0.02106625,126
0.0210675,-123
0.02106875,-221
0.02107,-147
0.02107125,5
0.0210725,122
0.02107375,182
0.021075,181
0.02107625,198
0.0210775,219
0.02107875,317
0.02108,441
0.02108125,524
0.0210825,584
0.02108375,618
0.021085,710
0.02108625,971
0.0210875,1385
0.02108875,1872
0.02109,2315
0.02109125,2543
0.0210925,2586
0.02109375,2454
0.021095,2338
0.02109625,2363
0.0210975,2562
0.02109875,2882
0.0211,3197
0.02110125,3385
0.0211025,3443
0.02110375,3439
0.021105,3532
0.02110625,3783
0.0211075,4151
0.02110875,4356
0.02111,4204
0.02111125,3715
0.0211125,3059
0.02111375,2566
0.021115,2440
0.02111625,2721
0.0211175,3144
0.02111875,3475
0.02112,3490
0.02112125,3214
0.0211225,2826
0.02112375,2469
0.021125,2247
0.02112625,2187
0.0211275,2167
0.02112875,2130
0.02113,2024
0.02113125,1860
0.0211325,1657
0.02113375,1497
0.021135,1389
0.02113625,1350
0.0211375,1372
0.02113875,1349
0.02114,1234
0.02114125,898
0.0211425,383
0.02114375,-214
0.021145,-701
0.02114625,-897
0.0211475,-777
0.02114875,-451
0.02115,-147
0.02115125,-27
0.0211525,-138
0.02115375,-373
0.021155,-605
0.02115625,-741
0.0211575,-745
0.02115875,-662
0.02116,-519
0.02116125,-373
0.0211625,-280
0.02116375,-227
0.021165,-246
0.02116625,-313
0.0211675,-359
0.02116875,-339
0.02117,-255
0.02117125,-96
0.0211725,87
0.02117375,213
0.021175,296
0.02117625,355
0.0211775,409
0.02117875,546
0.02118,691
0.02118125,925
0.0211825,1187
0.02118375,1451
0.021185,1635
0.02118625,1744
0.0211875,1784
0.02118875,1822
0.02119,2053
0.02119125,2455
0.0211925,2941
0.02119375,3420
0.021195,3700
0.02119625,3742
0.0211975,3704
0.02119875,3598
0.0212,3525
0.02120125,3510
0.0212025,3477
0.02120375,3455
0.021205,3473
0.02120625,3508
0.0212075,3541
0.02120875,3503
0.02121,3372
0.02121125,3198
0.0212125,3051
0.02121375,3020
0.021215,3062
0.02121625,3134
0.0212175,3096
0.02121875,2887
0.02122,2565
0.02122125,2183
0.0212225,1824
0.02122375,1561
0.021225,1400
0.02122625,1314
0.0212275,1250
0.02122875,1144
0.02123,911
0.02123125,515
0.0212325,62
0.02123375,-315
0.021235,-553
0.02123625,-586
0.0212375,-469
0.02123875,-362
0.02124,-337
0.02124125,-425
0.0212425,-623
0.02124375,-850
0.021245,-1079
0.02124625,-1259
0.0212475,-1349
0.02124875,-1387
0.02125,-1366
0.02125125,-1332
0.0212525,-1304
0.02125375,-1352
0.021255,-1438
0.02125625,-1514
0.0212575,-1571
0.02125875,-1582
0.02126,-1569
0.02126125,-1518
0.0212625,-1490
0.02126375,-1471
0.021265,-1514
0.02126625,-1600
0.0212675,-1710
0.02126875,-1800
0.02127,-1803
0.02127125,-1610
0.0212725,-1220
0.02127375,-724
0.021275,-290
0.02127625,-126
0.0212775,-367
0.02127875,-880
0.02128,-1382
0.02128125,-1634
0.0212825,-1513
0.02128375,-1092
0.021285,-606
0.02128625,-194
0.0212875,110
0.02128875,386
0.02129,749
0.02129125,1210
0.0212925,1708
0.02129375,2225
0.021295,2685
0.02129625,3069
0.0212975,3424
0.02129875,3724
0.0213,3933
0.02130125,4022
0.0213025,3987
0.02130375,3882
0.021305,3813
0.02130625,3838
0.0213075,4029
0.02130875,4355
0.02131,4763
0.02131125,5257
0.0213125,5773
0.02131375,6176
0.021315,6371
0.02131625,6296
0.0213175,5991
0.02131875,5641
0.02132,5378
0.02132125,5285
0.0213225,5291
0.02132375,5261
0.021325,5086
0.02132625,4722
0.0213275,4292
0.02132875,3923
0.02133,3656
0.02133125,3521
0.0213325,3458
0.02133375,3376
0.021335,3246
0.02133625,3078
0.0213375,2910
0.02133875,2736
0.02134,2561
0.02134125,2425
0.0213425,2336
0.02134375,2260
0.021345,2169
0.02134625,2011
0.0213475,1760
0.02134875,1488
0.02135,1246
0.02135125,1055
0.0213525,874
0.02135375,606
0.021355,181
0.02135625,-378
0.0213575,-979
0.02135875,-1496
0.02136,-1875
0.02136125,-2183
0.0213625,-2486
0.02136375,-2887
0.021365,-3456
0.02136625,-4095
0.0213675,-4731
0.02136875,-5317
0.02137,-5792
0.02137125,-6143
0.0213725,-6388
0.02137375,-6588
0.021375,-6745
0.02137625,-6911
0.0213775,-7124
0.02137875,-7340
0.02138,-7548
0.02138125,-7745
0.0213825,-7916
0.02138375,-8068
0.021385,-8212
0.02138625,-8312
0.0213875,-8299
0.02138875,-8124
0.02139,-7744
0.02139125,-7219
0.0213925,-6610
0.02139375,-6064
0.021395,-5681
0.02139625,-5588
0.0213975,-5702
0.02139875,-5882
0.0214,-5941
0.02140125,-5783
0.0214025,-5448
0.02140375,-5072
0.021405,-4793
0.02140625,-4616
0.0214075,-4462
0.02140875,-4194
0.02141,-3776
0.02141125,-3234
0.0214125,-2655
0.02141375,-2170
0.021415,-1798
0.02141625,-1473
0.0214175,-1046
0.02141875,-544
0.02142,110
0.02142125,817
0.0214225,1501
0.02142375,2089
0.021425,2549
0.02142625,2944
0.0214275,3355
0.02142875,3798
0.02143,4298
0.02143125,4886
0.0214325,5478
0.02143375,6060
0.021435,6667
0.02143625,7327
0.0214375,7928
0.02143875,8395
0.02144,8547
0.02144125,8389
0.0214425,8055
0.02144375,7812
0.021445,7897
0.02144625,8398
0.0214475,9233
0.02144875,10139
0.02145,10938
0.02145125,11460
0.0214525,11655
0.02145375,11693
0.021455,11579
0.02145625,11489
0.0214575,11473
0.02145875,11572
0.02146,11743
0.02146125,11928
0.0214625,12064
0.02146375,12107
0.021465,12044
0.02146625,11875
0.0214675,11622
0.02146875,11327
0.02147,11047
0.02147125,10762
0.0214725,10512
0.02147375,10300
0.021475,10124
0.02147625,9958
0.0214775,9803
0.02147875,9585
0.02148,9190
0.02148125,8600
0.0214825,7862
0.02148375,7055
0.021485,6309
0.02148625,5720
0.0214875,5383
0.02148875,5318
0.02149,5491
0.02149125,5805
0.0214925,6008
0.02149375,5925
0.021495,5457
0.02149625,4741
0.0214975,4034
0.02149875,3559
0.0215,3309
0.02150125,3101
0.0215025,2680
0.02150375,1930
0.021505,1006
0.02150625,198
0.0215075,-271
0.02150875,-391
0.02151,-405
0.02151125,-513
0.0215125,-870
0.02151375,-1386
0.021515,-1858
0.02151625,-2134
0.0215175,-2218
0.02151875,-2237
0.02152,-2319
0.02152125,-2525
0.0215225,-2782
0.02152375,-3023
0.021525,-3188
0.02152625,-3266
0.0215275,-3349
0.02152875,-3446
0.02153,-3542
0.02153125,-3622
0.0215325,-3672
0.02153375,-3724
0.021535,-3748
0.02153625,-3793
0.0215375,-3862
0.02153875,-3910
0.02154,-3934
0.02154125,-3898
0.0215425,-3809
0.02154375,-3646
0.021545,-3451
0.02154625,-3280
0.0215475,-3126
0.02154875,-3027
0.02155,-2923
0.02155125,-2827
0.0215525,-2731
0.02155375,-2600
0.021555,-2445
0.02155625,-2278
0.0215575,-2082
0.02155875,-1854
0.02156,-1583
0.02156125,-1332
0.0215625,-1133
0.02156375,-1076
0.021565,-1123
0.02156625,-1188
0.0215675,-1172
0.02156875,-978
0.02157,-648
0.02157125,-307
0.0215725,-1
0.02157375,165
0.021575,221
0.02157625,233
0.0215775,233
0.02157875,265
0.02158,338
0.02158125,449
0.0215825,568
0.02158375,606
0.021585,576
0.02158625,464
0.0215875,386
0.02158875,477
0.02159,890
0.02159125,1574
0.0215925,2327
0.02159375,2915
0.021595,3118
0.02159625,2960
0.0215975,2679
0.02159875,2449
0.0216,2381
0.02160125,2326
0.0216025,2184
0.02160375,1811
0.021605,1295
0.02160625,808
0.0216075,490
0.02160875,380
0.02161,406
0.02161125,387
0.0216125,256
0.02161375,-15
0.021615,-316
0.02161625,-531
0.0216175,-608
0.02161875,-582
0.02162,-473
0.02162125,-468
0.0216225,-545
0.02162375,-677
0.021625,-798
0.02162625,-858
0.0216275,-919
0.02162875,-970
0.02163,-1070
0.02163125,-1160
0.0216325,-1232
0.02163375,-1223
0.021635,-1165
0.02163625,-1118
0.0216375,-1037
0.02163875,-944
0.02164,-767
0.02164125,-514
0.0216425,-222
0.02164375,-1
0.021645,78
0.02164625,27
0.0216475,-3
0.02164875,81
0.02165,306
0.02165125,628
0.0216525,925
0.02165375,1156
0.021655,1293
0.02165625,1362
0.0216575,1455
0.02165875,1530
0.02166,1586
0.02166125,1644
0.0216625,1688
0.02166375,1724
0.021665,1777
0.02166625,1766
0.0216675,1661
0.02166875,1492
0.02167,1338
0.02167125,1264
0.0216725,1349
0.02167375,1556
0.021675,1788
0.02167625,1933
0.0216775,1855
0.02167875,1641
0.02168,1387
0.02168125,1228
0.0216825,1230
0.02168375,1374
0.021685,1527
0.02168625,1594
0.0216875,1641
0.02168875,1718
0.02169,1953
0.02169125,2295
0.0216925,2635
0.02169375,2862
0.021695,2893
0.02169625,2746
0.0216975,2563
0.02169875,2438
0.0217,2372
0.02170125,2209
0.0217025,1802
0.02170375,1090
0.021705,245
0.02170625,-475
0.0217075,-799
0.02170875,-712
0.02171,-360
0.02171125,-88
0.0217125,-115
0.02171375,-491
0.021715,-1075
0.02171625,-1606
0.0217175,-1907
0.02171875,-1957
0.02172,-1911
0.02172125,-1928
0.0217225,-2103
0.02172375,-2394
0.021725,-2656
0.02172625,-2880
0.0217275,-2910
0.02172875,-2877
0.02173,-2971
0.02173125,-3277
0.0217325,-3752
0.02173375,-4164
0.021735,-4363
0.02173625,-4273
0.0217375,-4016
0.02173875,-3888
0.02174,-4125
0.02174125,-4729
0.0217425,-5513
0.02174375,-6158
0.021745,-6353
0.02174625,-6102
0.0217475,-5540
0.02174875,-5005
0.02175,-4758
0.02175125,-4851
0.0217525,-5218
0.02175375,-5603
0.021755,-5787
0.02175625,-5666
0.0217575,-5297
0.02175875,-4854
0.02176,-4488
0.02176125,-4305
0.0217625,-4309
0.02176375,-4409
0.021765,-4508
0.02176625,-4511
0.0217675,-4388
0.02176875,-4160
0.02177,-3778
0.02177125,-3406
0.0217725,-3114
0.02177375,-3035
0.021775,-3227
0.02177625,-3579
0.0217775,-3894
0.02177875,-3944
0.02178,-3645
0.02178125,-3087
0.0217825,-2551
0.02178375,-2207
0.021785,-2082
0.02178625,-2081
0.0217875,-1988
0.02178875,-1698
0.02179,-1186
0.02179125,-566
0.0217925,25
0.02179375,514
0.021795,784
0.02179625,839
0.0217975,708
0.02179875,458
0.0218,189
0.02180125,-70
0.0218025,-298
0.02180375,-512
0.021805,-755
0.02180625,-980
0.0218075,-1125
0.02180875,-1155
0.02181,-1129
0.02181125,-1220
0.0218125,-1579
0.02181375,-2169
0.021815,-2847
0.02181625,-3343
0.0218175,-3490
0.02181875,-3291
0.02182,-3095
0.02182125,-3108
0.0218225,-3492
0.02182375,-4136
0.021825,-4761
0.02182625,-5071
0.0218275,-4955
0.02182875,-4550
0.02183,-4144
0.02183125,-4002
0.0218325,-4211
0.02183375,-4662
0.021835,-5104
0.02183625,-5264
0.0218375,-5177
0.02183875,-4893
0.02184,-4661
0.02184125,-4661
0.0218425,-4958
0.02184375,-5444
0.021845,-5921
0.02184625,-6137
0.0218475,-6017
0.02184875,-5649
0.02185,-5216
0.02185125,-5018
0.0218525,-5210
0.02185375,-5738
0.021855,-6331
0.02185625,-6676
0.0218575,-6536
0.02185875,-5986
0.02186,-5300
0.02186125,-4792
0.0218625,-4770
0.02186375,-5100
0.021865,-5564
0.02186625,-5842
0.0218675,-5745
0.02186875,-5299
0.02187,-4733
0.02187125,-4310
0.0218725,-4193
0.02187375,-4364
0.021875,-4583
0.02187625,-4644
0.0218775,-4454
0.02187875,-4065
0.02188,-3659
0.02188125,-3367
0.0218825,-3241
0.02188375,-3124
0.021885,-2908
0.02188625,-2529
0.0218875,-2021
0.02188875,-1512
0.02189,-1101
0.02189125,-774
0.0218925,-449
0.02189375,-99
0.021895,210
0.02189625,408
0.0218975,376
0.02189875,103
0.0219,-270
0.02190125,-579
0.0219025,-658
0.02190375,-480
0.021905,-188
0.02190625,75
0.0219075,154
0.02190875,-28
0.02191,-378
0.02191125,-756
0.0219125,-1030
0.02191375,-1156
0.021915,-1243
0.02191625,-1399
0.0219175,-1723
0.02191875,-2167
0.02192,-2636
0.02192125,-2917
0.0219225,-2924
0.02192375,-2723
0.021925,-2437
0.02192625,-2284
0.0219275,-2358
0.02192875,-2613
0.02193,-2840
0.02193125,-2928
0.0219325,-2821
0.02193375,-2589
0.021935,-2347
0.02193625,-2171
0.0219375,-2108
0.02193875,-2173
0.02194,-2353
0.02194125,-2686
0.0219425,-3153
0.02194375,-3623
0.021945,-3950
0.02194625,-3988
0.0219475,-3741
0.02194875,-3441
0.02195,-3282
0.02195125,-3431
0.0219525,-3926
0.02195375,-4506
0.021955,-4943
0.02195625,-5052
0.0219575,-4862
0.02195875,-4560
0.02196,-4399
0.02196125,-4522
0.0219625,-4856
0.02196375,-5237
0.021965,-5495
0.02196625,-5482
0.0219675,-5319
0.02196875,-5142
0.02197,-5097
0.02197125,-5211
0.0219725,-5305
0.02197375,-5219
0.021975,-4852
0.02197625,-4309
0.0219775,-3819
0.02197875,-3654
0.02198,-3853
0.02198125,-4146
0.0219825,-4192
0.02198375,-3780
0.021985,-2947
0.02198625,-2098
0.0219875,-1536
0.02198875,-1462
0.02199,-1678
0.02199125,-1860
0.0219925,-1800
0.02199375,-1512
0.021995,-1207
0.02199625,-1082
0.0219975,-1206
0.02199875,-1489
0.022,-1744
0.02200125,-1896
0.0220025,-1977
0.02200375,-2054
0.022005,-2195
0.02200625,-2342
0.0220075,-2483
0.02200875,-2552
0.02201,-2609
0.02201125,-2686
0.0220125,-2817
0.02201375,-2957
0.022015,-2996
0.02201625,-2896
0.0220175,-2777
0.02201875,-2755
0.02202,-2939
0.02202125,-3329
0.0220225,-3711
0.02202375,-3894
0.022025,-3760
0.02202625,-3418
0.0220275,-3118
0.02202875,-3055
0.02203,-3315
0.02203125,-3759
0.0220325,-4194
0.02203375,-4473
0.022035,-4592
0.02203625,-4735
0.0220375,-4974
0.02203875,-5376
0.02204,-5804
0.02204125,-6056
0.0220425,-6034
0.02204375,-5691
0.022045,-5175
0.02204625,-4715
0.0220475,-4431
0.02204875,-4387
0.02205,-4519
0.02205125,-4664
0.0220525,-4700
0.02205375,-4574
0.022055,-4344
0.02205625,-4143
0.0220575,-4089
0.02205875,-4187
0.02206,-4307
0.02206125,-4369
0.0220625,-4230
0.02206375,-4007
0.022065,-3853
0.02206625,-3876
0.0220675,-4104
0.02206875,-4374
0.02207,-4461
0.02207125,-4235
0.0220725,-3780
0.02207375,-3273
0.022075,-3010
0.02207625,-3079
0.0220775,-3357
0.02207875,-3554
0.02208,-3406
0.02208125,-2824
0.0220825,-1984
0.02208375,-1303
0.022085,-1030
0.02208625,-1229
0.0220875,-1622
0.02208875,-1742
0.02209,-1372
0.02209125,-522
0.0220925,380
0.02209375,873
0.022095,723
0.02209625,16
0.0220975,-813
0.02209875,-1210
0.0221,-992
0.02210125,-278
0.0221025,423
0.02210375,599
0.022105,-15
0.02210625,-1225
0.0221075,-2498
0.02210875,-3299
0.02211,-3317
0.02211125,-2717
0.0221125,-1971
0.02211375,-1544
0.022115,-1720
0.02211625,-2374
0.0221175,-3178
0.02211875,-3710
0.02212,-3774
0.02212125,-3483
0.0221225,-3092
0.02212375,-2910
0.022125,-3059
0.02212625,-3497
0.0221275,-4048
0.02212875,-4456
0.02213,-4654
0.02213125,-4638
0.0221325,-4530
0.02213375,-4481
0.022135,-4515
0.02213625,-4643
0.0221375,-4801
0.02213875,-4852
0.02214,-4794
0.02214125,-4678
0.0221425,-4645
0.02214375,-4803
0.022145,-5163
0.02214625,-5574
0.0221475,-5873
0.02214875,-5893
0.02215,-5702
0.02215125,-5401
0.0221525,-5267
0.02215375,-5414
0.022155,-5824
0.02215625,-6228
0.0221575,-6469
0.02215875,-6388
0.02216,-6061
0.02216125,-5653
0.0221625,-5376
0.02216375,-5367
0.022165,-5557
0.02216625,-5736
0.0221675,-5718
0.02216875,-5438
0.02217,-4991
0.02217125,-4545
0.0221725,-4282
0.02217375,-4236
0.022175,-4308
0.02217625,-4347
0.0221775,-4137
0.02217875,-3615
0.02218,-2882
0.02218125,-2146
0.0221825,-1703
0.02218375,-1742
0.022185,-2163
0.02218625,-2687
0.0221875,-2934
0.02218875,-2612
0.02219,-1815
0.02219125,-965
0.0221925,-491
0.02219375,-758
0.022195,-1629
0.02219625,-2627
0.0221975,-3211
0.02219875,-3089
0.0222,-2429
0.02220125,-1670
0.0222025,-1370
0.02220375,-1762
0.022205,-2661
0.02220625,-3613
0.0222075,-4145
0.02220875,-4041
0.02221,-3479
0.02221125,-2854
0.0222125,-2525
0.02221375,-2674
0.022215,-3137
0.02221625,-3629
0.0222175,-3923
0.02221875,-3966
0.02222,-3910
0.02222125,-3974
0.0222225,-4273
0.02222375,-4708
0.022225,-5070
0.02222625,-5257
0.0222275,-5270
0.02222875,-5268
0.02223,-5558
0.02223125,-6147
0.0222325,-6864
0.02223375,-7410
0.022235,-7521
0.02223625,-7201
0.0222375,-6670
0.02223875,-6261
0.02224,-6253
0.02224125,-6608
0.0222425,-7112
0.02224375,-7440
0.022245,-7380
0.02224625,-7012
0.0222475,-6502
0.02224875,-6170
0.02225,-6137
0.02225125,-6344
0.0222525,-6594
0.02225375,-6674
0.022255,-6494
0.02225625,-6156
0.0222575,-5862
0.02225875,-5807
0.02226,-5985
0.02226125,-6291
0.0222625,-6518
0.02226375,-6534
0.022265,-6300
0.02226625,-5883
0.0222675,-5506
0.02226875,-5380
0.02227,-5606
0.02227125,-6096
0.0222725,-6627
0.02227375,-6886
0.022275,-6619
0.02227625,-5864
0.0222775,-4855
0.02227875,-4011
0.02228,-3625
0.02228125,-3744
0.0222825,-4153
0.02228375,-4488
0.022285,-4379
0.02228625,-3846
0.0222875,-3088
0.02228875,-2388
0.02229,-2019
0.02229125,-2014
0.0222925,-2219
0.02229375,-2385
0.022295,-2342
0.02229625,-2088
0.0222975,-1731
0.02229875,-1474
0.0223,-1402
0.02230125,-1552
0.0223025,-1894
0.02230375,-2172
0.022305,-2443
0.02230625,-2676
0.0223075,-2931
0.02230875,-3245
0.02231,-3579
0.02231125,-3875
0.0223125,-4000
0.02231375,-3957
0.022315,-3828
0.02231625,-3760
0.0223175,-3893
0.02231875,-4234
0.02232,-4690
0.02232125,-5078
0.0223225,-5170
0.02232375,-5007
0.022325,-4701
0.02232625,-4455
0.0223275,-4391
0.02232875,-4547
0.02233,-4823
0.02233125,-5048
0.0223325,-5107
0.02233375,-5020
0.022335,-4870
0.02233625,-4803
0.0223375,-4866
0.02233875,-5062
0.02234,-5317
0.02234125,-5517
0.0223425,-5702
0.02234375,-5808
0.022345,-5854
0.02234625,-5838
0.0223475,-5759
0.02234875,-5721
0.02235,-5800
0.02235125,-6049
0.0223525,-6441
0.02235375,-6793
0.022355,-6893
0.02235625,-6654
0.0223575,-6174
0.02235875,-5693
0.02236,-5437
0.02236125,-5540
0.0223625,-5861
0.02236375,-6201
0.022365,-6320
0.02236625,-6137
0.0223675,-5752
0.02236875,-5385
0.02237,-5209
0.02237125,-5263
0.0223725,-5390
0.02237375,-5383
0.022375,-5076
0.02237625,-4503
0.0223775,-3807
0.02237875,-3239
0.02238,-2974
0.02238125,-3011
0.0223825,-3238
0.02238375,-3399
0.022385,-3282
0.02238625,-2832
0.0223875,-2171
0.02238875,-1567
0.02239,-1299
0.02239125,-1420
0.0223925,-1843
0.02239375,-2299
0.022395,-2593
0.02239625,-2693
0.0223975,-2689
0.02239875,-2705
0.0224,-2710
0.02240125,-2681
0.0224025,-2586
0.02240375,-2449
0.022405,-2433
0.02240625,-2679
0.0224075,-3171
0.02240875,-3741
0.02241,-4139
0.02241125,-4229
0.0224125,-4055
0.02241375,-3841
0.022415,-3862
0.02241625,-4200
0.0224175,-4799
0.02241875,-5410
0.02242,-5786
0.02242125,-5888
0.0224225,-5770
0.02242375,-5643
0.022425,-5671
0.02242625,-5907
0.0224275,-6248
0.02242875,-6561
0.02243,-6701
0.02243125,-6614
0.0224325,-6436
0.02243375,-6329
0.022435,-6495
0.02243625,-7005
0.0224375,-7745
0.02243875,-8424
0.02244,-8709
0.02244125,-8375
0.0224425,-7566
0.02244375,-6685
0.022445,-6153
0.02244625,-6253
0.0224475,-6910
0.02244875,-7715
0.02245,-8223
0.02245125,-8179
0.0224525,-7679
0.02245375,-7047
0.022455,-6632
0.02245625,-6641
0.0224575,-6993
0.02245875,-7422
0.02246,-7634
0.02246125,-7531
0.0224625,-7200
0.02246375,-6831
0.022465,-6629
0.02246625,-6664
0.0224675,-6828
0.02246875,-6884
0.02247,-6575
0.02247125,-5893
0.0224725,-4904
0.02247375,-4089
0.022475,-3691
0.02247625,-3832
0.0224775,-4250
0.02247875,-4533
0.02248,-4363
0.02248125,-3689
0.0224825,-2834
0.02248375,-2190
0.022485,-2038
0.02248625,-2432
0.0224875,-3027
0.02248875,-3444
0.02249,-3437
0.02249125,-2976
0.0224925,-2355
0.02249375,-1877
0.022495,-1751
0.02249625,-1986
0.0224975,-2307
0.02249875,-2495
0.0225,-2406
0.02250125,-2081
0.0225025,-1692
0.02250375,-1519
0.022505,-1703
0.02250625,-2216
0.0225075,-2837
0.02250875,-3374
0.02251,-3668
0.02251125,-3691
0.0225125,-3527
0.02251375,-3363
0.022515,-3381
0.02251625,-3662
0.0225175,-4227
0.02251875,-4919
0.02252,-5541
0.02252125,-5938
0.0225225,-5993
0.02252375,-5821
0.022525,-5624
0.02252625,-5624
0.0225275,-5913
0.02252875,-6476
0.02253,-7096
0.02253125,-7535
0.0225325,-7651
0.02253375,-7500
0.022535,-7237
0.02253625,-7113
0.0225375,-7188
0.02253875,-7478
0.02254,-7806
0.02254125,-7977
0.0225425,-7934
0.02254375,-7741
0.022545,-7500
0.02254625,-7355
0.0225475,-7356
0.02254875,-7444
0.02255,-7493
0.02255125,-7469
0.0225525,-7361
0.02255375,-7249
0.022555,-7280
0.02255625,-7451
0.0225575,-7676
0.02255875,-7759
0.02256,-7585
0.02256125,-7235
0.0225625,-6959
0.02256375,-6922
0.022565,-7318
0.02256625,-7866
0.0225675,-8159
0.02256875,-7897
0.02257,-7041
0.02257125,-5890
0.0225725,-4895
0.02257375,-4438
0.022575,-4578
0.02257625,-5026
0.0225775,-5308
0.02257875,-5110
0.02258,-4461
0.02258125,-3648
0.0225825,-3051
0.02258375,-2864
0.022585,-3032
0.02258625,-3302
0.0225875,-3375
0.02258875,-3139
0.02259,-2722
0.02259125,-2355
0.0225925,-2205
0.02259375,-2316
0.022595,-2560
0.02259625,-2765
0.0225975,-2782
0.02259875,-2597
0.0226,-2289
0.02260125,-2065
0.0226025,-2090
0.02260375,-2489
0.022605,-3224
0.02260625,-4068
0.0226075,-4721
0.02260875,-4957
0.02261,-4776
0.02261125,-4370
0.0226125,-4033
0.02261375,-4068
0.022615,-4495
0.02261625,-5059
0.0226175,-5520
0.02261875,-5652
0.02262,-5479
0.02262125,-5202
0.0226225,-5112
0.02262375,-5353
0.022625,-5854
0.02262625,-6386
0.0226275,-6773
0.02262875,-6924
0.02263,-6884
0.02263125,-6859
0.0226325,-6965
0.02263375,-7293
0.022635,-7679
0.02263625,-7988
0.0226375,-8067
0.02263875,-7948
0.02264,-7740
0.02264125,-7782
0.0226425,-8069
0.02264375,-8528
0.022645,-8889
0.02264625,-8911
0.0226475,-8568
0.02264875,-8007
0.02265,-7538
0.02265125,-7406
0.0226525,-7652
0.02265375,-8075
0.022655,-8417
0.02265625,-8414
0.0226575,-8091
0.02265875,-7636
0.02266,-7243
0.02266125,-7190
0.0226625,-7458
0.02266375,-7895
0.022665,-8247
0.02266625,-8280
0.0226675,-7904
0.02266875,-7254
0.02267,-6585
0.02267125,-6134
0.0226725,-6019
0.02267375,-6156
0.022675,-6362
0.02267625,-6452
0.0226775,-6288
0.02267875,-5891
0.02268,-5311
0.02268125,-4714
0.0226825,-4224
0.02268375,-4004
0.022685,-4052
0.02268625,-4242
0.0226875,-4390
0.02268875,-4334
0.02269,-4014
0.02269125,-3550
0.0226925,-3167
0.02269375,-3048
0.022695,-3251
0.02269625,-3695
0.0226975,-4057
0.02269875,-4215
0.0227,-4107
0.02270125,-3833
0.0227025,-3617
0.02270375,-3681
0.022705,-4097
0.02270625,-4786
0.0227075,-5518
0.02270875,-6064
0.02271,-6245
0.02271125,-6110
0.0227125,-5870
0.02271375,-5777
0.022715,-5963
0.02271625,-6383
0.0227175,-6867
0.02271875,-7218
0.02272,-7342
0.02272125,-7299
0.0227225,-7208
0.02272375,-7197
0.022725,-7254
0.02272625,-7298
0.0227275,-7333
0.02272875,-7398
0.02273,-7613
0.02273125,-7995
0.0227325,-8479
0.02273375,-8833
0.022735,-8877
0.02273625,-8616
0.0227375,-8226
0.02273875,-7956
0.02274,-8054
0.02274125,-8464
0.0227425,-8990
0.02274375,-9362
0.022745,-9372
0.02274625,-9118
0.0227475,-8822
0.02274875,-8706
0.02275,-8830
0.02275125,-9102
0.0227525,-9288
0.02275375,-9226
0.022755,-8933
0.02275625,-8560
0.0227575,-8288
0.02275875,-8220
0.02276,-8324
0.02276125,-8464
0.0227625,-8434
0.02276375,-8075
0.022765,-7399
0.02276625,-6502
0.0227675,-5718
0.02276875,-5262
0.02277,-5294
0.02277125,-5730
0.0227725,-6237
0.02277375,-6494
0.022775,-6265
0.02277625,-5646
0.0227775,-4956
0.02277875,-4517
0.02278,-4554
0.02278125,-4938
0.0227825,-5397
0.02278375,-5671
0.022785,-5555
0.02278625,-5190
0.0227875,-4754
0.02278875,-4477
0.02279,-4429
0.02279125,-4513
0.0227925,-4668
0.02279375,-4740
0.022795,-4715
0.02279625,-4601
0.0227975,-4428
0.02279875,-4278
0.0228,-4180
0.02280125,-4103
0.0228025,-4013
0.02280375,-3944
0.022805,-3922
0.02280625,-4088
0.0228075,-4594
0.02280875,-5408
0.02281,-6334
0.02281125,-7085
0.0228125,-7419
0.02281375,-7246
0.022815,-6895
0.02281625,-6655
0.0228175,-6842
0.02281875,-7439
0.02282,-8202
0.02282125,-8781
0.0228225,-8975
0.02282375,-8737
0.022825,-8289
0.02282625,-7955
0.0228275,-7914
0.02282875,-8181
0.02283,-8573
0.02283125,-8894
0.0228325,-8999
0.02283375,-8890
0.022835,-8674
0.02283625,-8562
0.0228375,-8576
0.02283875,-8700
0.02284,-8896
0.02284125,-9066
0.0228425,-9174
0.02284375,-9197
0.022845,-9132
0.02284625,-9024
0.0228475,-8867
0.02284875,-8766
0.02285,-8811
0.02285125,-9051
0.0228525,-9378
0.02285375,-9640
0.022855,-9665
0.02285625,-9387
0.0228575,-8944
0.02285875,-8565
0.02286,-8377
0.02286125,-8358
0.0228625,-8333
0.02286375,-8096
0.022865,-7629
0.02286625,-7053
0.0228675,-6602
0.02286875,-6447
0.02287,-6548
0.02287125,-6704
0.0228725,-6738
0.02287375,-6565
0.022875,-6225
0.02287625,-5884
0.0228775,-5605
0.02287875,-5566
0.02288,-5584
0.02288125,-5591
0.0228825,-5525
0.02288375,-5380
0.022885,-5204
0.02288625,-5042
0.0228875,-4886
0.02288875,-4699
0.02289,-4459
0.02289125,-4205
0.0228925,-4042
0.02289375,-4043
0.022895,-4171
0.02289625,-4325
0.0228975,-4361
0.02289875,-4276
0.0229,-4092
0.02290125,-3944
0.0229025,-3937
0.02290375,-4067
0.022905,-4243
0.02290625,-4461
0.0229075,-4744
0.02290875,-5143
0.02291,-5671
0.02291125,-6267
0.0229125,-6789
0.02291375,-7139
0.022915,-7336
0.02291625,-7436
0.0229175,-7555
0.02291875,-7730
0.02292,-7969
0.02292125,-8206
0.0229225,-8406
0.02292375,-8593
0.022925,-8783
0.02292625,-9008
0.0229275,-9190
0.02292875,-9249
0.02293,-9163
0.02293125,-8972
0.0229325,-8810
0.02293375,-8788
0.022935,-8962
0.02293625,-9236
0.0229375,-9471
0.02293875,-9564
0.02294,-9503
0.02294125,-9379
0.0229425,-9237
0.02294375,-9181
0.022945,-9237
0.02294625,-9363
0.0229475,-9493
0.02294875,-9636
0.02295,-9734
0.02295125,-9776
0.0229525,-9744
0.02295375,-9657
0.022955,-9588
0.02295625,-9549
0.0229575,-9536
0.02295875,-9452
0.02296,-9229
0.02296125,-8799
0.0229625,-8213
0.02296375,-7642
0.022965,-7194
0.02296625,-6910
0.0229675,-6718
0.02296875,-6527
0.02297,-6292
0.02297125,-6001
0.0229725,-5838
0.02297375,-5720
0.022975,-5585
0.02297625,-5398
0.0229775,-5125
0.02297875,-4832
0.02298,-4607
0.02298125,-4482
0.0229825,-4484
0.02298375,-4503
0.022985,-4503
0.02298625,-4438
0.0229875,-4344
0.02298875,-4254
0.02299,-4205
0.02299125,-4176
0.0229925,-4171
0.02299375,-4143
0.022995,-4100
0.02299625,-4072
0.0229975,-4096
0.02299875,-4175
0.023,-4304
0.02300125,-4447
0.0230025,-4557
0.02300375,-4599
0.023005,-4627
0.02300625,-4709
0.0230075,-4993
0.02300875,-5474
0.02301,-6115
0.02301125,-6685
0.0230125,-6958
0.02301375,-6859
0.023015,-6534
0.02301625,-6265
0.0230175,-6303
0.02301875,-6694
0.02302,-7295
0.02302125,-7814
0.0230225,-8059
0.02302375,-8027
0.023025,-7871
0.02302625,-7738
0.0230275,-7776
0.02302875,-7974
0.02303,-8273
0.02303125,-8537
0.0230325,-8729
0.02303375,-8832
0.023035,-8877
0.02303625,-8895
0.0230375,-8886
0.02303875,-8874
0.02304,-8857
0.02304125,-8877
0.0230425,-8936
0.02304375,-9043
0.023045,-9168
0.02304625,-9207
0.0230475,-9125
0.02304875,-8952
0.02305,-8717
0.02305125,-8557
0.0230525,-8580
0.02305375,-8752
0.023055,-8922
0.02305625,-8888
0.0230575,-8542
0.02305875,-7943
0.02306,-7286
0.02306125,-6819
0.0230625,-6626
0.02306375,-6714
0.023065,-6843
0.02306625,-6873
0.0230675,-6711
0.02306875,-6363
0.02307,-5931
0.02307125,-5533
0.0230725,-5243
0.02307375,-5110
0.023075,-5010
0.02307625,-4886
0.0230775,-4611
0.02307875,-4102
0.02308,-3422
0.02308125,-2691
0.0230825,-2169
0.02308375,-1971
0.023085,-2139
0.02308625,-2545
0.0230875,-2978
0.02308875,-3230
0.02309,-3194
0.02309125,-2934
0.0230925,-2606
0.02309375,-2319
0.023095,-2257
0.02309625,-2388
0.0230975,-2675
0.02309875,-3048
0.0231,-3351
0.02310125,-3539
0.0231025,-3621
0.02310375,-3634
0.023105,-3672
0.02310625,-3741
0.0231075,-3883
0.02310875,-4157
0.02311,-4638
0.02311125,-5296
0.0231125,-6018
0.02311375,-6620
0.023115,-6987
0.02311625,-7087
0.0231175,-7041
0.02311875,-7053
0.02312,-7262
0.02312125,-7673
0.0231225,-8144
0.02312375,-8542
0.023125,-8759
0.02312625,-8774
0.0231275,-8692
0.02312875,-8628
0.02313,-8649
0.02313125,-8728
0.0231325,-8859
0.02313375,-8932
0.023135,-8939
0.02313625,-8922
0.0231375,-8922
0.02313875,-8959
0.02314,-9020
0.02314125,-9027
0.0231425,-9010
0.02314375,-8939
0.023145,-8903
0.02314625,-8875
0.0231475,-8862
0.02314875,-8835
0.02315,-8750
0.02315125,-8624
0.0231525,-8498
0.02315375,-8313
0.023155,-8020
0.02315625,-7594
0.0231575,-7022
0.02315875,-6443
0.02316,-5983
0.02316125,-5768
0.0231625,-5753
0.02316375,-5872
0.023165,-5962
0.02316625,-5883
0.0231675,-5641
0.02316875,-5227
0.02317,-4761
0.02317125,-4411
0.0231725,-4183
0.02317375,-4109
0.023175,-4121
0.02317625,-4051
0.0231775,-3851
0.02317875,-3496
0.02318,-3047
0.02318125,-2613
0.0231825,-2316
0.02318375,-2167
0.023185,-2119
0.02318625,-2121
0.0231875,-2055
0.02318875,-1966
0.02319,-1919
0.02319125,-1924
0.0231925,-2017
0.02319375,-2124
0.023195,-2253
0.02319625,-2360
0.0231975,-2428
0.02319875,-2505
0.0232,-2576
0.02320125,-2699
0.0232025,-2836
0.02320375,-2990
0.023205,-3165
0.02320625,-3297
0.0232075,-3398
0.02320875,-3545
0.02321,-3796
0.02321125,-4203
0.0232125,-4694
0.02321375,-5224
0.023215,-5633
0.02321625,-5840
0.0232175,-5898
0.02321875,-5904
0.02322,-5970
0.02322125,-6106
0.0232225,-6279
0.02322375,-6451
0.023225,-6653
0.02322625,-6955
0.0232275,-7430
0.02322875,-8043
0.02323,-8640
0.02323125,-9023
0.0232325,-9093
0.02323375,-8842
0.023235,-8411
0.02323625,-8051
0.0232375,-7975
0.02323875,-8201
0.02324,-8632
0.02324125,-9054
0.0232425,-9289
0.02324375,-9227
0.023245,-8966
0.02324625,-8680
0.0232475,-8467
0.02324875,-8361
0.02325,-8332
0.02325125,-8274
0.0232525,-8056
0.02325375,-7634
0.023255,-7069
0.02325625,-6510
0.0232575,-6075
0.02325875,-5805
0.02326,-5671
0.02326125,-5585
0.0232625,-5455
0.02326375,-5291
0.023265,-5083
0.02326625,-4925
0.0232675,-4766
0.02326875,-4623
0.02327,-4441
0.02327125,-4208
0.0232725,-3888
0.02327375,-3531
0.023275,-3222
0.02327625,-3005
0.0232775,-2864
0.02327875,-2779
0.02328,-2693
0.02328125,-2500
0.0232825,-2286
0.02328375,-2050
0.023285,-1827
0.02328625,-1669
0.0232875,-1549
0.02328875,-1472
0.02329,-1441
0.02329125,-1468
0.0232925,-1592
0.02329375,-1773
0.023295,-1950
0.02329625,-2048
0.0232975,-2030
0.02329875,-1910
0.0233,-1758
0.02330125,-1650
0.0233025,-1723
0.02330375,-1996
0.023305,-2438
0.02330625,-2884
0.0233075,-3207
0.02330875,-3417
0.02331,-3543
0.02331125,-3754
0.0233125,-4141
0.02331375,-4686
0.023315,-5285
0.02331625,-5763
0.0233175,-6068
0.02331875,-6170
0.02332,-6189
0.02332125,-6207
0.0233225,-6281
0.02332375,-6411
0.023325,-6548
0.02332625,-6688
0.0233275,-6771
0.02332875,-6811
0.02333,-6864
0.02333125,-6944
0.0233325,-7038
0.02333375,-7116
0.023335,-7162
0.02333625,-7253
0.0233375,-7302
0.02333875,-7380
0.02334,-7521
0.02334125,-7670
0.0233425,-7801
0.02334375,-7923
0.023345,-8021
0.02334625,-8076
0.0233475,-8123
0.02334875,-8085
0.02335,-7904
0.02335125,-7569
0.0233525,-7162
0.02335375,-6797
0.023355,-6625
0.02335625,-6684
0.0233575,-6823
0.02335875,-6894
0.02336,-6736
0.02336125,-6342
0.0233625,-5801
0.02336375,-5291
0.023365,-4947
0.02336625,-4771
0.0233675,-4712
0.02336875,-4672
0.02337,-4551
0.02337125,-4353
0.0233725,-4078
0.02337375,-3790
0.023375,-3517
0.02337625,-3276
0.0233775,-3098
0.02337875,-3012
0.02338,-2987
0.02338125,-3010
0.0233825,-3087
0.02338375,-3141
0.023385,-3156
0.02338625,-3100
0.0233875,-2945
0.02338875,-2757
0.02339,-2555
0.02339125,-2434
0.0233925,-2429
0.02339375,-2550
0.023395,-2647
0.02339625,-2722
0.0233975,-2703
0.02339875,-2614
0.0234,-2465
0.02340125,-2326
0.0234025,-2215
0.02340375,-2184
0.023405,-2249
0.02340625,-2400
0.0234075,-2598
0.02340875,-2831
0.02341,-3062
0.02341125,-3357
0.0234125,-3745
0.02341375,-4168
0.023415,-4608
0.02341625,-4935
0.0234175,-5031
0.02341875,-4938
0.02342,-4774
0.02342125,-4714
0.0234225,-4862
0.02342375,-5233
0.023425,-5660
0.02342625,-5969
0.0234275,-6073
0.02342875,-5977
0.02343,-5824
0.02343125,-5800
0.0234325,-5911
0.02343375,-6204
0.023435,-6581
0.02343625,-6925
0.0234375,-7194
0.02343875,-7360
0.02344,-7430
0.02344125,-7459
0.0234425,-7529
0.02344375,-7649
0.023445,-7806
0.02344625,-7902
0.0234475,-7842
0.02344875,-7573
0.02345,-7140
0.02345125,-6666
0.0234525,-6258
0.02345375,-6025
0.023455,-5934
0.02345625,-5872
0.0234575,-5711
0.02345875,-5396
0.02346,-4999
0.02346125,-4612
0.0234625,-4317
0.02346375,-4158
0.023465,-4051
0.02346625,-3902
0.0234675,-3692
0.02346875,-3417
0.02347,-3234
0.02347125,-3126
0.0234725,-3107
0.02347375,-3133
0.023475,-3146
0.02347625,-3139
0.0234775,-3117
0.02347875,-3095
0.02348,-3062
0.02348125,-3014
0.0234825,-2936
0.02348375,-2839
0.023485,-2732
0.02348625,-2649
0.0234875,-2593
0.02348875,-2520
0.02349,-2450
0.02349125,-2371
0.0234925,-2302
0.02349375,-2246
0.023495,-2157
0.02349625,-2088
0.0234975,-2030
0.02349875,-1987
0.0235,-2011
0.02350125,-2063
0.0235025,-2137
0.02350375,-2230
0.023505,-2310
0.02350625,-2404
0.0235075,-2459
0.02350875,-2469
0.02351,-2478
0.02351125,-2512
0.0235125,-2644
0.02351375,-2949
0.023515,-3418
0.02351625,-3950
0.0235175,-4337
0.02351875,-4515
0.02352,-4502
0.02352125,-4390
0.0235225,-4368
0.02352375,-4522
0.023525,-4826
0.02352625,-5154
0.0235275,-5420
0.02352875,-5588
0.02353,-5679
0.02353125,-5799
0.0235325,-5933
0.02353375,-6092
0.023535,-6158
0.02353625,-6101
0.0235375,-5944
0.02353875,-5785
0.02354,-5684
0.02354125,-5631
0.0235425,-5668
0.02354375,-5672
0.023545,-5555
0.02354625,-5232
0.0235475,-4736
0.02354875,-4242
0.02355,-3889
0.02355125,-3789
0.0235525,-3943
0.02355375,-4184
0.023555,-4345
0.02355625,-4339
0.0235575,-4222
0.02355875,-4066
0.02356,-3993
0.02356125,-4042
0.0235625,-4108
0.02356375,-4120
0.023565,-4013
0.02356625,-3815
0.0235675,-3568
0.02356875,-3339
0.02357,-3143
0.02357125,-2944
0.0235725,-2733
0.02357375,-2462
0.023575,-2162
0.02357625,-1899
0.0235775,-1701
0.02357875,-1554
0.02358,-1427
0.02358125,-1289
0.0235825,-1124
0.02358375,-923
0.023585,-779
0.02358625,-747
0.0235875,-810
0.02358875,-936
0.02359,-1057
0.02359125,-1118
0.0235925,-1083
0.02359375,-1038
0.023595,-991
0.02359625,-1086
0.0235975,-1268
0.02359875,-1472
0.0236,-1631
0.02360125,-1693
0.0236025,-1649
0.02360375,-1572
0.023605,-1535
0.02360625,-1497
0.0236075,-1478
0.02360875,-1422
0.02361,-1368
0.02361125,-1330
0.0236125,-1369
0.02361375,-1591
0.023615,-1991
0.02361625,-2485
0.0236175,-2950
0.02361875,-3270
0.02362,-3406
0.02362125,-3358
0.0236225,-3321
0.02362375,-3417
0.023625,-3658
0.02362625,-3993
0.0236275,-4341
0.02362875,-4591
0.02363,-4743
0.02363125,-4737
0.0236325,-4693
0.02363375,-4655
0.023635,-4672
0.02363625,-4765
0.0236375,-4905
0.02363875,-5052
0.02364,-5091
0.02364125,-4984
0.0236425,-4733
0.02364375,-4334
0.023645,-3884
0.02364625,-3510
0.0236475,-3295
0.02364875,-3274
0.02365,-3376
0.02365125,-3445
0.0236525,-3365
0.02365375,-3095
0.023655,-2701
0.02365625,-2310
0.0236575,-2062
0.02365875,-1957
0.02366,-1955
0.02366125,-1962
0.0236625,-1874
0.02366375,-1695
0.023665,-1483
0.02366625,-1282
0.0236675,-1116
0.02366875,-985
0.02367,-842
0.02367125,-709
0.0236725,-576
0.02367375,-483
0.023675,-419
0.02367625,-400
0.0236775,-330
0.02367875,-176
0.02368,-10
0.02368125,145
0.0236825,181
0.02368375,95
0.023685,-19
0.02368625,-90
0.0236875,-96
0.02368875,-46
0.02369,-53
0.02369125,-161
0.0236925,-338
0.02369375,-531
0.023695,-665
0.02369625,-657
0.0236975,-552
0.02369875,-389
0.0237,-257
0.02370125,-188
0.0237025,-183
0.02370375,-161
0.023705,-126
0.02370625,-32
0.0237075,96
0.02370875,221
0.02371,322
0.02371125,352
0.0237125,289
0.02371375,82
0.023715,-283
0.02371625,-770
0.0237175,-1238
0.02371875,-1538
0.02372,-1698
0.02372125,-1742
0.0237225,-1992
0.02372375,-2522
0.023725,-3282
0.02372625,-4072
0.0237275,-4608
0.02372875,-4677
0.02373,-4346
0.02373125,-3799
0.0237325,-3365
0.02373375,-3242
0.023735,-3452
0.02373625,-3875
0.0237375,-4256
0.02373875,-4389
0.02374,-4126
0.02374125,-3566
0.0237425,-2903
0.02374375,-2359
0.023745,-2092
0.02374625,-2092
0.0237475,-2231
0.02374875,-2345
0.02375,-2283
0.02375125,-2028
0.0237525,-1639
0.02375375,-1269
0.023755,-998
0.02375625,-823
0.0237575,-735
0.02375875,-670
0.02376,-589
0.02376125,-516
0.0237625,-418
0.02376375,-275
0.023765,-113
0.02376625,70
0.0237675,206
0.02376875,305
0.02377,388
0.02377125,550
0.0237725,866
0.02377375,1326
0.023775,1931
0.02377625,2496
0.0237775,2913
0.02377875,2993
0.02378,2741
0.02378125,2314
0.0237825,1907
0.02378375,1723
0.023785,1845
0.02378625,2162
0.0237875,2461
0.02378875,2528
0.02379,2321
0.02379125,1912
0.0237925,1499
0.02379375,1232
0.023795,1202
0.02379625,1340
0.0237975,1504
0.02379875,1550
0.0238,1489
0.02380125,1354
0.0238025,1194
0.02380375,1091
0.023805,1074
0.02380625,1095
0.0238075,1133
0.02380875,1165
0.02381,1151
0.02381125,1117
0.0238125,1018
0.02381375,800
0.023815,422
0.02381625,-127
0.0238175,-772
0.02381875,-1291
0.02382,-1595
0.02382125,-1652
0.0238225,-1608
0.02382375,-1669
0.023825,-1957
0.02382625,-2449
0.0238275,-3038
0.02382875,-3500
0.02383,-3725
0.02383125,-3727
0.0238325,-3632
0.02383375,-3542
0.023835,-3520
0.02383625,-3575
0.0238375,-3605
0.02383875,-3531
0.02384,-3259
0.02384125,-2817
0.0238425,-2307
0.02384375,-1856
0.023845,-1593
0.02384625,-1528
0.0238475,-1582
0.02384875,-1630
0.02385,-1564
0.02385125,-1314
0.0238525,-948
0.02385375,-541
0.023855,-252
0.02385625,-127
0.0238575,-139
0.02385875,-210
0.02386,-257
0.02386125,-238
0.0238625,-154
0.02386375,6
0.023865,166
0.02386625,334
0.0238675,527
0.02386875,732
0.02387,955
0.02387125,1173
0.0238725,1361
0.02387375,1513
0.023875,1619
0.02387625,1686
0.0238775,1755
0.02387875,1813
0.02388,1876
0.02388125,1962
0.0238825,2075
0.02388375,2196
0.023885,2337
0.02388625,2504
0.0238875,2633
0.02388875,2676
0.02389,2631
0.02389125,2496
0.0238925,2341
0.02389375,2233
0.023895,2162
0.02389625,2157
0.0238975,2154
0.02389875,2133
0.0239,2092
0.02390125,2098
0.0239025,2084
0.02390375,2074
0.023905,2069
0.02390625,2044
0.0239075,1983
0.02390875,1877
0.02391,1725
0.02391125,1589
0.0239125,1482
0.02391375,1417
0.023915,1325
0.02391625,1121
0.0239175,774
0.02391875,275
0.02392,-268
0.02392125,-786
0.0239225,-1146
0.02392375,-1341
0.023925,-1508
0.02392625,-1763
0.0239275,-2155
0.02392875,-2633
0.02393,-2963
0.02393125,-3065
0.0239325,-2950
0.02393375,-2750
0.023935,-2674
0.02393625,-2730
0.0239375,-2778
0.02393875,-2653
0.02394,-2307
0.02394125,-1818
0.0239425,-1373
0.02394375,-1206
0.023945,-1343
0.02394625,-1608
0.0239475,-1819
0.02394875,-1799
0.02395,-1537
0.02395125,-1108
0.0239525,-678
0.02395375,-355
0.023955,-174
0.02395625,-48
0.0239575,62
0.02395875,237
0.02396,428
0.02396125,604
0.0239625,734
0.02396375,790
0.023965,844
0.02396625,955
0.0239675,1131
0.02396875,1328
0.02397,1530
0.02397125,1715
0.0239725,1871
0.02397375,2020
0.023975,2193
0.02397625,2325
0.0239775,2362
0.02397875,2342
0.02398,2282
0.02398125,2236
0.0239825,2210
0.02398375,2247
0.023985,2332
0.02398625,2432
0.0239875,2546
0.02398875,2666
0.02399,2793
0.02399125,2904
0.0239925,3014
0.02399375,3130
0.023995,3224
0.02399625,3256
0.0239975,3249
0.02399875,3208
0.024,3152
0.02400125,3058
0.0240025,2961
0.02400375,2895
0.024005,2867
0.02400625,2909
0.0240075,3018
0.02400875,3163
0.02401,3259
0.02401125,3277
0.0240125,3239
0.02401375,3034
0.024015,2704
0.02401625,2256
0.0240175,1728
0.02401875,1223
0.02402,805
0.02402125,515
0.0240225,363
0.02402375,280
0.024025,150
0.02402625,-53
0.0240275,-354
0.02402875,-724
0.02403,-1160
0.02403125,-1538
0.0240325,-1891
0.02403375,-2143
0.024035,-2304
0.02403625,-2393
0.0240375,-2460
0.02403875,-2620
0.02404,-2908
0.02404125,-3284
0.0240425,-3660
0.02404375,-3904
0.024045,-3960
0.02404625,-3833
0.0240475,-3693
0.02404875,-3807
0.02405,-4136
0.02405125,-4684
0.0240525,-5251
0.02405375,-5710
0.024055,-5964
0.02405625,-5985
0.0240575,-5890
0.02405875,-5753
0.02406,-5624
0.02406125,-5553
0.0240625,-5504
0.02406375,-5437
0.024065,-5308
0.02406625,-5046
0.0240675,-4702
0.02406875,-4306
0.02407,-3917
0.02407125,-3545
0.0240725,-3268
0.02407375,-3069
0.024075,-2919
0.02407625,-2825
0.0240775,-2710
0.02407875,-2591
0.02408,-2504
0.02408125,-2514
0.0240825,-2663
0.02408375,-2905
0.024085,-3215
0.02408625,-3503
0.0240875,-3723
0.02408875,-3787
0.02409,-3775
0.02409125,-3763
0.0240925,-3798
0.02409375,-3878
0.024095,-3963
0.02409625,-3935
0.0240975,-3749
0.02409875,-3427
0.0241,-3078
0.02410125,-2797
0.0241025,-2574
0.02410375,-2443
0.024105,-2273
0.02410625,-2051
0.0241075,-1780
0.02410875,-1494
0.02411,-1246
0.02411125,-1053
0.0241125,-902
0.02411375,-793
0.024115,-760
0.02411625,-907
0.0241175,-1273
0.02411875,-1815
0.02412,-2493
0.02412125,-2995
0.0241225,-3231
0.02412375,-3232
0.024125,-3139
0.02412625,-3175
0.0241275,-3455
0.02412875,-3919
0.02413,-4340
0.02413125,-4502
0.0241325,-4289
0.02413375,-3797
0.024135,-3251
0.02413625,-2934
0.0241375,-2922
0.02413875,-3246
0.02414,-3663
0.02414125,-3998
0.0241425,-4142
0.02414375,-4095
0.024145,-3917
0.02414625,-3698
0.0241475,-3548
0.02414875,-3478
0.02415,-3528
0.02415125,-3688
0.0241525,-3886
0.02415375,-4053
0.024155,-4185
0.02415625,-4218
0.0241575,-4210
0.02415875,-4186
0.02416,-4162
0.02416125,-4160
0.0241625,-4189
0.02416375,-4256
0.024165,-4353
0.02416625,-4420
0.0241675,-4402
0.02416875,-4183
0.02417,-3797
0.02417125,-3263
0.0241725,-2697
0.02417375,-2214
0.024175,-1912
0.02417625,-1715
0.0241775,-1622
0.02417875,-1486
0.02418,-1240
0.02418125,-882
0.0241825,-418
0.02418375,107
0.024185,618
0.02418625,1115
0.0241875,1584
0.02418875,2048
0.02419,2549
0.02419125,3098
0.0241925,3719
0.02419375,4389
0.024195,5058
0.02419625,5654
0.0241975,6193
0.02419875,6708
0.0242,7212
0.02420125,7752
0.0242025,8338
0.02420375,8919
0.024205,9471
0.02420625,9977
0.0242075,10442
0.02420875,10886
0.02421,11295
0.02421125,11698
0.0242125,12082
0.02421375,12417
0.024215,12722
0.02421625,12920
0.0242175,12942
0.02421875,12786
0.02422,12427
0.02422125,11957
0.0242225,11524
0.02422375,11228
0.024225,11096
0.02422625,11086
0.0242275,11032
0.02422875,10809
0.02423,10504
0.02423125,10270
0.0242325,10258
0.02423375,10443
0.024235,10699
0.02423625,10817
0.0242375,10605
0.02423875,10117
0.02424,9515
0.02424125,9029
0.0242425,8728
0.02424375,8575
0.024245,8451
0.02424625,8225
0.0242475,7852
0.02424875,7411
0.02425,6994
0.02425125,6647
0.0242525,6334
0.02425375,6016
0.024255,5652
0.02425625,5236
0.0242575,4770
0.02425875,4315
0.02426,3834
0.02426125,3403
0.0242625,2995
0.02426375,2628
0.024265,2313
0.02426625,1952
0.0242675,1531
0.02426875,1034
0.02427,484
0.02427125,-73
0.0242725,-586
0.02427375,-1048
0.024275,-1460
0.02427625,-1896
0.0242775,-2353
0.02427875,-2825
0.02428,-3373
0.02428125,-3966
0.0242825,-4576
0.02428375,-5200
0.024285,-5820
0.02428625,-6318
0.0242875,-6717
0.02428875,-7046
0.02429,-7385
0.02429125,-7829
0.0242925,-8352
0.02429375,-8880
0.024295,-9270
0.02429625,-9472
0.0242975,-9513
0.02429875,-9508
0.0243,-9601
0.02430125,-9769
0.0243025,-9973
0.02430375,-10133
0.024305,-10180
0.02430625,-10072
0.0243075,-10000
0.02430875,-10036
0.02431,-10212
0.02431125,-10516
0.0243125,-10802
0.02431375,-10902
0.024315,-10795
0.02431625,-10581
0.0243175,-10477
0.02431875,-10755
0.02432,-11414
0.02432125,-12217
0.0243225,-12811
0.02432375,-12950
0.024325,-12554
0.02432625,-11867
0.0243275,-11100
0.02432875,-10448
0.02433,-9813
0.02433125,-9118
0.0243325,-8339
0.02433375,-7516
0.024335,-6836
0.02433625,-6377
0.0243375,-6102
0.02433875,-5843
0.02434,-5425
0.02434125,-4823
0.0243425,-4096
0.02434375,-3439
0.024345,-2915
0.02434625,-2573
0.0243475,-2338
0.02434875,-2081
0.02435,-1767
0.02435125,-1396
0.0243525,-999
0.02435375,-634
0.024355,-367
0.02435625,-144
0.0243575,57
0.02435875,338
0.02436,647
0.02436125,978
0.0243625,1317
0.02436375,1603
0.024365,1848
0.02436625,2040
0.0243675,2188
0.02436875,2298
0.02437,2366
0.02437125,2427
0.0243725,2514
0.02437375,2612
0.024375,2737
0.02437625,2816
0.0243775,2896
0.02437875,2871
0.02438,2784
0.02438125,2687
0.0243825,2633
0.02438375,2641
0.024385,2662
0.02438625,2675
0.0243875,2660
0.02438875,2602
0.02439,2560
0.02439125,2534
0.0243925,2484
0.02439375,2396
0.024395,2289
0.02439625,2155
0.0243975,2037
0.02439875,1970
0.0244,1944
0.02440125,1942
0.0244025,1943
0.02440375,1887
0.024405,1809
0.02440625,1685
0.0244075,1524
0.02440875,1337
0.02441,1134
0.02441125,910
0.0244125,691
0.02441375,557
0.024415,489
0.02441625,462
0.0244175,297
0.02441875,-135
0.02442,-872
0.02442125,-1750
0.0244225,-2567
0.02442375,-3038
0.024425,-3113
0.02442625,-2893
0.0244275,-2529
0.02442875,-2242
0.02443,-2133
0.02443125,-2121
0.0244325,-2142
0.02443375,-2070
0.024435,-1922
0.02443625,-1756
0.0244375,-1662
0.02443875,-1654
0.02444,-1693
0.02444125,-1730
0.0244425,-1717
0.02444375,-1643
0.024445,-1608
0.02444625,-1647
0.0244475,-1751
0.02444875,-1866
0.02445,-1950
0.02445125,-1935
0.0244525,-1808
0.02445375,-1639
0.024455,-1481
0.02445625,-1364
0.0244575,-1329
0.02445875,-1327
0.02446,-1345
0.02446125,-1362
0.0244625,-1314
0.02446375,-1252
0.024465,-1122
0.02446625,-848
0.0244675,-443
0.02446875,12
0.02447,411
0.02447125,623
0.0244725,606
0.02447375,386
0.024475,94
0.02447625,-208
0.0244775,-435
0.02447875,-556
0.02448,-557
0.02448125,-482
0.0244825,-446
0.02448375,-498
0.024485,-671
0.02448625,-955
0.0244875,-1276
0.02448875,-1506
0.02449,-1641
0.02449125,-1704
0.0244925,-1766
0.02449375,-1862
0.024495,-2048
0.02449625,-2291
0.0244975,-2555
0.02449875,-2807
0.0245,-2949
0.02450125,-3010
0.0245025,-3052
0.02450375,-3082
0.024505,-3175
0.02450625,-3335
0.0245075,-3545
0.02450875,-3715
0.02451,-3850
0.02451125,-3973
0.0245125,-4037
0.02451375,-4078
0.024515,-4101
0.02451625,-4126
0.0245175,-4256
0.02451875,-4640
0.02452,-5297
0.02452125,-6115
0.0245225,-6844
0.02452375,-7275
0.024525,-7244
0.02452625,-6907
0.0245275,-6465
0.02452875,-6136
0.02453,-6090
0.02453125,-6227
0.0245325,-6379
0.02453375,-6325
0.024535,-5962
0.02453625,-5378
0.0245375,-4745
0.02453875,-4261
0.02454,-3996
0.02454125,-3915
0.0245425,-3861
0.02454375,-3681
0.024545,-3328
0.02454625,-2796
0.0245475,-2240
0.02454875,-1788
0.02455,-1497
0.02455125,-1373
0.0245525,-1345
0.02455375,-1325
0.024555,-1239
0.02455625,-1104
0.0245575,-865
0.02455875,-607
0.02456,-390
0.02456125,-204
0.0245625,-96
0.02456375,-29
0.024565,29
0.02456625,130
0.0245675,317
0.02456875,578
0.02457,906
0.02457125,1242
0.0245725,1570
0.02457375,1838
0.024575,2083
0.02457625,2269
0.0245775,2392
0.02457875,2472
0.02458,2519
0.02458125,2536
0.0245825,2525
0.02458375,2505
0.024585,2429
0.02458625,2315
0.0245875,2146
0.02458875,1935
0.02459,1681
0.02459125,1435
0.0245925,1176
0.02459375,998
0.024595,896
0.02459625,868
0.0245975,856
0.02459875,816
0.0246,688
0.02460125,458
0.0246025,158
0.02460375,-117
0.024605,-349
0.02460625,-517
0.0246075,-610
0.02460875,-680
0.02461,-778
0.02461125,-972
0.0246125,-1291
0.02461375,-1764
0.024615,-2352
0.02461625,-2956
0.0246175,-3497
0.02461875,-3958
0.02462,-4382
0.02462125,-4776
0.0246225,-5158
0.02462375,-5523
0.024625,-5799
0.02462625,-5904
0.0246275,-5894
0.02462875,-5807
0.02463,-5700
0.02463125,-5580
0.0246325,-5438
0.02463375,-5291
0.024635,-5182
0.02463625,-5179
0.0246375,-5283
0.02463875,-5470
0.02464,-5598
0.02464125,-5583
0.0246425,-5436
0.02464375,-5196
0.024645,-5008
0.02464625,-4909
0.0246475,-4927
0.02464875,-5013
0.02465,-5067
0.02465125,-5050
0.0246525,-4942
0.02465375,-4775
0.024655,-4633
0.02465625,-4555
0.0246575,-4542
0.02465875,-4616
0.02466,-4686
0.02466125,-4693
0.0246625,-4634
0.02466375,-4510
0.024665,-4297
0.02466625,-4083
0.0246675,-3918
0.02466875,-3795
0.02467,-3694
0.02467125,-3632
0.0246725,-3503
0.02467375,-3322
0.024675,-3073
0.02467625,-2784
0.0246775,-2521
0.02467875,-2361
0.02468,-2277
0.02468125,-2250
0.0246825,-2265
0.02468375,-2196
0.024685,-2072
0.02468625,-1927
0.0246875,-1832
0.02468875,-1810
0.02469,-1879
0.02469125,-2003
0.0246925,-2128
0.02469375,-2139
0.024695,-2127
0.02469625,-2086
0.0246975,-2065
0.02469875,-2107
0.0247,-2254
0.02470125,-2397
0.0247025,-2537
0.02470375,-2585
0.024705,-2570
0.02470625,-2510
0.0247075,-2456
0.02470875,-2425
0.02471,-2488
0.02471125,-2670
0.0247125,-2927
0.02471375,-3230
0.024715,-3477
0.02471625,-3622
0.0247175,-3738
0.02471875,-3937
0.02472,-4292
0.02472125,-4738
0.0247225,-5114
0.02472375,-5250
0.024725,-5095
0.02472625,-4734
0.0247275,-4412
0.02472875,-4317
0.02473,-4425
0.02473125,-4616
0.0247325,-4666
0.02473375,-4477
0.024735,-4155
0.02473625,-3853
0.0247375,-3757
0.02473875,-3880
0.02474,-4098
0.02474125,-4243
0.0247425,-4198
0.02474375,-3969
0.024745,-3693
0.02474625,-3474
0.0247475,-3404
0.02474875,-3423
0.02475,-3469
0.02475125,-3450
0.0247525,-3349
0.02475375,-3169
0.024755,-2976
0.02475625,-2846
0.0247575,-2799
0.02475875,-2849
0.02476,-2970
0.02476125,-3066
0.0247625,-3099
0.02476375,-3048
0.024765,-2819
0.02476625,-2446
0.0247675,-1993
0.02476875,-1558
0.02477,-1286
0.02477125,-1299
0.0247725,-1574
0.02477375,-1954
0.024775,-2246
0.02477625,-2331
0.0247775,-2126
0.02477875,-1776
0.02478,-1445
0.02478125,-1283
0.0247825,-1334
0.02478375,-1507
0.024785,-1706
0.02478625,-1854
0.0247875,-1901
0.02478875,-1900
0.02479,-1863
0.02479125,-1815
0.0247925,-1754
0.02479375,-1749
0.024795,-1782
0.02479625,-1896
0.0247975,-2048
0.02479875,-2178
0.0248,-2258
0.02480125,-2301
0.0248025,-2322
0.02480375,-2422
0.024805,-2619
0.02480625,-2825
0.0248075,-3003
0.02480875,-3134
0.02481,-3286
0.02481125,-3491
0.0248125,-3758
0.02481375,-4030
0.024815,-4226
0.02481625,-4339
0.0248175,-4439
0.02481875,-4661
0.02482,-5064
0.02482125,-5518
0.0248225,-5850
0.02482375,-5854
0.024825,-5544
0.02482625,-5078
0.0248275,-4744
0.02482875,-4718
0.02483,-4965
0.02483125,-5211
0.0248325,-5210
0.02483375,-4843
0.024835,-4220
0.02483625,-3638
0.0248375,-3323
0.02483875,-3316
0.02484,-3559
0.02484125,-3683
0.0248425,-3558
0.02484375,-3153
0.024845,-2655
0.02484625,-2200
0.0248475,-1938
0.02484875,-1798
0.02485,-1686
0.02485125,-1494
0.0248525,-1245
0.02485375,-1010
0.024855,-838
0.02485625,-763
0.0248575,-674
0.02485875,-599
0.02486,-485
0.02486125,-384
0.0248625,-284
0.02486375,-237
0.024865,-191
0.02486625,-156
0.0248675,-123
0.02486875,-57
0.02487,9
0.02487125,90
0.0248725,159
0.02487375,282
0.024875,385
0.02487625,503
0.0248775,621
0.02487875,713
0.02488,797
0.02488125,920
0.0248825,1053
0.02488375,1174
0.024885,1226
0.02488625,1196
0.0248875,1147
0.02488875,1092
0.02489,1054
0.02489125,1057
0.0248925,1039
0.02489375,1023
0.024895,948
0.02489625,860
0.0248975,780
0.02489875,714
0.0249,681
0.02490125,670
0.0249025,677
0.02490375,684
0.024905,632
0.02490625,486
0.0249075,209
0.02490875,-239
0.02491,-727
0.02491125,-1195
0.0249125,-1509
0.02491375,-1637
0.024915,-1597
0.02491625,-1583
0.0249175,-1772
0.02491875,-2222
0.02492,-2807
0.02492125,-3193
0.0249225,-3176
0.02492375,-2764
0.024925,-2137
0.02492625,-1653
0.0249275,-1536
0.02492875,-1838
0.02493,-2218
0.02493125,-2372
0.0249325,-2100
0.02493375,-1479
0.024935,-783
0.02493625,-325
0.0249375,-282
0.02493875,-578
0.02494,-920
0.02494125,-1109
0.0249425,-1025
0.02494375,-771
0.024945,-503
0.02494625,-427
0.0249475,-541
0.02494875,-750
0.02495,-914
0.02495125,-959
0.0249525,-900
0.02495375,-759
0.024955,-683
0.02495625,-644
0.0249575,-642
0.02495875,-615
0.02496,-582
0.02496125,-513
0.0249625,-385
0.02496375,-185
0.024965,157
0.02496625,620
0.0249675,1118
0.02496875,1493
0.02497,1538
0.02497125,1216
0.0249725,670
0.02497375,145
0.024975,-115
0.02497625,-42
0.0249775,281
0.02497875,606
0.02498,717
0.02498125,551
0.0249825,150
0.02498375,-232
0.024985,-490
0.02498625,-617
0.0249875,-606
0.02498875,-582
0.02499,-629
0.02499125,-760
0.0249925,-944
0.02499375,-1147
0.024995,-1327
0.02499625,-1458
0.0249975,-1540
0.02499875,-1619
0.025,-1696
0.02500125,-1761
0.0250025,-1836
0.02500375,-1984
0.025005,-2231
0.02500625,-2605
0.0250075,-3089
0.02500875,-3643
0.02501,-4112
0.02501125,-4431
0.0250125,-4582
0.02501375,-4595
0.025015,-4515
0.02501625,-4494
0.0250175,-4572
0.02501875,-4737
0.02502,-4911
0.02502125,-5022
0.0250225,-5008
0.02502375,-4933
0.025025,-4833
0.02502625,-4782
0.0250275,-4829
0.02502875,-4913
0.02503,-4923
0.02503125,-4789
0.0250325,-4452
0.02503375,-3947
0.025035,-3452
0.02503625,-3120
0.0250375,-3019
0.02503875,-3081
0.02504,-3171
0.02504125,-3171
0.0250425,-2992
0.02504375,-2639
0.025045,-2252
0.02504625,-1968
0.0250475,-1851
0.02504875,-1888
0.02505,-2022
0.02505125,-2064
0.0250525,-1926
0.02505375,-1654
0.025055,-1205
0.02505625,-848
0.0250575,-553
0.02505875,-360
0.02506,-269
0.02506125,-222
0.0250625,-132
0.02506375,-17
0.025065,137
0.02506625,326
0.0250675,484
0.02506875,563
0.02507,574
0.02507125,540
0.0250725,528
0.02507375,535
0.025075,624
0.02507625,712
0.0250775,830
0.02507875,882
0.02508,877
0.02508125,824
0.0250825,751
0.02508375,696
0.025085,691
0.02508625,714
0.0250875,771
0.02508875,778
0.02509,687
0.02509125,586
0.0250925,495
0.02509375,422
0.025095,399
0.02509625,411
0.0250975,403
0.02509875,381
0.0251,347
0.02510125,266
0.0251025,86
0.02510375,-214
0.025105,-608
0.02510625,-998
0.0251075,-1265
0.02510875,-1328
0.02511,-1230
0.02511125,-1109
0.0251125,-1129
0.02511375,-1470
0.025115,-2083
0.02511625,-2808
0.0251175,-3319
0.02511875,-3455
0.02512,-3196
0.02512125,-2745
0.0251225,-2450
0.02512375,-2478
0.025125,-2863
0.02512625,-3411
0.0251275,-3815
0.02512875,-3933
0.02513,-3684
0.02513125,-3192
0.0251325,-2627
0.02513375,-2171
0.025135,-1931
0.02513625,-1910
0.0251375,-1998
0.02513875,-2068
0.02514,-2029
0.02514125,-1848
0.0251425,-1563
0.02514375,-1310
0.025145,-1033
0.02514625,-871
0.0251475,-792
0.02514875,-762
0.02515,-726
0.02515125,-644
0.0251525,-507
0.02515375,-375
0.025155,-278
0.02515625,-239
0.0251575,-266
0.02515875,-343
0.02516,-441
0.02516125,-542
0.0251625,-620
0.02516375,-669
0.025165,-639
0.02516625,-555
0.0251675,-422
0.02516875,-308
0.02517,-215
0.02517125,-140
0.0251725,-113
0.02517375,-90
0.025175,-61
0.02517625,-30
0.0251775,44
0.02517875,157
0.02518,251
0.02518125,344
0.0251825,359
0.02518375,303
0.025185,213
0.02518625,117
0.0251875,19
0.02518875,-59
0.02519,-147
0.02519125,-252
0.0251925,-405
0.02519375,-591
0.025195,-788
0.02519625,-946
0.0251975,-1077
0.02519875,-1233
0.0252,-1462
0.02520125,-1857
0.0252025,-2359
0.02520375,-2887
0.025205,-3303
0.02520625,-3500
0.0252075,-3479
0.02520875,-3311
0.02521,-3175
0.02521125,-3203
0.0252125,-3387
0.02521375,-3648
0.025215,-3881
0.02521625,-3955
0.0252175,-3889
0.02521875,-3744
0.02522,-3651
0.02522125,-3663
0.0252225,-3774
0.02522375,-3907
0.025225,-4012
0.02522625,-4068
0.0252275,-4063
0.02522875,-4056
0.02523,-4037
0.02523125,-4003
0.0252325,-3889
0.02523375,-3567
0.025235,-3216
0.02523625,-2811
0.0252375,-2440
0.02523875,-2253
0.02524,-2197
0.02524125,-2203
0.0252425,-2171
0.02524375,-2013
0.025245,-1771
0.02524625,-1462
0.0252475,-1223
0.02524875,-1106
0.02525,-1100
0.02525125,-1095
0.0252525,-1017
0.02525375,-854
0.025255,-583
0.02525625,-266
0.0252575,13
0.02525875,213
0.02526,359
0.02526125,470
0.0252625,617
0.02526375,804
0.025265,1016
0.02526625,1263
0.0252675,1422
0.02526875,1519
0.02527,1545
0.02527125,1558
0.0252725,1561
0.02527375,1585
0.025275,1650
0.02527625,1672
0.0252775,1665
0.02527875,1655
0.02528,1622
0.02528125,1610
0.0252825,1593
0.02528375,1596
0.025285,1622
0.02528625,1620
0.0252875,1586
0.02528875,1531
0.02529,1449
0.02529125,1347
0.0252925,1281
0.02529375,1297
0.025295,1355
0.02529625,1424
0.0252975,1384
0.02529875,1140
0.0253,677
0.02530125,88
0.0253025,-491
0.02530375,-842
0.025305,-943
0.02530625,-857
0.0253075,-750
0.02530875,-767
0.02531,-1006
0.02531125,-1432
0.0253125,-1958
0.02531375,-2539
0.025315,-3046
0.02531625,-3370
0.0253175,-3393
0.02531875,-3116
0.02532,-2674
0.02532125,-2269
0.0253225,-2115
0.02532375,-2266
0.025325,-2603
0.02532625,-2899
0.0253275,-2987
0.02532875,-2826
0.02533,-2536
0.02533125,-2262
0.0253325,-2054
0.02533375,-1927
0.025335,-1766
0.02533625,-1503
0.0253375,-1184
0.02533875,-923
0.02534,-802
0.02534125,-872
0.0253425,-1008
0.02534375,-1087
0.025345,-1025
0.02534625,-794
0.0253475,-526
0.02534875,-347
0.02535,-264
0.02535125,-252
0.0253525,-237
0.02535375,-155
0.025355,-11
0.02535625,171
0.0253575,314
0.02535875,416
0.02536,480
0.02536125,536
0.0253625,586
0.02536375,662
0.025365,764
0.02536625,926
0.0253675,1091
0.02536875,1247
0.02537,1322
0.02537125,1289
0.0253725,1147
0.02537375,989
0.025375,886
0.02537625,864
0.0253775,898
0.02537875,877
0.02538,750
0.02538125,506
0.0253825,218
0.02538375,-17
0.025385,-166
0.02538625,-229
0.0253875,-263
0.02538875,-316
0.02539,-398
0.02539125,-530
0.0253925,-636
0.02539375,-699
0.025395,-796
0.02539625,-985
0.0253975,-1312
0.02539875,-1742
0.0254,-2116
0.02540125,-2362
0.0254025,-2415
0.02540375,-2331
0.025405,-2266
0.02540625,-2344
0.0254075,-2619
0.02540875,-3031
0.02541,-3473
0.02541125,-3848
0.0254125,-4078
0.02541375,-4190
0.025415,-4239
0.02541625,-4252
0.0254175,-4271
0.02541875,-4281
0.02542,-4323
0.02542125,-4362
0.0254225,-4412
0.02542375,-4441
0.025425,-4440
0.02542625,-4304
0.0254275,-4129
0.02542875,-3971
0.02543,-3824
0.02543125,-3698
0.0254325,-3539
0.02543375,-3271
0.025435,-2908
0.02543625,-2515
0.0254375,-2205
0.02543875,-2094
0.02544,-2134
0.02544125,-2268
0.0254425,-2342
0.02544375,-2285
0.025445,-2102
0.02544625,-1886
0.0254475,-1719
0.02544875,-1666
0.02545,-1689
0.02545125,-1730
0.0254525,-1744
0.02545375,-1696
0.025455,-1594
0.02545625,-1465
0.0254575,-1368
0.02545875,-1284
0.02546,-1266
0.02546125,-1268
0.0254625,-1249
0.02546375,-1198
0.025465,-1056
0.02546625,-903
0.0254675,-774
0.02546875,-692
0.02547,-654
0.02547125,-619
0.0254725,-576
0.02547375,-519
0.025475,-449
0.02547625,-427
0.0254775,-437
0.02547875,-476
0.02548,-541
0.02548125,-608
0.0254825,-658
0.02548375,-714
0.025485,-783
0.02548625,-871
0.0254875,-999
0.02548875,-1139
0.02549,-1297
0.02549125,-1461
0.0254925,-1649
0.02549375,-1888
0.025495,-2206
0.02549625,-2544
0.0254975,-2839
0.02549875,-3014
0.0255,-3031
0.02550125,-2974
0.0255025,-2920
0.02550375,-2919
0.025505,-2978
0.02550625,-3111
0.0255075,-3269
0.02550875,-3438
0.02551,-3601
0.02551125,-3704
0.0255125,-3776
0.02551375,-3866
0.025515,-3962
0.02551625,-4096
0.0255175,-4233
0.02551875,-4350
0.02552,-4446
0.02552125,-4490
0.0255225,-4524
0.02552375,-4566
0.025525,-4625
0.02552625,-4683
0.0255275,-4731
0.02552875,-4779
0.02553,-4802
0.02553125,-4799
0.0255325,-4763
0.02553375,-4599
0.025535,-4296
0.02553625,-3853
0.0255375,-3333
0.02553875,-2912
0.02554,-2653
0.02554125,-2538
0.0255425,-2491
0.02554375,-2370
0.025545,-2096
0.02554625,-1712
0.0255475,-1384
0.02554875,-1158
0.02555,-1109
0.02555125,-1238
0.0255525,-1424
0.02555375,-1621
0.025555,-1737
0.02555625,-1718
0.0255575,-1526
0.02555875,-1192
0.02556,-778
0.02556125,-396
0.0255625,-168
0.02556375,-192
0.025565,-477
0.02556625,-928
0.0255675,-1321
0.02556875,-1484
0.02557,-1359
0.02557125,-1029
0.0255725,-670
0.02557375,-444
0.025575,-463
0.02557625,-680
0.0255775,-914
0.02557875,-1092
0.02558,-1156
0.02558125,-1118
0.0255825,-1070
0.02558375,-1074
0.025585,-1137
0.02558625,-1250
0.0255875,-1408
0.02558875,-1637
0.02559,-1956
0.02559125,-2365
0.0255925,-2874
0.02559375,-3406
0.025595,-3848
0.02559625,-4097
0.0255975,-4172
0.02559875,-4166
0.0256,-4187
0.02560125,-4313
0.0256025,-4566
0.02560375,-4889
0.025605,-5178
0.02560625,-5355
0.0256075,-5410
0.02560875,-5376
0.02561,-5334
0.02561125,-5341
0.0256125,-5372
0.02561375,-5446
0.025615,-5486
0.02561625,-5502
0.0256175,-5496
0.02561875,-5461
0.02562,-5415
0.02562125,-5368
0.0256225,-5296
0.02562375,-5226
0.025625,-5123
0.02562625,-5000
0.0256275,-4866
0.02562875,-4774
0.02563,-4681
0.02563125,-4650
0.0256325,-4657
0.02563375,-4625
0.025635,-4495
0.02563625,-4203
0.0256375,-3750
0.02563875,-3262
0.02564,-2898
0.02564125,-2748
0.0256425,-2811
0.02564375,-2938
0.025645,-2953
0.02564625,-2752
0.0256475,-2401
0.02564875,-2014
0.02565,-1705
0.02565125,-1552
0.0256525,-1514
0.02565375,-1497
0.025655,-1465
0.02565625,-1354
0.0256575,-1186
0.02565875,-1043
0.02566,-962
0.02566125,-941
0.0256625,-913
0.02566375,-846
0.025665,-747
0.02566625,-596
0.0256675,-483
0.02566875,-431
0.02567,-450
0.02567125,-450
0.0256725,-445
0.02567375,-431
0.025675,-417
0.02567625,-402
0.0256775,-415
0.02567875,-425
0.02568,-428
0.02568125,-428
0.0256825,-471
0.02568375,-516
0.025685,-599
0.02568625,-658
0.0256875,-773
0.02568875,-1012
0.02569,-1432
0.02569125,-1998
0.0256925,-2610
0.02569375,-3117
0.025695,-3418
0.02569625,-3515
0.0256975,-3551
0.02569875,-3674
0.0257,-3942
0.02570125,-4334
0.0257025,-4762
0.02570375,-5091
0.025705,-5295
0.02570625,-5388
0.0257075,-5425
0.02570875,-5472
0.02571,-5542
0.02571125,-5621
0.0257125,-5721
0.02571375,-5811
0.025715,-5866
0.02571625,-5878
0.0257175,-5871
0.02571875,-5851
0.02572,-5845
0.02572125,-5852
0.0257225,-5849
0.02572375,-5832
0.025725,-5819
0.02572625,-5804
0.0257275,-5817
0.02572875,-5852
0.02573,-5929
0.02573125,-6038
0.0257325,-6111
0.02573375,-6038
0.025735,-5737
0.02573625,-5216
0.0257375,-4561
0.02573875,-3922
0.02574,-3508
0.02574125,-3302
0.0257425,-3285
0.02574375,-3286
0.025745,-3156
0.02574625,-2848
0.0257475,-2422
0.02574875,-2017
0.02575,-1737
0.02575125,-1590
0.0257525,-1507
0.02575375,-1435
0.025755,-1347
0.02575625,-1231
0.0257575,-1110
0.02575875,-1022
0.02576,-959
0.02576125,-907
0.0257625,-888
0.02576375,-883
0.025765,-890
0.02576625,-939
0.0257675,-970
0.02576875,-1029
0.02577,-1098
0.02577125,-1172
0.0257725,-1229
0.02577375,-1269
0.025775,-1309
0.02577625,-1323
0.0257775,-1342
0.02577875,-1394
0.02578,-1404
0.02578125,-1431
0.0257825,-1424
0.02578375,-1404
0.025785,-1420
0.02578625,-1535
0.0257875,-1838
0.02578875,-2316
0.02579,-2815
0.02579125,-3209
0.0257925,-3395
0.02579375,-3394
0.025795,-3293
0.02579625,-3266
0.0257975,-3392
0.02579875,-3748
0.0258,-4187
0.02580125,-4623
0.0258025,-4940
0.02580375,-5135
0.025805,-5257
0.02580625,-5392
0.0258075,-5579
0.02580875,-5772
0.02581,-5954
0.02581125,-6119
0.0258125,-6211
0.02581375,-6233
0.025815,-6217
0.02581625,-6225
0.0258175,-6199
0.02581875,-6196
0.02582,-6220
0.02582125,-6224
0.0258225,-6183
0.02582375,-6113
0.025825,-6003
0.02582625,-5881
0.0258275,-5762
0.02582875,-5679
0.02583,-5614
0.02583125,-5563
0.0258325,-5502
0.02583375,-5370
0.025835,-5227
0.02583625,-4923
0.0258375,-4558
0.02583875,-4147
0.02584,-3766
0.02584125,-3513
0.0258425,-3429
0.02584375,-3492
0.025845,-3605
0.02584625,-3610
0.0258475,-3478
0.02584875,-3202
0.02585,-2890
0.02585125,-2620
0.0258525,-2443
0.02585375,-2368
0.025855,-2241
0.02585625,-2112
0.0258575,-1960
0.02585875,-1776
0.02586,-1621
0.02586125,-1486
0.0258625,-1364
0.02586375,-1266
0.025865,-1182
0.02586625,-1109
0.0258675,-1063
0.02586875,-1030
0.02587,-990
0.02587125,-946
0.0258725,-928
0.02587375,-931
0.025875,-999
0.02587625,-1106
0.0258775,-1193
0.02587875,-1215
0.02588,-1182
0.02588125,-1142
0.0258825,-1181
0.02588375,-1352
0.025885,-1714
0.02588625,-2171
0.0258875,-2620
0.02588875,-2936
0.02589,-3054
0.02589125,-3011
0.0258925,-2999
0.02589375,-3100
0.025895,-3408
0.02589625,-3834
0.0258975,-4288
0.02589875,-4675
0.0259,-4914
0.02590125,-5085
0.0259025,-5207
0.02590375,-5404
0.025905,-5661
0.02590625,-5953
0.0259075,-6257
0.02590875,-6500
0.02591,-6672
0.02591125,-6779
0.0259125,-6792
0.02591375,-6743
0.025915,-6662
0.02591625,-6588
0.0259175,-6565
0.02591875,-6591
0.02592,-6644
0.02592125,-6661
0.0259225,-6614
0.02592375,-6463
0.025925,-6256
0.02592625,-6009
0.0259275,-5750
0.02592875,-5531
0.02593,-5384
0.02593125,-5266
0.0259325,-5189
0.02593375,-5151
0.025935,-5113
0.02593625,-4996
0.0259375,-4780
0.02593875,-4446
0.02594,-4042
0.02594125,-3650
0.0259425,-3413
0.02594375,-3387
0.025945,-3529
0.02594625,-3665
0.0259475,-3706
0.02594875,-3536
0.02595,-3195
0.02595125,-2823
0.0259525,-2521
0.02595375,-2363
0.025955,-2305
0.02595625,-2219
0.0259575,-2104
0.02595875,-1939
0.02596,-1775
0.02596125,-1664
0.0259625,-1644
0.02596375,-1610
0.025965,-1587
0.02596625,-1570
0.0259675,-1583
0.02596875,-1632
0.02597,-1704
0.02597125,-1750
0.0259725,-1755
0.02597375,-1689
0.025975,-1632
0.02597625,-1599
0.0259775,-1599
0.02597875,-1621
0.02598,-1646
0.02598125,-1734
0.0259825,-1936
0.02598375,-2295
0.025985,-2762
0.02598625,-3186
0.0259875,-3461
0.02598875,-3515
0.02599,-3446
0.02599125,-3413
0.0259925,-3529
0.02599375,-3847
0.025995,-4256
0.02599625,-4617
0.0259975,-4813
0.02599875,-4871
0.026,-4925
0.02600125,-5072
0.0260025,-5295
0.02600375,-5553
0.026005,-5731
0.02600625,-5808
0.0260075,-5797
0.02600875,-5774
0.02601,-5789
0.02601125,-5885
0.0260125,-5984
0.02601375,-6095
0.026015,-6182
0.02601625,-6238
0.0260175,-6268
0.02601875,-6270
0.02602,-6282
0.02602125,-6251
0.0260225,-6204
0.02602375,-6141
0.026025,-6071
0.02602625,-6059
0.0260275,-6019
0.02602875,-5947
0.02603,-5831
0.02603125,-5653
0.0260325,-5475
0.02603375,-5337
0.026035,-5234
0.02603625,-5160
0.0260375,-5066
0.02603875,-4880
0.02604,-4504
0.02604125,-3979
0.0260425,-3418
0.02604375,-2995
0.026045,-2810
0.02604625,-2823
0.0260475,-2921
0.02604875,-3005
0.02605,-2999
0.02605125,-2954
0.0260525,-2894
0.02605375,-2820
0.026055,-2726
0.02605625,-2579
0.0260575,-2390
0.02605875,-2198
0.02606,-2003
0.02606125,-1859
0.0260625,-1765
0.02606375,-1661
0.026065,-1525
0.02606625,-1384
0.0260675,-1238
0.02606875,-1090
0.02607,-981
0.02607125,-882
0.0260725,-829
0.02607375,-794
0.026075,-811
0.02607625,-950
0.0260775,-1169
0.02607875,-1470
0.02608,-1876
0.02608125,-2289
0.0260825,-2700
0.02608375,-3035
0.026085,-3314
0.02608625,-3530
0.0260875,-3694
0.02608875,-3907
0.02609,-4158
0.02609125,-4462
0.0260925,-4771
0.02609375,-5055
0.026095,-5222
0.02609625,-5315
0.0260975,-5333
0.02609875,-5371
0.0261,-5441
0.02610125,-5558
0.0261025,-5709
0.02610375,-5859
0.026105,-5942
0.02610625,-5969
0.0261075,-5946
0.02610875,-5978
0.02611,-6072
0.02611125,-6236
0.0261125,-6436
0.02611375,-6598
0.026115,-6675
0.02611625,-6648
0.0261175,-6572
0.02611875,-6517
0.02612,-6511
0.02612125,-6518
0.0261225,-6490
0.02612375,-6386
0.026125,-6218
0.02612625,-6075
0.0261275,-5999
0.02612875,-5977
0.02613,-6001
0.02613125,-5946
0.0261325,-5829
0.02613375,-5654
0.026135,-5518
0.02613625,-5429
0.0261375,-5401
0.02613875,-5297
0.02614,-4996
0.02614125,-4497
0.0261425,-3867
0.02614375,-3291
0.026145,-2940
0.02614625,-2799
0.0261475,-2783
0.02614875,-2722
0.02615,-2517
0.02615125,-2157
0.0261525,-1841
0.02615375,-1637
0.026155,-1636
0.02615625,-1815
0.0261575,-2003
0.02615875,-2113
0.02616,-2156
0.02616125,-2152
0.0261625,-2184
0.02616375,-2307
0.026165,-2517
0.02616625,-2676
0.0261675,-2709
0.02616875,-2577
0.02617,-2366
0.02617125,-2152
0.0261725,-1992
0.02617375,-1910
0.026175,-1926
0.02617625,-2014
0.0261775,-2183
0.02617875,-2429
0.02618,-2679
0.02618125,-2879
0.0261825,-2894
0.02618375,-2838
0.026185,-2790
0.02618625,-2816
0.0261875,-2990
0.02618875,-3310
0.02619,-3691
0.02619125,-4054
0.0261925,-4339
0.02619375,-4526
0.026195,-4628
0.02619625,-4714
0.0261975,-4838
0.02619875,-5029
0.0262,-5217
0.02620125,-5472
0.0262025,-5823
0.02620375,-6311
0.026205,-6892
0.02620625,-7503
0.0262075,-7984
0.02620875,-8162
0.02621,-7975
0.02621125,-7518
0.0262125,-6951
0.02621375,-6513
0.026215,-6311
0.02621625,-6371
0.0262175,-6515
0.02621875,-6596
0.02622,-6466
0.02622125,-6108
0.0262225,-5654
0.02622375,-5243
0.026225,-5026
0.02622625,-5025
0.0262275,-5189
0.02622875,-5383
0.02623,-5475
0.02623125,-5453
0.0262325,-5292
0.02623375,-5090
0.026235,-4983
0.02623625,-4978
0.0262375,-5026
0.02623875,-5034
0.02624,-4871
0.02624125,-4480
0.0262425,-3908
0.02624375,-3317
0.026245,-2888
0.02624625,-2686
0.0262475,-2684
0.02624875,-2709
0.02625,-2688
0.02625125,-2510
0.0262525,-2209
0.02625375,-1862
0.026255,-1603
0.02625625,-1479
0.0262575,-1437
0.02625875,-1405
0.02626,-1347
0.02626125,-1158
0.0262625,-914
0.02626375,-697
0.026265,-546
0.02626625,-512
0.0262675,-561
0.02626875,-643
0.02627,-685
0.02627125,-640
0.0262725,-577
0.02627375,-609
0.026275,-834
0.02627625,-1282
0.0262775,-1857
0.02627875,-2435
0.02628,-2814
0.02628125,-2905
0.0262825,-2793
0.02628375,-2643
0.026285,-2611
0.02628625,-2810
0.0262875,-3135
0.02628875,-3528
0.02629,-3729
0.02629125,-3742
0.0262925,-3695
0.02629375,-3734
0.026295,-3922
0.02629625,-4281
0.0262975,-4698
0.02629875,-5016
0.0263,-5204
0.02630125,-5292
0.0263025,-5379
0.02630375,-5546
0.026305,-5805
0.02630625,-6111
0.0263075,-6357
0.02630875,-6470
0.02631,-6398
0.02631125,-6170
0.0263125,-5879
0.02631375,-5622
0.026315,-5481
0.02631625,-5496
0.0263175,-5577
0.02631875,-5662
0.02632,-5688
0.02632125,-5632
0.0263225,-5519
0.02632375,-5405
0.026325,-5433
0.02632625,-5516
0.0263275,-5634
0.02632875,-5702
0.02633,-5711
0.02633125,-5655
0.0263325,-5562
0.02633375,-5458
0.026335,-5367
0.02633625,-5295
0.0263375,-5201
0.02633875,-5066
0.02634,-4787
0.02634125,-4338
0.0263425,-3747
0.02634375,-3182
0.026345,-2802
0.02634625,-2694
0.0263475,-2781
0.02634875,-2875
0.02635,-2760
0.02635125,-2289
0.0263525,-1548
0.02635375,-778
0.026355,-216
0.02635625,4
0.0263575,-118
0.02635875,-424
0.02636,-761
0.02636125,-921
0.0263625,-898
0.02636375,-738
0.026365,-523
0.02636625,-356
0.0263675,-299
0.02636875,-345
0.02637,-469
0.02637125,-687
0.0263725,-1008
0.02637375,-1387
0.026375,-1796
0.02637625,-2150
0.0263775,-2400
0.02637875,-2529
0.02638,-2518
0.02638125,-2486
0.0263825,-2538
0.02638375,-2671
0.026385,-2910
0.02638625,-3186
0.0263875,-3401
0.02638875,-3531
0.02639,-3587
0.02639125,-3652
0.0263925,-3759
0.02639375,-3938
0.026395,-4176
0.02639625,-4443
0.0263975,-4708
0.02639875,-4944
0.0264,-5148
0.02640125,-5320
0.0264025,-5427
0.02640375,-5484
0.026405,-5537
0.02640625,-5539
0.0264075,-5541
0.02640875,-5562
0.02641,-5561
0.02641125,-5558
0.0264125,-5537
0.02641375,-5492
0.026415,-5482
0.02641625,-5552
0.0264175,-5641
0.02641875,-5778
0.02642,-5907
0.02642125,-5971
0.0264225,-6004
0.02642375,-6020
0.026425,-6009
0.02642625,-5963
0.0264275,-5886
0.02642875,-5773
0.02643,-5632
0.02643125,-5491
0.0264325,-5344
0.02643375,-5188
0.026435,-5012
0.02643625,-4776
0.0264375,-4574
0.02643875,-4409
0.02644,-4255
0.02644125,-4074
0.0264425,-3830
0.02644375,-3482
0.026445,-3122
0.02644625,-2818
0.0264475,-2661
0.02644875,-2611
0.02645,-2587
0.02645125,-2481
0.0264525,-2279
0.02645375,-1989
0.026455,-1633
0.02645625,-1289
0.0264575,-1010
0.02645875,-776
0.02646,-612
0.02646125,-531
0.0264625,-457
0.02646375,-407
0.026465,-318
0.02646625,-247
0.0264675,-223
0.02646875,-294
0.02647,-522
0.02647125,-924
0.0264725,-1391
0.02647375,-1793
0.026475,-2003
0.02647625,-2007
0.0264775,-1883
0.02647875,-1751
0.02648,-1774
0.02648125,-1979
0.0264825,-2257
0.02648375,-2518
0.026485,-2687
0.02648625,-2766
0.0264875,-2790
0.02648875,-2841
0.02649,-2957
0.02649125,-3144
0.0264925,-3322
0.02649375,-3491
0.026495,-3623
0.02649625,-3687
0.0264975,-3851
0.02649875,-3995
0.0265,-4132
0.02650125,-4227
0.0265025,-4231
0.02650375,-4200
0.026505,-4150
0.02650625,-4139
0.0265075,-4171
0.02650875,-4261
0.02651,-4368
0.02651125,-4483
0.0265125,-4555
0.02651375,-4586
0.026515,-4582
0.02651625,-4624
0.0265175,-4674
0.02651875,-4776
0.02652,-4893
0.02652125,-4986
0.0265225,-5019
0.02652375,-4968
0.026525,-4843
0.02652625,-4680
0.0265275,-4524
0.02652875,-4391
0.02653,-4321
0.02653125,-4262
0.0265325,-4233
0.02653375,-4126
0.026535,-4000
0.02653625,-3857
0.0265375,-3796
0.02653875,-3860
0.02654,-3985
0.02654125,-4097
0.0265425,-4066
0.02654375,-3773
0.026545,-3277
0.02654625,-2710
0.0265475,-2246
0.02654875,-1973
0.02655,-1907
0.02655125,-1881
0.0265525,-1826
0.02655375,-1642
0.026555,-1331
0.02655625,-1006
0.0265575,-773
0.02655875,-662
0.02656,-671
0.02656125,-724
0.0265625,-739
0.02656375,-640
0.026565,-458
0.02656625,-235
0.0265675,-76
0.02656875,-117
0.02657,-365
0.02657125,-771
0.0265725,-1174
0.02657375,-1420
0.026575,-1452
0.02657625,-1301
0.0265775,-1149
0.02657875,-1128
0.02658,-1286
0.02658125,-1600
0.0265825,-1955
0.02658375,-2239
0.026585,-2424
0.02658625,-2493
0.0265875,-2536
0.02658875,-2642
0.02659,-2814
0.02659125,-3029
0.0265925,-3218
0.02659375,-3331
0.026595,-3345
0.02659625,-3287
0.0265975,-3208
0.02659875,-3182
0.0266,-3194
0.02660125,-3253
0.0266025,-3315
0.02660375,-3355
0.026605,-3361
0.02660625,-3348
0.0266075,-3355
0.02660875,-3417
0.02661,-3522
0.02661125,-3685
0.0266125,-3839
0.02661375,-4001
0.026615,-4109
0.02661625,-4172
0.0266175,-4178
0.02661875,-4175
0.02662,-4143
0.02662125,-4086
0.0266225,-4045
0.02662375,-4017
0.026625,-4027
0.02662625,-4028
0.0266275,-3975
0.02662875,-3889
0.02663,-3721
0.02663125,-3578
0.0266325,-3463
0.02663375,-3389
0.026635,-3384
0.02663625,-3410
0.0266375,-3435
0.02663875,-3459
0.02664,-3415
0.02664125,-3285
0.0266425,-3058
0.02664375,-2684
0.026645,-2225
0.02664625,-1721
0.0266475,-1206
0.02664875,-759
0.02665,-417
0.02665125,-185
0.0266525,-1
0.02665375,129
0.026655,286
0.02665625,457
0.0266575,521
0.02665875,466
0.02666,247
0.02666125,-60
0.0266625,-284
0.02666375,-337
0.026665,-256
0.02666625,-139
0.0266675,-143
0.02666875,-344
0.02667,-625
0.02667125,-834
0.0266725,-818
0.02667375,-711
0.026675,-583
0.02667625,-569
0.0266775,-784
0.02667875,-1148
0.02668,-1582
0.02668125,-1943
0.0266825,-2264
0.02668375,-2574
0.026685,-2910
0.02668625,-3222
0.0266875,-3491
0.02668875,-3667
0.02669,-3721
0.02669125,-3698
0.0266925,-3674
0.02669375,-3678
0.026695,-3684
0.02669625,-3676
0.0266975,-3696
0.02669875,-3788
0.0267,-3952
0.02670125,-4217
0.0267025,-4503
0.02670375,-4692
0.026705,-4694
0.02670625,-4495
0.0267075,-4192
0.02670875,-3912
0.02671,-3790
0.02671125,-3886
0.0267125,-4147
0.02671375,-4432
0.026715,-4586
0.02671625,-4599
0.0267175,-4448
0.02671875,-4246
0.02672,-4084
0.02672125,-4050
0.0267225,-4106
0.02672375,-4187
0.026725,-4178
0.02672625,-4112
0.0267275,-3942
0.02672875,-3753
0.02673,-3613
0.02673125,-3520
0.0267325,-3483
0.02673375,-3454
0.026735,-3388
0.02673625,-3262
0.0267375,-3078
0.02673875,-2871
0.02674,-2711
0.02674125,-2521
0.0267425,-2350
0.02674375,-2054
0.026745,-1621
0.02674625,-1120
0.0267475,-677
0.02674875,-414
0.02675,-369
0.02675125,-437
0.0267525,-495
0.02675375,-494
0.026755,-375
0.02675625,-180
0.0267575,55
0.02675875,194
0.02676,272
0.02676125,271
0.0267625,223
0.02676375,120
0.026765,-39
0.02676625,-214
0.0267675,-341
0.02676875,-385
0.02677,-326
0.02677125,-230
0.0267725,-196
0.02677375,-264
0.026775,-463
0.02677625,-707
0.0267775,-935
0.02677875,-1081
0.02678,-1200
0.02678125,-1300
0.0267825,-1452
0.02678375,-1670
0.026785,-1911
0.02678625,-2167
0.0267875,-2435
0.02678875,-2620
0.02679,-2689
0.02679125,-2691
0.0267925,-2584
0.02679375,-2457
0.026795,-2400
0.02679625,-2366
0.0267975,-2395
0.02679875,-2429
0.0268,-2383
0.02680125,-2286
0.0268025,-2102
0.02680375,-1958
0.026805,-1891
0.02680625,-1984
0.0268075,-2226
0.02680875,-2558
0.02681,-2865
0.02681125,-3042
0.0268125,-3056
0.02681375,-2925
0.026815,-2714
0.02681625,-2540
0.0268175,-2497
0.02681875,-2568
0.02682,-2709
0.02682125,-2802
0.0268225,-2815
0.02682375,-2741
0.026825,-2658
0.02682625,-2579
0.0268275,-2578
0.02682875,-2596
0.02683,-2601
0.02683125,-2580
0.0268325,-2474
0.02683375,-2337
0.026835,-2195
0.02683625,-2024
0.0268375,-1886
0.02683875,-1787
0.02684,-1739
0.02684125,-1753
0.0268425,-1723
0.02684375,-1563
0.026845,-1214
0.02684625,-653
0.0268475,-43
0.02684875,417
0.02685,569
0.02685125,383
0.0268525,25
0.02685375,-283
0.026855,-397
0.02685625,-358
0.0268575,-302
0.02685875,-402
0.02686,-703
0.02686125,-1160
0.0268625,-1653
0.02686375,-2108
0.026865,-2478
0.02686625,-2748
0.0268675,-2914
0.02686875,-2945
0.02687,-2856
0.02687125,-2766
0.0268725,-2876
0.02687375,-3270
0.026875,-3891
0.02687625,-4568
0.0268775,-5082
0.02687875,-5298
0.02688,-5249
0.02688125,-5066
0.0268825,-4957
0.02688375,-5016
0.026885,-5266
0.02688625,-5664
0.0268875,-6149
0.02688875,-6677
0.02689,-7265
0.02689125,-7949
0.0268925,-8622
0.02689375,-9161
0.026895,-9483
0.02689625,-9568
0.0268975,-9577
0.02689875,-9683
0.0269,-10003
0.02690125,-10558
0.0269025,-11211
0.02690375,-11687
0.026905,-11912
0.02690625,-11872
0.0269075,-11656
0.02690875,-11519
0.02691,-11581
0.02691125,-11857
0.0269125,-12239
0.02691375,-12565
0.026915,-12687
0.02691625,-12628
0.0269175,-12510
0.02691875,-12468
0.02692,-12544
0.02692125,-12729
0.0269225,-12824
0.02692375,-12748
0.026925,-12490
0.02692625,-12097
0.0269275,-11695
0.02692875,-11391
0.02693,-11144
0.02693125,-10898
0.0269325,-10519
0.02693375,-9931
0.026935,-9179
0.02693625,-8290
0.0269375,-7391
0.02693875,-6649
0.02694,-6066
0.02694125,-5624
0.0269425,-5192
0.02694375,-4609
0.026945,-3733
0.02694625,-2521
0.0269475,-1087
0.02694875,369
0.02695,1641
0.02695125,2594
0.0269525,3253
0.02695375,3831
0.026955,4431
0.02695625,5238
0.0269575,6131
0.02695875,6909
0.02696,7373
0.02696125,7446
0.0269625,7267
0.02696375,7044
0.026965,6989
0.02696625,7157
0.0269675,7466
0.02696875,7699
0.02697,7741
0.02697125,7522
0.0269725,7061
0.02697375,6534
0.026975,6051
0.02697625,5600
0.0269775,5230
0.02697875,4858
0.02698,4480
0.02698125,4042
0.0269825,3540
0.02698375,2970
0.026985,2343
0.02698625,1696
0.0269875,1081
0.02698875,555
0.02699,56
0.02699125,-363
0.0269925,-763
0.02699375,-1175
0.026995,-1734
0.02699625,-2451
0.0269975,-3339
0.02699875,-4274
0.027,-5120
0.02700125,-5699
0.0270025,-5962
0.02700375,-5962
0.027005,-5809
0.02700625,-5648
0.0270075,-5649
0.02700875,-5806
0.02701,-6096
0.02701125,-6382
0.0270125,-6571
0.02701375,-6604
0.027015,-6484
0.02701625,-6300
0.0270175,-6164
0.02701875,-6142
0.02702,-6199
0.02702125,-6254
0.0270225,-6203
0.02702375,-6054
0.027025,-5700
0.02702625,-5275
0.0270275,-4806
0.02702875,-4374
0.02703,-3958
0.02703125,-3559
0.0270325,-3153
0.02703375,-2662
0.027035,-2106
0.02703625,-1510
0.0270375,-917
0.02703875,-444
0.02704,-100
0.02704125,132
0.0270425,449
0.02704375,947
0.027045,1808
0.02704625,3040
0.0270475,4369
0.02704875,5617
0.02705,6480
0.02705125,6872
0.0270525,7017
0.02705375,7172
0.027055,7581
0.02705625,8224
0.0270575,8854
0.02705875,9180
0.02706,9026
0.02706125,8496
0.0270625,7949
0.02706375,7670
0.027065,7790
0.02706625,8150
0.0270675,8480
0.02706875,8487
0.02707,8140
0.02707125,7556
0.0270725,6955
0.02707375,6571
0.027075,6435
0.02707625,6416
0.0270775,6351
0.02707875,6052
0.02708,5514
0.02708125,4832
0.0270825,4169
0.02708375,3597
0.027085,3146
0.02708625,2738
0.0270875,2304
0.02708875,1754
0.02709,1053
0.02709125,236
0.0270925,-639
0.02709375,-1465
0.027095,-2202
0.02709625,-2773
0.0270975,-3283
0.02709875,-3818
0.0271,-4441
0.02710125,-5180
0.0271025,-5976
0.02710375,-6769
0.027105,-7447
0.02710625,-7968
0.0271075,-8409
0.02710875,-8880
0.02711,-9450
0.02711125,-10107
0.0271125,-10804
0.02711375,-11397
0.027115,-11805
0.02711625,-12029
0.0271175,-12269
0.02711875,-12563
0.02712,-12969
0.02712125,-13443
0.0271225,-13850
0.02712375,-14041
0.027125,-14010
0.02712625,-13815
0.0271275,-13585
0.02712875,-13447
0.02713,-13379
0.02713125,-13362
0.0271325,-13330
0.02713375,-13179
0.027135,-12869
0.02713625,-12450
0.0271375,-11985
0.02713875,-11584
0.02714,-11314
0.02714125,-11165
0.0271425,-11015
0.02714375,-10696
0.027145,-9972
0.02714625,-8771
0.0271475,-7255
0.02714875,-5706
0.02715,-4516
0.02715125,-3824
0.0271525,-3430
0.02715375,-3035
0.027155,-2441
0.02715625,-1646
0.0271575,-982
0.02715875,-718
0.02716,-898
0.02716125,-1203
0.0271625,-1234
0.02716375,-736
0.027165,162
0.02716625,1101
0.0271675,1716
0.02716875,1829
0.02717,1564
0.02717125,1308
0.0271725,1330
0.02717375,1728
0.027175,2371
0.02717625,3011
0.0271775,3405
0.02717875,3454
0.02718,3249
0.02718125,2954
0.0271825,2746
0.02718375,2701
0.027185,2753
0.02718625,2814
0.0271875,2745
0.02718875,2487
0.02719,2037
0.02719125,1500
0.0271925,1014
0.02719375,664
0.027195,458
0.02719625,378
0.0271975,269
0.02719875,28
0.0272,-372
0.02720125,-904
0.0272025,-1470
0.02720375,-1962
0.027205,-2358
0.02720625,-2685
0.0272075,-2975
0.02720875,-3252
0.02721,-3475
0.02721125,-3648
0.0272125,-3812
0.02721375,-4036
0.027215,-4366
0.02721625,-4789
0.0272175,-5223
0.02721875,-5532
0.02722,-5667
0.02722125,-5654
0.0272225,-5573
0.02722375,-5514
0.027225,-5555
0.02722625,-5784
0.0272275,-6083
0.02722875,-6356
0.02723,-6520
0.02723125,-6579
0.0272325,-6562
0.02723375,-6547
0.027235,-6633
0.02723625,-6807
0.0272375,-7032
0.02723875,-7220
0.02724,-7308
0.02724125,-7225
0.0272425,-6937
0.02724375,-6562
0.027245,-6153
0.02724625,-5793
0.0272475,-5429
0.02724875,-4942
0.02725,-4333
0.02725125,-3665
0.0272525,-3038
0.02725375,-2560
0.027255,-2287
0.02725625,-2148
0.0272575,-2109
0.02725875,-2203
0.02726,-2425
0.02726125,-2680
0.0272625,-2873
0.02726375,-2792
0.027265,-2416
0.02726625,-1850
0.0272675,-1294
0.02726875,-971
0.02727,-938
0.02727125,-1055
0.0272725,-1154
0.02727375,-1081
0.027275,-781
0.02727625,-385
0.0272775,-34
0.02727875,140
0.02728,174
0.02728125,198
0.0272825,338
0.02728375,604
0.027285,899
0.02728625,1142
0.0272875,1237
0.02728875,1264
0.02729,1364
0.02729125,1597
0.0272925,1902
0.02729375,2139
0.027295,2132
0.02729625,1819
0.0272975,1305
0.02729875,810
0.0273,570
0.02730125,672
0.0273025,1046
0.02730375,1548
0.027305,1954
0.02730625,2121
0.0273075,2026
0.02730875,1780
0.02731,1541
0.02731125,1428
0.0273125,1471
0.02731375,1620
0.027315,1769
0.02731625,1824
0.0273175,1832
0.02731875,1836
0.02732,1885
0.02732125,1996
0.0273225,2094
0.02732375,2081
0.027325,1944
0.02732625,1748
0.0273275,1597
0.02732875,1521
0.02733,1520
0.02733125,1465
0.0273325,1296
0.02733375,1052
0.027335,733
0.02733625,486
0.0273375,305
0.02733875,206
0.02734,184
0.02734125,219
0.0273425,349
0.02734375,515
0.027345,624
0.02734625,680
0.0273475,709
0.02734875,764
0.02735,911
0.02735125,1135
0.0273525,1312
0.02735375,1272
0.027355,948
0.02735625,367
0.0273575,-287
0.02735875,-889
0.02736,-1320
0.02736125,-1534
0.0273625,-1577
0.02736375,-1574
0.027365,-1566
0.02736625,-1684
0.0273675,-1944
0.02736875,-2310
0.02737,-2704
0.02737125,-2983
0.0273725,-3144
0.02737375,-3201
0.027375,-3240
0.02737625,-3344
0.0273775,-3554
0.02737875,-3825
0.02738,-4074
0.02738125,-4289
0.0273825,-4426
0.02738375,-4510
0.027385,-4625
0.02738625,-4712
0.0273875,-4816
0.02738875,-4876
0.02739,-4838
0.02739125,-4735
0.0273925,-4589
0.02739375,-4519
0.027395,-4544
0.02739625,-4688
0.0273975,-4892
0.02739875,-5084
0.0274,-5207
0.02740125,-5263
0.0274025,-5278
0.02740375,-5321
0.027405,-5395
0.02740625,-5525
0.0274075,-5642
0.02740875,-5661
0.02741,-5615
0.02741125,-5561
0.0274125,-5470
0.02741375,-5421
0.027415,-5316
0.02741625,-5090
0.0274175,-4696
0.02741875,-4222
0.02742,-3763
0.02742125,-3395
0.0274225,-3183
0.02742375,-3086
0.027425,-3045
0.02742625,-2989
0.0274275,-2839
0.02742875,-2656
0.02743,-2477
0.02743125,-2351
0.0274325,-2323
0.02743375,-2361
0.027435,-2480
0.02743625,-2553
0.0274375,-2503
0.02743875,-2284
0.02744,-1862
0.02744125,-1261
0.0274425,-636
0.02744375,-121
0.027445,234
0.02744625,483
0.0274475,734
0.02744875,1137
0.02745,1642
0.02745125,2039
0.0274525,2155
0.02745375,1918
0.027455,1482
0.02745625,1103
0.0274575,913
0.02745875,903
0.02746,903
0.02746125,787
0.0274625,520
0.02746375,232
0.027465,93
0.02746625,78
0.0274675,214
0.02746875,331
0.02747,294
0.02747125,93
0.0274725,-200
0.02747375,-491
0.027475,-664
0.02747625,-780
0.0274775,-875
0.02747875,-1001
0.02748,-1170
0.02748125,-1414
0.0274825,-1635
0.02748375,-1935
0.027485,-2149
0.02748625,-2282
0.0274875,-2324
0.02748875,-2356
0.02749,-2429
0.02749125,-2620
0.0274925,-2852
0.02749375,-3090
0.027495,-3231
0.02749625,-3282
0.0274975,-3263
0.02749875,-3287
0.0275,-3433
0.02750125,-3626
0.0275025,-3813
0.02750375,-3966
0.027505,-4018
0.02750625,-4012
0.0275075,-3984
0.02750875,-3930
0.02751,-3910
0.02751125,-3873
0.0275125,-3817
0.02751375,-3771
0.027515,-3714
0.02751625,-3646
0.0275175,-3566
0.02751875,-3468
0.02752,-3364
0.02752125,-3257
0.0275225,-3208
0.02752375,-3200
0.027525,-3191
0.02752625,-3180
0.0275275,-3114
0.02752875,-3033
0.02753,-2880
0.02753125,-2637
0.0275325,-2350
0.02753375,-2063
0.027535,-1867
0.02753625,-1774
0.0275375,-1735
0.02753875,-1563
0.02754,-1180
0.02754125,-660
0.0275425,-151
0.02754375,179
0.027545,278
0.02754625,317
0.0275475,442
0.02754875,677
0.02755,883
0.02755125,851
0.0275525,525
0.02755375,48
0.027555,-299
0.02755625,-407
0.0275575,-236
0.02755875,-29
0.02756,-28
0.02756125,-275
0.0275625,-654
0.02756375,-972
0.027565,-1043
0.02756625,-952
0.0275675,-777
0.02756875,-722
0.02757,-856
0.02757125,-1113
0.0275725,-1396
0.02757375,-1551
0.027575,-1526
0.02757625,-1416
0.0275775,-1316
0.02757875,-1365
0.02758,-1558
0.02758125,-1818
0.0275825,-2012
0.02758375,-2101
0.027585,-2086
0.02758625,-2022
0.0275875,-2035
0.02758875,-2151
0.02759,-2376
0.02759125,-2713
0.0275925,-3183
0.02759375,-3749
0.027595,-4291
0.02759625,-4729
0.0275975,-4969
0.02759875,-4975
0.0276,-4818
0.02760125,-4574
0.0276025,-4361
0.02760375,-4241
0.027605,-4214
0.02760625,-4300
0.0276075,-4416
0.02760875,-4459
0.02761,-4480
0.02761125,-4363
0.0276125,-4149
0.02761375,-3905
0.027615,-3728
0.02761625,-3688
0.0276175,-3813
0.02761875,-4006
0.02762,-4121
0.02762125,-4072
0.0276225,-3873
0.02762375,-3603
0.027625,-3423
0.02762625,-3391
0.0276275,-3411
0.02762875,-3412
0.02763,-3301
0.02763125,-3063
0.0276325,-2755
0.02763375,-2490
0.027635,-2242
0.02763625,-2006
0.0276375,-1721
0.02763875,-1399
0.02764,-1115
0.02764125,-941
0.0276425,-910
0.02764375,-923
0.027645,-822
0.02764625,-527
0.0276475,-17
0.02764875,524
0.02765,870
0.02765125,881
0.0276525,610
0.02765375,262
0.027655,48
0.02765625,97
0.0276575,381
0.02765875,671
0.02766,722
0.02766125,508
0.0276625,62
0.02766375,-308
0.027665,-438
0.02766625,-245
0.0276675,117
0.02766875,470
0.02767,667
0.02767125,637
0.0276725,501
0.02767375,346
0.027675,258
0.02767625,249
0.0276775,261
0.02767875,229
0.02768,158
0.02768125,-71
0.0276825,-349
0.02768375,-642
0.027685,-920
0.02768625,-1152
0.0276875,-1365
0.02768875,-1561
0.02769,-1745
0.02769125,-1973
0.0276925,-2217
0.02769375,-2420
0.027695,-2515
0.02769625,-2462
0.0276975,-2239
0.02769875,-2042
0.0277,-1892
0.02770125,-1904
0.0277025,-2000
0.02770375,-2069
0.027705,-2037
0.02770625,-1884
0.0277075,-1654
0.02770875,-1436
0.02771,-1330
0.02771125,-1342
0.0277125,-1414
0.02771375,-1485
0.027715,-1576
0.02771625,-1628
0.0277175,-1689
0.02771875,-1757
0.02772,-1816
0.02772125,-1831
0.0277225,-1768
0.02772375,-1610
0.027725,-1410
0.02772625,-1212
0.0277275,-1050
0.02772875,-936
0.02773,-866
0.02773125,-746
0.0277325,-511
0.02773375,-101
0.027735,453
0.02773625,1052
0.0277375,1549
0.02773875,1838
0.02774,1953
0.02774125,1952
0.0277425,1980
0.02774375,2126
0.027745,2450
0.02774625,2949
0.0277475,3444
0.02774875,3761
0.02775,3697
0.02775125,3372
0.0277525,2972
0.02775375,2738
0.027755,2833
0.02775625,3173
0.0277575,3517
0.02775875,3584
0.02776,3245
0.02776125,2644
0.0277625,2015
0.02776375,1607
0.027765,1566
0.02776625,1794
0.0277675,1994
0.02776875,2074
0.02777,1930
0.02777125,1626
0.0277725,1318
0.02777375,1116
0.027775,1083
0.02777625,1187
0.0277775,1329
0.02777875,1416
0.02778,1395
0.02778125,1227
0.0277825,964
0.02778375,719
0.027785,548
0.02778625,467
0.0277875,463
0.02778875,463
0.02779,426
0.02779125,295
0.0277925,109
0.02779375,-105
0.027795,-320
0.02779625,-499
0.0277975,-660
0.02779875,-787
0.0278,-922
0.02780125,-1095
0.0278025,-1297
0.02780375,-1514
0.027805,-1747
0.02780625,-1950
0.0278075,-2090
0.02780875,-2154
0.02781,-2175
0.02781125,-2168
0.0278125,-2145
0.02781375,-2134
0.027815,-2135
0.02781625,-2086
0.0278175,-1930
0.02781875,-1677
0.02782,-1421
0.02782125,-1218
0.0278225,-1139
0.02782375,-1118
0.027825,-1105
0.02782625,-1005
0.0278275,-822
0.02782875,-641
0.02783,-496
0.02783125,-358
0.0278325,-174
0.02783375,93
0.027835,401
0.02783625,696
0.0278375,790
0.02783875,729
0.02784,639
0.02784125,586
0.0278425,667
0.02784375,889
0.027845,1161
0.02784625,1355
0.0278475,1450
0.02784875,1465
0.02785,1491
0.02785125,1561
0.0278525,1688
0.02785375,1842
0.027855,1984
0.02785625,2080
0.0278575,2044
0.02785875,1822
0.02786,1459
0.02786125,1048
0.0278625,775
0.02786375,743
0.027865,946
0.02786625,1203
0.0278675,1331
0.02786875,1234
0.02787,961
0.02787125,694
0.0278725,632
0.02787375,742
0.027875,931
0.02787625,1017
0.0278775,905
0.02787875,592
0.02788,220
0.02788125,-111
0.0278825,-312
0.02788375,-403
0.027885,-455
0.02788625,-528
0.0278875,-644
0.02788875,-812
0.02789,-990
0.02789125,-1118
0.0278925,-1217
0.02789375,-1252
0.027895,-1241
0.02789625,-1189
0.0278975,-1117
0.02789875,-1036
0.0279,-997
0.02790125,-1008
0.0279025,-1063
0.02790375,-1128
0.027905,-1209
0.02790625,-1232
0.0279075,-1206
0.02790875,-1179
0.02791,-1169
0.02791125,-1222
0.0279125,-1307
0.02791375,-1326
0.027915,-1251
0.02791625,-1065
0.0279175,-846
0.02791875,-647
0.02792,-496
0.02792125,-364
0.0279225,-246
0.02792375,-129
0.027925,-28
0.02792625,58
0.0279275,173
0.02792875,333
0.02793,658
0.02793125,1079
0.0279325,1491
0.02793375,1749
0.027935,1817
0.02793625,1670
0.0279375,1432
0.02793875,1285
0.02794,1350
0.02794125,1677
0.0279425,2212
0.02794375,2836
0.027945,3327
0.02794625,3448
0.0279475,3194
0.02794875,2641
0.02795,2110
0.02795125,1850
0.0279525,2000
0.02795375,2440
0.027955,2942
0.02795625,3252
0.0279575,3275
0.02795875,3035
0.02796,2628
0.02796125,2221
0.0279625,1908
0.02796375,1759
0.027965,1740
0.02796625,1813
0.0279675,1913
0.02796875,1952
0.02797,1875
0.02797125,1663
0.0279725,1367
0.02797375,1058
0.027975,784
0.02797625,562
0.0279775,397
0.02797875,212
0.02798,-9
0.02798125,-205
0.0279825,-369
0.02798375,-426
0.027985,-346
0.02798625,-199
0.0279875,-154
0.02798875,-357
0.02799,-847
0.02799125,-1460
0.0279925,-1946
0.02799375,-2114
0.027995,-1861
0.02799625,-1333
0.0279975,-741
0.02799875,-366
