time,load_power,wind_power,solar_power,DHI,DNI,GHI,DewPoint,SolarZenithAngle,WindSpeed,RelativeHumidity,Temperature
2018-01-01 00:00:00,0.931891577968163,0.320741843850257,0,0,0,0,-2.1,171.24,4.7,73.62,2.1
2018-01-01 00:01:00,0.931867706868484,0.32099763023845,0,0,0,0,-2.1,171.374,4.7,73.726,2.08
2018-01-01 00:02:00,0.931843835768806,0.321253416626643,0,0,0,0,-2.1,171.508,4.7,73.832,2.06
2018-01-01 00:03:00,0.931819964669128,0.321509203014836,0,0,0,0,-2.1,171.642,4.7,73.938,2.04
2018-01-01 00:04:00,0.931796093569449,0.321764989403029,0,0,0,0,-2.1,171.776,4.7,74.044,2.02
2018-01-01 00:05:00,0.931772222469771,0.322020775791222,0,0,0,0,-2.1,171.91,4.7,74.15,2
2018-01-01 00:06:00,0.931748351370092,0.319754243528933,0,0,0,0,-2.1,172.024,4.7,74.15,2
2018-01-01 00:07:00,0.931724480270414,0.317487711266644,0,0,0,0,-2.1,172.138,4.7,74.15,2
2018-01-01 00:08:00,0.931700609170735,0.315221179004355,0,0,0,0,-2.1,172.252,4.7,74.15,2
2018-01-01 00:09:00,0.931676738071057,0.312954646742066,0,0,0,0,-2.1,172.366,4.7,74.15,2
2018-01-01 00:10:00,0.931652866971378,0.310688114479777,0,0,0,0,-2.1,172.48,4.7,74.15,2
2018-01-01 00:11:00,0.9316289958717,0.311636434083279,0,0,0,0,-2.1,172.566,4.7,74.256,1.98
2018-01-01 00:12:00,0.931605124772021,0.312584753686781,0,0,0,0,-2.1,172.652,4.7,74.362,1.96
2018-01-01 00:13:00,0.931581253672343,0.313533073290282,0,0,0,0,-2.1,172.738,4.7,74.468,1.94
2018-01-01 00:14:00,0.931557382572664,0.314481392893784,0,0,0,0,-2.1,172.824,4.7,74.574,1.92
2018-01-01 00:15:00,0.931533511472986,0.315429712497285,0,0,0,0,-2.1,172.91,4.7,74.68,1.9
2018-01-01 00:16:00,0.931509640373307,0.31519786023539,0,0,0,0,-2.1,172.964,4.7,74.68,1.9
2018-01-01 00:17:00,0.931485769273629,0.314966007973496,0,0,0,0,-2.1,173.018,4.7,74.68,1.9
2018-01-01 00:18:00,0.931461898173951,0.314734155711601,0,0,0,0,-2.1,173.072,4.7,74.68,1.9
2018-01-01 00:19:00,0.931438027074272,0.314502303449707,0,0,0,0,-2.1,173.126,4.7,74.68,1.9
2018-01-01 00:20:00,0.931414155974594,0.314270451187812,0,0,0,0,-2.1,173.18,4.7,74.68,1.9
2018-01-01 00:21:00,0.931390284874915,0.314694440980863,0,0,0,0,-2.1,173.2,4.7,74.786,1.88
2018-01-01 00:22:00,0.931366413775237,0.315118430773913,0,0,0,0,-2.1,173.22,4.7,74.892,1.86
2018-01-01 00:23:00,0.931342542675558,0.315542420566964,0,0,0,0,-2.1,173.24,4.7,74.998,1.84
2018-01-01 00:24:00,0.93131867157588,0.315966410360015,0,0,0,0,-2.1,173.26,4.7,75.104,1.82
2018-01-01 00:25:00,0.931294800476201,0.316390400153066,0,0,0,0,-2.1,173.28,4.7,75.21,1.8
2018-01-01 00:26:00,0.931270929376523,0.317474061354827,0,0,0,0,-2.1,173.262,4.7,75.21,1.8
2018-01-01 00:27:00,0.931247058276844,0.318557722556589,0,0,0,0,-2.1,173.244,4.7,75.21,1.8
2018-01-01 00:28:00,0.931223187177166,0.319641383758351,0,0,0,0,-2.1,173.226,4.7,75.21,1.8
2018-01-01 00:29:00,0.931199316077487,0.320725044960113,0,0,0,0,-2.1,173.208,4.7,75.21,1.8
2018-01-01 00:30:00,0.931175444977809,0.321808706161875,0,0,0,0,-2.1,173.19,4.7,75.21,1.8
2018-01-01 00:31:00,0.93115157387813,0.323280218650265,0,0,0,0,-2.3,173.136,4.7,74.22,1.78
2018-01-01 00:32:00,0.931127702778452,0.324751731138656,0,0,0,0,-2.5,173.082,4.7,73.23,1.76
2018-01-01 00:33:00,0.931103831678774,0.326223243627047,0,0,0,0,-2.7,173.028,4.7,72.24,1.74
2018-01-01 00:34:00,0.931079960579095,0.327694756115437,0,0,0,0,-2.9,172.974,4.7,71.25,1.72
2018-01-01 00:35:00,0.931056089479417,0.329166268603828,0,0,0,0,-3.1,172.92,4.7,70.26,1.7
2018-01-01 00:36:00,0.931032218379738,0.328527014459626,0,0,0,0,-3.1,172.836,4.72,70.26,1.7
2018-01-01 00:37:00,0.93100834728006,0.327887760315424,0,0,0,0,-3.1,172.752,4.74,70.26,1.7
2018-01-01 00:38:00,0.930984476180381,0.327248506171222,0,0,0,0,-3.1,172.668,4.76,70.26,1.7
2018-01-01 00:39:00,0.930960605080703,0.326609252027019,0,0,0,0,-3.1,172.584,4.78,70.26,1.7
2018-01-01 00:40:00,0.930936733981024,0.325969997882817,0,0,0,0,-3.1,172.5,4.8,70.26,1.7
2018-01-01 00:41:00,0.930912862881346,0.32551507272217,0,0,0,0,-3.1,172.388,4.8,70.26,1.7
2018-01-01 00:42:00,0.930888991781667,0.325060147561524,0,0,0,0,-3.1,172.276,4.8,70.26,1.7
2018-01-01 00:43:00,0.930865120681989,0.324605222400877,0,0,0,0,-3.1,172.164,4.8,70.26,1.7
2018-01-01 00:44:00,0.93084124958231,0.32415029724023,0,0,0,0,-3.1,172.052,4.8,70.26,1.7
2018-01-01 00:45:00,0.930817378482632,0.323695372079583,0,0,0,0,-3.1,171.94,4.8,70.26,1.7
2018-01-01 00:46:00,0.930793507382953,0.322836739485819,0,0,0,0,-3.1,171.806,4.8,70.36,1.68
2018-01-01 00:47:00,0.930769636283275,0.321978106892055,0,0,0,0,-3.1,171.672,4.8,70.46,1.66
2018-01-01 00:48:00,0.930745765183597,0.32111947429829,0,0,0,0,-3.1,171.538,4.8,70.56,1.64
2018-01-01 00:49:00,0.930721894083918,0.320260841704526,0,0,0,0,-3.1,171.404,4.8,70.66,1.62
2018-01-01 00:50:00,0.93069802298424,0.319402209110762,0,0,0,0,-3.1,171.27,4.8,70.76,1.6
2018-01-01 00:51:00,0.930674151884561,0.32211400291769,0,0,0,0,-3.1,171.12,4.8,70.76,1.6
2018-01-01 00:52:00,0.930650280784883,0.324825796724618,0,0,0,0,-3.1,170.97,4.8,70.76,1.6
2018-01-01 00:53:00,0.930626409685204,0.327537590531547,0,0,0,0,-3.1,170.82,4.8,70.76,1.6
2018-01-01 00:54:00,0.930602538585526,0.330249384338475,0,0,0,0,-3.1,170.67,4.8,70.76,1.6
2018-01-01 00:55:00,0.930578667485847,0.332961178145403,0,0,0,0,-3.1,170.52,4.8,70.76,1.6
2018-01-01 00:56:00,0.930554796386169,0.333072879357627,0,0,0,0,-3.1,170.356,4.8,70.862,1.58
2018-01-01 00:57:00,0.93053092528649,0.33318458056985,0,0,0,0,-3.1,170.192,4.8,70.964,1.56
2018-01-01 00:58:00,0.930507054186812,0.333296281782073,0,0,0,0,-3.1,170.028,4.8,71.066,1.54
2018-01-01 00:59:00,0.930483183087133,0.333407982994297,0,0,0,0,-3.1,169.864,4.8,71.168,1.52
2018-01-01 01:00:00,0.930459311987455,0.33351968420652,0,0,0,0,-3.1,169.7,4.8,71.27,1.5
2018-01-01 01:01:00,0.930454935462859,0.331900333356947,0,0,0,0,-3.1,169.526,4.8,71.284,1.5
2018-01-01 01:02:00,0.930450558938263,0.330280982507373,0,0,0,0,-3.1,169.352,4.8,71.298,1.5
2018-01-01 01:03:00,0.930446182413668,0.3286616316578,0,0,0,0,-3.1,169.178,4.8,71.312,1.5
2018-01-01 01:04:00,0.930441805889072,0.327042280808227,0,0,0,0,-3.1,169.004,4.8,71.326,1.5
2018-01-01 01:05:00,0.930437429364476,0.325422929958654,0,0,0,0,-3.1,168.83,4.8,71.34,1.5
2018-01-01 01:06:00,0.93043305283988,0.325765920995569,0,0,0,0,-3.1,168.646,4.8,71.442,1.48
2018-01-01 01:07:00,0.930428676315284,0.326108912032483,0,0,0,0,-3.1,168.462,4.8,71.544,1.46
2018-01-01 01:08:00,0.930424299790688,0.326451903069398,0,0,0,0,-3.1,168.278,4.8,71.646,1.44
2018-01-01 01:09:00,0.930419923266092,0.326794894106313,0,0,0,0,-3.1,168.094,4.8,71.748,1.42
2018-01-01 01:10:00,0.930415546741497,0.327137885143228,0,0,0,0,-3.1,167.91,4.8,71.85,1.4
2018-01-01 01:11:00,0.930411170216901,0.32483548588456,0,0,0,0,-3.1,167.722,4.78,71.85,1.4
2018-01-01 01:12:00,0.930406793692305,0.322533086625892,0,0,0,0,-3.1,167.534,4.76,71.85,1.4
2018-01-01 01:13:00,0.930402417167709,0.320230687367224,0,0,0,0,-3.1,167.346,4.74,71.85,1.4
2018-01-01 01:14:00,0.930398040643113,0.317928288108556,0,0,0,0,-3.1,167.158,4.72,71.85,1.4
2018-01-01 01:15:00,0.930393664118518,0.315625888849887,0,0,0,0,-3.1,166.97,4.7,71.85,1.4
2018-01-01 01:16:00,0.930389287593922,0.314124574457931,0,0,0,0,-3.1,166.776,4.7,71.954,1.38
2018-01-01 01:17:00,0.930384911069326,0.312623260065974,0,0,0,0,-3.1,166.582,4.7,72.058,1.36
2018-01-01 01:18:00,0.93038053454473,0.311121945674017,0,0,0,0,-3.1,166.388,4.7,72.162,1.34
2018-01-01 01:19:00,0.930376158020134,0.30962063128206,0,0,0,0,-3.1,166.194,4.7,72.266,1.32
2018-01-01 01:20:00,0.930371781495538,0.308119316890103,0,0,0,0,-3.1,166,4.7,72.37,1.3
2018-01-01 01:21:00,0.930367404970942,0.309413053870261,0,0,0,0,-3.1,165.802,4.7,72.37,1.3
2018-01-01 01:22:00,0.930363028446347,0.31070679085042,0,0,0,0,-3.1,165.604,4.7,72.37,1.3
2018-01-01 01:23:00,0.930358651921751,0.312000527830578,0,0,0,0,-3.1,165.406,4.7,72.37,1.3
2018-01-01 01:24:00,0.930354275397155,0.313294264810736,0,0,0,0,-3.1,165.208,4.7,72.37,1.3
2018-01-01 01:25:00,0.930349898872559,0.314588001790895,0,0,0,0,-3.1,165.01,4.7,72.37,1.3
2018-01-01 01:26:00,0.930345522347963,0.316320454805766,0,0,0,0,-3.1,164.81,4.7,72.37,1.3
2018-01-01 01:27:00,0.930341145823368,0.318052907820637,0,0,0,0,-3.1,164.61,4.7,72.37,1.3
2018-01-01 01:28:00,0.930336769298772,0.319785360835508,0,0,0,0,-3.1,164.41,4.7,72.37,1.3
2018-01-01 01:29:00,0.930332392774176,0.32151781385038,0,0,0,0,-3.1,164.21,4.7,72.37,1.3
2018-01-01 01:30:00,0.93032801624958,0.323250266865251,0,0,0,0,-3.1,164.01,4.7,72.37,1.3
2018-01-01 01:31:00,0.930323639724984,0.319659440617485,0,0,0,0,-3.26,163.806,4.7,71.692,1.28
2018-01-01 01:32:00,0.930319263200388,0.316068614369719,0,0,0,0,-3.42,163.602,4.7,71.014,1.26
2018-01-01 01:33:00,0.930314886675792,0.312477788121953,0,0,0,0,-3.58,163.398,4.7,70.336,1.24
2018-01-01 01:34:00,0.930310510151197,0.308886961874187,0,0,0,0,-3.74,163.194,4.7,69.658,1.22
2018-01-01 01:35:00,0.930306133626601,0.305296135626421,0,0,0,0,-3.9,162.99,4.7,68.98,1.2
2018-01-01 01:36:00,0.930301757102005,0.307747027460882,0,0,0,0,-3.9,162.784,4.7,68.98,1.2
2018-01-01 01:37:00,0.930297380577409,0.310197919295343,0,0,0,0,-3.9,162.578,4.7,68.98,1.2
2018-01-01 01:38:00,0.930293004052814,0.312648811129805,0,0,0,0,-3.9,162.372,4.7,68.98,1.2
2018-01-01 01:39:00,0.930288627528218,0.315099702964266,0,0,0,0,-3.9,162.166,4.7,68.98,1.2
2018-01-01 01:40:00,0.930284251003622,0.317550594798727,0,0,0,0,-3.9,161.96,4.7,68.98,1.2
2018-01-01 01:41:00,0.930279874479026,0.313080199820657,0,0,0,0,-3.9,161.752,4.68,69.08,1.18
2018-01-01 01:42:00,0.93027549795443,0.308609804842586,0,0,0,0,-3.9,161.544,4.66,69.18,1.16
2018-01-01 01:43:00,0.930271121429834,0.304139409864516,0,0,0,0,-3.9,161.336,4.64,69.28,1.14
2018-01-01 01:44:00,0.930266744905238,0.299669014886445,0,0,0,0,-3.9,161.128,4.62,69.38,1.12
2018-01-01 01:45:00,0.930262368380643,0.295198619908375,0,0,0,0,-3.9,160.92,4.6,69.48,1.1
2018-01-01 01:46:00,0.930257991856047,0.295299865679034,0,0,0,0,-3.9,160.71,4.6,69.48,1.1
2018-01-01 01:47:00,0.930253615331451,0.295401111449693,0,0,0,0,-3.9,160.5,4.6,69.48,1.1
2018-01-01 01:48:00,0.930249238806855,0.295502357220352,0,0,0,0,-3.9,160.29,4.6,69.48,1.1
2018-01-01 01:49:00,0.930244862282259,0.295603602991011,0,0,0,0,-3.9,160.08,4.6,69.48,1.1
2018-01-01 01:50:00,0.930240485757664,0.29570484876167,0,0,0,0,-3.9,159.87,4.6,69.48,1.1
2018-01-01 01:51:00,0.930236109233068,0.296858597757481,0,0,0,0,-3.9,159.66,4.6,69.58,1.08
2018-01-01 01:52:00,0.930231732708472,0.298012346753291,0,0,0,0,-3.9,159.45,4.6,69.68,1.06
2018-01-01 01:53:00,0.930227356183876,0.299166095749101,0,0,0,0,-3.9,159.24,4.6,69.78,1.04
2018-01-01 01:54:00,0.93022297965928,0.300319844744912,0,0,0,0,-3.9,159.03,4.6,69.88,1.02
2018-01-01 01:55:00,0.930218603134684,0.301473593740722,0,0,0,0,-3.9,158.82,4.6,69.98,1
2018-01-01 01:56:00,0.930214226610089,0.301274156909903,0,0,0,0,-3.9,158.608,4.6,69.98,1
2018-01-01 01:57:00,0.930209850085493,0.301074720079084,0,0,0,0,-3.9,158.396,4.6,69.98,1
2018-01-01 01:58:00,0.930205473560897,0.300875283248266,0,0,0,0,-3.9,158.184,4.6,69.98,1
2018-01-01 01:59:00,0.930201097036301,0.300675846417447,0,0,0,0,-3.9,157.972,4.6,69.98,1
2018-01-01 02:00:00,0.930196720511705,0.300476409586628,0,0,0,0,-3.9,157.76,4.6,69.98,1
2018-01-01 02:01:00,0.930258381531417,0.302820910795824,0,0,0,0,-3.9,157.546,4.6,69.98,1
2018-01-01 02:02:00,0.930320042551129,0.30516541200502,0,0,0,0,-3.9,157.332,4.6,69.98,1
2018-01-01 02:03:00,0.930381703570841,0.307509913214215,0,0,0,0,-3.9,157.118,4.6,69.98,1
2018-01-01 02:04:00,0.930443364590552,0.309854414423411,0,0,0,0,-3.9,156.904,4.6,69.98,1
2018-01-01 02:05:00,0.930505025610264,0.312198915632607,0,0,0,0,-3.9,156.69,4.6,69.98,1
2018-01-01 02:06:00,0.930566686629976,0.311540975540756,0,0,0,0,-3.9,156.478,4.6,70.08,0.98
2018-01-01 02:07:00,0.930628347649688,0.310883035448904,0,0,0,0,-3.9,156.266,4.6,70.18,0.96
2018-01-01 02:08:00,0.9306900086694,0.310225095357053,0,0,0,0,-3.9,156.054,4.6,70.28,0.94
2018-01-01 02:09:00,0.930751669689112,0.309567155265201,0,0,0,0,-3.9,155.842,4.6,70.38,0.92
2018-01-01 02:10:00,0.930813330708824,0.30890921517335,0,0,0,0,-3.9,155.63,4.6,70.48,0.9
2018-01-01 02:11:00,0.930874991728536,0.30365795976314,0,0,0,0,-3.9,155.416,4.58,70.48,0.9
2018-01-01 02:12:00,0.930936652748247,0.29840670435293,0,0,0,0,-3.9,155.202,4.56,70.48,0.9
2018-01-01 02:13:00,0.930998313767959,0.293155448942721,0,0,0,0,-3.9,154.988,4.54,70.48,0.9
2018-01-01 02:14:00,0.931059974787671,0.287904193532511,0,0,0,0,-3.9,154.774,4.52,70.48,0.9
2018-01-01 02:15:00,0.931121635807383,0.282652938122301,0,0,0,0,-3.9,154.56,4.5,70.48,0.9
2018-01-01 02:16:00,0.931183296827095,0.28507904524467,0,0,0,0,-3.9,154.344,4.5,70.582,0.88
2018-01-01 02:17:00,0.931244957846807,0.287505152367039,0,0,0,0,-3.9,154.128,4.5,70.684,0.86
2018-01-01 02:18:00,0.931306618866519,0.289931259489408,0,0,0,0,-3.9,153.912,4.5,70.786,0.84
2018-01-01 02:19:00,0.93136827988623,0.292357366611777,0,0,0,0,-3.9,153.696,4.5,70.888,0.82
2018-01-01 02:20:00,0.931429940905942,0.294783473734146,0,0,0,0,-3.9,153.48,4.5,70.99,0.8
2018-01-01 02:21:00,0.931491601925654,0.291861515515695,0,0,0,0,-3.9,153.266,4.5,70.99,0.8
2018-01-01 02:22:00,0.931553262945366,0.288939557297244,0,0,0,0,-3.9,153.052,4.5,70.99,0.8
2018-01-01 02:23:00,0.931614923965078,0.286017599078793,0,0,0,0,-3.9,152.838,4.5,70.99,0.8
2018-01-01 02:24:00,0.93167658498479,0.283095640860343,0,0,0,0,-3.9,152.624,4.5,70.99,0.8
2018-01-01 02:25:00,0.931738246004502,0.280173682641892,0,0,0,0,-3.9,152.41,4.5,70.99,0.8
2018-01-01 02:26:00,0.931799907024213,0.281868857362089,0,0,0,0,-3.9,152.194,4.5,71.092,0.78
2018-01-01 02:27:00,0.931861568043925,0.283564032082286,0,0,0,0,-3.9,151.978,4.5,71.194,0.76
2018-01-01 02:28:00,0.931923229063637,0.285259206802483,0,0,0,0,-3.9,151.762,4.5,71.296,0.74
2018-01-01 02:29:00,0.931984890083349,0.286954381522681,0,0,0,0,-3.9,151.546,4.5,71.398,0.72
2018-01-01 02:30:00,0.932046551103061,0.288649556242878,0,0,0,0,-3.9,151.33,4.5,71.5,0.7
2018-01-01 02:31:00,0.932108212122772,0.285085221509468,0,0,0,0,-4.02,151.114,4.5,70.804,0.7
2018-01-01 02:32:00,0.932169873142484,0.281520886776058,0,0,0,0,-4.14,150.898,4.5,70.108,0.7
2018-01-01 02:33:00,0.932231534162196,0.277956552042648,0,0,0,0,-4.26,150.682,4.5,69.412,0.7
2018-01-01 02:34:00,0.932293195181908,0.274392217309238,0,0,0,0,-4.38,150.466,4.5,68.716,0.7
2018-01-01 02:35:00,0.93235485620162,0.270827882575829,0,0,0,0,-4.5,150.25,4.5,68.02,0.7
2018-01-01 02:36:00,0.932416517221332,0.273636485512071,0,0,0,0,-4.5,150.034,4.5,68.02,0.7
2018-01-01 02:37:00,0.932478178241044,0.276445088448314,0,0,0,0,-4.5,149.818,4.5,68.02,0.7
2018-01-01 02:38:00,0.932539839260756,0.279253691384557,0,0,0,0,-4.5,149.602,4.5,68.02,0.7
2018-01-01 02:39:00,0.932601500280467,0.2820622943208,0,0,0,0,-4.5,149.386,4.5,68.02,0.7
2018-01-01 02:40:00,0.932663161300179,0.284870897257043,0,0,0,0,-4.5,149.17,4.5,68.02,0.7
2018-01-01 02:41:00,0.932724822319891,0.284923783819409,0,0,0,0,-4.5,148.952,4.5,68.118,0.68
2018-01-01 02:42:00,0.932786483339603,0.284976670381776,0,0,0,0,-4.5,148.734,4.5,68.216,0.66
2018-01-01 02:43:00,0.932848144359315,0.285029556944142,0,0,0,0,-4.5,148.516,4.5,68.314,0.64
2018-01-01 02:44:00,0.932909805379027,0.285082443506508,0,0,0,0,-4.5,148.298,4.5,68.412,0.62
2018-01-01 02:45:00,0.932971466398738,0.285135330068875,0,0,0,0,-4.5,148.08,4.5,68.51,0.6
2018-01-01 02:46:00,0.93303312741845,0.278608041030365,0,0,0,0,-4.5,147.864,4.48,68.51,0.6
2018-01-01 02:47:00,0.933094788438162,0.272080751991854,0,0,0,0,-4.5,147.648,4.46,68.51,0.6
2018-01-01 02:48:00,0.933156449457874,0.265553462953344,0,0,0,0,-4.5,147.432,4.44,68.51,0.6
2018-01-01 02:49:00,0.933218110477586,0.259026173914834,0,0,0,0,-4.5,147.216,4.42,68.51,0.6
2018-01-01 02:50:00,0.933279771497298,0.252498884876323,0,0,0,0,-4.5,147,4.4,68.51,0.6
2018-01-01 02:51:00,0.93334143251701,0.255123769523978,0,0,0,0,-4.5,146.784,4.4,68.61,0.58
2018-01-01 02:52:00,0.933403093536721,0.257748654171632,0,0,0,0,-4.5,146.568,4.4,68.71,0.56
2018-01-01 02:53:00,0.933464754556433,0.260373538819287,0,0,0,0,-4.5,146.352,4.4,68.81,0.54
2018-01-01 02:54:00,0.933526415576145,0.262998423466941,0,0,0,0,-4.5,146.136,4.4,68.91,0.52
2018-01-01 02:55:00,0.933588076595857,0.265623308114596,0,0,0,0,-4.5,145.92,4.4,69.01,0.5
2018-01-01 02:56:00,0.933649737615569,0.26575489488182,0,0,0,0,-4.5,145.702,4.4,69.01,0.5
2018-01-01 02:57:00,0.933711398635281,0.265886481649043,0,0,0,0,-4.5,145.484,4.4,69.01,0.5
2018-01-01 02:58:00,0.933773059654992,0.266018068416267,0,0,0,0,-4.5,145.266,4.4,69.01,0.5
2018-01-01 02:59:00,0.933834720674704,0.266149655183491,0,0,0,0,-4.5,145.048,4.4,69.01,0.5
2018-01-01 03:00:00,0.933896381694416,0.266281241950715,0,0,0,0,-4.5,144.83,4.4,69.01,0.5
2018-01-01 03:01:00,0.93414211535719,0.266446572189517,0,0,0,0,-4.5,144.614,4.4,69.01,0.5
2018-01-01 03:02:00,0.934387849019963,0.266611902428319,0,0,0,0,-4.5,144.398,4.4,69.01,0.5
2018-01-01 03:03:00,0.934633582682736,0.266777232667121,0,0,0,0,-4.5,144.182,4.4,69.01,0.5
2018-01-01 03:04:00,0.934879316345509,0.266942562905923,0,0,0,0,-4.5,143.966,4.4,69.01,0.5
2018-01-01 03:05:00,0.935125050008282,0.267107893144726,0,0,0,0,-4.5,143.75,4.4,69.01,0.5
2018-01-01 03:06:00,0.935370783671055,0.269024273863269,0,0,0,0,-4.5,143.532,4.4,69.11,0.48
2018-01-01 03:07:00,0.935616517333829,0.270940654581813,0,0,0,0,-4.5,143.314,4.4,69.21,0.46
2018-01-01 03:08:00,0.935862250996602,0.272857035300356,0,0,0,0,-4.5,143.096,4.4,69.31,0.44
2018-01-01 03:09:00,0.936107984659375,0.2747734160189,0,0,0,0,-4.5,142.878,4.4,69.41,0.42
2018-01-01 03:10:00,0.936353718322148,0.276689796737443,0,0,0,0,-4.5,142.66,4.4,69.51,0.4
2018-01-01 03:11:00,0.936599451984921,0.273880839590069,0,0,0,0,-4.5,142.444,4.4,69.51,0.4
2018-01-01 03:12:00,0.936845185647694,0.271071882442695,0,0,0,0,-4.5,142.228,4.4,69.51,0.4
2018-01-01 03:13:00,0.937090919310468,0.268262925295321,0,0,0,0,-4.5,142.012,4.4,69.51,0.4
2018-01-01 03:14:00,0.937336652973241,0.265453968147947,0,0,0,0,-4.5,141.796,4.4,69.51,0.4
2018-01-01 03:15:00,0.937582386636014,0.262645011000573,0,0,0,0,-4.5,141.58,4.4,69.51,0.4
2018-01-01 03:16:00,0.937828120298787,0.264838909720131,0,0,0,0,-4.5,141.362,4.4,69.61,0.38
2018-01-01 03:17:00,0.93807385396156,0.267032808439689,0,0,0,0,-4.5,141.144,4.4,69.71,0.36
2018-01-01 03:18:00,0.938319587624334,0.269226707159247,0,0,0,0,-4.5,140.926,4.4,69.81,0.34
2018-01-01 03:19:00,0.938565321287107,0.271420605878805,0,0,0,0,-4.5,140.708,4.4,69.91,0.32
2018-01-01 03:20:00,0.93881105494988,0.273614504598363,0,0,0,0,-4.5,140.49,4.4,70.01,0.3
2018-01-01 03:21:00,0.939056788612653,0.271446389985699,0,0,0,0,-4.5,140.274,4.4,70.01,0.3
2018-01-01 03:22:00,0.939302522275426,0.269278275373035,0,0,0,0,-4.5,140.058,4.4,70.01,0.3
2018-01-01 03:23:00,0.9395482559382,0.26711016076037,0,0,0,0,-4.5,139.842,4.4,70.01,0.3
2018-01-01 03:24:00,0.939793989600973,0.264942046147706,0,0,0,0,-4.5,139.626,4.4,70.01,0.3
2018-01-01 03:25:00,0.940039723263746,0.262773931535042,0,0,0,0,-4.5,139.41,4.4,70.01,0.3
2018-01-01 03:26:00,0.940285456926519,0.26450112397228,0,0,0,0,-4.5,139.192,4.4,70.01,0.3
2018-01-01 03:27:00,0.940531190589292,0.26622831640952,0,0,0,0,-4.5,138.974,4.4,70.01,0.3
2018-01-01 03:28:00,0.940776924252065,0.267955508846759,0,0,0,0,-4.5,138.756,4.4,70.01,0.3
2018-01-01 03:29:00,0.941022657914839,0.269682701283998,0,0,0,0,-4.5,138.538,4.4,70.01,0.3
2018-01-01 03:30:00,0.941268391577612,0.271409893721237,0,0,0,0,-4.5,138.32,4.4,70.01,0.3
2018-01-01 03:31:00,0.941514125240385,0.271016957908417,0,0,0,0,-4.64,138.104,4.4,69.392,0.28
2018-01-01 03:32:00,0.941759858903158,0.270624022095598,0,0,0,0,-4.78,137.888,4.4,68.774,0.26
2018-01-01 03:33:00,0.942005592565931,0.270231086282778,0,0,0,0,-4.92,137.672,4.4,68.156,0.24
2018-01-01 03:34:00,0.942251326228705,0.269838150469959,0,0,0,0,-5.06,137.456,4.4,67.538,0.22
2018-01-01 03:35:00,0.942497059891478,0.269445214657139,0,0,0,0,-5.2,137.24,4.4,66.92,0.2
2018-01-01 03:36:00,0.942742793554251,0.26479805882623,0,0,0,0,-5.2,137.022,4.38,66.92,0.2
2018-01-01 03:37:00,0.942988527217024,0.26015090299532,0,0,0,0,-5.2,136.804,4.36,66.92,0.2
2018-01-01 03:38:00,0.943234260879797,0.25550374716441,0,0,0,0,-5.2,136.586,4.34,66.92,0.2
2018-01-01 03:39:00,0.94347999454257,0.2508565913335,0,0,0,0,-5.2,136.368,4.32,66.92,0.2
2018-01-01 03:40:00,0.943725728205344,0.24620943550259,0,0,0,0,-5.2,136.15,4.3,66.92,0.2
2018-01-01 03:41:00,0.943971461868117,0.245700383485797,0,0,0,0,-5.2,135.934,4.3,66.92,0.2
2018-01-01 03:42:00,0.94421719553089,0.245191331469003,0,0,0,0,-5.2,135.718,4.3,66.92,0.2
2018-01-01 03:43:00,0.944462929193663,0.24468227945221,0,0,0,0,-5.2,135.502,4.3,66.92,0.2
2018-01-01 03:44:00,0.944708662856436,0.244173227435416,0,0,0,0,-5.2,135.286,4.3,66.92,0.2
2018-01-01 03:45:00,0.94495439651921,0.243664175418623,0,0,0,0,-5.2,135.07,4.3,66.92,0.2
2018-01-01 03:46:00,0.945200130181983,0.246875724835407,0,0,0,0,-5.2,134.854,4.3,67.016,0.18
2018-01-01 03:47:00,0.945445863844756,0.250087274252192,0,0,0,0,-5.2,134.638,4.3,67.112,0.16
2018-01-01 03:48:00,0.945691597507529,0.253298823668976,0,0,0,0,-5.2,134.422,4.3,67.208,0.14
2018-01-01 03:49:00,0.945937331170302,0.256510373085761,0,0,0,0,-5.2,134.206,4.3,67.304,0.12
2018-01-01 03:50:00,0.946183064833076,0.259721922502545,0,0,0,0,-5.2,133.99,4.3,67.4,0.1
2018-01-01 03:51:00,0.946428798495849,0.255833830427486,0,0,0,0,-5.2,133.772,4.3,67.4,0.1
2018-01-01 03:52:00,0.946674532158622,0.251945738352426,0,0,0,0,-5.2,133.554,4.3,67.4,0.1
2018-01-01 03:53:00,0.946920265821395,0.248057646277366,0,0,0,0,-5.2,133.336,4.3,67.4,0.1
2018-01-01 03:54:00,0.947165999484168,0.244169554202306,0,0,0,0,-5.2,133.118,4.3,67.4,0.1
2018-01-01 03:55:00,0.947411733146942,0.240281462127246,0,0,0,0,-5.2,132.9,4.3,67.4,0.1
2018-01-01 03:56:00,0.947657466809715,0.242774275257871,0,0,0,0,-5.2,132.684,4.3,67.498,0.08
2018-01-01 03:57:00,0.947903200472488,0.245267088388496,0,0,0,0,-5.2,132.468,4.3,67.596,0.06
2018-01-01 03:58:00,0.948148934135261,0.24775990151912,0,0,0,0,-5.2,132.252,4.3,67.694,0.04
2018-01-01 03:59:00,0.948394667798034,0.250252714649745,0,0,0,0,-5.2,132.036,4.3,67.792,0.02
2018-01-01 04:00:00,0.948640401460807,0.25274552778037,0,0,0,0,-5.2,131.82,4.3,67.89,0
2018-01-01 04:01:00,0.949059162936375,0.252094795929826,0,0,0,0,-5.2,131.604,4.3,67.904,0
2018-01-01 04:02:00,0.949477924411943,0.251444064079281,0,0,0,0,-5.2,131.388,4.3,67.918,0
2018-01-01 04:03:00,0.949896685887511,0.250793332228737,0,0,0,0,-5.2,131.172,4.3,67.932,0
2018-01-01 04:04:00,0.950315447363079,0.250142600378192,0,0,0,0,-5.2,130.956,4.3,67.946,0
2018-01-01 04:05:00,0.950734208838647,0.249491868527648,0,0,0,0,-5.2,130.74,4.3,67.96,0
2018-01-01 04:06:00,0.951152970314215,0.248588342561165,0,0,0,0,-5.2,130.524,4.3,67.96,0
2018-01-01 04:07:00,0.951571731789783,0.247684816594682,0,0,0,0,-5.2,130.308,4.3,67.96,0
2018-01-01 04:08:00,0.951990493265351,0.246781290628199,0,0,0,0,-5.2,130.092,4.3,67.96,0
2018-01-01 04:09:00,0.952409254740918,0.245877764661717,0,0,0,0,-5.2,129.876,4.3,67.96,0
2018-01-01 04:10:00,0.952828016216486,0.244974238695234,0,0,0,0,-5.2,129.66,4.3,67.96,0
2018-01-01 04:11:00,0.953246777692054,0.244558876601152,0,0,0,0,-5.2,129.446,4.3,67.96,0
2018-01-01 04:12:00,0.953665539167622,0.24414351450707,0,0,0,0,-5.2,129.232,4.3,67.96,0
2018-01-01 04:13:00,0.95408430064319,0.243728152412988,0,0,0,0,-5.2,129.018,4.3,67.96,0
2018-01-01 04:14:00,0.954503062118758,0.243312790318906,0,0,0,0,-5.2,128.804,4.3,67.96,0
2018-01-01 04:15:00,0.954921823594326,0.242897428224824,0,0,0,0,-5.2,128.59,4.3,67.96,0
2018-01-01 04:16:00,0.955340585069894,0.24651466079062,0,0,0,0,-5.2,128.374,4.3,68.058,-0.02
2018-01-01 04:17:00,0.955759346545462,0.250131893356416,0,0,0,0,-5.2,128.158,4.3,68.156,-0.04
2018-01-01 04:18:00,0.95617810802103,0.253749125922211,0,0,0,0,-5.2,127.942,4.3,68.254,-0.06
2018-01-01 04:19:00,0.956596869496598,0.257366358488007,0,0,0,0,-5.2,127.726,4.3,68.352,-0.08
2018-01-01 04:20:00,0.957015630972165,0.260983591053802,0,0,0,0,-5.2,127.51,4.3,68.45,-0.1
2018-01-01 04:21:00,0.957434392447733,0.256726121857465,0,0,0,0,-5.2,127.294,4.3,68.45,-0.1
2018-01-01 04:22:00,0.957853153923301,0.252468652661127,0,0,0,0,-5.2,127.078,4.3,68.45,-0.1
2018-01-01 04:23:00,0.958271915398869,0.24821118346479,0,0,0,0,-5.2,126.862,4.3,68.45,-0.1
2018-01-01 04:24:00,0.958690676874437,0.243953714268452,0,0,0,0,-5.2,126.646,4.3,68.45,-0.1
2018-01-01 04:25:00,0.959109438350005,0.239696245072115,0,0,0,0,-5.2,126.43,4.3,68.45,-0.1
2018-01-01 04:26:00,0.959528199825573,0.243456925074902,0,0,0,0,-5.2,126.216,4.3,68.45,-0.1
2018-01-01 04:27:00,0.95994696130114,0.24721760507769,0,0,0,0,-5.2,126.002,4.3,68.45,-0.1
2018-01-01 04:28:00,0.960365722776708,0.250978285080477,0,0,0,0,-5.2,125.788,4.3,68.45,-0.1
2018-01-01 04:29:00,0.960784484252276,0.254738965083265,0,0,0,0,-5.2,125.574,4.3,68.45,-0.1
2018-01-01 04:30:00,0.961203245727844,0.258499645086052,0,0,0,0,-5.2,125.36,4.3,68.45,-0.1
2018-01-01 04:31:00,0.961622007203412,0.254047595711881,0,0,0,0,-5.36,125.146,4.3,67.756,-0.12
2018-01-01 04:32:00,0.96204076867898,0.249595546337709,0,0,0,0,-5.52,124.932,4.3,67.062,-0.14
2018-01-01 04:33:00,0.962459530154548,0.245143496963538,0,0,0,0,-5.68,124.718,4.3,66.368,-0.16
2018-01-01 04:34:00,0.962878291630116,0.240691447589366,0,0,0,0,-5.84,124.504,4.3,65.674,-0.18
2018-01-01 04:35:00,0.963297053105684,0.236239398215195,0,0,0,0,-6,124.29,4.3,64.98,-0.2
2018-01-01 04:36:00,0.963715814581252,0.236097728960683,0,0,0,0,-6,124.074,4.3,64.98,-0.2
2018-01-01 04:37:00,0.96413457605682,0.235956059706172,0,0,0,0,-6,123.858,4.3,64.98,-0.2
2018-01-01 04:38:00,0.964553337532388,0.235814390451661,0,0,0,0,-6,123.642,4.3,64.98,-0.2
2018-01-01 04:39:00,0.964972099007955,0.23567272119715,0,0,0,0,-6,123.426,4.3,64.98,-0.2
2018-01-01 04:40:00,0.965390860483523,0.235531051942638,0,0,0,0,-6,123.21,4.3,64.98,-0.2
2018-01-01 04:41:00,0.965809621959091,0.239897436747288,0,0,0,0,-6,122.998,4.3,64.98,-0.2
2018-01-01 04:42:00,0.966228383434659,0.244263821551938,0,0,0,0,-6,122.786,4.3,64.98,-0.2
2018-01-01 04:43:00,0.966647144910227,0.248630206356588,0,0,0,0,-6,122.574,4.3,64.98,-0.2
2018-01-01 04:44:00,0.967065906385795,0.252996591161238,0,0,0,0,-6,122.362,4.3,64.98,-0.2
2018-01-01 04:45:00,0.967484667861363,0.257362975965888,0,0,0,0,-6,122.15,4.3,64.98,-0.2
2018-01-01 04:46:00,0.967903429336931,0.25314509731142,0,0,0,0,-6,121.936,4.3,65.074,-0.22
2018-01-01 04:47:00,0.968322190812499,0.248927218656951,0,0,0,0,-6,121.722,4.3,65.168,-0.24
2018-01-01 04:48:00,0.968740952288066,0.244709340002483,0,0,0,0,-6,121.508,4.3,65.262,-0.26
2018-01-01 04:49:00,0.969159713763634,0.240491461348014,0,0,0,0,-6,121.294,4.3,65.356,-0.28
2018-01-01 04:50:00,0.969578475239202,0.236273582693545,0,0,0,0,-6,121.08,4.3,65.45,-0.3
2018-01-01 04:51:00,0.96999723671477,0.239638522276454,0,0,0,0,-6,120.866,4.3,65.45,-0.3
2018-01-01 04:52:00,0.970415998190338,0.243003461859363,0,0,0,0,-6,120.652,4.3,65.45,-0.3
2018-01-01 04:53:00,0.970834759665906,0.246368401442273,0,0,0,0,-6,120.438,4.3,65.45,-0.3
2018-01-01 04:54:00,0.971253521141474,0.249733341025182,0,0,0,0,-6,120.224,4.3,65.45,-0.3
2018-01-01 04:55:00,0.971672282617042,0.253098280608091,0,0,0,0,-6,120.01,4.3,65.45,-0.3
2018-01-01 04:56:00,0.97209104409261,0.250764139563015,0,0,0,0,-6,119.798,4.3,65.45,-0.3
2018-01-01 04:57:00,0.972509805568178,0.24842999851794,0,0,0,0,-6,119.586,4.3,65.45,-0.3
2018-01-01 04:58:00,0.972928567043745,0.246095857472865,0,0,0,0,-6,119.374,4.3,65.45,-0.3
2018-01-01 04:59:00,0.973347328519313,0.24376171642779,0,0,0,0,-6,119.162,4.3,65.45,-0.3
2018-01-01 05:00:00,0.973766089994881,0.241427575382715,0,0,0,0,-6,118.95,4.3,65.45,-0.3
2018-01-01 05:01:00,0.97421388623435,0.239509768937905,0,0,0,0,-6,118.736,4.28,65.558,-0.32
2018-01-01 05:02:00,0.974661682473818,0.237591962493095,0,0,0,0,-6,118.522,4.26,65.666,-0.34
2018-01-01 05:03:00,0.975109478713286,0.235674156048285,0,0,0,0,-6,118.308,4.24,65.774,-0.36
2018-01-01 05:04:00,0.975557274952755,0.233756349603476,0,0,0,0,-6,118.094,4.22,65.882,-0.38
2018-01-01 05:05:00,0.976005071192224,0.231838543158666,0,0,0,0,-6,117.88,4.2,65.99,-0.4
2018-01-01 05:06:00,0.976452867431692,0.23316479428258,0,0,0,0,-6,117.668,4.2,65.99,-0.4
2018-01-01 05:07:00,0.97690066367116,0.234491045406495,0,0,0,0,-6,117.456,4.2,65.99,-0.4
2018-01-01 05:08:00,0.977348459910629,0.235817296530409,0,0,0,0,-6,117.244,4.2,65.99,-0.4
2018-01-01 05:09:00,0.977796256150097,0.237143547654324,0,0,0,0,-6,117.032,4.2,65.99,-0.4
2018-01-01 05:10:00,0.978244052389566,0.238469798778238,0,0,0,0,-6,116.82,4.2,65.99,-0.4
2018-01-01 05:11:00,0.978691848629034,0.239828734009564,0,0,0,0,-6,116.608,4.2,65.99,-0.4
2018-01-01 05:12:00,0.979139644868503,0.241187669240889,0,0,0,0,-6,116.396,4.2,65.99,-0.4
2018-01-01 05:13:00,0.979587441107971,0.242546604472215,0,0,0,0,-6,116.184,4.2,65.99,-0.4
2018-01-01 05:14:00,0.98003523734744,0.24390553970354,0,0,0,0,-6,115.972,4.2,65.99,-0.4
2018-01-01 05:15:00,0.980483033586908,0.245264474934866,0,0,0,0,-6,115.76,4.2,65.99,-0.4
2018-01-01 05:16:00,0.980930829826376,0.240529400211261,0,0,0,0,-6,115.55,4.2,66.086,-0.42
2018-01-01 05:17:00,0.981378626065845,0.235794325487656,0,0,0,0,-6,115.34,4.2,66.182,-0.44
2018-01-01 05:18:00,0.981826422305313,0.23105925076405,0,0,0,0,-6,115.13,4.2,66.278,-0.46
2018-01-01 05:19:00,0.982274218544782,0.226324176040445,0,0,0,0,-6,114.92,4.2,66.374,-0.48
2018-01-01 05:20:00,0.98272201478425,0.22158910131684,0,0,0,0,-6,114.71,4.2,66.47,-0.5
2018-01-01 05:21:00,0.983169811023719,0.224618479368772,0,0,0,0,-6,114.498,4.2,66.47,-0.5
2018-01-01 05:22:00,0.983617607263187,0.227647857420704,0,0,0,0,-6,114.286,4.2,66.47,-0.5
2018-01-01 05:23:00,0.984065403502656,0.230677235472636,0,0,0,0,-6,114.074,4.2,66.47,-0.5
2018-01-01 05:24:00,0.984513199742124,0.233706613524568,0,0,0,0,-6,113.862,4.2,66.47,-0.5
2018-01-01 05:25:00,0.984960995981593,0.236735991576499,0,0,0,0,-6,113.65,4.2,66.47,-0.5
2018-01-01 05:26:00,0.985408792221061,0.236907040846117,0,0,0,0,-6,113.44,4.2,66.568,-0.52
2018-01-01 05:27:00,0.98585658846053,0.237078090115735,0,0,0,0,-6,113.23,4.2,66.666,-0.54
2018-01-01 05:28:00,0.986304384699998,0.237249139385353,0,0,0,0,-6,113.02,4.2,66.764,-0.56
2018-01-01 05:29:00,0.986752180939466,0.237420188654971,0,0,0,0,-6,112.81,4.2,66.862,-0.58
2018-01-01 05:30:00,0.987199977178935,0.237591237924589,0,0,0,0,-6,112.6,4.2,66.96,-0.6
2018-01-01 05:31:00,0.987647773418403,0.233163084479605,0,0,0,0,-6.16,112.39,4.2,66.178,-0.6
2018-01-01 05:32:00,0.988095569657872,0.228734931034622,0,0,0,0,-6.32,112.18,4.2,65.396,-0.6
2018-01-01 05:33:00,0.98854336589734,0.224306777589638,0,0,0,0,-6.48,111.97,4.2,64.614,-0.6
2018-01-01 05:34:00,0.988991162136809,0.219878624144655,0,0,0,0,-6.64,111.76,4.2,63.832,-0.6
2018-01-01 05:35:00,0.989438958376277,0.215450470699671,0,0,0,0,-6.8,111.55,4.2,63.05,-0.6
2018-01-01 05:36:00,0.989886754615746,0.218152109430794,0,0,0,0,-6.8,111.34,4.2,63.05,-0.6
2018-01-01 05:37:00,0.990334550855214,0.220853748161917,0,0,0,0,-6.8,111.13,4.2,63.05,-0.6
2018-01-01 05:38:00,0.990782347094682,0.22355538689304,0,0,0,0,-6.8,110.92,4.2,63.05,-0.6
2018-01-01 05:39:00,0.991230143334151,0.226257025624163,0,0,0,0,-6.8,110.71,4.2,63.05,-0.6
2018-01-01 05:40:00,0.991677939573619,0.228958664355286,0,0,0,0,-6.8,110.5,4.2,63.05,-0.6
2018-01-01 05:41:00,0.992125735813088,0.231480290322184,0,0,0,0,-6.8,110.292,4.2,63.142,-0.62
2018-01-01 05:42:00,0.992573532052556,0.234001916289081,0,0,0,0,-6.8,110.084,4.2,63.234,-0.64
2018-01-01 05:43:00,0.993021328292025,0.236523542255978,0,0,0,0,-6.8,109.876,4.2,63.326,-0.66
2018-01-01 05:44:00,0.993469124531493,0.239045168222875,0,0,0,0,-6.8,109.668,4.2,63.418,-0.68
2018-01-01 05:45:00,0.993916920770962,0.241566794189773,0,0,0,0,-6.8,109.46,4.2,63.51,-0.7
2018-01-01 05:46:00,0.99436471701043,0.239413712823622,0,0,0,0,-6.8,109.252,4.2,63.51,-0.7
2018-01-01 05:47:00,0.994812513249899,0.237260631457471,0,0,0,0,-6.8,109.044,4.2,63.51,-0.7
2018-01-01 05:48:00,0.995260309489367,0.235107550091321,0,0,0,0,-6.8,108.836,4.2,63.51,-0.7
2018-01-01 05:49:00,0.995708105728836,0.23295446872517,0,0,0,0,-6.8,108.628,4.2,63.51,-0.7
2018-01-01 05:50:00,0.996155901968304,0.230801387359019,0,0,0,0,-6.8,108.42,4.2,63.51,-0.7
2018-01-01 05:51:00,0.996603698207772,0.232453409780826,0,0,0,0,-6.8,108.212,4.2,63.522,-0.7
2018-01-01 05:52:00,0.997051494447241,0.234105432202633,0,0,0,0,-6.8,108.004,4.2,63.534,-0.7
2018-01-01 05:53:00,0.997499290686709,0.23575745462444,0,0,0,0,-6.8,107.796,4.2,63.546,-0.7
2018-01-01 05:54:00,0.997947086926178,0.237409477046247,0,0,0,0,-6.8,107.588,4.2,63.558,-0.7
2018-01-01 05:55:00,0.998394883165646,0.239061499468054,0,0,0,0,-6.8,107.38,4.2,63.57,-0.7
2018-01-01 05:56:00,0.998842679405115,0.241336466959692,0,0,0,0,-6.8,107.172,4.2,63.664,-0.72
2018-01-01 05:57:00,0.999290475644583,0.24361143445133,0,0,0,0,-6.8,106.964,4.2,63.758,-0.74
2018-01-01 05:58:00,0.999738271884052,0.245886401942968,0,0,0,0,-6.8,106.756,4.2,63.852,-0.76
2018-01-01 05:59:00,1.00018606812352,0.248161369434606,0,0,0,0,-6.8,106.548,4.2,63.946,-0.78
2018-01-01 06:00:00,1.00063386436299,0.250436336926244,0,0,0,0,-6.8,106.34,4.2,64.04,-0.8
2018-01-01 06:01:00,1.00084325844247,0.246380498762243,0,0,0,0,-6.8,106.134,4.2,64.04,-0.8
2018-01-01 06:02:00,1.00105265252195,0.242324660598242,0,0,0,0,-6.8,105.928,4.2,64.04,-0.8
2018-01-01 06:03:00,1.00126204660143,0.238268822434241,0,0,0,0,-6.8,105.722,4.2,64.04,-0.8
2018-01-01 06:04:00,1.0014714406809,0.23421298427024,0,0,0,0,-6.8,105.516,4.2,64.04,-0.8
2018-01-01 06:05:00,1.00168083476038,0.230157146106239,0,0,0,0,-6.8,105.31,4.2,64.04,-0.8
2018-01-01 06:06:00,1.00189022883986,0.230924382247328,0,0,0,0,-6.8,105.104,4.2,64.04,-0.8
2018-01-01 06:07:00,1.00209962291934,0.231691618388416,0,0,0,0,-6.8,104.898,4.2,64.04,-0.8
2018-01-01 06:08:00,1.00230901699882,0.232458854529505,0,0,0,0,-6.8,104.692,4.2,64.04,-0.8
2018-01-01 06:09:00,1.0025184110783,0.233226090670593,0,0,0,0,-6.8,104.486,4.2,64.04,-0.8
2018-01-01 06:10:00,1.00272780515778,0.233993326811682,0,0,0,0,-6.8,104.28,4.2,64.04,-0.8
2018-01-01 06:11:00,1.00293719923726,0.235591777466844,0,0,0,0,-6.8,104.074,4.2,64.134,-0.82
2018-01-01 06:12:00,1.00314659331674,0.237190228122007,0,0,0,0,-6.8,103.868,4.2,64.228,-0.84
2018-01-01 06:13:00,1.00335598739622,0.238788678777169,0,0,0,0,-6.8,103.662,4.2,64.322,-0.86
2018-01-01 06:14:00,1.0035653814757,0.240387129432331,0,0,0,0,-6.8,103.456,4.2,64.416,-0.88
2018-01-01 06:15:00,1.00377477555518,0.241985580087494,0,0,0,0,-6.8,103.25,4.2,64.51,-0.9
2018-01-01 06:16:00,1.00398416963465,0.239191347614325,0,0,0,0,-6.8,103.044,4.2,64.51,-0.9
2018-01-01 06:17:00,1.00419356371413,0.236397115141155,0,0,0,0,-6.8,102.838,4.2,64.51,-0.9
2018-01-01 06:18:00,1.00440295779361,0.233602882667986,0,0,0,0,-6.8,102.632,4.2,64.51,-0.9
2018-01-01 06:19:00,1.00461235187309,0.230808650194817,0,0,0,0,-6.8,102.426,4.2,64.51,-0.9
2018-01-01 06:20:00,1.00482174595257,0.228014417721648,0,0,0,0,-6.8,102.22,4.2,64.51,-0.9
2018-01-01 06:21:00,1.00503114003205,0.228606446283008,0,0,0,0,-6.8,102.016,4.2,64.51,-0.9
2018-01-01 06:22:00,1.00524053411153,0.229198474844369,0,0,0,0,-6.8,101.812,4.2,64.51,-0.9
2018-01-01 06:23:00,1.00544992819101,0.229790503405729,0,0,0,0,-6.8,101.608,4.2,64.51,-0.9
2018-01-01 06:24:00,1.00565932227049,0.230382531967089,0,0,0,0,-6.8,101.404,4.2,64.51,-0.9
2018-01-01 06:25:00,1.00586871634997,0.23097456052845,0,0,0,0,-6.8,101.2,4.2,64.51,-0.9
2018-01-01 06:26:00,1.00607811042945,0.236329721958709,0,0,0,0,-6.8,100.998,4.2,64.51,-0.9
2018-01-01 06:27:00,1.00628750450893,0.241684883388968,0,0,0,0,-6.8,100.796,4.2,64.51,-0.9
2018-01-01 06:28:00,1.0064968985884,0.247040044819227,0,0,0,0,-6.8,100.594,4.2,64.51,-0.9
2018-01-01 06:29:00,1.00670629266788,0.252395206249486,0,0,0,0,-6.8,100.392,4.2,64.51,-0.9
2018-01-01 06:30:00,1.00691568674736,0.257750367679745,0,0,0,0,-6.8,100.19,4.2,64.51,-0.9
2018-01-01 06:31:00,1.00712508082684,0.254230050929034,0,0,0,0,-6.92,99.986,4.2,64,-0.92
2018-01-01 06:32:00,1.00733447490632,0.250709734178324,0,0,0,0,-7.04,99.782,4.2,63.49,-0.94
2018-01-01 06:33:00,1.0075438689858,0.247189417427613,0,0,0,0,-7.16,99.578,4.2,62.98,-0.96
2018-01-01 06:34:00,1.00775326306528,0.243669100676903,0,0,0,0,-7.28,99.374,4.2,62.47,-0.98
2018-01-01 06:35:00,1.00796265714476,0.240148783926192,0,0,0,0,-7.4,99.17,4.2,61.96,-1
2018-01-01 06:36:00,1.00817205122424,0.239898282832958,0,0,0,0,-7.4,98.968,4.2,61.96,-1
2018-01-01 06:37:00,1.00838144530372,0.239647781739724,0,0,0,0,-7.4,98.766,4.2,61.96,-1
2018-01-01 06:38:00,1.0085908393832,0.23939728064649,0,0,0,0,-7.4,98.564,4.2,61.96,-1
2018-01-01 06:39:00,1.00880023346267,0.239146779553256,0,0,0,0,-7.4,98.362,4.2,61.96,-1
2018-01-01 06:40:00,1.00900962754215,0.238896278460022,0,0,0,0,-7.4,98.16,4.2,61.96,-1
2018-01-01 06:41:00,1.00921902162163,0.237391458942915,0,0,0,0,-7.4,97.96,4.2,61.96,-1
2018-01-01 06:42:00,1.00942841570111,0.235886639425808,0,0,0,0,-7.4,97.76,4.2,61.96,-1
2018-01-01 06:43:00,1.00963780978059,0.234381819908701,0,0,0,0,-7.4,97.56,4.2,61.96,-1
2018-01-01 06:44:00,1.00984720386007,0.232877000391594,0,0,0,0,-7.4,97.36,4.2,61.96,-1
2018-01-01 06:45:00,1.01005659793955,0.231372180874487,0,0,0,0,-7.4,97.16,4.2,61.96,-1
2018-01-01 06:46:00,1.01026599201903,0.235294753366708,0,0,0,0,-7.4,96.96,4.2,61.96,-1
2018-01-01 06:47:00,1.01047538609851,0.239217325858929,0,0,0,0,-7.4,96.76,4.2,61.96,-1
2018-01-01 06:48:00,1.01068478017799,0.24313989835115,0,0,0,0,-7.4,96.56,4.2,61.96,-1
2018-01-01 06:49:00,1.01089417425747,0.247062470843372,0,0,0,0,-7.4,96.36,4.2,61.96,-1
2018-01-01 06:50:00,1.01110356833695,0.250985043335593,0,0,0,0,-7.4,96.16,4.2,61.96,-1
2018-01-01 06:51:00,1.01131296241642,0.251792744084602,0,0,0,0,-7.4,95.96,4.22,62.052,-1.02
2018-01-01 06:52:00,1.0115223564959,0.25260044483361,0,0,0,0,-7.4,95.76,4.24,62.144,-1.04
2018-01-01 06:53:00,1.01173175057538,0.253408145582619,0,0,0,0,-7.4,95.56,4.26,62.236,-1.06
2018-01-01 06:54:00,1.01194114465486,0.254215846331628,0,0,0,0,-7.4,95.36,4.28,62.328,-1.08
2018-01-01 06:55:00,1.01215053873434,0.255023547080637,0,0,0,0,-7.4,95.16,4.3,62.42,-1.1
2018-01-01 06:56:00,1.01235993281382,0.2536623451104,0,0,0,0,-7.4,94.962,4.3,62.42,-1.1
2018-01-01 06:57:00,1.0125693268933,0.252301143140163,0,0,0,0,-7.4,94.764,4.3,62.42,-1.1
2018-01-01 06:58:00,1.01277872097278,0.250939941169927,0,0,0,0,-7.4,94.566,4.3,62.42,-1.1
2018-01-01 06:59:00,1.01298811505226,0.24957873919969,0,0,0,0,-7.4,94.368,4.3,62.42,-1.1
2018-01-01 07:00:00,1.01319750913174,0.248217537229454,0,0,0,0,-7.4,94.17,4.3,62.42,-1.1
2018-01-01 07:01:00,1.01344527066421,0.249660334749221,0,0,0,0,-7.4,93.972,4.3,62.432,-1.1
2018-01-01 07:02:00,1.01369303219669,0.251103132268987,0,0,0,0,-7.4,93.774,4.3,62.444,-1.1
2018-01-01 07:03:00,1.01394079372916,0.252545929788754,0,0,0,0,-7.4,93.576,4.3,62.456,-1.1
2018-01-01 07:04:00,1.01418855526164,0.25398872730852,0,0,0,0,-7.4,93.378,4.3,62.468,-1.1
2018-01-01 07:05:00,1.01443631679412,0.255431524828287,0,0,0,0,-7.4,93.18,4.3,62.48,-1.1
2018-01-01 07:06:00,1.01468407832659,0.260357611875357,0,0,0,0,-7.4,92.984,4.32,62.388,-1.08
2018-01-01 07:07:00,1.01493183985907,0.265283698922427,0,0,0,0,-7.4,92.788,4.34,62.296,-1.06
2018-01-01 07:08:00,1.01517960139154,0.270209785969497,0,0,0,0,-7.4,92.592,4.36,62.204,-1.04
2018-01-01 07:09:00,1.01542736292402,0.275135873016568,0,0,0,0,-7.4,92.396,4.38,62.112,-1.02
2018-01-01 07:10:00,1.01567512445649,0.280061960063638,0,0,0,0,-7.4,92.2,4.4,62.02,-1
2018-01-01 07:11:00,1.01592288598897,0.27848972396506,0,0,0,0,-7.4,92.004,4.4,62.02,-1
2018-01-01 07:12:00,1.01617064752145,0.276917487866483,0,0,0,0,-7.4,91.808,4.4,62.02,-1
2018-01-01 07:13:00,1.01641840905392,0.275345251767905,0,0,0,0,-7.4,91.612,4.4,62.02,-1
2018-01-01 07:14:00,1.0166661705864,0.273773015669328,0,0,0,0,-7.4,91.416,4.4,62.02,-1
2018-01-01 07:15:00,1.01691393211887,0.272200779570751,0,0,0,0,-7.4,91.22,4.4,62.02,-1
2018-01-01 07:16:00,1.01716169365135,0.271091153398243,0,0,0,0,-7.4,90.914,4.4,62.02,-1
2018-01-01 07:17:00,1.01740945518382,0.269981527225735,0,0,0,0,-7.4,90.608,4.4,62.02,-1
2018-01-01 07:18:00,1.0176572167163,0.268871901053227,0,0,0,0,-7.4,90.302,4.4,62.02,-1
2018-01-01 07:19:00,1.01790497824878,0.267762274880719,0,0,0,0,-7.4,89.996,4.4,62.02,-1
2018-01-01 07:20:00,1.01815273978125,0.266652648708211,0,0,0,0,-7.4,89.69,4.4,62.02,-1
2018-01-01 07:21:00,1.01840050131373,0.267377771551251,0,2.2,24,2.8,-7.4,89.524,4.42,61.93,-0.98
2018-01-01 07:22:00,1.0186482628462,0.268102894394291,0,4.4,48,5.6,-7.4,89.358,4.44,61.84,-0.96
2018-01-01 07:23:00,1.01889602437868,0.268828017237331,0,6.6,72,8.4,-7.4,89.192,4.46,61.75,-0.94
2018-01-01 07:24:00,1.01914378591115,0.269553140080371,0,8.8,96,11.2,-7.4,89.026,4.48,61.66,-0.92
2018-01-01 07:25:00,1.01939154744363,0.27027826292341,0,11,120,14,-7.4,88.86,4.5,61.57,-0.9
2018-01-01 07:26:00,1.01963930897611,0.274648538151334,0,10.6,96,13,-7.4,88.686,4.5,61.57,-0.9
2018-01-01 07:27:00,1.01988707050858,0.279018813379258,0,10.2,72,12,-7.4,88.512,4.5,61.57,-0.9
2018-01-01 07:28:00,1.02013483204106,0.283389088607181,0,9.8,48,11,-7.4,88.338,4.5,61.57,-0.9
2018-01-01 07:29:00,1.02038259357353,0.287759363835105,0,9.4,24,10,-7.4,88.164,4.5,61.57,-0.9
2018-01-01 07:30:00,1.02063035510601,0.292129639063029,0,9,0,9,-7.4,87.99,4.5,61.57,-0.9
2018-01-01 07:31:00,1.02087811663848,0.294465292057231,0,10,0,10,-7.58,87.812,4.52,60.686,-0.9
2018-01-01 07:32:00,1.02112587817096,0.296800945051434,0,11,0,11,-7.76,87.634,4.54,59.802,-0.9
2018-01-01 07:33:00,1.02137363970344,0.299136598045637,0,12,0,12,-7.94,87.456,4.56,58.918,-0.9
2018-01-01 07:34:00,1.02162140123591,0.30147225103984,0,13,0,13,-8.12,87.278,4.58,58.034,-0.9
2018-01-01 07:35:00,1.02186916276839,0.303807904034043,0,14,0,14,-8.3,87.1,4.6,57.15,-0.9
2018-01-01 07:36:00,1.02211692430086,0.29982197861548,0.001174005,15.8,0,15.8,-8.3,86.918,4.6,57.068,-0.88
2018-01-01 07:37:00,1.02236468583334,0.295836053196917,0.00234801,17.6,0,17.6,-8.3,86.736,4.6,56.986,-0.86
2018-01-01 07:38:00,1.02261244736581,0.291850127778354,0.003522015,19.4,0,19.4,-8.3,86.554,4.6,56.904,-0.84
2018-01-01 07:39:00,1.02286020889829,0.28786420235979,0.00469602,21.2,0,21.2,-8.3,86.372,4.6,56.822,-0.82
2018-01-01 07:40:00,1.02310797043077,0.283878276941227,0.005870025,23,0,23,-8.3,86.19,4.6,56.74,-0.8
2018-01-01 07:41:00,1.02335573196324,0.292265065363845,0.007842295,24,0.8,24.2,-8.3,86.006,4.62,56.74,-0.8
2018-01-01 07:42:00,1.02360349349572,0.300651853786463,0.009814565,25,1.6,25.4,-8.3,85.822,4.64,56.74,-0.8
2018-01-01 07:43:00,1.02385125502819,0.30903864220908,0.011786835,26,2.4,26.6,-8.3,85.638,4.66,56.74,-0.8
2018-01-01 07:44:00,1.02409901656067,0.317425430631698,0.013759105,27,3.2,27.8,-8.3,85.454,4.68,56.74,-0.8
2018-01-01 07:45:00,1.02434677809314,0.325812219054316,0.015731375,28,4,29,-8.3,85.27,4.7,56.74,-0.8
2018-01-01 07:46:00,1.02459453962562,0.321339955656854,0.01795185,29.2,6.2,30.2,-8.3,85.088,4.7,56.74,-0.8
2018-01-01 07:47:00,1.0248423011581,0.316867692259391,0.020172325,30.4,8.4,31.4,-8.3,84.906,4.7,56.74,-0.8
2018-01-01 07:48:00,1.02509006269057,0.312395428861929,0.0223928,31.6,10.6,32.6,-8.3,84.724,4.7,56.74,-0.8
2018-01-01 07:49:00,1.02533782422305,0.307923165464467,0.024613275,32.8,12.8,33.8,-8.3,84.542,4.7,56.74,-0.8
2018-01-01 07:50:00,1.02558558575552,0.303450902067004,0.02683375,34,15,35,-8.3,84.36,4.7,56.74,-0.8
2018-01-01 07:51:00,1.025833347288,0.310458482030431,0.02858095,35.2,16.6,36.4,-8.3,84.178,4.72,56.656,-0.78
2018-01-01 07:52:00,1.02608110882047,0.317466061993857,0.03032815,36.4,18.2,37.8,-8.3,83.996,4.74,56.572,-0.76
2018-01-01 07:53:00,1.02632887035295,0.324473641957283,0.03207535,37.6,19.8,39.2,-8.3,83.814,4.76,56.488,-0.74
2018-01-01 07:54:00,1.02657663188543,0.33148122192071,0.03382255,38.8,21.4,40.6,-8.3,83.632,4.78,56.404,-0.72
2018-01-01 07:55:00,1.0268243934179,0.338488801884136,0.03556975,40,23,42,-8.3,83.45,4.8,56.32,-0.7
2018-01-01 07:56:00,1.02707215495038,0.337207735911586,0.0371034,41.2,24,43.4,-8.3,83.268,4.8,56.32,-0.7
2018-01-01 07:57:00,1.02731991648285,0.335926669939037,0.03863705,42.4,25,44.8,-8.3,83.086,4.8,56.32,-0.7
2018-01-01 07:58:00,1.02756767801533,0.334645603966487,0.0401707,43.6,26,46.2,-8.3,82.904,4.8,56.32,-0.7
2018-01-01 07:59:00,1.0278154395478,0.333364537993938,0.04170435,44.8,27,47.6,-8.3,82.722,4.8,56.32,-0.7
2018-01-01 08:00:00,1.02806320108028,0.332083472021388,0.043238,46,28,49,-8.3,82.54,4.8,56.32,-0.7
2018-01-01 08:01:00,1.02839945739047,0.332226911956434,0.0447679,47.2,29,50.6,-8.3,82.358,4.8,56.238,-0.68
2018-01-01 08:02:00,1.02873571370067,0.332370351891479,0.0462978,48.4,30,52.2,-8.3,82.176,4.8,56.156,-0.66
2018-01-01 08:03:00,1.02907197001086,0.332513791826525,0.0478277,49.6,31,53.8,-8.3,81.994,4.8,56.074,-0.64
2018-01-01 08:04:00,1.02940822632106,0.332657231761571,0.0493576,50.8,32,55.4,-8.3,81.812,4.8,55.992,-0.62
2018-01-01 08:05:00,1.02974448263125,0.332800671696617,0.0508875,52,33,57,-8.3,81.63,4.8,55.91,-0.6
2018-01-01 08:06:00,1.03008073894145,0.336275518407428,0.05243935,53.2,34,58.4,-8.3,81.45,4.82,55.91,-0.6
2018-01-01 08:07:00,1.03041699525164,0.339750365118239,0.0539912,54.4,35,59.8,-8.3,81.27,4.84,55.91,-0.6
2018-01-01 08:08:00,1.03075325156184,0.34322521182905,0.05554305,55.6,36,61.2,-8.3,81.09,4.86,55.91,-0.6
2018-01-01 08:09:00,1.03108950787203,0.346700058539861,0.0570949,56.8,37,62.6,-8.3,80.91,4.88,55.91,-0.6
2018-01-01 08:10:00,1.03142576418223,0.350174905250672,0.05864675,58,38,64,-8.3,80.73,4.9,55.91,-0.6
2018-01-01 08:11:00,1.03176202049242,0.35013941588571,0.06044035,59.4,39,65.8,-8.3,80.55,4.9,55.83,-0.58
2018-01-01 08:12:00,1.03209827680261,0.350103926520748,0.06223395,60.8,40,67.6,-8.3,80.37,4.9,55.75,-0.56
2018-01-01 08:13:00,1.03243453311281,0.350068437155786,0.06402755,62.2,41,69.4,-8.3,80.19,4.9,55.67,-0.54
2018-01-01 08:14:00,1.032770789423,0.350032947790824,0.06582115,63.6,42,71.2,-8.3,80.01,4.9,55.59,-0.52
2018-01-01 08:15:00,1.0331070457332,0.349997458425862,0.06761475,65,43,73,-8.3,79.83,4.9,55.51,-0.5
2018-01-01 08:16:00,1.03344330204339,0.350113127770274,0.06928205,66.2,44.2,74.6,-8.3,79.652,4.9,55.43,-0.48
2018-01-01 08:17:00,1.03377955835359,0.350228797114687,0.07094935,67.4,45.4,76.2,-8.3,79.474,4.9,55.35,-0.46
2018-01-01 08:18:00,1.03411581466378,0.3503444664591,0.07261665,68.6,46.6,77.8,-8.3,79.296,4.9,55.27,-0.44
2018-01-01 08:19:00,1.03445207097398,0.350460135803513,0.07428395,69.8,47.8,79.4,-8.3,79.118,4.9,55.19,-0.42
2018-01-01 08:20:00,1.03478832728417,0.350575805147926,0.07595125,71,49,81,-8.3,78.94,4.9,55.11,-0.4
2018-01-01 08:21:00,1.03512458359436,0.348455485193629,0.0778679,72.4,50.2,82.6,-8.3,78.764,4.9,55.03,-0.38
2018-01-01 08:22:00,1.03546083990456,0.346335165239332,0.07978455,73.8,51.4,84.2,-8.3,78.588,4.9,54.95,-0.36
2018-01-01 08:23:00,1.03579709621475,0.344214845285036,0.0817012,75.2,52.6,85.8,-8.3,78.412,4.9,54.87,-0.34
2018-01-01 08:24:00,1.03613335252495,0.342094525330739,0.08361785,76.6,53.8,87.4,-8.3,78.236,4.9,54.79,-0.32
2018-01-01 08:25:00,1.03646960883514,0.339974205376442,0.0855345,78,55,89,-8.3,78.06,4.9,54.71,-0.3
2018-01-01 08:26:00,1.03680586514534,0.343073785764304,0.08748665,79.4,56.2,90.8,-8.3,77.884,4.9,54.71,-0.3
2018-01-01 08:27:00,1.03714212145553,0.346173366152165,0.0894388,80.8,57.4,92.6,-8.3,77.708,4.9,54.71,-0.3
2018-01-01 08:28:00,1.03747837776573,0.349272946540026,0.09139095,82.2,58.6,94.4,-8.3,77.532,4.9,54.71,-0.3
2018-01-01 08:29:00,1.03781463407592,0.352372526927888,0.0933431,83.6,59.8,96.2,-8.3,77.356,4.9,54.71,-0.3
2018-01-01 08:30:00,1.03815089038611,0.355472107315749,0.09529525,85,61,98,-8.3,77.18,4.9,54.71,-0.3
2018-01-01 08:31:00,1.03848714669631,0.353751501521815,0.09706265,86.2,62.2,99.8,-8.48,77.006,4.9,53.888,-0.28
2018-01-01 08:32:00,1.0388234030065,0.352030895727881,0.09883005,87.4,63.4,101.6,-8.66,76.832,4.9,53.066,-0.26
2018-01-01 08:33:00,1.0391596593167,0.350310289933947,0.10059745,88.6,64.6,103.4,-8.84,76.658,4.9,52.244,-0.24
2018-01-01 08:34:00,1.03949591562689,0.348589684140013,0.10236485,89.8,65.8,105.2,-9.02,76.484,4.9,51.422,-0.22
2018-01-01 08:35:00,1.03983217193709,0.346869078346079,0.10413225,91,67,107,-9.2,76.31,4.9,50.6,-0.2
2018-01-01 08:36:00,1.04016842824728,0.350857084534795,0.10614105,92.4,68.2,108.8,-9.2,76.14,4.92,50.526,-0.18
2018-01-01 08:37:00,1.04050468455748,0.354845090723512,0.10814985,93.8,69.4,110.6,-9.2,75.97,4.94,50.452,-0.16
2018-01-01 08:38:00,1.04084094086767,0.358833096912228,0.11015865,95.2,70.6,112.4,-9.2,75.8,4.96,50.378,-0.14
2018-01-01 08:39:00,1.04117719717786,0.362821103100944,0.11216745,96.6,71.8,114.2,-9.2,75.63,4.98,50.304,-0.12
2018-01-01 08:40:00,1.04151345348806,0.366809109289661,0.11417625,98,73,116,-9.2,75.46,5,50.23,-0.1
2018-01-01 08:41:00,1.04184970979825,0.367526730039144,0.13201025,97.8,112.2,126.4,-9.2,75.288,5,50.23,-0.1
2018-01-01 08:42:00,1.04218596610845,0.368244350788627,0.14984425,97.6,151.4,136.8,-9.2,75.116,5,50.23,-0.1
2018-01-01 08:43:00,1.04252222241864,0.36896197153811,0.16767825,97.4,190.6,147.2,-9.2,74.944,5,50.23,-0.1
2018-01-01 08:44:00,1.04285847872884,0.369679592287593,0.18551225,97.2,229.8,157.6,-9.2,74.772,5,50.23,-0.1
2018-01-01 08:45:00,1.04319473503903,0.370397213037076,0.20334625,97,269,168,-9.2,74.6,5,50.23,-0.1
2018-01-01 08:46:00,1.04353099134923,0.367675128585537,0.18874025,99.8,230.8,161,-9.2,74.432,5,50.158,-0.08
2018-01-01 08:47:00,1.04386724765942,0.364953044133998,0.17413425,102.6,192.6,154,-9.2,74.264,5,50.086,-0.06
2018-01-01 08:48:00,1.04420350396961,0.36223095968246,0.15952825,105.4,154.4,147,-9.2,74.096,5,50.014,-0.04
2018-01-01 08:49:00,1.04453976027981,0.359508875230921,0.14492225,108.2,116.2,140,-9.2,73.928,5,49.942,-0.02
2018-01-01 08:50:00,1.04487601659,0.356786790779383,0.13031625,111,78,133,-9.2,73.76,5,49.87,0
2018-01-01 08:51:00,1.0452122729002,0.358204444132191,0.154608,109.2,129.6,146.6,-9.2,73.594,5,49.808,0.02
2018-01-01 08:52:00,1.04554852921039,0.359622097485,0.17889975,107.4,181.2,160.2,-9.2,73.428,5,49.746,0.04
2018-01-01 08:53:00,1.04588478552059,0.361039750837809,0.2031915,105.6,232.8,173.8,-9.2,73.262,5,49.684,0.06
2018-01-01 08:54:00,1.04622104183078,0.362457404190618,0.22748325,103.8,284.4,187.4,-9.2,73.096,5,49.622,0.08
2018-01-01 08:55:00,1.04655729814098,0.363875057543427,0.251775,102,336,201,-9.2,72.93,5,49.56,0.1
2018-01-01 08:56:00,1.04689355445117,0.364113297313171,0.23834695,106.4,299.8,195.2,-9.2,72.766,5,49.56,0.1
2018-01-01 08:57:00,1.04722981076137,0.364351537082915,0.2249189,110.8,263.6,189.4,-9.2,72.602,5,49.56,0.1
2018-01-01 08:58:00,1.04756606707156,0.364589776852659,0.21149085,115.2,227.4,183.6,-9.2,72.438,5,49.56,0.1
2018-01-01 08:59:00,1.04790232338175,0.364828016622404,0.1980628,119.6,191.2,177.8,-9.2,72.274,5,49.56,0.1
2018-01-01 09:00:00,1.04823857969195,0.365066256392148,0.18463475,124,155,172,-9.2,72.11,5,49.56,0.1
2018-01-01 09:01:00,1.04832382507704,0.363957669365279,0.1837443,125.4,149.2,172,-9.2,71.948,5,49.488,0.12
2018-01-01 09:02:00,1.04840907046212,0.36284908233841,0.18285385,126.8,143.4,172,-9.2,71.786,5,49.416,0.14
2018-01-01 09:03:00,1.04849431584721,0.361740495311541,0.1819634,128.2,137.6,172,-9.2,71.624,5,49.344,0.16
2018-01-01 09:04:00,1.0485795612323,0.360631908284672,0.18107295,129.6,131.8,172,-9.2,71.462,5,49.272,0.18
2018-01-01 09:05:00,1.04866480661739,0.359523321257803,0.1801825,131,126,172,-9.2,71.3,5,49.2,0.2
2018-01-01 09:06:00,1.04875005200247,0.359291661191519,0.203007,128,173.8,185.2,-9.2,71.14,5,49.13,0.22
2018-01-01 09:07:00,1.04883529738756,0.359060001125234,0.2258315,125,221.6,198.4,-9.2,70.98,5,49.06,0.24
2018-01-01 09:08:00,1.04892054277265,0.358828341058949,0.248656,122,269.4,211.6,-9.2,70.82,5,48.99,0.26
2018-01-01 09:09:00,1.04900578815774,0.358596680992665,0.2714805,119,317.2,224.8,-9.2,70.66,5,48.92,0.28
2018-01-01 09:10:00,1.04909103354282,0.35836502092638,0.294305,116,365,238,-9.2,70.5,5,48.85,0.3
2018-01-01 09:11:00,1.04917627892791,0.363179814038698,0.291897,118.4,356.4,238.4,-9.2,70.342,5,48.778,0.32
2018-01-01 09:12:00,1.049261524313,0.367994607151015,0.289489,120.8,347.8,238.8,-9.2,70.184,5,48.706,0.34
2018-01-01 09:13:00,1.04934676969809,0.372809400263333,0.287081,123.2,339.2,239.2,-9.2,70.026,5,48.634,0.36
2018-01-01 09:14:00,1.04943201508317,0.37762419337565,0.284673,125.6,330.6,239.6,-9.2,69.868,5,48.562,0.38
2018-01-01 09:15:00,1.04951726046826,0.382438986487968,0.282265,128,322,240,-9.2,69.71,5,48.49,0.4
2018-01-01 09:16:00,1.04960250585335,0.377631760007934,0.2788365,131,307.8,238.6,-9.2,69.554,5,48.422,0.42
2018-01-01 09:17:00,1.04968775123844,0.372824533527901,0.275408,134,293.6,237.2,-9.2,69.398,5,48.354,0.44
2018-01-01 09:18:00,1.04977299662352,0.368017307047867,0.2719795,137,279.4,235.8,-9.2,69.242,5,48.286,0.46
2018-01-01 09:19:00,1.04985824200861,0.363210080567833,0.268551,140,265.2,234.4,-9.2,69.086,5,48.218,0.48
2018-01-01 09:20:00,1.0499434873937,0.3584028540878,0.2651225,143,251,233,-9.2,68.93,5,48.15,0.5
2018-01-01 09:21:00,1.05002873277878,0.360681055385981,0.25484425,145.8,227.2,227.6,-9.2,68.776,5,48.15,0.5
2018-01-01 09:22:00,1.05011397816387,0.362959256684163,0.244566,148.6,203.4,222.2,-9.2,68.622,5,48.15,0.5
2018-01-01 09:23:00,1.05019922354896,0.365237457982345,0.23428775,151.4,179.6,216.8,-9.2,68.468,5,48.15,0.5
2018-01-01 09:24:00,1.05028446893405,0.367515659280527,0.2240095,154.2,155.8,211.4,-9.2,68.314,5,48.15,0.5
2018-01-01 09:25:00,1.05036971431913,0.369793860578708,0.21373125,157,132,206,-9.2,68.16,5,48.15,0.5
2018-01-01 09:26:00,1.05045495970422,0.364666785237302,0.2151344,158.2,131.8,207.4,-9.2,68.01,4.98,48.08,0.52
2018-01-01 09:27:00,1.05054020508931,0.359539709895895,0.21653755,159.4,131.6,208.8,-9.2,67.86,4.96,48.01,0.54
2018-01-01 09:28:00,1.0506254504744,0.354412634554488,0.2179407,160.6,131.4,210.2,-9.2,67.71,4.94,47.94,0.56
2018-01-01 09:29:00,1.05071069585948,0.349285559213081,0.21934385,161.8,131.2,211.6,-9.2,67.56,4.92,47.87,0.58
2018-01-01 09:30:00,1.05079594124457,0.344158483871674,0.220747,163,131,213,-9.2,67.41,4.9,47.8,0.6
2018-01-01 09:31:00,1.05088118662966,0.346421030939167,0.221745,164.2,130.2,214.2,-9.26,67.262,4.9,47.498,0.62
2018-01-01 09:32:00,1.05096643201475,0.34868357800666,0.222743,165.4,129.4,215.4,-9.32,67.114,4.9,47.196,0.64
2018-01-01 09:33:00,1.05105167739983,0.350946125074152,0.223741,166.6,128.6,216.6,-9.38,66.966,4.9,46.894,0.66
2018-01-01 09:34:00,1.05113692278492,0.353208672141645,0.224739,167.8,127.8,217.8,-9.44,66.818,4.9,46.592,0.68
2018-01-01 09:35:00,1.05122216817001,0.355471219209137,0.225737,169,127,219,-9.5,66.67,4.9,46.29,0.7
2018-01-01 09:36:00,1.0513074135551,0.35419249064503,0.2322076,170,136.4,224,-9.5,66.524,4.9,46.224,0.72
2018-01-01 09:37:00,1.05139265894018,0.352913762080922,0.2386782,171,145.8,229,-9.5,66.378,4.9,46.158,0.74
2018-01-01 09:38:00,1.05147790432527,0.351635033516814,0.2451488,172,155.2,234,-9.5,66.232,4.9,46.092,0.76
2018-01-01 09:39:00,1.05156314971036,0.350356304952707,0.2516194,173,164.6,239,-9.5,66.086,4.9,46.026,0.78
2018-01-01 09:40:00,1.05164839509545,0.349077576388599,0.25809,174,174,244,-9.5,65.94,4.9,45.96,0.8
2018-01-01 09:41:00,1.05173364048053,0.348023970118859,0.270965,173,195.4,252.6,-9.5,65.796,4.9,45.894,0.82
2018-01-01 09:42:00,1.05181888586562,0.346970363849119,0.28384,172,216.8,261.2,-9.5,65.652,4.9,45.828,0.84
2018-01-01 09:43:00,1.05190413125071,0.345916757579379,0.296715,171,238.2,269.8,-9.5,65.508,4.9,45.762,0.86
2018-01-01 09:44:00,1.0519893766358,0.34486315130964,0.30959,170,259.6,278.4,-9.5,65.364,4.9,45.696,0.88
2018-01-01 09:45:00,1.05207462202088,0.3438095450399,0.322465,169,281,287,-9.5,65.22,4.9,45.63,0.9
2018-01-01 09:46:00,1.05215986740597,0.346075647620019,0.325929,169.4,285.6,290,-9.5,65.08,4.9,45.564,0.92
2018-01-01 09:47:00,1.05224511279106,0.348341750200138,0.329393,169.8,290.2,293,-9.5,64.94,4.9,45.498,0.94
2018-01-01 09:48:00,1.05233035817615,0.350607852780257,0.332857,170.2,294.8,296,-9.5,64.8,4.9,45.432,0.96
2018-01-01 09:49:00,1.05241560356123,0.352873955360376,0.336321,170.6,299.4,299,-9.5,64.66,4.9,45.366,0.98
2018-01-01 09:50:00,1.05250084894632,0.355140057940495,0.339785,171,304,302,-9.5,64.52,4.9,45.3,1
2018-01-01 09:51:00,1.05258609433141,0.355656282118474,0.351335,168.8,323.8,309.2,-9.5,64.384,4.9,45.3,1
2018-01-01 09:52:00,1.0526713397165,0.356172506296452,0.362885,166.6,343.6,316.4,-9.5,64.248,4.9,45.3,1
2018-01-01 09:53:00,1.05275658510158,0.35668873047443,0.374435,164.4,363.4,323.6,-9.5,64.112,4.9,45.3,1
2018-01-01 09:54:00,1.05284183048667,0.357204954652409,0.385985,162.2,383.2,330.8,-9.5,63.976,4.9,45.3,1
2018-01-01 09:55:00,1.05292707587176,0.357721178830387,0.397535,160,403,338,-9.5,63.84,4.9,45.3,1
2018-01-01 09:56:00,1.05301232125685,0.356207450421598,0.391619,163.6,388.8,336,-9.5,63.706,4.9,45.236,1.02
2018-01-01 09:57:00,1.05309756664193,0.35469372201281,0.385703,167.2,374.6,334,-9.5,63.572,4.9,45.172,1.04
2018-01-01 09:58:00,1.05318281202702,0.353179993604021,0.379787,170.8,360.4,332,-9.5,63.438,4.9,45.108,1.06
2018-01-01 09:59:00,1.05326805741211,0.351666265195232,0.373871,174.4,346.2,330,-9.5,63.304,4.9,45.044,1.08
2018-01-01 10:00:00,1.0533533027972,0.350152536786443,0.367955,178,332,328,-9.5,63.17,4.9,44.98,1.1
2018-01-01 10:01:00,1.05333093155417,0.347515578427471,0.3608125,181.8,313.2,323.8,-9.5,63.038,4.88,44.906,1.12
2018-01-01 10:02:00,1.05330856031114,0.3448786200685,0.35367,185.6,294.4,319.6,-9.5,62.906,4.86,44.832,1.14
2018-01-01 10:03:00,1.05328618906812,0.342241661709528,0.3465275,189.4,275.6,315.4,-9.5,62.774,4.84,44.758,1.16
2018-01-01 10:04:00,1.05326381782509,0.339604703350556,0.339385,193.2,256.8,311.2,-9.5,62.642,4.82,44.684,1.18
2018-01-01 10:05:00,1.05324144658207,0.336967744991584,0.3322425,197,238,307,-9.5,62.51,4.8,44.61,1.2
2018-01-01 10:06:00,1.05321907533904,0.335087548098147,0.3437155,194.8,259.2,315.2,-9.5,62.384,4.8,44.61,1.2
2018-01-01 10:07:00,1.05319670409602,0.333207351204709,0.3551885,192.6,280.4,323.4,-9.5,62.258,4.8,44.61,1.2
2018-01-01 10:08:00,1.05317433285299,0.331327154311272,0.3666615,190.4,301.6,331.6,-9.5,62.132,4.8,44.61,1.2
2018-01-01 10:09:00,1.05315196160997,0.329446957417834,0.3781345,188.2,322.8,339.8,-9.5,62.006,4.8,44.61,1.2
2018-01-01 10:10:00,1.05312959036694,0.327566760524397,0.3896075,186,344,348,-9.5,61.88,4.8,44.61,1.2
2018-01-01 10:11:00,1.05310721912392,0.329690445933196,0.387513,188.4,336.2,347.4,-9.5,61.754,4.8,44.546,1.22
2018-01-01 10:12:00,1.05308484788089,0.331814131341994,0.3854185,190.8,328.4,346.8,-9.5,61.628,4.8,44.482,1.24
2018-01-01 10:13:00,1.05306247663787,0.333937816750793,0.383324,193.2,320.6,346.2,-9.5,61.502,4.8,44.418,1.26
2018-01-01 10:14:00,1.05304010539484,0.336061502159592,0.3812295,195.6,312.8,345.6,-9.5,61.376,4.8,44.354,1.28
2018-01-01 10:15:00,1.05301773415182,0.338185187568391,0.379135,198,305,345,-9.5,61.25,4.8,44.29,1.3
2018-01-01 10:16:00,1.05299536290879,0.336993559606842,0.3767745,200.2,297.2,343.8,-9.5,61.13,4.8,44.228,1.32
2018-01-01 10:17:00,1.05297299166577,0.335801931645293,0.374414,202.4,289.4,342.6,-9.5,61.01,4.8,44.166,1.34
2018-01-01 10:18:00,1.05295062042274,0.334610303683744,0.3720535,204.6,281.6,341.4,-9.5,60.89,4.8,44.104,1.36
2018-01-01 10:19:00,1.05292824917972,0.333418675722195,0.369693,206.8,273.8,340.2,-9.5,60.77,4.8,44.042,1.38
2018-01-01 10:20:00,1.05290587793669,0.332227047760646,0.3673325,209,266,339,-9.5,60.65,4.8,43.98,1.4
2018-01-01 10:21:00,1.05288350669367,0.330966203408676,0.3698795,209.6,268.4,341.4,-9.5,60.532,4.78,43.98,1.4
2018-01-01 10:22:00,1.05286113545064,0.329705359056707,0.3724265,210.2,270.8,343.8,-9.5,60.414,4.76,43.98,1.4
2018-01-01 10:23:00,1.05283876420762,0.328444514704738,0.3749735,210.8,273.2,346.2,-9.5,60.296,4.74,43.98,1.4
2018-01-01 10:24:00,1.05281639296459,0.327183670352769,0.3775205,211.4,275.6,348.6,-9.5,60.178,4.72,43.98,1.4
2018-01-01 10:25:00,1.05279402172157,0.3259228260008,0.3800675,212,278,351,-9.5,60.06,4.7,43.98,1.4
2018-01-01 10:26:00,1.05277165047854,0.324260767087415,0.3781295,213.8,271.8,350,-9.5,59.948,4.7,43.916,1.42
2018-01-01 10:27:00,1.05274927923552,0.322598708174031,0.3761915,215.6,265.6,349,-9.5,59.836,4.7,43.852,1.44
2018-01-01 10:28:00,1.05272690799249,0.320936649260647,0.3742535,217.4,259.4,348,-9.5,59.724,4.7,43.788,1.46
2018-01-01 10:29:00,1.05270453674947,0.319274590347263,0.3723155,219.2,253.2,347,-9.5,59.612,4.7,43.724,1.48
2018-01-01 10:30:00,1.05268216550644,0.317612531433878,0.3703775,221,247,346,-9.5,59.5,4.7,43.66,1.5
2018-01-01 10:31:00,1.05265979426341,0.317182217428298,0.380494,219.2,264.4,353.6,-9.5,59.39,4.7,43.674,1.5
2018-01-01 10:32:00,1.05263742302039,0.316751903422718,0.3906105,217.4,281.8,361.2,-9.5,59.28,4.7,43.688,1.5
2018-01-01 10:33:00,1.05261505177736,0.316321589417138,0.400727,215.6,299.2,368.8,-9.5,59.17,4.7,43.702,1.5
2018-01-01 10:34:00,1.05259268053434,0.315891275411558,0.4108435,213.8,316.6,376.4,-9.5,59.06,4.7,43.716,1.5
2018-01-01 10:35:00,1.05257030929131,0.315460961405979,0.42096,212,334,384,-9.5,58.95,4.7,43.73,1.5
2018-01-01 10:36:00,1.05254793804829,0.313458027272113,0.4241225,211.8,338.6,386.8,-9.5,58.844,4.68,43.668,1.52
2018-01-01 10:37:00,1.05252556680526,0.311455093138248,0.427285,211.6,343.2,389.6,-9.5,58.738,4.66,43.606,1.54
2018-01-01 10:38:00,1.05250319556224,0.309452159004382,0.4304475,211.4,347.8,392.4,-9.5,58.632,4.64,43.544,1.56
2018-01-01 10:39:00,1.05248082431921,0.307449224870517,0.43361,211.2,352.4,395.2,-9.5,58.526,4.62,43.482,1.58
2018-01-01 10:40:00,1.05245845307619,0.305446290736652,0.4367725,211,357,398,-9.5,58.42,4.6,43.42,1.6
2018-01-01 10:41:00,1.05243608183316,0.305442980327055,0.4420675,210,365.8,402.2,-9.5,58.318,4.6,43.358,1.62
2018-01-01 10:42:00,1.05241371059014,0.305439669917458,0.4473625,209,374.6,406.4,-9.5,58.216,4.6,43.296,1.64
2018-01-01 10:43:00,1.05239133934711,0.305436359507861,0.4526575,208,383.4,410.6,-9.5,58.114,4.6,43.234,1.66
2018-01-01 10:44:00,1.05236896810409,0.305433049098264,0.4579525,207,392.2,414.8,-9.5,58.012,4.6,43.172,1.68
2018-01-01 10:45:00,1.05234659686106,0.305429738688667,0.4632475,206,401,419,-9.5,57.91,4.6,43.11,1.7
2018-01-01 10:46:00,1.05232422561804,0.301396701399079,0.4690295,205.2,407.6,422.2,-9.5,57.812,4.6,43.11,1.7
2018-01-01 10:47:00,1.05230185437501,0.297363664109492,0.4748115,204.4,414.2,425.4,-9.5,57.714,4.6,43.11,1.7
2018-01-01 10:48:00,1.05227948313199,0.293330626819904,0.4805935,203.6,420.8,428.6,-9.5,57.616,4.6,43.11,1.7
2018-01-01 10:49:00,1.05225711188896,0.289297589530317,0.4863755,202.8,427.4,431.8,-9.5,57.518,4.6,43.11,1.7
2018-01-01 10:50:00,1.05223474064594,0.285264552240729,0.4921575,202,434,435,-9.5,57.42,4.6,43.11,1.7
2018-01-01 10:51:00,1.05221236940291,0.281494723998095,0.4924755,203,432.6,436,-9.5,57.326,4.58,43.048,1.72
2018-01-01 10:52:00,1.05218999815989,0.27772489575546,0.4927935,204,431.2,437,-9.5,57.232,4.56,42.986,1.74
2018-01-01 10:53:00,1.05216762691686,0.273955067512826,0.4931115,205,429.8,438,-9.5,57.138,4.54,42.924,1.76
2018-01-01 10:54:00,1.05214525567384,0.270185239270191,0.4934295,206,428.4,439,-9.5,57.044,4.52,42.862,1.78
2018-01-01 10:55:00,1.05212288443081,0.266415411027557,0.4937475,207,427,440,-9.5,56.95,4.5,42.8,1.8
2018-01-01 10:56:00,1.05210051318779,0.267629247164039,0.478332,214,396.8,430.8,-9.5,56.86,4.5,42.8,1.8
2018-01-01 10:57:00,1.05207814194476,0.268843083300522,0.4629165,221,366.6,421.6,-9.5,56.77,4.5,42.8,1.8
2018-01-01 10:58:00,1.05205577070174,0.270056919437005,0.447501,228,336.4,412.4,-9.5,56.68,4.5,42.8,1.8
2018-01-01 10:59:00,1.05203339945871,0.271270755573488,0.4320855,235,306.2,403.2,-9.5,56.59,4.5,42.8,1.8
2018-01-01 11:00:00,1.05201102821568,0.272484591709971,0.41667,242,276,394,-9.5,56.5,4.5,42.8,1.8
2018-01-01 11:01:00,1.05187625193334,0.275400356758598,0.411697,243.8,268.2,391.8,-9.5,56.416,4.5,42.74,1.82
2018-01-01 11:02:00,1.051741475651,0.278316121807225,0.406724,245.6,260.4,389.6,-9.5,56.332,4.5,42.68,1.84
2018-01-01 11:03:00,1.05160669936866,0.281231886855852,0.401751,247.4,252.6,387.4,-9.5,56.248,4.5,42.62,1.86
2018-01-01 11:04:00,1.05147192308632,0.28414765190448,0.396778,249.2,244.8,385.2,-9.5,56.164,4.5,42.56,1.88
2018-01-01 11:05:00,1.05133714680398,0.287063416953107,0.391805,251,237,383,-9.5,56.08,4.5,42.5,1.9
2018-01-01 11:06:00,1.05120237052163,0.285413982762811,0.377898,252.6,214.6,372.4,-9.5,56,4.5,42.5,1.9
2018-01-01 11:07:00,1.05106759423929,0.283764548572516,0.363991,254.2,192.2,361.8,-9.5,55.92,4.5,42.5,1.9
2018-01-01 11:08:00,1.05093281795695,0.28211511438222,0.350084,255.8,169.8,351.2,-9.5,55.84,4.5,42.5,1.9
2018-01-01 11:09:00,1.05079804167461,0.280465680191924,0.336177,257.4,147.4,340.6,-9.5,55.76,4.5,42.5,1.9
2018-01-01 11:10:00,1.05066326539227,0.278816246001629,0.32227,259,125,330,-9.5,55.68,4.5,42.5,1.9
2018-01-01 11:11:00,1.05052848910993,0.274528181880416,0.30629215,255.4,109.6,317.8,-9.5,55.604,4.48,42.44,1.92
2018-01-01 11:12:00,1.05039371282758,0.270240117759203,0.2903143,251.8,94.2,305.6,-9.5,55.528,4.46,42.38,1.94
2018-01-01 11:13:00,1.05025893654524,0.26595205363799,0.27433645,248.2,78.8,293.4,-9.5,55.452,4.44,42.32,1.96
2018-01-01 11:14:00,1.0501241602629,0.261663989516777,0.2583586,244.6,63.4,281.2,-9.5,55.376,4.42,42.26,1.98
2018-01-01 11:15:00,1.04998938398056,0.257375925395564,0.24238075,241,48,269,-9.5,55.3,4.4,42.2,2
2018-01-01 11:16:00,1.04985460769822,0.262302028801597,0.20257385,204.8,38.4,227.2,-9.5,55.228,4.4,42.2,2
2018-01-01 11:17:00,1.04971983141588,0.26722813220763,0.16276695,168.6,28.8,185.4,-9.5,55.156,4.4,42.2,2
2018-01-01 11:18:00,1.04958505513353,0.272154235613663,0.12296005,132.4,19.2,143.6,-9.5,55.084,4.4,42.2,2
2018-01-01 11:19:00,1.04945027885119,0.277080339019696,0.08315315,96.2,9.6,101.8,-9.5,55.012,4.4,42.2,2
2018-01-01 11:20:00,1.04931550256885,0.282006442425728,0.04334625,60,0,60,-9.5,54.94,4.4,42.2,2
2018-01-01 11:21:00,1.04918072628651,0.279377696416644,0.05612175,75.2,0,75.2,-9.5,54.874,4.4,42.192,2
2018-01-01 11:22:00,1.04904595000417,0.276748950407559,0.06889725,90.4,0,90.4,-9.5,54.808,4.4,42.184,2
2018-01-01 11:23:00,1.04891117372183,0.274120204398474,0.08167275,105.6,0,105.6,-9.5,54.742,4.4,42.176,2
2018-01-01 11:24:00,1.04877639743948,0.271491458389389,0.09444825,120.8,0,120.8,-9.5,54.676,4.4,42.168,2
2018-01-01 11:25:00,1.04864162115714,0.268862712380304,0.10722375,136,0,136,-9.5,54.61,4.4,42.16,2
2018-01-01 11:26:00,1.0485068448748,0.265558890362202,0.138569,159.4,11.4,166,-9.5,54.55,4.38,42.1,2.02
2018-01-01 11:27:00,1.04837206859246,0.262255068344101,0.16991425,182.8,22.8,196,-9.5,54.49,4.36,42.04,2.04
2018-01-01 11:28:00,1.04823729231012,0.258951246325999,0.2012595,206.2,34.2,226,-9.5,54.43,4.34,41.98,2.06
2018-01-01 11:29:00,1.04810251602778,0.255647424307897,0.23260475,229.6,45.6,256,-9.5,54.37,4.32,41.92,2.08
2018-01-01 11:30:00,1.04796773974543,0.252343602289795,0.26395,253,57,286,-9.5,54.31,4.3,41.86,2.1
2018-01-01 11:31:00,1.04783296346309,0.251667599306075,0.2960075,255.8,94.8,311,-9.48,54.254,4.3,41.97,2.1
2018-01-01 11:32:00,1.04769818718075,0.250991596322354,0.328065,258.6,132.6,336,-9.46,54.198,4.3,42.08,2.1
2018-01-01 11:33:00,1.04756341089841,0.250315593338633,0.3601225,261.4,170.4,361,-9.44,54.142,4.3,42.19,2.1
2018-01-01 11:34:00,1.04742863461607,0.249639590354913,0.39218,264.2,208.2,386,-9.42,54.086,4.3,42.3,2.1
2018-01-01 11:35:00,1.04729385833373,0.248963587371192,0.4242375,267,246,411,-9.4,54.03,4.3,42.41,2.1
2018-01-01 11:36:00,1.04715908205138,0.250128503792809,0.36752765,248.8,197,364,-9.4,53.978,4.3,42.35,2.12
2018-01-01 11:37:00,1.04702430576904,0.251293420214425,0.3108178,230.6,148,317,-9.4,53.926,4.3,42.29,2.14
2018-01-01 11:38:00,1.0468895294867,0.252458336636042,0.25410795,212.4,99,270,-9.4,53.874,4.3,42.23,2.16
2018-01-01 11:39:00,1.04675475320436,0.253623253057658,0.1973981,194.2,50,223,-9.4,53.822,4.3,42.17,2.18
2018-01-01 11:40:00,1.04661997692202,0.254788169479274,0.14068825,176,1,176,-9.4,53.77,4.3,42.11,2.2
2018-01-01 11:41:00,1.04648520063967,0.25285740703827,0.1897781,196.4,36.6,217.6,-9.4,53.724,4.28,42.11,2.2
2018-01-01 11:42:00,1.04635042435733,0.250926644597265,0.23886795,216.8,72.2,259.2,-9.4,53.678,4.26,42.11,2.2
2018-01-01 11:43:00,1.04621564807499,0.24899588215626,0.2879578,237.2,107.8,300.8,-9.4,53.632,4.24,42.11,2.2
2018-01-01 11:44:00,1.04608087179265,0.247065119715256,0.33704765,257.6,143.4,342.4,-9.4,53.586,4.22,42.11,2.2
2018-01-01 11:45:00,1.04594609551031,0.245134357274251,0.3861375,278,179,384,-9.4,53.54,4.2,42.11,2.2
2018-01-01 11:46:00,1.04581131922797,0.242843851489673,0.4082445,273,213.6,399.8,-9.4,53.5,4.2,42.052,2.22
2018-01-01 11:47:00,1.04567654294562,0.240553345705095,0.4303515,268,248.2,415.6,-9.4,53.46,4.2,41.994,2.24
2018-01-01 11:48:00,1.04554176666328,0.238262839920516,0.4524585,263,282.8,431.4,-9.4,53.42,4.2,41.936,2.26
2018-01-01 11:49:00,1.04540699038094,0.235972334135938,0.4745655,258,317.4,447.2,-9.4,53.38,4.2,41.878,2.28
2018-01-01 11:50:00,1.0452722140986,0.23368182835136,0.4966725,253,352,463,-9.4,53.34,4.2,41.82,2.3
2018-01-01 11:51:00,1.04513743781626,0.235866235868121,0.498077,252.4,355.4,464.6,-9.4,53.304,4.2,41.82,2.3
2018-01-01 11:52:00,1.04500266153392,0.238050643384882,0.4994815,251.8,358.8,466.2,-9.4,53.268,4.2,41.82,2.3
2018-01-01 11:53:00,1.04486788525157,0.240235050901643,0.500886,251.2,362.2,467.8,-9.4,53.232,4.2,41.82,2.3
2018-01-01 11:54:00,1.04473310896923,0.242419458418404,0.5022905,250.6,365.6,469.4,-9.4,53.196,4.2,41.82,2.3
2018-01-01 11:55:00,1.04459833268689,0.244603865935165,0.503695,250,369,471,-9.4,53.16,4.2,41.82,2.3
2018-01-01 11:56:00,1.04446355640455,0.243675012092583,0.505703,249.2,373,473,-9.4,53.13,4.2,41.82,2.3
2018-01-01 11:57:00,1.04432878012221,0.242746158250002,0.507711,248.4,377,475,-9.4,53.1,4.2,41.82,2.3
2018-01-01 11:58:00,1.04419400383987,0.24181730440742,0.509719,247.6,381,477,-9.4,53.07,4.2,41.82,2.3
2018-01-01 11:59:00,1.04405922755752,0.240888450564839,0.511727,246.8,385,479,-9.4,53.04,4.2,41.82,2.3
2018-01-01 12:00:00,1.04392445127518,0.239959596722257,0.513735,246,389,481,-9.4,53.01,4.2,41.82,2.3
2018-01-01 12:01:00,1.04360061564143,0.236394538609092,0.515945,245.2,393.2,482.8,-9.4,52.984,4.18,41.76,2.32
2018-01-01 12:02:00,1.04327678000767,0.232829480495928,0.518155,244.4,397.4,484.6,-9.4,52.958,4.16,41.7,2.34
2018-01-01 12:03:00,1.04295294437392,0.229264422382763,0.520365,243.6,401.6,486.4,-9.4,52.932,4.14,41.64,2.36
2018-01-01 12:04:00,1.04262910874017,0.225699364269598,0.522575,242.8,405.8,488.2,-9.4,52.906,4.12,41.58,2.38
2018-01-01 12:05:00,1.04230527310641,0.222134306156434,0.524785,242,410,490,-9.4,52.88,4.1,41.52,2.4
2018-01-01 12:06:00,1.04198143747266,0.220216279032087,0.5205525,244.4,401.2,487,-9.4,52.86,4.1,41.52,2.4
2018-01-01 12:07:00,1.04165760183891,0.21829825190774,0.51632,246.8,392.4,484,-9.4,52.84,4.1,41.52,2.4
2018-01-01 12:08:00,1.04133376620515,0.216380224783393,0.5120875,249.2,383.6,481,-9.4,52.82,4.1,41.52,2.4
2018-01-01 12:09:00,1.0410099305714,0.214462197659047,0.507855,251.6,374.8,478,-9.4,52.8,4.1,41.52,2.4
2018-01-01 12:10:00,1.04068609493765,0.2125441705347,0.5036225,254,366,475,-9.4,52.78,4.1,41.52,2.4
2018-01-01 12:11:00,1.04036225930389,0.216261198123913,0.481807,260,331,459.8,-9.4,52.766,4.1,41.52,2.4
2018-01-01 12:12:00,1.04003842367014,0.219978225713127,0.4599915,266,296,444.6,-9.4,52.752,4.1,41.52,2.4
2018-01-01 12:13:00,1.03971458803639,0.22369525330234,0.438176,272,261,429.4,-9.4,52.738,4.1,41.52,2.4
2018-01-01 12:14:00,1.03939075240263,0.227412280891553,0.4163605,278,226,414.2,-9.4,52.724,4.1,41.52,2.4
2018-01-01 12:15:00,1.03906691676888,0.231129308480767,0.394545,284,191,399,-9.4,52.71,4.1,41.52,2.4
2018-01-01 12:16:00,1.03874308113512,0.228994583767534,0.379428,283.4,173.4,387.8,-9.4,52.702,4.1,41.462,2.42
2018-01-01 12:17:00,1.03841924550137,0.226859859054301,0.364311,282.8,155.8,376.6,-9.4,52.694,4.1,41.404,2.44
2018-01-01 12:18:00,1.03809540986762,0.224725134341068,0.349194,282.2,138.2,365.4,-9.4,52.686,4.1,41.346,2.46
2018-01-01 12:19:00,1.03777157423386,0.222590409627836,0.334077,281.6,120.6,354.2,-9.4,52.678,4.1,41.288,2.48
2018-01-01 12:20:00,1.03744773860011,0.220455684914603,0.31896,281,103,343,-9.4,52.67,4.1,41.23,2.5
2018-01-01 12:21:00,1.03712390296636,0.218832912055079,0.3203235,281.2,104.2,344,-9.4,52.666,4.08,41.222,2.5
2018-01-01 12:22:00,1.0368000673326,0.217210139195556,0.321687,281.4,105.4,345,-9.4,52.662,4.06,41.214,2.5
2018-01-01 12:23:00,1.03647623169885,0.215587366336032,0.3230505,281.6,106.6,346,-9.4,52.658,4.04,41.206,2.5
2018-01-01 12:24:00,1.0361523960651,0.213964593476509,0.324414,281.8,107.8,347,-9.4,52.654,4.02,41.198,2.5
2018-01-01 12:25:00,1.03582856043134,0.212341820616985,0.3257775,282,109,348,-9.4,52.65,4,41.19,2.5
2018-01-01 12:26:00,1.03550472479759,0.210230476272585,0.331244,282.4,113.2,351,-9.4,52.654,4,41.19,2.5
2018-01-01 12:27:00,1.03518088916384,0.208119131928185,0.3367105,282.8,117.4,354,-9.4,52.658,4,41.19,2.5
2018-01-01 12:28:00,1.03485705353008,0.206007787583785,0.342177,283.2,121.6,357,-9.4,52.662,4,41.19,2.5
2018-01-01 12:29:00,1.03453321789633,0.203896443239385,0.3476435,283.6,125.8,360,-9.4,52.666,4,41.19,2.5
2018-01-01 12:30:00,1.03420938226257,0.201785098894985,0.35311,284,130,363,-9.4,52.67,4,41.19,2.5
2018-01-01 12:31:00,1.03388554662882,0.202004294337878,0.3653055,283.6,147,372.8,-9.34,52.676,4,41.282,2.52
2018-01-01 12:32:00,1.03356171099507,0.202223489780771,0.377501,283.2,164,382.6,-9.28,52.682,4,41.374,2.54
2018-01-01 12:33:00,1.03323787536131,0.202442685223664,0.3896965,282.8,181,392.4,-9.22,52.688,4,41.466,2.56
2018-01-01 12:34:00,1.03291403972756,0.202661880666558,0.401892,282.4,198,402.2,-9.16,52.694,4,41.558,2.58
2018-01-01 12:35:00,1.03259020409381,0.202881076109451,0.4140875,282,215,412,-9.1,52.7,4,41.65,2.6
2018-01-01 12:36:00,1.03226636846005,0.203679498154363,0.428889,278,238,422,-9.1,52.714,4,41.65,2.6
2018-01-01 12:37:00,1.0319425328263,0.204477920199276,0.4436905,274,261,432,-9.1,52.728,4,41.65,2.6
2018-01-01 12:38:00,1.03161869719255,0.205276342244189,0.458492,270,284,442,-9.1,52.742,4,41.65,2.6
2018-01-01 12:39:00,1.03129486155879,0.206074764289101,0.4732935,266,307,452,-9.1,52.756,4,41.65,2.6
2018-01-01 12:40:00,1.03097102592504,0.206873186334014,0.488095,262,330,462,-9.1,52.77,4,41.65,2.6
2018-01-01 12:41:00,1.03064719029129,0.204109112662451,0.4895935,261,334,463.2,-9.1,52.788,3.98,41.65,2.6
2018-01-01 12:42:00,1.03032335465753,0.201345038990889,0.491092,260,338,464.4,-9.1,52.806,3.96,41.65,2.6
2018-01-01 12:43:00,1.02999951902378,0.198580965319327,0.4925905,259,342,465.6,-9.1,52.824,3.94,41.65,2.6
2018-01-01 12:44:00,1.02967568339002,0.195816891647764,0.494089,258,346,466.8,-9.1,52.842,3.92,41.65,2.6
2018-01-01 12:45:00,1.02935184775627,0.193052817976202,0.4955875,257,350,468,-9.1,52.86,3.9,41.65,2.6
2018-01-01 12:46:00,1.02902801212252,0.192263547814201,0.4902315,258.8,340.8,464.2,-9.1,52.884,3.9,41.59,2.62
2018-01-01 12:47:00,1.02870417648876,0.1914742776522,0.4848755,260.6,331.6,460.4,-9.1,52.908,3.9,41.53,2.64
2018-01-01 12:48:00,1.02838034085501,0.1906850074902,0.4795195,262.4,322.4,456.6,-9.1,52.932,3.9,41.47,2.66
2018-01-01 12:49:00,1.02805650522126,0.189895737328199,0.4741635,264.2,313.2,452.8,-9.1,52.956,3.9,41.41,2.68
2018-01-01 12:50:00,1.0277326695875,0.189106467166198,0.4688075,266,304,449,-9.1,52.98,3.9,41.35,2.7
2018-01-01 12:51:00,1.02740883395375,0.190568285604997,0.4699975,265.2,306.8,449.6,-9.1,53.01,3.9,41.35,2.7
2018-01-01 12:52:00,1.02708499832,0.192030104043797,0.4711875,264.4,309.6,450.2,-9.1,53.04,3.9,41.35,2.7
2018-01-01 12:53:00,1.02676116268624,0.193491922482596,0.4723775,263.6,312.4,450.8,-9.1,53.07,3.9,41.35,2.7
2018-01-01 12:54:00,1.02643732705249,0.194953740921395,0.4735675,262.8,315.2,451.4,-9.1,53.1,3.9,41.35,2.7
2018-01-01 12:55:00,1.02611349141873,0.196415559360194,0.4747575,262,318,452,-9.1,53.13,3.9,41.35,2.7
2018-01-01 12:56:00,1.02578965578498,0.196371688598541,0.480211,259,329.6,456,-9.1,53.166,3.9,41.35,2.7
2018-01-01 12:57:00,1.02546582015123,0.196327817836887,0.4856645,256,341.2,460,-9.1,53.202,3.9,41.35,2.7
2018-01-01 12:58:00,1.02514198451747,0.196283947075234,0.491118,253,352.8,464,-9.1,53.238,3.9,41.35,2.7
2018-01-01 12:59:00,1.02481814888372,0.196240076313581,0.4965715,250,364.4,468,-9.1,53.274,3.9,41.35,2.7
2018-01-01 13:00:00,1.02449431324997,0.196196205551928,0.502025,247,376,472,-9.1,53.31,3.9,41.35,2.7
2018-01-01 13:01:00,1.02410648674096,0.192220704698257,0.509045,243.6,388.2,475.6,-9.1,53.35,3.88,41.292,2.72
2018-01-01 13:02:00,1.02371866023195,0.188245203844587,0.516065,240.2,400.4,479.2,-9.1,53.39,3.86,41.234,2.74
2018-01-01 13:03:00,1.02333083372295,0.184269702990916,0.523085,236.8,412.6,482.8,-9.1,53.43,3.84,41.176,2.76
2018-01-01 13:04:00,1.02294300721394,0.180294202137246,0.530105,233.4,424.8,486.4,-9.1,53.47,3.82,41.118,2.78
2018-01-01 13:05:00,1.02255518070494,0.176318701283575,0.537125,230,437,490,-9.1,53.51,3.8,41.06,2.8
2018-01-01 13:06:00,1.02216735419593,0.175767629861381,0.528773,232.8,424.8,485.4,-9.1,53.554,3.8,41.06,2.8
2018-01-01 13:07:00,1.02177952768692,0.175216558439187,0.520421,235.6,412.6,480.8,-9.1,53.598,3.8,41.06,2.8
2018-01-01 13:08:00,1.02139170117792,0.174665487016992,0.512069,238.4,400.4,476.2,-9.1,53.642,3.8,41.06,2.8
2018-01-01 13:09:00,1.02100387466891,0.174114415594798,0.503717,241.2,388.2,471.6,-9.1,53.686,3.8,41.06,2.8
2018-01-01 13:10:00,1.0206160481599,0.173563344172604,0.495365,244,376,467,-9.1,53.73,3.8,41.06,2.8
2018-01-01 13:11:00,1.0202282216509,0.17412026579262,0.5038715,239.6,391.4,471.4,-9.1,53.782,3.8,41.06,2.8
2018-01-01 13:12:00,1.01984039514189,0.174677187412636,0.512378,235.2,406.8,475.8,-9.1,53.834,3.8,41.06,2.8
2018-01-01 13:13:00,1.01945256863289,0.175234109032652,0.5208845,230.8,422.2,480.2,-9.1,53.886,3.8,41.06,2.8
2018-01-01 13:14:00,1.01906474212388,0.175791030652668,0.529391,226.4,437.6,484.6,-9.1,53.938,3.8,41.06,2.8
2018-01-01 13:15:00,1.01867691561487,0.176347952272685,0.5378975,222,453,489,-9.1,53.99,3.8,41.06,2.8
2018-01-01 13:16:00,1.01828908910587,0.176470960564859,0.5389905,220.6,457,489.4,-9.1,54.044,3.8,41.06,2.8
2018-01-01 13:17:00,1.01790126259686,0.176593968857033,0.5400835,219.2,461,489.8,-9.1,54.098,3.8,41.06,2.8
2018-01-01 13:18:00,1.01751343608785,0.176716977149207,0.5411765,217.8,465,490.2,-9.1,54.152,3.8,41.06,2.8
2018-01-01 13:19:00,1.01712560957885,0.176839985441381,0.5422695,216.4,469,490.6,-9.1,54.206,3.8,41.06,2.8
2018-01-01 13:20:00,1.01673778306984,0.176962993733555,0.5433625,215,473,491,-9.1,54.26,3.8,41.06,2.8
2018-01-01 13:21:00,1.01634995656084,0.176343160390552,0.5300265,220.2,450.4,482.8,-9.1,54.322,3.8,41.002,2.82
2018-01-01 13:22:00,1.01596213005183,0.175723327047549,0.5166905,225.4,427.8,474.6,-9.1,54.384,3.8,40.944,2.84
2018-01-01 13:23:00,1.01557430354282,0.175103493704546,0.5033545,230.6,405.2,466.4,-9.1,54.446,3.8,40.886,2.86
2018-01-01 13:24:00,1.01518647703382,0.174483660361542,0.4900185,235.8,382.6,458.2,-9.1,54.508,3.8,40.828,2.88
2018-01-01 13:25:00,1.01479865052481,0.173863827018539,0.4766825,241,360,450,-9.1,54.57,3.8,40.77,2.9
2018-01-01 13:26:00,1.0144108240158,0.17283792185945,0.465425,244.4,339.6,441.2,-9.1,54.634,3.78,40.77,2.9
2018-01-01 13:27:00,1.0140229975068,0.171812016700361,0.4541675,247.8,319.2,432.4,-9.1,54.698,3.76,40.77,2.9
2018-01-01 13:28:00,1.01363517099779,0.170786111541272,0.44291,251.2,298.8,423.6,-9.1,54.762,3.74,40.77,2.9
2018-01-01 13:29:00,1.01324734448879,0.169760206382183,0.4316525,254.6,278.4,414.8,-9.1,54.826,3.72,40.77,2.9
2018-01-01 13:30:00,1.01285951797978,0.168734301223094,0.420395,258,258,406,-9.1,54.89,3.7,40.77,2.9
2018-01-01 13:31:00,1.01247169147077,0.165180647297005,0.405639,259.2,237.8,395.4,-9.06,54.96,3.7,40.95,2.9
2018-01-01 13:32:00,1.01208386496177,0.161626993370917,0.390883,260.4,217.6,384.8,-9.02,55.03,3.7,41.13,2.9
2018-01-01 13:33:00,1.01169603845276,0.158073339444828,0.376127,261.6,197.4,374.2,-8.98,55.1,3.7,41.31,2.9
2018-01-01 13:34:00,1.01130821194375,0.15451968551874,0.361371,262.8,177.2,363.6,-8.94,55.17,3.7,41.49,2.9
2018-01-01 13:35:00,1.01092038543475,0.150966031592651,0.346615,264,157,353,-8.9,55.24,3.7,41.67,2.9
2018-01-01 13:36:00,1.01053255892574,0.153353912724453,0.347752,263.4,159.2,353.6,-8.9,55.316,3.7,41.612,2.92
2018-01-01 13:37:00,1.01014473241674,0.155741793856255,0.348889,262.8,161.4,354.2,-8.9,55.392,3.7,41.554,2.94
2018-01-01 13:38:00,1.00975690590773,0.158129674988056,0.350026,262.2,163.6,354.8,-8.9,55.468,3.7,41.496,2.96
2018-01-01 13:39:00,1.00936907939872,0.160517556119858,0.351163,261.6,165.8,355.4,-8.9,55.544,3.7,41.438,2.98
2018-01-01 13:40:00,1.00898125288972,0.162905437251659,0.3523,261,168,356,-8.9,55.62,3.7,41.38,3
2018-01-01 13:41:00,1.00859342638071,0.163738041437209,0.35086,260.4,166.8,354.4,-8.9,55.7,3.7,41.38,3
2018-01-01 13:42:00,1.0082055998717,0.164570645622758,0.34942,259.8,165.6,352.8,-8.9,55.78,3.7,41.38,3
2018-01-01 13:43:00,1.0078177733627,0.165403249808308,0.34798,259.2,164.4,351.2,-8.9,55.86,3.7,41.38,3
2018-01-01 13:44:00,1.00742994685369,0.166235853993858,0.34654,258.6,163.2,349.6,-8.9,55.94,3.7,41.38,3
2018-01-01 13:45:00,1.00704212034469,0.167068458179407,0.3451,258,162,348,-8.9,56.02,3.7,41.38,3
2018-01-01 13:46:00,1.00665429383568,0.165761724761628,0.3500485,256.6,171.2,351.6,-8.9,56.104,3.7,41.38,3
2018-01-01 13:47:00,1.00626646732667,0.164454991343849,0.354997,255.2,180.4,355.2,-8.9,56.188,3.7,41.38,3
2018-01-01 13:48:00,1.00587864081767,0.16314825792607,0.3599455,253.8,189.6,358.8,-8.9,56.272,3.7,41.38,3
2018-01-01 13:49:00,1.00549081430866,0.161841524508291,0.364894,252.4,198.8,362.4,-8.9,56.356,3.7,41.38,3
2018-01-01 13:50:00,1.00510298779965,0.160534791090512,0.3698425,251,208,366,-8.9,56.44,3.7,41.38,3
2018-01-01 13:51:00,1.00471516129065,0.158324370489156,0.365011,250.8,201.6,362,-8.9,56.528,3.68,41.38,3
2018-01-01 13:52:00,1.00432733478164,0.156113949887801,0.3601795,250.6,195.2,358,-8.9,56.616,3.66,41.38,3
2018-01-01 13:53:00,1.00393950827264,0.153903529286445,0.355348,250.4,188.8,354,-8.9,56.704,3.64,41.38,3
2018-01-01 13:54:00,1.00355168176363,0.15169310868509,0.3505165,250.2,182.4,350,-8.9,56.792,3.62,41.38,3
2018-01-01 13:55:00,1.00316385525462,0.149482688083734,0.345685,250,176,346,-8.9,56.88,3.6,41.38,3
2018-01-01 13:56:00,1.00277602874562,0.150600633474481,0.3500345,248.6,184.6,349,-8.9,56.974,3.6,41.314,3.02
2018-01-01 13:57:00,1.00238820223661,0.151718578865228,0.354384,247.2,193.2,352,-8.9,57.068,3.6,41.248,3.04
2018-01-01 13:58:00,1.0020003757276,0.152836524255975,0.3587335,245.8,201.8,355,-8.9,57.162,3.6,41.182,3.06
2018-01-01 13:59:00,1.0016125492186,0.153954469646722,0.363083,244.4,210.4,358,-8.9,57.256,3.6,41.116,3.08
2018-01-01 14:00:00,1.00122472270959,0.155072415037469,0.3674325,243,219,361,-8.9,57.35,3.6,41.05,3.1
2018-01-01 14:01:00,1.00086715793828,0.15173461071759,0.40519,224.4,296,383,-8.9,57.446,3.6,41.05,3.1
2018-01-01 14:02:00,1.00050959316696,0.148396806397711,0.4429475,205.8,373,405,-8.9,57.542,3.6,41.05,3.1
2018-01-01 14:03:00,1.00015202839564,0.145059002077832,0.480705,187.2,450,427,-8.9,57.638,3.6,41.05,3.1
2018-01-01 14:04:00,0.999794463624327,0.141721197757952,0.5184625,168.6,527,449,-8.9,57.734,3.6,41.05,3.1
2018-01-01 14:05:00,0.999436898853011,0.138383393438073,0.55622,150,604,471,-8.9,57.83,3.6,41.05,3.1
2018-01-01 14:06:00,0.999079334081694,0.138551069421778,0.512132,167.4,520.8,444,-8.9,57.932,3.6,41.05,3.1
2018-01-01 14:07:00,0.998721769310378,0.138718745405483,0.468044,184.8,437.6,417,-8.9,58.034,3.6,41.05,3.1
2018-01-01 14:08:00,0.998364204539062,0.138886421389188,0.423956,202.2,354.4,390,-8.9,58.136,3.6,41.05,3.1
2018-01-01 14:09:00,0.998006639767746,0.139054097372893,0.379868,219.6,271.2,363,-8.9,58.238,3.6,41.05,3.1
2018-01-01 14:10:00,0.997649074996429,0.139221773356598,0.33578,237,188,336,-8.9,58.34,3.6,41.05,3.1
2018-01-01 14:11:00,0.997291510225113,0.141999623623698,0.3484975,233.4,210,343.4,-8.9,58.444,3.6,41.05,3.1
2018-01-01 14:12:00,0.996933945453797,0.144777473890797,0.361215,229.8,232,350.8,-8.9,58.548,3.6,41.05,3.1
2018-01-01 14:13:00,0.996576380682481,0.147555324157897,0.3739325,226.2,254,358.2,-8.9,58.652,3.6,41.05,3.1
2018-01-01 14:14:00,0.996218815911164,0.150333174424997,0.38665,222.6,276,365.6,-8.9,58.756,3.6,41.05,3.1
2018-01-01 14:15:00,0.995861251139848,0.153111024692097,0.3993675,219,298,373,-8.9,58.86,3.6,41.05,3.1
2018-01-01 14:16:00,0.995503686368532,0.146904864124773,0.400742,217,303.8,373.6,-8.9,58.97,3.58,41.05,3.1
2018-01-01 14:17:00,0.995146121597216,0.140698703557449,0.4021165,215,309.6,374.2,-8.9,59.08,3.56,41.05,3.1
2018-01-01 14:18:00,0.994788556825899,0.134492542990125,0.403491,213,315.4,374.8,-8.9,59.19,3.54,41.05,3.1
2018-01-01 14:19:00,0.994430992054583,0.128286382422801,0.4048655,211,321.2,375.4,-8.9,59.3,3.52,41.05,3.1
2018-01-01 14:20:00,0.994073427283267,0.122080221855476,0.40624,209,327,376,-8.9,59.41,3.5,41.05,3.1
2018-01-01 14:21:00,0.993715862511951,0.124454126296258,0.4189665,202.2,355.4,382.6,-8.9,59.524,3.5,41.05,3.1
2018-01-01 14:22:00,0.993358297740634,0.12682803073704,0.431693,195.4,383.8,389.2,-8.9,59.638,3.5,41.05,3.1
2018-01-01 14:23:00,0.993000732969318,0.129201935177821,0.4444195,188.6,412.2,395.8,-8.9,59.752,3.5,41.05,3.1
2018-01-01 14:24:00,0.992643168198002,0.131575839618603,0.457146,181.8,440.6,402.4,-8.9,59.866,3.5,41.05,3.1
2018-01-01 14:25:00,0.992285603426686,0.133949744059384,0.4698725,175,469,409,-8.9,59.98,3.5,41.05,3.1
2018-01-01 14:26:00,0.991928038655369,0.132186985015726,0.4752255,169.4,487.6,411.8,-8.9,60.096,3.5,41.05,3.1
2018-01-01 14:27:00,0.991570473884053,0.130424225972067,0.4805785,163.8,506.2,414.6,-8.9,60.212,3.5,41.05,3.1
2018-01-01 14:28:00,0.991212909112737,0.128661466928409,0.4859315,158.2,524.8,417.4,-8.9,60.328,3.5,41.05,3.1
2018-01-01 14:29:00,0.990855344341421,0.12689870788475,0.4912845,152.6,543.4,420.2,-8.9,60.444,3.5,41.05,3.1
2018-01-01 14:30:00,0.990497779570104,0.125135948841092,0.4966375,147,562,423,-8.9,60.56,3.5,41.05,3.1
2018-01-01 14:31:00,0.990140214798788,0.126479433236119,0.517718,135.4,616.4,436.6,-8.84,60.68,3.5,41.242,3.1
2018-01-01 14:32:00,0.989782650027472,0.127822917631146,0.5387985,123.8,670.8,450.2,-8.78,60.8,3.5,41.434,3.1
2018-01-01 14:33:00,0.989425085256156,0.129166402026173,0.559879,112.2,725.2,463.8,-8.72,60.92,3.5,41.626,3.1
2018-01-01 14:34:00,0.98906752048484,0.130509886421201,0.5809595,100.6,779.6,477.4,-8.66,61.04,3.5,41.818,3.1
2018-01-01 14:35:00,0.988709955713523,0.131853370816228,0.60204,89,834,491,-8.6,61.16,3.5,42.01,3.1
2018-01-01 14:36:00,0.988352390942207,0.134163890337035,0.5990765,88.8,832.8,488.6,-8.6,61.284,3.5,42.01,3.1
2018-01-01 14:37:00,0.987994826170891,0.136474409857842,0.596113,88.6,831.6,486.2,-8.6,61.408,3.5,42.01,3.1
2018-01-01 14:38:00,0.987637261399574,0.138784929378648,0.5931495,88.4,830.4,483.8,-8.6,61.532,3.5,42.01,3.1
2018-01-01 14:39:00,0.987279696628258,0.141095448899455,0.590186,88.2,829.2,481.4,-8.6,61.656,3.5,42.01,3.1
2018-01-01 14:40:00,0.986922131856942,0.143405968420262,0.5872225,88,828,479,-8.6,61.78,3.5,42.01,3.1
2018-01-01 14:41:00,0.986564567085626,0.138106376779458,0.5846285,87.8,826.8,476.8,-8.6,61.908,3.48,42.01,3.1
2018-01-01 14:42:00,0.98620700231431,0.132806785138653,0.5820345,87.6,825.6,474.6,-8.6,62.036,3.46,42.01,3.1
2018-01-01 14:43:00,0.985849437542993,0.127507193497849,0.5794405,87.4,824.4,472.4,-8.6,62.164,3.44,42.01,3.1
2018-01-01 14:44:00,0.985491872771677,0.122207601857044,0.5768465,87.2,823.2,470.2,-8.6,62.292,3.42,42.01,3.1
2018-01-01 14:45:00,0.985134308000361,0.11690801021624,0.5742525,87,822,468,-8.6,62.42,3.4,42.01,3.1
2018-01-01 14:46:00,0.984776743229044,0.119647415569319,0.571807,86.8,820.8,465.4,-8.6,62.55,3.4,42.01,3.1
2018-01-01 14:47:00,0.984419178457728,0.122386820922398,0.5693615,86.6,819.6,462.8,-8.6,62.68,3.4,42.01,3.1
2018-01-01 14:48:00,0.984061613686412,0.125126226275477,0.566916,86.4,818.4,460.2,-8.6,62.81,3.4,42.01,3.1
2018-01-01 14:49:00,0.983704048915096,0.127865631628557,0.5644705,86.2,817.2,457.6,-8.6,62.94,3.4,42.01,3.1
2018-01-01 14:50:00,0.983346484143779,0.130605036981636,0.562025,86,816,455,-8.6,63.07,3.4,42.01,3.1
2018-01-01 14:51:00,0.982988919372463,0.130523572178489,0.5594105,85.8,814.6,452.6,-8.6,63.204,3.4,42.01,3.1
2018-01-01 14:52:00,0.982631354601147,0.130442107375342,0.556796,85.6,813.2,450.2,-8.6,63.338,3.4,42.01,3.1
2018-01-01 14:53:00,0.982273789829831,0.130360642572195,0.5541815,85.4,811.8,447.8,-8.6,63.472,3.4,42.01,3.1
2018-01-01 14:54:00,0.981916225058514,0.130279177769048,0.551567,85.2,810.4,445.4,-8.6,63.606,3.4,42.01,3.1
2018-01-01 14:55:00,0.981558660287198,0.130197712965901,0.5489525,85,809,443,-8.6,63.74,3.4,42.01,3.1
2018-01-01 14:56:00,0.981201095515882,0.1297417319946,0.546226,84.8,807.4,440.4,-8.6,63.876,3.4,42.01,3.1
2018-01-01 14:57:00,0.980843530744566,0.129285751023299,0.5434995,84.6,805.8,437.8,-8.6,64.012,3.4,42.01,3.1
2018-01-01 14:58:00,0.980485965973249,0.128829770051997,0.540773,84.4,804.2,435.2,-8.6,64.148,3.4,42.01,3.1
2018-01-01 14:59:00,0.980128401201933,0.128373789080696,0.5380465,84.2,802.6,432.6,-8.6,64.284,3.4,42.01,3.1
2018-01-01 15:00:00,0.979770836430617,0.127917808109395,0.53532,84,801,430,-8.6,64.42,3.4,42.01,3.1
2018-01-01 15:01:00,0.979975248763252,0.124201016405922,0.5326515,83.8,799.6,427.4,-8.6,64.56,3.38,42.01,3.1
2018-01-01 15:02:00,0.980179661095888,0.120484224702448,0.529983,83.6,798.2,424.8,-8.6,64.7,3.36,42.01,3.1
2018-01-01 15:03:00,0.980384073428523,0.116767432998975,0.5273145,83.4,796.8,422.2,-8.6,64.84,3.34,42.01,3.1
2018-01-01 15:04:00,0.980588485761158,0.113050641295502,0.524646,83.2,795.4,419.6,-8.6,64.98,3.32,42.01,3.1
2018-01-01 15:05:00,0.980792898093793,0.109333849592029,0.5219775,83,794,417,-8.6,65.12,3.3,42.01,3.1
2018-01-01 15:06:00,0.980997310426428,0.106489488192807,0.5191085,82.8,792.2,414.2,-8.6,65.262,3.3,42.07,3.08
2018-01-01 15:07:00,0.981201722759064,0.103645126793586,0.5162395,82.6,790.4,411.4,-8.6,65.404,3.3,42.13,3.06
2018-01-01 15:08:00,0.981406135091699,0.100800765394364,0.5133705,82.4,788.6,408.6,-8.6,65.546,3.3,42.19,3.04
2018-01-01 15:09:00,0.981610547424334,0.097956403995143,0.5105015,82.2,786.8,405.8,-8.6,65.688,3.3,42.25,3.02
2018-01-01 15:10:00,0.981814959756969,0.0951120425959215,0.5076325,82,785,403,-8.6,65.83,3.3,42.31,3
2018-01-01 15:11:00,0.982019372089604,0.0977877249477508,0.5048415,81.8,783.4,400.4,-8.6,65.974,3.3,42.31,3
2018-01-01 15:12:00,0.98222378442224,0.10046340729958,0.5020505,81.6,781.8,397.8,-8.6,66.118,3.3,42.31,3
2018-01-01 15:13:00,0.982428196754875,0.103139089651409,0.4992595,81.4,780.2,395.2,-8.6,66.262,3.3,42.31,3
2018-01-01 15:14:00,0.98263260908751,0.105814772003238,0.4964685,81.2,778.6,392.6,-8.6,66.406,3.3,42.31,3
2018-01-01 15:15:00,0.982837021420145,0.108490454355068,0.4936775,81,777,390,-8.6,66.55,3.3,42.31,3
2018-01-01 15:16:00,0.98304143375278,0.107436689500316,0.490447,80.6,775,387.2,-8.6,66.698,3.28,42.31,3
2018-01-01 15:17:00,0.983245846085416,0.106382924645565,0.4872165,80.2,773,384.4,-8.6,66.846,3.26,42.31,3
2018-01-01 15:18:00,0.983450258418051,0.105329159790813,0.483986,79.8,771,381.6,-8.6,66.994,3.24,42.31,3
2018-01-01 15:19:00,0.983654670750686,0.104275394936062,0.4807555,79.4,769,378.8,-8.6,67.142,3.22,42.31,3
2018-01-01 15:20:00,0.983859083083321,0.103221630081311,0.477525,79,767,376,-8.6,67.29,3.2,42.31,3
2018-01-01 15:21:00,0.984063495415957,0.101314059699034,0.474592,78.8,765.2,373,-8.6,67.442,3.2,42.37,2.98
2018-01-01 15:22:00,0.984267907748592,0.0994064893167565,0.471659,78.6,763.4,370,-8.6,67.594,3.2,42.43,2.96
2018-01-01 15:23:00,0.984472320081227,0.0974989189344794,0.468726,78.4,761.6,367,-8.6,67.746,3.2,42.49,2.94
2018-01-01 15:24:00,0.984676732413862,0.0955913485522023,0.465793,78.2,759.8,364,-8.6,67.898,3.2,42.55,2.92
2018-01-01 15:25:00,0.984881144746498,0.0936837781699252,0.46286,78,758,361,-8.6,68.05,3.2,42.61,2.9
2018-01-01 15:26:00,0.985085557079133,0.0946495350218282,0.460095,77.8,755.8,358.2,-8.6,68.202,3.2,42.61,2.9
2018-01-01 15:27:00,0.985289969411768,0.0956152918737312,0.45733,77.6,753.6,355.4,-8.6,68.354,3.2,42.61,2.9
2018-01-01 15:28:00,0.985494381744403,0.0965810487256341,0.454565,77.4,751.4,352.6,-8.6,68.506,3.2,42.61,2.9
2018-01-01 15:29:00,0.985698794077038,0.0975468055775371,0.4518,77.2,749.2,349.8,-8.6,68.658,3.2,42.61,2.9
2018-01-01 15:30:00,0.985903206409674,0.0985125624294401,0.449035,77,747,347,-8.6,68.81,3.2,42.61,2.9
2018-01-01 15:31:00,0.986107618742309,0.0982990107903357,0.445316,77,743.2,343.8,-8.5,68.966,3.2,42.988,2.88
2018-01-01 15:32:00,0.986312031074944,0.0980854591512314,0.441597,77,739.4,340.6,-8.4,69.122,3.2,43.366,2.86
2018-01-01 15:33:00,0.986516443407579,0.097871907512127,0.437878,77,735.6,337.4,-8.3,69.278,3.2,43.744,2.84
2018-01-01 15:34:00,0.986720855740214,0.0976583558730227,0.434159,77,731.8,334.2,-8.2,69.434,3.2,44.122,2.82
2018-01-01 15:35:00,0.98692526807285,0.0974448042339183,0.43044,77,728,331,-8.1,69.59,3.2,44.5,2.8
2018-01-01 15:36:00,0.987129680405485,0.0935263202965394,0.426998,76.6,725.6,328,-8.1,69.748,3.18,44.5,2.8
2018-01-01 15:37:00,0.98733409273812,0.0896078363591604,0.423556,76.2,723.2,325,-8.1,69.906,3.16,44.5,2.8
2018-01-01 15:38:00,0.987538505070755,0.0856893524217814,0.420114,75.8,720.8,322,-8.1,70.064,3.14,44.5,2.8
2018-01-01 15:39:00,0.987742917403391,0.0817708684844025,0.416672,75.4,718.4,319,-8.1,70.222,3.12,44.5,2.8
2018-01-01 15:40:00,0.987947329736026,0.0778523845470235,0.41323,75,716,316,-8.1,70.38,3.1,44.5,2.8
2018-01-01 15:41:00,0.988151742068661,0.0781493801224283,0.40998,74.8,713.6,313,-8.1,70.538,3.1,44.5,2.8
2018-01-01 15:42:00,0.988356154401296,0.078446375697833,0.40673,74.6,711.2,310,-8.1,70.696,3.1,44.5,2.8
2018-01-01 15:43:00,0.988560566733931,0.0787433712732377,0.40348,74.4,708.8,307,-8.1,70.854,3.1,44.5,2.8
2018-01-01 15:44:00,0.988764979066567,0.0790403668486425,0.40023,74.2,706.4,304,-8.1,71.012,3.1,44.5,2.8
2018-01-01 15:45:00,0.988969391399202,0.0793373624240472,0.39698,74,704,301,-8.1,71.17,3.1,44.5,2.8
2018-01-01 15:46:00,0.989173803731837,0.0802148300947106,0.3933825,73.6,701.2,297.8,-8.1,71.334,3.1,44.564,2.78
2018-01-01 15:47:00,0.989378216064472,0.081092297765374,0.389785,73.2,698.4,294.6,-8.1,71.498,3.1,44.628,2.76
2018-01-01 15:48:00,0.989582628397108,0.0819697654360373,0.3861875,72.8,695.6,291.4,-8.1,71.662,3.1,44.692,2.74
2018-01-01 15:49:00,0.989787040729743,0.0828472331067007,0.38259,72.4,692.8,288.2,-8.1,71.826,3.1,44.756,2.72
2018-01-01 15:50:00,0.989991453062378,0.0837247007773641,0.3789925,72,690,285,-8.1,71.99,3.1,44.82,2.7
2018-01-01 15:51:00,0.990195865395013,0.0835139203693854,0.375299,71.6,687,282,-8.1,72.154,3.08,44.82,2.7
2018-01-01 15:52:00,0.990400277727649,0.0833031399614066,0.3716055,71.2,684,279,-8.1,72.318,3.06,44.82,2.7
2018-01-01 15:53:00,0.990604690060284,0.0830923595534279,0.367912,70.8,681,276,-8.1,72.482,3.04,44.82,2.7
2018-01-01 15:54:00,0.990809102392919,0.0828815791454492,0.3642185,70.4,678,273,-8.1,72.646,3.02,44.82,2.7
2018-01-01 15:55:00,0.991013514725554,0.0826707987374705,0.360525,70,675,270,-8.1,72.81,3,44.82,2.7
2018-01-01 15:56:00,0.99121792705819,0.0808636571262904,0.3447425,71.8,637.2,259.2,-8.1,72.976,3,44.884,2.68
2018-01-01 15:57:00,0.991422339390825,0.0790565155151102,0.32896,73.6,599.4,248.4,-8.1,73.142,3,44.948,2.66
2018-01-01 15:58:00,0.99162675172346,0.0772493739039301,0.3131775,75.4,561.6,237.6,-8.1,73.308,3,45.012,2.64
2018-01-01 15:59:00,0.991831164056095,0.0754422322927499,0.297395,77.2,523.8,226.8,-8.1,73.474,3,45.076,2.62
2018-01-01 16:00:00,0.99203557638873,0.0736350906815697,0.2816125,79,486,216,-8.1,73.64,3,45.14,2.6
2018-01-01 16:01:00,0.993043325097622,0.0734656897803556,0.2785775,78.2,483.8,213.4,-8.1,73.808,2.98,45.14,2.6
2018-01-01 16:02:00,0.994051073806514,0.0732962888791414,0.2755425,77.4,481.6,210.8,-8.1,73.976,2.96,45.14,2.6
2018-01-01 16:03:00,0.995058822515405,0.0731268879779272,0.2725075,76.6,479.4,208.2,-8.1,74.144,2.94,45.14,2.6
2018-01-01 16:04:00,0.996066571224296,0.072957487076713,0.2694725,75.8,477.2,205.6,-8.1,74.312,2.92,45.14,2.6
2018-01-01 16:05:00,0.997074319933188,0.0727880861754988,0.2664375,75,475,203,-8.1,74.48,2.9,45.14,2.6
2018-01-01 16:06:00,0.99808206864208,0.0729480576853585,0.2635145,74.4,472.8,200.2,-8.1,74.65,2.9,45.204,2.58
2018-01-01 16:07:00,0.999089817350971,0.0731080291952181,0.2605915,73.8,470.6,197.4,-8.1,74.82,2.9,45.268,2.56
2018-01-01 16:08:00,1.00009756605986,0.0732680007050778,0.2576685,73.2,468.4,194.6,-8.1,74.99,2.9,45.332,2.54
2018-01-01 16:09:00,1.00110531476875,0.0734279722149374,0.2547455,72.6,466.2,191.8,-8.1,75.16,2.9,45.396,2.52
2018-01-01 16:10:00,1.00211306347765,0.0735879437247971,0.2518225,72,464,189,-8.1,75.33,2.9,45.46,2.5
2018-01-01 16:11:00,1.00312081218654,0.070403107918248,0.24862575,71.2,461.6,186.4,-8.1,75.5,2.88,45.524,2.48
2018-01-01 16:12:00,1.00412856089543,0.0672182721116989,0.245429,70.4,459.2,183.8,-8.1,75.67,2.86,45.588,2.46
2018-01-01 16:13:00,1.00513630960432,0.0640334363051498,0.24223225,69.6,456.8,181.2,-8.1,75.84,2.84,45.652,2.44
2018-01-01 16:14:00,1.00614405831321,0.0608486004986007,0.2390355,68.8,454.4,178.6,-8.1,76.01,2.82,45.716,2.42
2018-01-01 16:15:00,1.0071518070221,0.0576637646920517,0.23583875,68,452,176,-8.1,76.18,2.8,45.78,2.4
2018-01-01 16:16:00,1.008159555731,0.0587927434518293,0.2325939,67.2,449.4,173.4,-8.1,76.354,2.8,45.846,2.38
2018-01-01 16:17:00,1.00916730443989,0.059921722211607,0.22934905,66.4,446.8,170.8,-8.1,76.528,2.8,45.912,2.36
2018-01-01 16:18:00,1.01017505314878,0.0610507009713847,0.2261042,65.6,444.2,168.2,-8.1,76.702,2.8,45.978,2.34
2018-01-01 16:19:00,1.01118280185767,0.0621796797311624,0.22285935,64.8,441.6,165.6,-8.1,76.876,2.8,46.044,2.32
2018-01-01 16:20:00,1.01219055056656,0.0633086584909401,0.2196145,64,439,163,-8.1,77.05,2.8,46.11,2.3
2018-01-01 16:21:00,1.01319829927545,0.060097458123249,0.2163259,63.2,436.2,160.2,-8.1,77.224,2.78,46.11,2.3
2018-01-01 16:22:00,1.01420604798434,0.056886257755558,0.2130373,62.4,433.4,157.4,-8.1,77.398,2.76,46.11,2.3
2018-01-01 16:23:00,1.01521379669324,0.0536750573878669,0.2097487,61.6,430.6,154.6,-8.1,77.572,2.74,46.11,2.3
2018-01-01 16:24:00,1.01622154540213,0.0504638570201759,0.2064601,60.8,427.8,151.8,-8.1,77.746,2.72,46.11,2.3
2018-01-01 16:25:00,1.01722929411102,0.0472526566524848,0.2031715,60,425,149,-8.1,77.92,2.7,46.11,2.3
2018-01-01 16:26:00,1.01823704281991,0.0476241923321695,0.19999135,59.4,421.8,146.4,-8.1,78.098,2.7,46.176,2.28
2018-01-01 16:27:00,1.0192447915288,0.0479957280118542,0.1968112,58.8,418.6,143.8,-8.1,78.276,2.7,46.242,2.26
2018-01-01 16:28:00,1.02025254023769,0.0483672636915388,0.19363105,58.2,415.4,141.2,-8.1,78.454,2.7,46.308,2.24
2018-01-01 16:29:00,1.02126028894659,0.0487387993712235,0.1904509,57.6,412.2,138.6,-8.1,78.632,2.7,46.374,2.22
2018-01-01 16:30:00,1.02226803765548,0.0491103350509082,0.18727075,57,409,136,-8.1,78.81,2.7,46.44,2.2
2018-01-01 16:31:00,1.02327578636437,0.049001472124557,0.16850925,59,350.4,126.2,-7.84,78.986,2.68,47.524,2.18
2018-01-01 16:32:00,1.02428353507326,0.0488926091982058,0.14974775,61,291.8,116.4,-7.58,79.162,2.66,48.608,2.16
2018-01-01 16:33:00,1.02529128378215,0.0487837462718546,0.13098625,63,233.2,106.6,-7.32,79.338,2.64,49.692,2.14
2018-01-01 16:34:00,1.02629903249104,0.0486748833455034,0.11222475,65,174.6,96.8,-7.06,79.514,2.62,50.776,2.12
2018-01-01 16:35:00,1.02730678119993,0.0485660204191522,0.09346325,67,116,87,-6.8,79.69,2.6,51.86,2.1
2018-01-01 16:36:00,1.02831452990883,0.0477168583515154,0.09097145,65.6,113.2,85,-6.8,79.87,2.6,51.936,2.08
2018-01-01 16:37:00,1.02932227861772,0.0468676962838786,0.08847965,64.2,110.4,83,-6.8,80.05,2.6,52.012,2.06
2018-01-01 16:38:00,1.03033002732661,0.0460185342162418,0.08598785,62.8,107.6,81,-6.8,80.23,2.6,52.088,2.04
2018-01-01 16:39:00,1.0313377760355,0.045169372148605,0.08349605,61.4,104.8,79,-6.8,80.41,2.6,52.164,2.02
2018-01-01 16:40:00,1.03234552474439,0.0443202100809682,0.08100425,60,102,77,-6.8,80.59,2.6,52.24,2
2018-01-01 16:41:00,1.03335327345328,0.0435767988368609,0.07881475,58.8,99.4,75,-6.8,80.77,2.58,52.24,2
2018-01-01 16:42:00,1.03436102216218,0.0428333875927536,0.07662525,57.6,96.8,73,-6.8,80.95,2.56,52.24,2
2018-01-01 16:43:00,1.03536877087107,0.0420899763486463,0.07443575,56.4,94.2,71,-6.8,81.13,2.54,52.24,2
2018-01-01 16:44:00,1.03637651957996,0.0413465651045389,0.07224625,55.2,91.6,69,-6.8,81.31,2.52,52.24,2
2018-01-01 16:45:00,1.03738426828885,0.0406031538604316,0.07005675,54,89,67,-6.8,81.49,2.5,52.24,2
2018-01-01 16:46:00,1.03839201699774,0.0411921741585169,0.0802943,51.4,137.4,70.6,-6.8,81.672,2.5,52.314,1.98
2018-01-01 16:47:00,1.03939976570663,0.0417811944566022,0.09053185,48.8,185.8,74.2,-6.8,81.854,2.5,52.388,1.96
2018-01-01 16:48:00,1.04040751441553,0.0423702147546875,0.1007694,46.2,234.2,77.8,-6.8,82.036,2.5,52.462,1.94
2018-01-01 16:49:00,1.04141526312442,0.0429592350527728,0.11100695,43.6,282.6,81.4,-6.8,82.218,2.5,52.536,1.92
2018-01-01 16:50:00,1.04242301183331,0.0435482553508582,0.1212445,41,331,85,-6.8,82.4,2.5,52.61,1.9
2018-01-01 16:51:00,1.0434307605422,0.04229905398963,0.1177406,40.2,325.8,82.4,-6.8,82.582,2.48,52.686,1.88
2018-01-01 16:52:00,1.04443850925109,0.0410498526284017,0.1142367,39.4,320.6,79.8,-6.8,82.764,2.46,52.762,1.86
2018-01-01 16:53:00,1.04544625795998,0.0398006512671735,0.1107328,38.6,315.4,77.2,-6.8,82.946,2.44,52.838,1.84
2018-01-01 16:54:00,1.04645400666887,0.0385514499059453,0.1072289,37.8,310.2,74.6,-6.8,83.128,2.42,52.914,1.82
2018-01-01 16:55:00,1.04746175537777,0.0373022485447171,0.103725,37,305,72,-6.8,83.31,2.4,52.99,1.8
2018-01-01 16:56:00,1.04846950408666,0.0372491104443702,0.10008195,36.2,299,69.8,-6.8,83.492,2.4,53.066,1.78
2018-01-01 16:57:00,1.04947725279555,0.0371959723440234,0.0964389,35.4,293,67.6,-6.8,83.674,2.4,53.142,1.76
2018-01-01 16:58:00,1.05048500150444,0.0371428342436765,0.09279585,34.6,287,65.4,-6.8,83.856,2.4,53.218,1.74
2018-01-01 16:59:00,1.05149275021333,0.0370896961433297,0.0891528,33.8,281,63.2,-6.8,84.038,2.4,53.294,1.72
2018-01-01 17:00:00,1.05250049892222,0.0370365580429829,0.08550975,33,275,61,-6.8,84.22,2.4,53.37,1.7
2018-01-01 17:01:00,1.05338759495022,0.037012392540065,0.08122915,32.2,267.8,58.6,-6.8,84.404,2.4,53.37,1.7
2018-01-01 17:02:00,1.05427469097821,0.0369882270371472,0.07694855,31.4,260.6,56.2,-6.8,84.588,2.4,53.37,1.7
2018-01-01 17:03:00,1.0551617870062,0.0369640615342293,0.07266795,30.6,253.4,53.8,-6.8,84.772,2.4,53.37,1.7
2018-01-01 17:04:00,1.0560488830342,0.0369398960313115,0.06838735,29.8,246.2,51.4,-6.8,84.956,2.4,53.37,1.7
2018-01-01 17:05:00,1.05693597906219,0.0369157305283936,0.06410675,29,239,49,-6.8,85.14,2.4,53.37,1.7
2018-01-01 17:06:00,1.05782307509018,0.0367615865173776,0.05800785,28.2,230,46.8,-6.8,85.322,2.4,53.37,1.7
2018-01-01 17:07:00,1.05871017111817,0.0366074425063617,0.05190895,27.4,221,44.6,-6.8,85.504,2.4,53.37,1.7
2018-01-01 17:08:00,1.05959726714617,0.0364532984953457,0.04581005,26.6,212,42.4,-6.8,85.686,2.4,53.37,1.7
2018-01-01 17:09:00,1.06048436317416,0.0362991544843297,0.03971115,25.8,203,40.2,-6.8,85.868,2.4,53.37,1.7
2018-01-01 17:10:00,1.06137145920215,0.0361450104733137,0.03361225,25,194,38,-6.8,86.05,2.4,53.37,1.7
2018-01-01 17:11:00,1.06225855523015,0.0362506312472805,0.0268898,24,183.6,36,-6.8,86.232,2.4,53.37,1.7
2018-01-01 17:12:00,1.06314565125814,0.0363562520212472,0.02016735,23,173.2,34,-6.8,86.414,2.4,53.37,1.7
2018-01-01 17:13:00,1.06403274728613,0.036461872795214,0.0134449,22,162.8,32,-6.8,86.596,2.4,53.37,1.7
2018-01-01 17:14:00,1.06491984331412,0.0365674935691807,0.00672245,21,152.4,30,-6.8,86.778,2.4,53.37,1.7
2018-01-01 17:15:00,1.06580693934212,0.0366731143431475,0,20,142,28,-6.8,86.96,2.4,53.37,1.7
2018-01-01 17:16:00,1.06669403537011,0.0371967221020484,0,18.6,141,26,-6.8,87.14,2.4,53.37,1.7
2018-01-01 17:17:00,1.0675811313981,0.0377203298609494,0,17.2,140,24,-6.8,87.32,2.4,53.37,1.7
2018-01-01 17:18:00,1.0684682274261,0.0382439376198503,0,15.8,139,22,-6.8,87.5,2.4,53.37,1.7
2018-01-01 17:19:00,1.06935532345409,0.0387675453787513,0,14.4,138,20,-6.8,87.68,2.4,53.37,1.7
2018-01-01 17:20:00,1.07024241948208,0.0392911531376522,0,13,137,18,-6.8,87.86,2.4,53.37,1.7
2018-01-01 17:21:00,1.07112951551007,0.0387223608688173,0,12.8,129,17.4,-6.8,88.034,2.4,53.37,1.7
2018-01-01 17:22:00,1.07201661153807,0.0381535685999823,0,12.6,121,16.8,-6.8,88.208,2.4,53.37,1.7
2018-01-01 17:23:00,1.07290370756606,0.0375847763311473,0,12.4,113,16.2,-6.8,88.382,2.4,53.37,1.7
2018-01-01 17:24:00,1.07379080359405,0.0370159840623123,0,12.2,105,15.6,-6.8,88.556,2.4,53.37,1.7
2018-01-01 17:25:00,1.07467789962205,0.0364471917934773,0,12,97,15,-6.8,88.73,2.4,53.37,1.7
2018-01-01 17:26:00,1.07556499565004,0.0360150842869085,0,9.6,77.6,12,-6.8,88.898,2.4,53.37,1.7
2018-01-01 17:27:00,1.07645209167803,0.0355829767803397,0,7.2,58.2,9,-6.8,89.066,2.4,53.37,1.7
2018-01-01 17:28:00,1.07733918770602,0.0351508692737708,0,4.8,38.8,6,-6.8,89.234,2.4,53.37,1.7
2018-01-01 17:29:00,1.07822628373402,0.034718761767202,0,2.4,19.4,3,-6.8,89.402,2.4,53.37,1.7
2018-01-01 17:30:00,1.07911337976201,0.0342866542606332,0,0,0,0,-6.8,89.57,2.4,53.37,1.7
2018-01-01 17:31:00,1.08000047579,0.0349614377081202,0,0,0,0,-6.8,89.87,2.4,53.37,1.7
2018-01-01 17:32:00,1.080887571818,0.0356362211556071,0,0,0,0,-6.8,90.17,2.4,53.37,1.7
2018-01-01 17:33:00,1.08177466784599,0.0363110046030941,0,0,0,0,-6.8,90.47,2.4,53.37,1.7
2018-01-01 17:34:00,1.08266176387398,0.0369857880505811,0,0,0,0,-6.8,90.77,2.4,53.37,1.7
2018-01-01 17:35:00,1.08354885990197,0.0376605714980681,0,0,0,0,-6.8,91.07,2.4,53.37,1.7
2018-01-01 17:36:00,1.08443595592997,0.0382526034466128,0,0,0,0,-6.8,91.266,2.4,53.37,1.7
2018-01-01 17:37:00,1.08532305195796,0.0388446353951576,0,0,0,0,-6.8,91.462,2.4,53.37,1.7
2018-01-01 17:38:00,1.08621014798595,0.0394366673437024,0,0,0,0,-6.8,91.658,2.4,53.37,1.7
2018-01-01 17:39:00,1.08709724401395,0.0400286992922472,0,0,0,0,-6.8,91.854,2.4,53.37,1.7
2018-01-01 17:40:00,1.08798434004194,0.0406207312407919,0,0,0,0,-6.8,92.05,2.4,53.37,1.7
2018-01-01 17:41:00,1.08887143606993,0.0405503280358132,0,0,0,0,-6.8,92.246,2.4,53.37,1.7
2018-01-01 17:42:00,1.08975853209792,0.0404799248308345,0,0,0,0,-6.8,92.442,2.4,53.37,1.7
2018-01-01 17:43:00,1.09064562812592,0.0404095216258558,0,0,0,0,-6.8,92.638,2.4,53.37,1.7
2018-01-01 17:44:00,1.09153272415391,0.0403391184208771,0,0,0,0,-6.8,92.834,2.4,53.37,1.7
2018-01-01 17:45:00,1.0924198201819,0.0402687152158984,0,0,0,0,-6.8,93.03,2.4,53.37,1.7
2018-01-01 17:46:00,1.0933069162099,0.0390796522671988,0,0,0,0,-6.8,93.228,2.4,53.37,1.7
2018-01-01 17:47:00,1.09419401223789,0.0378905893184993,0,0,0,0,-6.8,93.426,2.4,53.37,1.7
2018-01-01 17:48:00,1.09508110826588,0.0367015263697998,0,0,0,0,-6.8,93.624,2.4,53.37,1.7
2018-01-01 17:49:00,1.09596820429387,0.0355124634211003,0,0,0,0,-6.8,93.822,2.4,53.37,1.7
2018-01-01 17:50:00,1.09685530032187,0.0343234004724007,0,0,0,0,-6.8,94.02,2.4,53.37,1.7
2018-01-01 17:51:00,1.09774239634986,0.0348157125855965,0,0,0,0,-6.8,94.218,2.4,53.37,1.7
2018-01-01 17:52:00,1.09862949237785,0.0353080246987922,0,0,0,0,-6.8,94.416,2.4,53.37,1.7
2018-01-01 17:53:00,1.09951658840585,0.035800336811988,0,0,0,0,-6.8,94.614,2.4,53.37,1.7
2018-01-01 17:54:00,1.10040368443384,0.0362926489251837,0,0,0,0,-6.8,94.812,2.4,53.37,1.7
2018-01-01 17:55:00,1.10129078046183,0.0367849610383795,0,0,0,0,-6.8,95.01,2.4,53.37,1.7
2018-01-01 17:56:00,1.10217787648983,0.0378490206975597,0,0,0,0,-6.7,95.21,2.42,54.04,1.64
2018-01-01 17:57:00,1.10306497251782,0.0389130803567399,0,0,0,0,-6.6,95.41,2.44,54.71,1.58
2018-01-01 17:58:00,1.10395206854581,0.0399771400159202,0,0,0,0,-6.5,95.61,2.46,55.38,1.52
2018-01-01 17:59:00,1.1048391645738,0.0410411996751004,0,0,0,0,-6.4,95.81,2.48,56.05,1.46
2018-01-01 18:00:00,1.1057262606018,0.0421052593342806,0,0,0,0,-6.3,96.01,2.5,56.72,1.4
2018-01-01 18:01:00,1.10583628861728,0.0427520234784143,0,0,0,0,-6.3,96.21,2.5,56.72,1.4
2018-01-01 18:02:00,1.10594631663276,0.0433987876225481,0,0,0,0,-6.3,96.41,2.5,56.72,1.4
2018-01-01 18:03:00,1.10605634464824,0.0440455517666818,0,0,0,0,-6.3,96.61,2.5,56.72,1.4
2018-01-01 18:04:00,1.10616637266372,0.0446923159108155,0,0,0,0,-6.3,96.81,2.5,56.72,1.4
2018-01-01 18:05:00,1.1062764006792,0.0453390800549493,0,0,0,0,-6.3,97.01,2.5,56.72,1.4
2018-01-01 18:06:00,1.10638642869468,0.0453558364796519,0,0,0,0,-6.3,97.21,2.5,56.8,1.38
2018-01-01 18:07:00,1.10649645671016,0.0453725929043546,0,0,0,0,-6.3,97.41,2.5,56.88,1.36
2018-01-01 18:08:00,1.10660648472564,0.0453893493290573,0,0,0,0,-6.3,97.61,2.5,56.96,1.34
2018-01-01 18:09:00,1.10671651274112,0.04540610575376,0,0,0,0,-6.3,97.81,2.5,57.04,1.32
2018-01-01 18:10:00,1.1068265407566,0.0454228621784627,0,0,0,0,-6.3,98.01,2.5,57.12,1.3
2018-01-01 18:11:00,1.10693656877208,0.044865514492466,0,0,0,0,-6.3,98.212,2.5,57.12,1.3
2018-01-01 18:12:00,1.10704659678756,0.0443081668064693,0,0,0,0,-6.3,98.414,2.5,57.12,1.3
2018-01-01 18:13:00,1.10715662480304,0.0437508191204727,0,0,0,0,-6.3,98.616,2.5,57.12,1.3
2018-01-01 18:14:00,1.10726665281852,0.043193471434476,0,0,0,0,-6.3,98.818,2.5,57.12,1.3
2018-01-01 18:15:00,1.107376680834,0.0426361237484793,0,0,0,0,-6.3,99.02,2.5,57.12,1.3
2018-01-01 18:16:00,1.10748670884948,0.0428207063649203,0,0,0,0,-6.3,99.222,2.5,57.204,1.28
2018-01-01 18:17:00,1.10759673686496,0.0430052889813613,0,0,0,0,-6.3,99.424,2.5,57.288,1.26
2018-01-01 18:18:00,1.10770676488044,0.0431898715978022,0,0,0,0,-6.3,99.626,2.5,57.372,1.24
2018-01-01 18:19:00,1.10781679289592,0.0433744542142432,0,0,0,0,-6.3,99.828,2.5,57.456,1.22
2018-01-01 18:20:00,1.1079268209114,0.0435590368306841,0,0,0,0,-6.3,100.03,2.5,57.54,1.2
2018-01-01 18:21:00,1.10803684892688,0.0432285584236387,0,0,0,0,-6.3,100.234,2.5,57.54,1.2
2018-01-01 18:22:00,1.10814687694236,0.0428980800165932,0,0,0,0,-6.3,100.438,2.5,57.54,1.2
2018-01-01 18:23:00,1.10825690495784,0.0425676016095477,0,0,0,0,-6.3,100.642,2.5,57.54,1.2
2018-01-01 18:24:00,1.10836693297332,0.0422371232025022,0,0,0,0,-6.3,100.846,2.5,57.54,1.2
2018-01-01 18:25:00,1.1084769609888,0.0419066447954567,0,0,0,0,-6.3,101.05,2.5,57.54,1.2
2018-01-01 18:26:00,1.10858698900428,0.0423116666425439,0,0,0,0,-6.3,101.254,2.5,57.622,1.18
2018-01-01 18:27:00,1.10869701701976,0.0427166884896312,0,0,0,0,-6.3,101.458,2.5,57.704,1.16
2018-01-01 18:28:00,1.10880704503524,0.0431217103367184,0,0,0,0,-6.3,101.662,2.5,57.786,1.14
2018-01-01 18:29:00,1.10891707305072,0.0435267321838057,0,0,0,0,-6.3,101.866,2.5,57.868,1.12
2018-01-01 18:30:00,1.1090271010662,0.0439317540308929,0,0,0,0,-6.3,102.07,2.5,57.95,1.1
2018-01-01 18:31:00,1.10913712908168,0.0434478698278572,0,0,0,0,-6.2,102.274,2.5,58.348,1.1
2018-01-01 18:32:00,1.10924715709715,0.0429639856248216,0,0,0,0,-6.1,102.478,2.5,58.746,1.1
2018-01-01 18:33:00,1.10935718511264,0.0424801014217859,0,0,0,0,-6,102.682,2.5,59.144,1.1
2018-01-01 18:34:00,1.10946721312811,0.0419962172187502,0,0,0,0,-5.9,102.886,2.5,59.542,1.1
2018-01-01 18:35:00,1.10957724114359,0.0415123330157146,0,0,0,0,-5.8,103.09,2.5,59.94,1.1
2018-01-01 18:36:00,1.10968726915908,0.0422733762571189,0,0,0,0,-5.8,103.296,2.5,60.026,1.08
2018-01-01 18:37:00,1.10979729717455,0.0430344194985232,0,0,0,0,-5.8,103.502,2.5,60.112,1.06
2018-01-01 18:38:00,1.10990732519003,0.0437954627399275,0,0,0,0,-5.8,103.708,2.5,60.198,1.04
2018-01-01 18:39:00,1.11001735320551,0.0445565059813317,0,0,0,0,-5.8,103.914,2.5,60.284,1.02
2018-01-01 18:40:00,1.11012738122099,0.045317549222736,0,0,0,0,-5.8,104.12,2.5,60.37,1
2018-01-01 18:41:00,1.11023740923647,0.0434029108016047,0,0,0,0,-5.8,104.326,2.48,60.37,1
2018-01-01 18:42:00,1.11034743725195,0.0414882723804734,0,0,0,0,-5.8,104.532,2.46,60.37,1
2018-01-01 18:43:00,1.11045746526743,0.0395736339593421,0,0,0,0,-5.8,104.738,2.44,60.37,1
2018-01-01 18:44:00,1.11056749328291,0.0376589955382107,0,0,0,0,-5.8,104.944,2.42,60.37,1
2018-01-01 18:45:00,1.11067752129839,0.0357443571170794,0,0,0,0,-5.8,105.15,2.4,60.37,1
2018-01-01 18:46:00,1.11078754931387,0.0369365637874296,0,0,0,0,-5.8,105.356,2.4,60.37,1
2018-01-01 18:47:00,1.11089757732935,0.0381287704577797,0,0,0,0,-5.8,105.562,2.4,60.37,1
2018-01-01 18:48:00,1.11100760534483,0.0393209771281299,0,0,0,0,-5.8,105.768,2.4,60.37,1
2018-01-01 18:49:00,1.11111763336031,0.04051318379848,0,0,0,0,-5.8,105.974,2.4,60.37,1
2018-01-01 18:50:00,1.11122766137579,0.0417053904688302,0,0,0,0,-5.8,106.18,2.4,60.37,1
2018-01-01 18:51:00,1.11133768939127,0.0412931212701113,0,0,0,0,-5.8,106.388,2.4,60.47,0.98
2018-01-01 18:52:00,1.11144771740675,0.0408808520713924,0,0,0,0,-5.8,106.596,2.4,60.57,0.96
2018-01-01 18:53:00,1.11155774542223,0.0404685828726735,0,0,0,0,-5.8,106.804,2.4,60.67,0.94
2018-01-01 18:54:00,1.11166777343771,0.0400563136739546,0,0,0,0,-5.8,107.012,2.4,60.77,0.92
2018-01-01 18:55:00,1.11177780145319,0.0396440444752357,0,0,0,0,-5.8,107.22,2.4,60.87,0.9
2018-01-01 18:56:00,1.11188782946867,0.0382890176153748,0,0,0,0,-5.8,107.428,2.4,60.87,0.9
2018-01-01 18:57:00,1.11199785748415,0.0369339907555138,0,0,0,0,-5.8,107.636,2.4,60.87,0.9
2018-01-01 18:58:00,1.11210788549963,0.0355789638956528,0,0,0,0,-5.8,107.844,2.4,60.87,0.9
2018-01-01 18:59:00,1.11221791351511,0.0342239370357919,0,0,0,0,-5.8,108.052,2.4,60.87,0.9
2018-01-01 19:00:00,1.11232794153059,0.0328689101759309,0,0,0,0,-5.8,108.26,2.4,60.87,0.9
2018-01-01 19:01:00,1.11236137920343,0.0344310136350294,0,0,0,0,-5.8,108.468,2.4,60.956,0.88
2018-01-01 19:02:00,1.11239481687627,0.0359931170941278,0,0,0,0,-5.8,108.676,2.4,61.042,0.86
2018-01-01 19:03:00,1.1124282545491,0.0375552205532262,0,0,0,0,-5.8,108.884,2.4,61.128,0.84
2018-01-01 19:04:00,1.11246169222194,0.0391173240123247,0,0,0,0,-5.8,109.092,2.4,61.214,0.82
2018-01-01 19:05:00,1.11249512989478,0.0406794274714231,0,0,0,0,-5.8,109.3,2.4,61.3,0.8
2018-01-01 19:06:00,1.11252856756762,0.0394324853638857,0,0,0,0,-5.8,109.508,2.4,61.39,0.78
2018-01-01 19:07:00,1.11256200524045,0.0381855432563483,0,0,0,0,-5.8,109.716,2.4,61.48,0.76
2018-01-01 19:08:00,1.11259544291329,0.0369386011488108,0,0,0,0,-5.8,109.924,2.4,61.57,0.74
2018-01-01 19:09:00,1.11262888058613,0.0356916590412734,0,0,0,0,-5.8,110.132,2.4,61.66,0.72
2018-01-01 19:10:00,1.11266231825896,0.0344447169337359,0,0,0,0,-5.8,110.34,2.4,61.75,0.7
2018-01-01 19:11:00,1.1126957559318,0.0338469275437355,0,0,0,0,-5.8,110.55,2.38,61.838,0.68
2018-01-01 19:12:00,1.11272919360464,0.0332491381537351,0,0,0,0,-5.8,110.76,2.36,61.926,0.66
2018-01-01 19:13:00,1.11276263127748,0.0326513487637347,0,0,0,0,-5.8,110.97,2.34,62.014,0.64
2018-01-01 19:14:00,1.11279606895031,0.0320535593737343,0,0,0,0,-5.8,111.18,2.32,62.102,0.62
2018-01-01 19:15:00,1.11282950662315,0.0314557699837339,0,0,0,0,-5.8,111.39,2.3,62.19,0.6
2018-01-01 19:16:00,1.11286294429599,0.0310244773606049,0,0,0,0,-5.8,111.6,2.3,62.28,0.58
2018-01-01 19:17:00,1.11289638196882,0.0305931847374759,0,0,0,0,-5.8,111.81,2.3,62.37,0.56
2018-01-01 19:18:00,1.11292981964166,0.0301618921143468,0,0,0,0,-5.8,112.02,2.3,62.46,0.54
2018-01-01 19:19:00,1.1129632573145,0.0297305994912178,0,0,0,0,-5.8,112.23,2.3,62.55,0.52
2018-01-01 19:20:00,1.11299669498733,0.0292993068680888,0,0,0,0,-5.8,112.44,2.3,62.64,0.5
2018-01-01 19:21:00,1.11303013266017,0.0303748200628328,0,0,0,0,-5.8,112.65,2.3,62.732,0.48
2018-01-01 19:22:00,1.11306357033301,0.0314503332575769,0,0,0,0,-5.8,112.86,2.3,62.824,0.46
2018-01-01 19:23:00,1.11309700800585,0.032525846452321,0,0,0,0,-5.8,113.07,2.3,62.916,0.44
2018-01-01 19:24:00,1.11313044567868,0.033601359647065,0,0,0,0,-5.8,113.28,2.3,63.008,0.42
2018-01-01 19:25:00,1.11316388335152,0.0346768728418091,0,0,0,0,-5.8,113.49,2.3,63.1,0.4
2018-01-01 19:26:00,1.11319732102436,0.0335138762290343,0,0,0,0,-5.8,113.702,2.28,63.192,0.38
2018-01-01 19:27:00,1.11323075869719,0.0323508796162596,0,0,0,0,-5.8,113.914,2.26,63.284,0.36
2018-01-01 19:28:00,1.11326419637003,0.0311878830034848,0,0,0,0,-5.8,114.126,2.24,63.376,0.34
2018-01-01 19:29:00,1.11329763404287,0.03002488639071,0,0,0,0,-5.8,114.338,2.22,63.468,0.32
2018-01-01 19:30:00,1.11333107171571,0.0288618897779352,0,0,0,0,-5.8,114.55,2.2,63.56,0.3
2018-01-01 19:31:00,1.11336450938854,0.0293393997157532,0,0,0,0,-5.7,114.76,2.2,64.106,0.28
2018-01-01 19:32:00,1.11339794706138,0.0298169096535712,0,0,0,0,-5.6,114.97,2.2,64.652,0.26
2018-01-01 19:33:00,1.11343138473422,0.0302944195913891,0,0,0,0,-5.5,115.18,2.2,65.198,0.24
2018-01-01 19:34:00,1.11346482240705,0.0307719295292071,0,0,0,0,-5.4,115.39,2.2,65.744,0.22
2018-01-01 19:35:00,1.11349826007989,0.0312494394670251,0,0,0,0,-5.3,115.6,2.2,66.29,0.2
2018-01-01 19:36:00,1.11353169775273,0.0307169739738213,0,0,0,0,-5.3,115.812,2.2,66.29,0.2
2018-01-01 19:37:00,1.11356513542556,0.0301845084806175,0,0,0,0,-5.3,116.024,2.2,66.29,0.2
2018-01-01 19:38:00,1.1135985730984,0.0296520429874138,0,0,0,0,-5.3,116.236,2.2,66.29,0.2
2018-01-01 19:39:00,1.11363201077124,0.02911957749421,0,0,0,0,-5.3,116.448,2.2,66.29,0.2
2018-01-01 19:40:00,1.11366544844408,0.0285871120010062,0,0,0,0,-5.3,116.66,2.2,66.29,0.2
2018-01-01 19:41:00,1.11369888611691,0.0288872555519455,0,0,0,0,-5.3,116.872,2.2,66.386,0.18
2018-01-01 19:42:00,1.11373232378975,0.0291873991028848,0,0,0,0,-5.3,117.084,2.2,66.482,0.16
2018-01-01 19:43:00,1.11376576146259,0.0294875426538242,0,0,0,0,-5.3,117.296,2.2,66.578,0.14
2018-01-01 19:44:00,1.11379919913542,0.0297876862047635,0,0,0,0,-5.3,117.508,2.2,66.674,0.12
2018-01-01 19:45:00,1.11383263680826,0.0300878297557028,0,0,0,0,-5.3,117.72,2.2,66.77,0.1
2018-01-01 19:46:00,1.1138660744811,0.0287279619320579,0,0,0,0,-5.3,117.932,2.18,66.868,0.08
2018-01-01 19:47:00,1.11389951215394,0.0273680941084129,0,0,0,0,-5.3,118.144,2.16,66.966,0.06
2018-01-01 19:48:00,1.11393294982677,0.026008226284768,0,0,0,0,-5.3,118.356,2.14,67.064,0.04
2018-01-01 19:49:00,1.11396638749961,0.0246483584611231,0,0,0,0,-5.3,118.568,2.12,67.162,0.02
2018-01-01 19:50:00,1.11399982517245,0.0232884906374782,0,0,0,0,-5.3,118.78,2.1,67.26,0
2018-01-01 19:51:00,1.11403326284528,0.0236737052269109,0,0,0,0,-5.3,118.994,2.1,67.358,-0.02
2018-01-01 19:52:00,1.11406670051812,0.0240589198163436,0,0,0,0,-5.3,119.208,2.1,67.456,-0.04
2018-01-01 19:53:00,1.11410013819096,0.0244441344057762,0,0,0,0,-5.3,119.422,2.1,67.554,-0.06
2018-01-01 19:54:00,1.11413357586379,0.0248293489952089,0,0,0,0,-5.3,119.636,2.1,67.652,-0.08
2018-01-01 19:55:00,1.11416701353663,0.0252145635846416,0,0,0,0,-5.3,119.85,2.1,67.75,-0.1
2018-01-01 19:56:00,1.11420045120947,0.0256383856290047,0,0,0,0,-5.3,120.064,2.1,67.848,-0.12
2018-01-01 19:57:00,1.11423388888231,0.0260622076733678,0,0,0,0,-5.3,120.278,2.1,67.946,-0.14
2018-01-01 19:58:00,1.11426732655514,0.026486029717731,0,0,0,0,-5.3,120.492,2.1,68.044,-0.16
2018-01-01 19:59:00,1.11430076422798,0.0269098517620941,0,0,0,0,-5.3,120.706,2.1,68.142,-0.18
2018-01-01 20:00:00,1.11433420190082,0.0273336738064572,0,0,0,0,-5.3,120.92,2.1,68.24,-0.2
2018-01-01 20:01:00,1.11411373314047,0.027122988454513,0,0,0,0,-5.3,121.132,2.1,68.34,-0.22
2018-01-01 20:02:00,1.11389326438013,0.0269123031025688,0,0,0,0,-5.3,121.344,2.1,68.44,-0.24
2018-01-01 20:03:00,1.11367279561978,0.0267016177506246,0,0,0,0,-5.3,121.556,2.1,68.54,-0.26
2018-01-01 20:04:00,1.11345232685944,0.0264909323986804,0,0,0,0,-5.3,121.768,2.1,68.64,-0.28
2018-01-01 20:05:00,1.11323185809909,0.0262802470467362,0,0,0,0,-5.3,121.98,2.1,68.74,-0.3
2018-01-01 20:06:00,1.11301138933875,0.0250926383704009,0,0,0,0,-5.3,122.194,2.08,68.74,-0.3
2018-01-01 20:07:00,1.11279092057841,0.0239050296940656,0,0,0,0,-5.3,122.408,2.06,68.74,-0.3
2018-01-01 20:08:00,1.11257045181806,0.0227174210177302,0,0,0,0,-5.3,122.622,2.04,68.74,-0.3
2018-01-01 20:09:00,1.11234998305772,0.0215298123413949,0,0,0,0,-5.3,122.836,2.02,68.74,-0.3
2018-01-01 20:10:00,1.11212951429737,0.0203422036650596,0,0,0,0,-5.3,123.05,2,68.74,-0.3
2018-01-01 20:11:00,1.11190904553703,0.0205122121809168,0,0,0,0,-5.3,123.264,2,68.84,-0.32
2018-01-01 20:12:00,1.11168857677668,0.0206822206967741,0,0,0,0,-5.3,123.478,2,68.94,-0.34
2018-01-01 20:13:00,1.11146810801634,0.0208522292126313,0,0,0,0,-5.3,123.692,2,69.04,-0.36
2018-01-01 20:14:00,1.11124763925599,0.0210222377284885,0,0,0,0,-5.3,123.906,2,69.14,-0.38
2018-01-01 20:15:00,1.11102717049565,0.0211922462443458,0,0,0,0,-5.3,124.12,2,69.24,-0.4
2018-01-01 20:16:00,1.1108067017353,0.0210451902449608,0,0,0,0,-5.3,124.336,2,69.342,-0.42
2018-01-01 20:17:00,1.11058623297496,0.0208981342455758,0,0,0,0,-5.3,124.552,2,69.444,-0.44
2018-01-01 20:18:00,1.11036576421462,0.0207510782461908,0,0,0,0,-5.3,124.768,2,69.546,-0.46
2018-01-01 20:19:00,1.11014529545427,0.0206040222468058,0,0,0,0,-5.3,124.984,2,69.648,-0.48
2018-01-01 20:20:00,1.10992482669393,0.0204569662474208,0,0,0,0,-5.3,125.2,2,69.75,-0.5
2018-01-01 20:21:00,1.10970435793358,0.0213049211467015,0,0,0,0,-5.3,125.414,2,69.85,-0.52
2018-01-01 20:22:00,1.10948388917324,0.0221528760459821,0,0,0,0,-5.3,125.628,2,69.95,-0.54
2018-01-01 20:23:00,1.10926342041289,0.0230008309452628,0,0,0,0,-5.3,125.842,2,70.05,-0.56
2018-01-01 20:24:00,1.10904295165255,0.0238487858445434,0,0,0,0,-5.3,126.056,2,70.15,-0.58
2018-01-01 20:25:00,1.1088224828922,0.0246967407438241,0,0,0,0,-5.3,126.27,2,70.25,-0.6
2018-01-01 20:26:00,1.10860201413186,0.0246316408167357,0,0,0,0,-5.3,126.486,2,70.354,-0.62
2018-01-01 20:27:00,1.10838154537152,0.0245665408896472,0,0,0,0,-5.3,126.702,2,70.458,-0.64
2018-01-01 20:28:00,1.10816107661117,0.0245014409625588,0,0,0,0,-5.3,126.918,2,70.562,-0.66
2018-01-01 20:29:00,1.10794060785083,0.0244363410354704,0,0,0,0,-5.3,127.134,2,70.666,-0.68
2018-01-01 20:30:00,1.10772013909048,0.0243712411083819,0,0,0,0,-5.3,127.35,2,70.77,-0.7
2018-01-01 20:31:00,1.10749967033014,0.0239004267064136,0,0,0,0,-5.3,127.564,2,70.814,-0.7
2018-01-01 20:32:00,1.10727920156979,0.0234296123044453,0,0,0,0,-5.3,127.778,2,70.858,-0.7
2018-01-01 20:33:00,1.10705873280945,0.022958797902477,0,0,0,0,-5.3,127.992,2,70.902,-0.7
2018-01-01 20:34:00,1.1068382640491,0.0224879835005087,0,0,0,0,-5.3,128.206,2,70.946,-0.7
2018-01-01 20:35:00,1.10661779528876,0.0220171690985404,0,0,0,0,-5.3,128.42,2,70.99,-0.7
2018-01-01 20:36:00,1.10639732652842,0.0224241147785459,0,0,0,0,-5.3,128.636,2,71.094,-0.72
2018-01-01 20:37:00,1.10617685776807,0.0228310604585514,0,0,0,0,-5.3,128.852,2,71.198,-0.74
2018-01-01 20:38:00,1.10595638900773,0.0232380061385569,0,0,0,0,-5.3,129.068,2,71.302,-0.76
2018-01-01 20:39:00,1.10573592024738,0.0236449518185624,0,0,0,0,-5.3,129.284,2,71.406,-0.78
2018-01-01 20:40:00,1.10551545148704,0.0240518974985679,0,0,0,0,-5.3,129.5,2,71.51,-0.8
2018-01-01 20:41:00,1.10529498272669,0.0236457206977112,0,0,0,0,-5.3,129.716,2,71.616,-0.82
2018-01-01 20:42:00,1.10507451396635,0.0232395438968545,0,0,0,0,-5.3,129.932,2,71.722,-0.84
2018-01-01 20:43:00,1.104854045206,0.0228333670959978,0,0,0,0,-5.3,130.148,2,71.828,-0.86
2018-01-01 20:44:00,1.10463357644566,0.0224271902951411,0,0,0,0,-5.3,130.364,2,71.934,-0.88
2018-01-01 20:45:00,1.10441310768532,0.0220210134942844,0,0,0,0,-5.3,130.58,2,72.04,-0.9
2018-01-01 20:46:00,1.10419263892497,0.0223691131447133,0,0,0,0,-5.3,130.796,2,72.144,-0.92
2018-01-01 20:47:00,1.10397217016463,0.0227172127951422,0,0,0,0,-5.3,131.012,2,72.248,-0.94
2018-01-01 20:48:00,1.10375170140428,0.0230653124455711,0,0,0,0,-5.3,131.228,2,72.352,-0.96
2018-01-01 20:49:00,1.10353123264394,0.023413412096,0,0,0,0,-5.3,131.444,2,72.456,-0.98
2018-01-01 20:50:00,1.10331076388359,0.0237615117464289,0,0,0,0,-5.3,131.66,2,72.56,-1
2018-01-01 20:51:00,1.10309029512325,0.0234419012208006,0,0,0,0,-5.3,131.876,2,72.56,-1
2018-01-01 20:52:00,1.1028698263629,0.0231222906951723,0,0,0,0,-5.3,132.092,2,72.56,-1
2018-01-01 20:53:00,1.10264935760256,0.022802680169544,0,0,0,0,-5.3,132.308,2,72.56,-1
2018-01-01 20:54:00,1.10242888884222,0.0224830696439157,0,0,0,0,-5.3,132.524,2,72.56,-1
2018-01-01 20:55:00,1.10220842008187,0.0221634591182874,0,0,0,0,-5.3,132.74,2,72.56,-1
2018-01-01 20:56:00,1.10198795132153,0.0224250571155868,0,0,0,0,-5.3,132.956,2,72.668,-1.02
2018-01-01 20:57:00,1.10176748256118,0.0226866551128863,0,0,0,0,-5.3,133.172,2,72.776,-1.04
2018-01-01 20:58:00,1.10154701380084,0.0229482531101858,0,0,0,0,-5.3,133.388,2,72.884,-1.06
2018-01-01 20:59:00,1.10132654504049,0.0232098511074853,0,0,0,0,-5.3,133.604,2,72.992,-1.08
2018-01-01 21:00:00,1.10110607628015,0.0234714491047848,0,0,0,0,-5.3,133.82,2,73.1,-1.1
2018-01-01 21:01:00,1.10056765163841,0.0231545399062558,0,0,0,0,-5.3,134.038,2,73.206,-1.12
2018-01-01 21:02:00,1.10002922699666,0.0228376307077267,0,0,0,0,-5.3,134.256,2,73.312,-1.14
2018-01-01 21:03:00,1.09949080235492,0.0225207215091977,0,0,0,0,-5.3,134.474,2,73.418,-1.16
2018-01-01 21:04:00,1.09895237771318,0.0222038123106687,0,0,0,0,-5.3,134.692,2,73.524,-1.18
2018-01-01 21:05:00,1.09841395307143,0.0218869031121396,0,0,0,0,-5.3,134.91,2,73.63,-1.2
2018-01-01 21:06:00,1.09787552842969,0.0221495092739023,0,0,0,0,-5.3,135.126,2,73.63,-1.2
2018-01-01 21:07:00,1.09733710378795,0.022412115435665,0,0,0,0,-5.3,135.342,2,73.63,-1.2
2018-01-01 21:08:00,1.0967986791462,0.0226747215974277,0,0,0,0,-5.3,135.558,2,73.63,-1.2
2018-01-01 21:09:00,1.09626025450446,0.0229373277591904,0,0,0,0,-5.3,135.774,2,73.63,-1.2
2018-01-01 21:10:00,1.09572182986272,0.0231999339209531,0,0,0,0,-5.3,135.99,2,73.63,-1.2
2018-01-01 21:11:00,1.09518340522097,0.0224677093774049,0,0,0,0,-5.3,136.206,2,73.63,-1.2
2018-01-01 21:12:00,1.09464498057923,0.0217354848338567,0,0,0,0,-5.3,136.422,2,73.63,-1.2
2018-01-01 21:13:00,1.09410655593749,0.0210032602903085,0,0,0,0,-5.3,136.638,2,73.63,-1.2
2018-01-01 21:14:00,1.09356813129574,0.0202710357467603,0,0,0,0,-5.3,136.854,2,73.63,-1.2
2018-01-01 21:15:00,1.093029706654,0.0195388112032121,0,0,0,0,-5.3,137.07,2,73.63,-1.2
2018-01-01 21:16:00,1.09249128201226,0.0202740298304062,0,0,0,0,-5.3,137.288,2,73.74,-1.22
2018-01-01 21:17:00,1.09195285737052,0.0210092484576003,0,0,0,0,-5.3,137.506,2,73.85,-1.24
2018-01-01 21:18:00,1.09141443272877,0.0217444670847944,0,0,0,0,-5.3,137.724,2,73.96,-1.26
2018-01-01 21:19:00,1.09087600808703,0.0224796857119884,0,0,0,0,-5.3,137.942,2,74.07,-1.28
2018-01-01 21:20:00,1.09033758344529,0.0232149043391825,0,0,0,0,-5.3,138.16,2,74.18,-1.3
2018-01-01 21:21:00,1.08979915880354,0.0229286466769779,0,0,0,0,-5.3,138.376,2,74.18,-1.3
2018-01-01 21:22:00,1.0892607341618,0.0226423890147732,0,0,0,0,-5.3,138.592,2,74.18,-1.3
2018-01-01 21:23:00,1.08872230952006,0.0223561313525686,0,0,0,0,-5.3,138.808,2,74.18,-1.3
2018-01-01 21:24:00,1.08818388487831,0.022069873690364,0,0,0,0,-5.3,139.024,2,74.18,-1.3
2018-01-01 21:25:00,1.08764546023657,0.0217836160281593,0,0,0,0,-5.3,139.24,2,74.18,-1.3
2018-01-01 21:26:00,1.08710703559483,0.0218531962191751,0,0,0,0,-5.3,139.458,2,74.288,-1.32
2018-01-01 21:27:00,1.08656861095308,0.0219227764101908,0,0,0,0,-5.3,139.676,2,74.396,-1.34
2018-01-01 21:28:00,1.08603018631134,0.0219923566012065,0,0,0,0,-5.3,139.894,2,74.504,-1.36
2018-01-01 21:29:00,1.0854917616696,0.0220619367922223,0,0,0,0,-5.3,140.112,2,74.612,-1.38
2018-01-01 21:30:00,1.08495333702786,0.022131516983238,0,0,0,0,-5.3,140.33,2,74.72,-1.4
2018-01-01 21:31:00,1.08441491238611,0.0221020547429307,0,0,0,0,-5.34,140.546,2,74.486,-1.4
2018-01-01 21:32:00,1.08387648774437,0.0220725925026234,0,0,0,0,-5.38,140.762,2,74.252,-1.4
2018-01-01 21:33:00,1.08333806310263,0.0220431302623161,0,0,0,0,-5.42,140.978,2,74.018,-1.4
2018-01-01 21:34:00,1.08279963846088,0.0220136680220088,0,0,0,0,-5.46,141.194,2,73.784,-1.4
2018-01-01 21:35:00,1.08226121381914,0.0219842057817015,0,0,0,0,-5.5,141.41,2,73.55,-1.4
2018-01-01 21:36:00,1.0817227891774,0.0224342663576863,0,0,0,0,-5.5,141.628,2.02,73.658,-1.42
2018-01-01 21:37:00,1.08118436453565,0.0228843269336711,0,0,0,0,-5.5,141.846,2.04,73.766,-1.44
2018-01-01 21:38:00,1.08064593989391,0.0233343875096559,0,0,0,0,-5.5,142.064,2.06,73.874,-1.46
2018-01-01 21:39:00,1.08010751525217,0.0237844480856408,0,0,0,0,-5.5,142.282,2.08,73.982,-1.48
2018-01-01 21:40:00,1.07956909061042,0.0242345086616256,0,0,0,0,-5.5,142.5,2.1,74.09,-1.5
2018-01-01 21:41:00,1.07903066596868,0.0241604946379515,0,0,0,0,-5.5,142.716,2.1,74.09,-1.5
2018-01-01 21:42:00,1.07849224132694,0.0240864806142774,0,0,0,0,-5.5,142.932,2.1,74.09,-1.5
2018-01-01 21:43:00,1.0779538166852,0.0240124665906033,0,0,0,0,-5.5,143.148,2.1,74.09,-1.5
2018-01-01 21:44:00,1.07741539204345,0.0239384525669292,0,0,0,0,-5.5,143.364,2.1,74.09,-1.5
2018-01-01 21:45:00,1.07687696740171,0.0238644385432551,0,0,0,0,-5.5,143.58,2.1,74.09,-1.5
2018-01-01 21:46:00,1.07633854275997,0.0245785524345824,0,0,0,0,-5.5,143.798,2.1,74.2,-1.52
2018-01-01 21:47:00,1.07580011811822,0.0252926663259097,0,0,0,0,-5.5,144.016,2.1,74.31,-1.54
2018-01-01 21:48:00,1.07526169347648,0.026006780217237,0,0,0,0,-5.5,144.234,2.1,74.42,-1.56
2018-01-01 21:49:00,1.07472326883474,0.0267208941085642,0,0,0,0,-5.5,144.452,2.1,74.53,-1.58
2018-01-01 21:50:00,1.07418484419299,0.0274350079998915,0,0,0,0,-5.5,144.67,2.1,74.64,-1.6
2018-01-01 21:51:00,1.07364641955125,0.0272825473381542,0,0,0,0,-5.5,144.886,2.1,74.64,-1.6
2018-01-01 21:52:00,1.07310799490951,0.0271300866764169,0,0,0,0,-5.5,145.102,2.1,74.64,-1.6
2018-01-01 21:53:00,1.07256957026777,0.0269776260146796,0,0,0,0,-5.5,145.318,2.1,74.64,-1.6
2018-01-01 21:54:00,1.07203114562602,0.0268251653529422,0,0,0,0,-5.5,145.534,2.1,74.64,-1.6
2018-01-01 21:55:00,1.07149272098428,0.0266727046912049,0,0,0,0,-5.5,145.75,2.1,74.64,-1.6
2018-01-01 21:56:00,1.07095429634254,0.0267844327430131,0,0,0,0,-5.5,145.966,2.1,74.64,-1.6
2018-01-01 21:57:00,1.07041587170079,0.0268961607948212,0,0,0,0,-5.5,146.182,2.1,74.64,-1.6
2018-01-01 21:58:00,1.06987744705905,0.0270078888466294,0,0,0,0,-5.5,146.398,2.1,74.64,-1.6
2018-01-01 21:59:00,1.06933902241731,0.0271196168984375,0,0,0,0,-5.5,146.614,2.1,74.64,-1.6
2018-01-01 22:00:00,1.06880059777556,0.0272313449502457,0,0,0,0,-5.5,146.83,2.1,74.64,-1.6
2018-01-01 22:01:00,1.06822016757794,0.0277681855728672,0,0,0,0,-5.5,147.048,2.12,74.75,-1.62
2018-01-01 22:02:00,1.06763973738031,0.0283050261954887,0,0,0,0,-5.5,147.266,2.14,74.86,-1.64
2018-01-01 22:03:00,1.06705930718268,0.0288418668181102,0,0,0,0,-5.5,147.484,2.16,74.97,-1.66
2018-01-01 22:04:00,1.06647887698506,0.0293787074407317,0,0,0,0,-5.5,147.702,2.18,75.08,-1.68
2018-01-01 22:05:00,1.06589844678743,0.0299155480633532,0,0,0,0,-5.5,147.92,2.2,75.19,-1.7
2018-01-01 22:06:00,1.06531801658981,0.0293634221790675,0,0,0,0,-5.5,148.136,2.2,75.19,-1.7
2018-01-01 22:07:00,1.06473758639218,0.0288112962947819,0,0,0,0,-5.5,148.352,2.2,75.19,-1.7
2018-01-01 22:08:00,1.06415715619455,0.0282591704104963,0,0,0,0,-5.5,148.568,2.2,75.19,-1.7
2018-01-01 22:09:00,1.06357672599693,0.0277070445262107,0,0,0,0,-5.5,148.784,2.2,75.19,-1.7
2018-01-01 22:10:00,1.0629962957993,0.027154918641925,0,0,0,0,-5.5,149,2.2,75.19,-1.7
2018-01-01 22:11:00,1.06241586560167,0.0274100439286015,0,0,0,0,-5.5,149.216,2.2,75.19,-1.7
2018-01-01 22:12:00,1.06183543540405,0.0276651692152779,0,0,0,0,-5.5,149.432,2.2,75.19,-1.7
2018-01-01 22:13:00,1.06125500520642,0.0279202945019543,0,0,0,0,-5.5,149.648,2.2,75.19,-1.7
2018-01-01 22:14:00,1.0606745750088,0.0281754197886308,0,0,0,0,-5.5,149.864,2.2,75.19,-1.7
2018-01-01 22:15:00,1.06009414481117,0.0284305450753072,0,0,0,0,-5.5,150.08,2.2,75.19,-1.7
2018-01-01 22:16:00,1.05951371461354,0.0296103256490849,0,0,0,0,-5.5,150.296,2.22,75.19,-1.7
2018-01-01 22:17:00,1.05893328441592,0.0307901062228627,0,0,0,0,-5.5,150.512,2.24,75.19,-1.7
2018-01-01 22:18:00,1.05835285421829,0.0319698867966405,0,0,0,0,-5.5,150.728,2.26,75.19,-1.7
2018-01-01 22:19:00,1.05777242402066,0.0331496673704182,0,0,0,0,-5.5,150.944,2.28,75.19,-1.7
2018-01-01 22:20:00,1.05719199382304,0.0343294479441959,0,0,0,0,-5.5,151.16,2.3,75.19,-1.7
2018-01-01 22:21:00,1.05661156362541,0.0342074310319192,0,0,0,0,-5.5,151.376,2.3,75.19,-1.7
2018-01-01 22:22:00,1.05603113342779,0.0340854141196425,0,0,0,0,-5.5,151.592,2.3,75.19,-1.7
2018-01-01 22:23:00,1.05545070323016,0.0339633972073659,0,0,0,0,-5.5,151.808,2.3,75.19,-1.7
2018-01-01 22:24:00,1.05487027303253,0.0338413802950892,0,0,0,0,-5.5,152.024,2.3,75.19,-1.7
2018-01-01 22:25:00,1.05428984283491,0.0337193633828125,0,0,0,0,-5.5,152.24,2.3,75.19,-1.7
2018-01-01 22:26:00,1.05370941263728,0.0337796725139354,0,0,0,0,-5.5,152.454,2.3,75.302,-1.72
2018-01-01 22:27:00,1.05312898243965,0.0338399816450584,0,0,0,0,-5.5,152.668,2.3,75.414,-1.74
2018-01-01 22:28:00,1.05254855224203,0.0339002907761814,0,0,0,0,-5.5,152.882,2.3,75.526,-1.76
2018-01-01 22:29:00,1.0519681220444,0.0339605999073044,0,0,0,0,-5.5,153.096,2.3,75.638,-1.78
2018-01-01 22:30:00,1.05138769184678,0.0340209090384273,0,0,0,0,-5.5,153.31,2.3,75.75,-1.8
2018-01-01 22:31:00,1.05080726164915,0.0348078298047793,0,0,0,0,-5.58,153.526,2.32,75.338,-1.8
2018-01-01 22:32:00,1.05022683145152,0.0355947505711313,0,0,0,0,-5.66,153.742,2.34,74.926,-1.8
2018-01-01 22:33:00,1.0496464012539,0.0363816713374833,0,0,0,0,-5.74,153.958,2.36,74.514,-1.8
2018-01-01 22:34:00,1.04906597105627,0.0371685921038353,0,0,0,0,-5.82,154.174,2.38,74.102,-1.8
2018-01-01 22:35:00,1.04848554085864,0.0379555128701873,0,0,0,0,-5.9,154.39,2.4,73.69,-1.8
2018-01-01 22:36:00,1.04790511066102,0.0377256228710373,0,0,0,0,-5.9,154.604,2.4,73.69,-1.8
2018-01-01 22:37:00,1.04732468046339,0.0374957328718872,0,0,0,0,-5.9,154.818,2.4,73.69,-1.8
2018-01-01 22:38:00,1.04674425026577,0.0372658428727372,0,0,0,0,-5.9,155.032,2.4,73.69,-1.8
2018-01-01 22:39:00,1.04616382006814,0.0370359528735872,0,0,0,0,-5.9,155.246,2.4,73.69,-1.8
2018-01-01 22:40:00,1.04558338987051,0.0368060628744371,0,0,0,0,-5.9,155.46,2.4,73.69,-1.8
2018-01-01 22:41:00,1.04500295967289,0.0368096788124395,0,0,0,0,-5.9,155.674,2.4,73.69,-1.8
2018-01-01 22:42:00,1.04442252947526,0.036813294750442,0,0,0,0,-5.9,155.888,2.4,73.69,-1.8
2018-01-01 22:43:00,1.04384209927763,0.0368169106884444,0,0,0,0,-5.9,156.102,2.4,73.69,-1.8
2018-01-01 22:44:00,1.04326166908001,0.0368205266264468,0,0,0,0,-5.9,156.316,2.4,73.69,-1.8
2018-01-01 22:45:00,1.04268123888238,0.0368241425644492,0,0,0,0,-5.9,156.53,2.4,73.69,-1.8
2018-01-01 22:46:00,1.04210080868476,0.0376982710245719,0,0,0,0,-5.9,156.742,2.42,73.798,-1.82
2018-01-01 22:47:00,1.04152037848713,0.0385723994846947,0,0,0,0,-5.9,156.954,2.44,73.906,-1.84
2018-01-01 22:48:00,1.0409399482895,0.0394465279448174,0,0,0,0,-5.9,157.166,2.46,74.014,-1.86
2018-01-01 22:49:00,1.04035951809188,0.0403206564049401,0,0,0,0,-5.9,157.378,2.48,74.122,-1.88
2018-01-01 22:50:00,1.03977908789425,0.0411947848650629,0,0,0,0,-5.9,157.59,2.5,74.23,-1.9
2018-01-01 22:51:00,1.03919865769663,0.0417031121635089,0,0,0,0,-5.9,157.802,2.5,74.23,-1.9
2018-01-01 22:52:00,1.038618227499,0.0422114394619549,0,0,0,0,-5.9,158.014,2.5,74.23,-1.9
2018-01-01 22:53:00,1.03803779730137,0.0427197667604009,0,0,0,0,-5.9,158.226,2.5,74.23,-1.9
2018-01-01 22:54:00,1.03745736710375,0.043228094058847,0,0,0,0,-5.9,158.438,2.5,74.23,-1.9
2018-01-01 22:55:00,1.03687693690612,0.043736421357293,0,0,0,0,-5.9,158.65,2.5,74.23,-1.9
2018-01-01 22:56:00,1.03629650670849,0.0442293649119304,0,0,0,0,-5.9,158.86,2.5,74.23,-1.9
2018-01-01 22:57:00,1.03571607651087,0.0447223084665677,0,0,0,0,-5.9,159.07,2.5,74.23,-1.9
2018-01-01 22:58:00,1.03513564631324,0.0452152520212051,0,0,0,0,-5.9,159.28,2.5,74.23,-1.9
2018-01-01 22:59:00,1.03455521611561,0.0457081955758424,0,0,0,0,-5.9,159.49,2.5,74.23,-1.9
2018-01-01 23:00:00,1.03397478591799,0.0462011391304798,0,0,0,0,-5.9,159.7,2.5,74.23,-1.9
2018-01-01 23:01:00,1.03435119487204,0.0467481159036052,0,0,0,0,-5.9,159.91,2.52,74.23,-1.9
2018-01-01 23:02:00,1.03472760382609,0.0472950926767307,0,0,0,0,-5.9,160.12,2.54,74.23,-1.9
2018-01-01 23:03:00,1.03510401278014,0.0478420694498561,0,0,0,0,-5.9,160.33,2.56,74.23,-1.9
2018-01-01 23:04:00,1.03548042173419,0.0483890462229816,0,0,0,0,-5.9,160.54,2.58,74.23,-1.9
2018-01-01 23:05:00,1.03585683068824,0.048936022996107,0,0,0,0,-5.9,160.75,2.6,74.23,-1.9
2018-01-01 23:06:00,1.03623323964229,0.0493780097955717,0,0,0,0,-5.9,160.958,2.6,74.23,-1.9
2018-01-01 23:07:00,1.03660964859634,0.0498199965950364,0,0,0,0,-5.9,161.166,2.6,74.23,-1.9
2018-01-01 23:08:00,1.0369860575504,0.0502619833945011,0,0,0,0,-5.9,161.374,2.6,74.23,-1.9
2018-01-01 23:09:00,1.03736246650445,0.0507039701939658,0,0,0,0,-5.9,161.582,2.6,74.23,-1.9
2018-01-01 23:10:00,1.0377388754585,0.0511459569934305,0,0,0,0,-5.9,161.79,2.6,74.23,-1.9
2018-01-01 23:11:00,1.03811528441255,0.0490366329800988,0,0,0,0,-5.9,161.996,2.6,74.23,-1.9
2018-01-01 23:12:00,1.0384916933666,0.046927308966767,0,0,0,0,-5.9,162.202,2.6,74.23,-1.9
2018-01-01 23:13:00,1.03886810232065,0.0448179849534353,0,0,0,0,-5.9,162.408,2.6,74.23,-1.9
2018-01-01 23:14:00,1.0392445112747,0.0427086609401035,0,0,0,0,-5.9,162.614,2.6,74.23,-1.9
2018-01-01 23:15:00,1.03962092022875,0.0405993369267717,0,0,0,0,-5.9,162.82,2.6,74.23,-1.9
2018-01-01 23:16:00,1.0399973291828,0.0425918872834602,0,0,0,0,-5.9,163.024,2.62,74.23,-1.9
2018-01-01 23:17:00,1.04037373813685,0.0445844376401487,0,0,0,0,-5.9,163.228,2.64,74.23,-1.9
2018-01-01 23:18:00,1.0407501470909,0.0465769879968371,0,0,0,0,-5.9,163.432,2.66,74.23,-1.9
2018-01-01 23:19:00,1.04112655604495,0.0485695383535256,0,0,0,0,-5.9,163.636,2.68,74.23,-1.9
2018-01-01 23:20:00,1.04150296499901,0.050562088710214,0,0,0,0,-5.9,163.84,2.7,74.23,-1.9
2018-01-01 23:21:00,1.04187937395306,0.051276003072485,0,0,0,0,-5.9,164.04,2.7,74.23,-1.9
2018-01-01 23:22:00,1.04225578290711,0.051989917434756,0,0,0,0,-5.9,164.24,2.7,74.23,-1.9
2018-01-01 23:23:00,1.04263219186116,0.0527038317970269,0,0,0,0,-5.9,164.44,2.7,74.23,-1.9
2018-01-01 23:24:00,1.04300860081521,0.0534177461592979,0,0,0,0,-5.9,164.64,2.7,74.23,-1.9
2018-01-01 23:25:00,1.04338500976926,0.0541316605215689,0,0,0,0,-5.9,164.84,2.7,74.23,-1.9
2018-01-01 23:26:00,1.04376141872331,0.0563578403670596,0,0,0,0,-5.9,165.038,2.72,74.23,-1.9
2018-01-01 23:27:00,1.04413782767736,0.0585840202125504,0,0,0,0,-5.9,165.236,2.74,74.23,-1.9
2018-01-01 23:28:00,1.04451423663141,0.0608102000580411,0,0,0,0,-5.9,165.434,2.76,74.23,-1.9
2018-01-01 23:29:00,1.04489064558546,0.0630363799035318,0,0,0,0,-5.9,165.632,2.78,74.23,-1.9
2018-01-01 23:30:00,1.04526705453951,0.0652625597490226,0,0,0,0,-5.9,165.83,2.8,74.23,-1.9
2018-01-01 23:31:00,1.04564346349356,0.0643785123318435,0,0,0,0,-6.02,166.024,2.8,73.57,-1.9
2018-01-01 23:32:00,1.04601987244762,0.0634944649146644,0,0,0,0,-6.14,166.218,2.8,72.91,-1.9
2018-01-01 23:33:00,1.04639628140167,0.0626104174974853,0,0,0,0,-6.26,166.412,2.8,72.25,-1.9
2018-01-01 23:34:00,1.04677269035572,0.0617263700803062,0,0,0,0,-6.38,166.606,2.8,71.59,-1.9
2018-01-01 23:35:00,1.04714909930977,0.0608423226631271,0,0,0,0,-6.5,166.8,2.8,70.93,-1.9
2018-01-01 23:36:00,1.04752550826382,0.0599531492884855,0,0,0,0,-6.5,166.988,2.8,71.034,-1.92
2018-01-01 23:37:00,1.04790191721787,0.0590639759138439,0,0,0,0,-6.5,167.176,2.8,71.138,-1.94
2018-01-01 23:38:00,1.04827832617192,0.0581748025392022,0,0,0,0,-6.5,167.364,2.8,71.242,-1.96
2018-01-01 23:39:00,1.04865473512597,0.0572856291645606,0,0,0,0,-6.5,167.552,2.8,71.346,-1.98
2018-01-01 23:40:00,1.04903114408002,0.056396455789919,0,0,0,0,-6.5,167.74,2.8,71.45,-2
2018-01-01 23:41:00,1.04940755303407,0.0579061768155258,0,0,0,0,-6.5,167.924,2.82,71.45,-2
2018-01-01 23:42:00,1.04978396198812,0.0594158978411326,0,0,0,0,-6.5,168.108,2.84,71.45,-2
2018-01-01 23:43:00,1.05016037094218,0.0609256188667394,0,0,0,0,-6.5,168.292,2.86,71.45,-2
2018-01-01 23:44:00,1.05053677989623,0.0624353398923463,0,0,0,0,-6.5,168.476,2.88,71.45,-2
2018-01-01 23:45:00,1.05091318885028,0.0639450609179531,0,0,0,0,-6.5,168.66,2.9,71.45,-2
2018-01-01 23:46:00,1.05128959780433,0.0666492930153044,0,0,0,0,-6.5,168.834,2.9,71.45,-2
2018-01-01 23:47:00,1.05166600675838,0.0693535251126558,0,0,0,0,-6.5,169.008,2.9,71.45,-2
2018-01-01 23:48:00,1.05204241571243,0.0720577572100072,0,0,0,0,-6.5,169.182,2.9,71.45,-2
2018-01-01 23:49:00,1.05241882466648,0.0747619893073585,0,0,0,0,-6.5,169.356,2.9,71.45,-2
2018-01-01 23:50:00,1.05279523362053,0.0774662214047099,0,0,0,0,-6.5,169.53,2.9,71.45,-2
2018-01-01 23:51:00,1.05317164257458,0.0743321100613564,0,0,0,0,-6.5,169.694,2.9,71.45,-2
2018-01-01 23:52:00,1.05354805152863,0.071197998718003,0,0,0,0,-6.5,169.858,2.9,71.45,-2
2018-01-01 23:53:00,1.05392446048268,0.0680638873746495,0,0,0,0,-6.5,170.022,2.9,71.45,-2
2018-01-01 23:54:00,1.05430086943673,0.0649297760312961,0,0,0,0,-6.5,170.186,2.9,71.45,-2
2018-01-01 23:55:00,1.05467727839079,0.0617956646879426,0,0,0,0,-6.5,170.35,2.9,71.45,-2
2018-01-01 23:56:00,1.05505368734484,0.06641197719806,0,0,0,0,-6.5,170.502,2.92,71.45,-2
2018-01-01 23:57:00,1.05543009629889,0.0710282897081774,0,0,0,0,-6.5,170.654,2.94,71.45,-2
2018-01-01 23:58:00,1.05580650525294,0.0756446022182948,0,0,0,0,-6.5,170.806,2.96,71.45,-2
2018-01-01 23:59:00,1.05618291420699,0.0802609147284122,0,0,0,0,-6.5,170.958,2.98,71.45,-2
2018-01-02 00:00:00,1.05655932316104,0.0848772272385296,0,0,0,0,-6.5,171.11,3,71.45,-2
2018-01-02 00:01:00,1.05629804850993,0.0829315257387417,0,0,0,0,-6.5,171.244,3,71.45,-2
2018-01-02 00:02:00,1.05603677385881,0.0809858242389538,0,0,0,0,-6.5,171.378,3,71.45,-2
2018-01-02 00:03:00,1.0557754992077,0.0790401227391658,0,0,0,0,-6.5,171.512,3,71.45,-2
2018-01-02 00:04:00,1.05551422455658,0.0770944212393779,0,0,0,0,-6.5,171.646,3,71.45,-2
2018-01-02 00:05:00,1.05525294990547,0.0751487197395899,0,0,0,0,-6.5,171.78,3,71.45,-2
2018-01-02 00:06:00,1.05499167525435,0.0744273590463688,0,0,0,0,-6.5,171.894,3,71.45,-2
2018-01-02 00:07:00,1.05473040060324,0.0737059983531476,0,0,0,0,-6.5,172.008,3,71.45,-2
2018-01-02 00:08:00,1.05446912595212,0.0729846376599264,0,0,0,0,-6.5,172.122,3,71.45,-2
2018-01-02 00:09:00,1.05420785130101,0.0722632769667053,0,0,0,0,-6.5,172.236,3,71.45,-2
2018-01-02 00:10:00,1.0539465766499,0.0715419162734841,0,0,0,0,-6.5,172.35,3,71.45,-2
2018-01-02 00:11:00,1.05368530199878,0.0735202065638965,0,0,0,0,-6.5,172.438,3,71.346,-1.98
2018-01-02 00:12:00,1.05342402734767,0.0754984968543089,0,0,0,0,-6.5,172.526,3,71.242,-1.96
2018-01-02 00:13:00,1.05316275269655,0.0774767871447213,0,0,0,0,-6.5,172.614,3,71.138,-1.94
2018-01-02 00:14:00,1.05290147804544,0.0794550774351337,0,0,0,0,-6.5,172.702,3,71.034,-1.92
2018-01-02 00:15:00,1.05264020339432,0.081433367725546,0,0,0,0,-6.5,172.79,3,70.93,-1.9
2018-01-02 00:16:00,1.05237892874321,0.0835143868544511,0,0,0,0,-6.5,172.848,3.02,70.93,-1.9
2018-01-02 00:17:00,1.0521176540921,0.0855954059833563,0,0,0,0,-6.5,172.906,3.04,70.93,-1.9
2018-01-02 00:18:00,1.05185637944098,0.0876764251122614,0,0,0,0,-6.5,172.964,3.06,70.93,-1.9
2018-01-02 00:19:00,1.05159510478987,0.0897574442411665,0,0,0,0,-6.5,173.022,3.08,70.93,-1.9
2018-01-02 00:20:00,1.05133383013875,0.0918384633700716,0,0,0,0,-6.5,173.08,3.1,70.93,-1.9
2018-01-02 00:21:00,1.05107255548764,0.0900822171380147,0,0,0,0,-6.5,173.102,3.1,70.93,-1.9
2018-01-02 00:22:00,1.05081128083652,0.0883259709059578,0,0,0,0,-6.5,173.124,3.1,70.93,-1.9
2018-01-02 00:23:00,1.05055000618541,0.0865697246739009,0,0,0,0,-6.5,173.146,3.1,70.93,-1.9
2018-01-02 00:24:00,1.0502887315343,0.0848134784418439,0,0,0,0,-6.5,173.168,3.1,70.93,-1.9
2018-01-02 00:25:00,1.05002745688318,0.083057232209787,0,0,0,0,-6.5,173.19,3.1,70.93,-1.9
2018-01-02 00:26:00,1.04976618223207,0.0848578301047709,0,0,0,0,-6.5,173.176,3.1,70.93,-1.9
2018-01-02 00:27:00,1.04950490758095,0.0866584279997548,0,0,0,0,-6.5,173.162,3.1,70.93,-1.9
2018-01-02 00:28:00,1.04924363292984,0.0884590258947386,0,0,0,0,-6.5,173.148,3.1,70.93,-1.9
2018-01-02 00:29:00,1.04898235827872,0.0902596237897225,0,0,0,0,-6.5,173.134,3.1,70.93,-1.9
2018-01-02 00:30:00,1.04872108362761,0.0920602216847064,0,0,0,0,-6.5,173.12,3.1,70.93,-1.9
2018-01-02 00:31:00,1.04845980897649,0.0918481029488537,0,0,0,0,-6.74,173.07,3.1,69.672,-1.9
2018-01-02 00:32:00,1.04819853432538,0.091635984213001,0,0,0,0,-6.98,173.02,3.1,68.414,-1.9
2018-01-02 00:33:00,1.04793725967427,0.0914238654771483,0,0,0,0,-7.22,172.97,3.1,67.156,-1.9
2018-01-02 00:34:00,1.04767598502315,0.0912117467412956,0,0,0,0,-7.46,172.92,3.1,65.898,-1.9
2018-01-02 00:35:00,1.04741471037204,0.0909996280054428,0,0,0,0,-7.7,172.87,3.1,64.64,-1.9
2018-01-02 00:36:00,1.04715343572092,0.0913878651447952,0,0,0,0,-7.7,172.788,3.12,64.64,-1.9
2018-01-02 00:37:00,1.04689216106981,0.0917761022841476,0,0,0,0,-7.7,172.706,3.14,64.64,-1.9
2018-01-02 00:38:00,1.04663088641869,0.0921643394234999,0,0,0,0,-7.7,172.624,3.16,64.64,-1.9
2018-01-02 00:39:00,1.04636961176758,0.0925525765628522,0,0,0,0,-7.7,172.542,3.18,64.64,-1.9
2018-01-02 00:40:00,1.04610833711647,0.0929408137022046,0,0,0,0,-7.7,172.46,3.2,64.64,-1.9
2018-01-02 00:41:00,1.04584706246535,0.0945606766177569,0,0,0,0,-7.7,172.352,3.2,64.64,-1.9
2018-01-02 00:42:00,1.04558578781424,0.0961805395333091,0,0,0,0,-7.7,172.244,3.2,64.64,-1.9
2018-01-02 00:43:00,1.04532451316312,0.0978004024488614,0,0,0,0,-7.7,172.136,3.2,64.64,-1.9
2018-01-02 00:44:00,1.04506323851201,0.0994202653644136,0,0,0,0,-7.7,172.028,3.2,64.64,-1.9
2018-01-02 00:45:00,1.04480196386089,0.101040128279966,0,0,0,0,-7.7,171.92,3.2,64.64,-1.9
2018-01-02 00:46:00,1.04454068920978,0.100916665955768,0,0,0,0,-7.7,171.79,3.2,64.64,-1.9
2018-01-02 00:47:00,1.04427941455867,0.100793203631571,0,0,0,0,-7.7,171.66,3.2,64.64,-1.9
2018-01-02 00:48:00,1.04401813990755,0.100669741307373,0,0,0,0,-7.7,171.53,3.2,64.64,-1.9
2018-01-02 00:49:00,1.04375686525644,0.100546278983176,0,0,0,0,-7.7,171.4,3.2,64.64,-1.9
2018-01-02 00:50:00,1.04349559060532,0.100422816658978,0,0,0,0,-7.7,171.27,3.2,64.64,-1.9
2018-01-02 00:51:00,1.04323431595421,0.103192089110343,0,0,0,0,-7.7,171.122,3.2,64.546,-1.88
2018-01-02 00:52:00,1.04297304130309,0.105961361561707,0,0,0,0,-7.7,170.974,3.2,64.452,-1.86
2018-01-02 00:53:00,1.04271176665198,0.108730634013071,0,0,0,0,-7.7,170.826,3.2,64.358,-1.84
2018-01-02 00:54:00,1.04245049200086,0.111499906464435,0,0,0,0,-7.7,170.678,3.2,64.264,-1.82
2018-01-02 00:55:00,1.04218921734975,0.114269178915799,0,0,0,0,-7.7,170.53,3.2,64.17,-1.8
2018-01-02 00:56:00,1.04192794269864,0.113831925940195,0,0,0,0,-7.7,170.368,3.22,64.17,-1.8
2018-01-02 00:57:00,1.04166666804752,0.11339467296459,0,0,0,0,-7.7,170.206,3.24,64.17,-1.8
2018-01-02 00:58:00,1.04140539339641,0.112957419988986,0,0,0,0,-7.7,170.044,3.26,64.17,-1.8
2018-01-02 00:59:00,1.04114411874529,0.112520167013381,0,0,0,0,-7.7,169.882,3.28,64.17,-1.8
2018-01-02 01:00:00,1.04088284409418,0.112082914037777,0,0,0,0,-7.7,169.72,3.3,64.17,-1.8
2018-01-02 01:01:00,1.04076048885529,0.111721540072456,0,0,0,0,-7.7,169.546,3.3,64.17,-1.8
2018-01-02 01:02:00,1.04063813361641,0.111360166107134,0,0,0,0,-7.7,169.372,3.3,64.17,-1.8
2018-01-02 01:03:00,1.04051577837752,0.110998792141813,0,0,0,0,-7.7,169.198,3.3,64.17,-1.8
2018-01-02 01:04:00,1.04039342313864,0.110637418176492,0,0,0,0,-7.7,169.024,3.3,64.17,-1.8
2018-01-02 01:05:00,1.04027106789975,0.11027604421117,0,0,0,0,-7.7,168.85,3.3,64.17,-1.8
2018-01-02 01:06:00,1.04014871266087,0.110255799228524,0,0,0,0,-7.7,168.67,3.28,64.264,-1.82
2018-01-02 01:07:00,1.04002635742198,0.110235554245878,0,0,0,0,-7.7,168.49,3.26,64.358,-1.84
2018-01-02 01:08:00,1.0399040021831,0.110215309263232,0,0,0,0,-7.7,168.31,3.24,64.452,-1.86
2018-01-02 01:09:00,1.03978164694421,0.110195064280586,0,0,0,0,-7.7,168.13,3.22,64.546,-1.88
2018-01-02 01:10:00,1.03965929170533,0.11017481929794,0,0,0,0,-7.7,167.95,3.2,64.64,-1.9
2018-01-02 01:11:00,1.03953693646644,0.107092022199064,0,0,0,0,-7.7,167.762,3.2,64.64,-1.9
2018-01-02 01:12:00,1.03941458122756,0.104009225100189,0,0,0,0,-7.7,167.574,3.2,64.64,-1.9
2018-01-02 01:13:00,1.03929222598867,0.100926428001313,0,0,0,0,-7.7,167.386,3.2,64.64,-1.9
2018-01-02 01:14:00,1.03916987074978,0.0978436309024373,0,0,0,0,-7.7,167.198,3.2,64.64,-1.9
2018-01-02 01:15:00,1.0390475155109,0.0947608338035617,0,0,0,0,-7.7,167.01,3.2,64.64,-1.9
2018-01-02 01:16:00,1.03892516027201,0.0941887657988392,0,0,0,0,-7.7,166.818,3.2,64.64,-1.9
2018-01-02 01:17:00,1.03880280503313,0.0936166977941168,0,0,0,0,-7.7,166.626,3.2,64.64,-1.9
2018-01-02 01:18:00,1.03868044979424,0.0930446297893943,0,0,0,0,-7.7,166.434,3.2,64.64,-1.9
2018-01-02 01:19:00,1.03855809455536,0.0924725617846719,0,0,0,0,-7.7,166.242,3.2,64.64,-1.9
2018-01-02 01:20:00,1.03843573931647,0.0919004937799494,0,0,0,0,-7.7,166.05,3.2,64.64,-1.9
2018-01-02 01:21:00,1.03831338407759,0.0925587950987415,0,0,0,0,-7.7,165.852,3.2,64.64,-1.9
2018-01-02 01:22:00,1.0381910288387,0.0932170964175335,0,0,0,0,-7.7,165.654,3.2,64.64,-1.9
2018-01-02 01:23:00,1.03806867359982,0.0938753977363256,0,0,0,0,-7.7,165.456,3.2,64.64,-1.9
2018-01-02 01:24:00,1.03794631836093,0.0945336990551176,0,0,0,0,-7.7,165.258,3.2,64.64,-1.9
2018-01-02 01:25:00,1.03782396312205,0.0951920003739097,0,0,0,0,-7.7,165.06,3.2,64.64,-1.9
2018-01-02 01:26:00,1.03770160788316,0.0969213225752413,0,0,0,0,-7.7,164.86,3.2,64.64,-1.9
2018-01-02 01:27:00,1.03757925264428,0.0986506447765729,0,0,0,0,-7.7,164.66,3.2,64.64,-1.9
2018-01-02 01:28:00,1.03745689740539,0.100379966977905,0,0,0,0,-7.7,164.46,3.2,64.64,-1.9
2018-01-02 01:29:00,1.03733454216651,0.102109289179236,0,0,0,0,-7.7,164.26,3.2,64.64,-1.9
2018-01-02 01:30:00,1.03721218692762,0.103838611380568,0,0,0,0,-7.7,164.06,3.2,64.64,-1.9
2018-01-02 01:31:00,1.03708983168874,0.103970374572023,0,0,0,0,-7.92,163.856,3.2,63.606,-1.9
2018-01-02 01:32:00,1.03696747644985,0.104102137763479,0,0,0,0,-8.14,163.652,3.2,62.572,-1.9
2018-01-02 01:33:00,1.03684512121096,0.104233900954934,0,0,0,0,-8.36,163.448,3.2,61.538,-1.9
2018-01-02 01:34:00,1.03672276597208,0.10436566414639,0,0,0,0,-8.58,163.244,3.2,60.504,-1.9
2018-01-02 01:35:00,1.03660041073319,0.104497427337845,0,0,0,0,-8.8,163.04,3.2,59.47,-1.9
2018-01-02 01:36:00,1.03647805549431,0.103542761202807,0,0,0,0,-8.8,162.836,3.2,59.558,-1.92
2018-01-02 01:37:00,1.03635570025542,0.102588095067769,0,0,0,0,-8.8,162.632,3.2,59.646,-1.94
2018-01-02 01:38:00,1.03623334501654,0.101633428932731,0,0,0,0,-8.8,162.428,3.2,59.734,-1.96
2018-01-02 01:39:00,1.03611098977765,0.100678762797693,0,0,0,0,-8.8,162.224,3.2,59.822,-1.98
2018-01-02 01:40:00,1.03598863453877,0.0997240966626551,0,0,0,0,-8.8,162.02,3.2,59.91,-2
2018-01-02 01:41:00,1.03586627929988,0.100704878424006,0,0,0,0,-8.8,161.812,3.2,59.91,-2
2018-01-02 01:42:00,1.035743924061,0.101685660185356,0,0,0,0,-8.8,161.604,3.2,59.91,-2
2018-01-02 01:43:00,1.03562156882211,0.102666441946707,0,0,0,0,-8.8,161.396,3.2,59.91,-2
2018-01-02 01:44:00,1.03549921358323,0.103647223708058,0,0,0,0,-8.8,161.188,3.2,59.91,-2
2018-01-02 01:45:00,1.03537685834434,0.104628005469409,0,0,0,0,-8.8,160.98,3.2,59.91,-2
2018-01-02 01:46:00,1.03525450310546,0.104291005969455,0,0,0,0,-8.8,160.77,3.2,59.91,-2
2018-01-02 01:47:00,1.03513214786657,0.1039540064695,0,0,0,0,-8.8,160.56,3.2,59.91,-2
2018-01-02 01:48:00,1.03500979262769,0.103617006969546,0,0,0,0,-8.8,160.35,3.2,59.91,-2
2018-01-02 01:49:00,1.0348874373888,0.103280007469592,0,0,0,0,-8.8,160.14,3.2,59.91,-2
2018-01-02 01:50:00,1.03476508214992,0.102943007969638,0,0,0,0,-8.8,159.93,3.2,59.91,-2
2018-01-02 01:51:00,1.03464272691103,0.100988915506304,0,0,0,0,-8.8,159.72,3.2,59.91,-2
2018-01-02 01:52:00,1.03452037167214,0.0990348230429695,0,0,0,0,-8.8,159.51,3.2,59.91,-2
2018-01-02 01:53:00,1.03439801643326,0.0970807305796351,0,0,0,0,-8.8,159.3,3.2,59.91,-2
2018-01-02 01:54:00,1.03427566119437,0.0951266381163006,0,0,0,0,-8.8,159.09,3.2,59.91,-2
2018-01-02 01:55:00,1.03415330595549,0.0931725456529662,0,0,0,0,-8.8,158.88,3.2,59.91,-2
2018-01-02 01:56:00,1.0340309507166,0.092422812013308,0,0,0,0,-8.8,158.668,3.2,59.91,-2
2018-01-02 01:57:00,1.03390859547772,0.0916730783736498,0,0,0,0,-8.8,158.456,3.2,59.91,-2
2018-01-02 01:58:00,1.03378624023883,0.0909233447339917,0,0,0,0,-8.8,158.244,3.2,59.91,-2
2018-01-02 01:59:00,1.03366388499995,0.0901736110943335,0,0,0,0,-8.8,158.032,3.2,59.91,-2
2018-01-02 02:00:00,1.03354152976106,0.0894238774546753,0,0,0,0,-8.8,157.82,3.2,59.91,-2
2018-01-02 02:01:00,1.03360742688794,0.0912772702465948,0,0,0,0,-8.8,157.608,3.2,59.91,-2
2018-01-02 02:02:00,1.03367332401481,0.0931306630385143,0,0,0,0,-8.8,157.396,3.2,59.91,-2
2018-01-02 02:03:00,1.03373922114168,0.0949840558304338,0,0,0,0,-8.8,157.184,3.2,59.91,-2
2018-01-02 02:04:00,1.03380511826856,0.0968374486223534,0,0,0,0,-8.8,156.972,3.2,59.91,-2
2018-01-02 02:05:00,1.03387101539543,0.0986908414142729,0,0,0,0,-8.8,156.76,3.2,59.91,-2
2018-01-02 02:06:00,1.03393691252231,0.0996564559765302,0,0,0,0,-8.8,156.546,3.2,59.998,-2.02
2018-01-02 02:07:00,1.03400280964918,0.100622070538787,0,0,0,0,-8.8,156.332,3.2,60.086,-2.04
2018-01-02 02:08:00,1.03406870677605,0.101587685101045,0,0,0,0,-8.8,156.118,3.2,60.174,-2.06
2018-01-02 02:09:00,1.03413460390293,0.102553299663302,0,0,0,0,-8.8,155.904,3.2,60.262,-2.08
2018-01-02 02:10:00,1.0342005010298,0.103518914225559,0,0,0,0,-8.8,155.69,3.2,60.35,-2.1
2018-01-02 02:11:00,1.03426639815667,0.103276775282906,0,0,0,0,-8.8,155.476,3.2,60.35,-2.1
2018-01-02 02:12:00,1.03433229528355,0.103034636340253,0,0,0,0,-8.8,155.262,3.2,60.35,-2.1
2018-01-02 02:13:00,1.03439819241042,0.1027924973976,0,0,0,0,-8.8,155.048,3.2,60.35,-2.1
2018-01-02 02:14:00,1.0344640895373,0.102550358454947,0,0,0,0,-8.8,154.834,3.2,60.35,-2.1
2018-01-02 02:15:00,1.03452998666417,0.102308219512294,0,0,0,0,-8.8,154.62,3.2,60.35,-2.1
2018-01-02 02:16:00,1.03459588379104,0.102853697918969,0,0,0,0,-8.8,154.406,3.2,60.35,-2.1
2018-01-02 02:17:00,1.03466178091792,0.103399176325644,0,0,0,0,-8.8,154.192,3.2,60.35,-2.1
2018-01-02 02:18:00,1.03472767804479,0.103944654732319,0,0,0,0,-8.8,153.978,3.2,60.35,-2.1
2018-01-02 02:19:00,1.03479357517167,0.104490133138994,0,0,0,0,-8.8,153.764,3.2,60.35,-2.1
2018-01-02 02:20:00,1.03485947229854,0.105035611545669,0,0,0,0,-8.8,153.55,3.2,60.35,-2.1
2018-01-02 02:21:00,1.03492536942541,0.101667559184571,0,0,0,0,-8.8,153.336,3.2,60.35,-2.1
2018-01-02 02:22:00,1.03499126655229,0.098299506823473,0,0,0,0,-8.8,153.122,3.2,60.35,-2.1
2018-01-02 02:23:00,1.03505716367916,0.0949314544623751,0,0,0,0,-8.8,152.908,3.2,60.35,-2.1
2018-01-02 02:24:00,1.03512306080604,0.0915634021012773,0,0,0,0,-8.8,152.694,3.2,60.35,-2.1
2018-01-02 02:25:00,1.03518895793291,0.0881953497401794,0,0,0,0,-8.8,152.48,3.2,60.35,-2.1
2018-01-02 02:26:00,1.03525485505978,0.0904688191438967,0,0,0,0,-8.8,152.264,3.2,60.44,-2.12
2018-01-02 02:27:00,1.03532075218666,0.092742288547614,0,0,0,0,-8.8,152.048,3.2,60.53,-2.14
2018-01-02 02:28:00,1.03538664931353,0.0950157579513313,0,0,0,0,-8.8,151.832,3.2,60.62,-2.16
2018-01-02 02:29:00,1.0354525464404,0.0972892273550486,0,0,0,0,-8.8,151.616,3.2,60.71,-2.18
2018-01-02 02:30:00,1.03551844356728,0.099562696758766,0,0,0,0,-8.8,151.4,3.2,60.8,-2.2
2018-01-02 02:31:00,1.03558434069415,0.100022218000301,0,0,0,0,-8.9,151.184,3.2,60.284,-2.2
2018-01-02 02:32:00,1.03565023782103,0.100481739241836,0,0,0,0,-9,150.968,3.2,59.768,-2.2
2018-01-02 02:33:00,1.0357161349479,0.10094126048337,0,0,0,0,-9.1,150.752,3.2,59.252,-2.2
2018-01-02 02:34:00,1.03578203207477,0.101400781724905,0,0,0,0,-9.2,150.536,3.2,58.736,-2.2
2018-01-02 02:35:00,1.03584792920165,0.10186030296644,0,0,0,0,-9.3,150.32,3.2,58.22,-2.2
2018-01-02 02:36:00,1.03591382632852,0.0985839582704392,0,0,0,0,-9.3,150.104,3.18,58.22,-2.2
2018-01-02 02:37:00,1.0359797234554,0.0953076135744382,0,0,0,0,-9.3,149.888,3.16,58.22,-2.2
2018-01-02 02:38:00,1.03604562058227,0.0920312688784373,0,0,0,0,-9.3,149.672,3.14,58.22,-2.2
2018-01-02 02:39:00,1.03611151770914,0.0887549241824364,0,0,0,0,-9.3,149.456,3.12,58.22,-2.2
2018-01-02 02:40:00,1.03617741483602,0.0854785794864355,0,0,0,0,-9.3,149.24,3.1,58.22,-2.2
2018-01-02 02:41:00,1.03624331196289,0.0861640257299308,0,0,0,0,-9.3,149.024,3.1,58.22,-2.2
2018-01-02 02:42:00,1.03630920908976,0.0868494719734262,0,0,0,0,-9.3,148.808,3.1,58.22,-2.2
2018-01-02 02:43:00,1.03637510621664,0.0875349182169215,0,0,0,0,-9.3,148.592,3.1,58.22,-2.2
2018-01-02 02:44:00,1.03644100334351,0.0882203644604169,0,0,0,0,-9.3,148.376,3.1,58.22,-2.2
2018-01-02 02:45:00,1.03650690047039,0.0889058107039122,0,0,0,0,-9.3,148.16,3.1,58.22,-2.2
2018-01-02 02:46:00,1.03657279759726,0.0890249585453498,0,0,0,0,-9.3,147.942,3.1,58.22,-2.2
2018-01-02 02:47:00,1.03663869472413,0.0891441063867873,0,0,0,0,-9.3,147.724,3.1,58.22,-2.2
2018-01-02 02:48:00,1.03670459185101,0.0892632542282247,0,0,0,0,-9.3,147.506,3.1,58.22,-2.2
2018-01-02 02:49:00,1.03677048897788,0.0893824020696622,0,0,0,0,-9.3,147.288,3.1,58.22,-2.2
2018-01-02 02:50:00,1.03683638610476,0.0895015499110998,0,0,0,0,-9.3,147.07,3.1,58.22,-2.2
2018-01-02 02:51:00,1.03690228323163,0.0893899507547744,0,0,0,0,-9.3,146.854,3.1,58.306,-2.22
2018-01-02 02:52:00,1.0369681803585,0.0892783515984491,0,0,0,0,-9.3,146.638,3.1,58.392,-2.24
2018-01-02 02:53:00,1.03703407748538,0.0891667524421237,0,0,0,0,-9.3,146.422,3.1,58.478,-2.26
2018-01-02 02:54:00,1.03709997461225,0.0890551532857984,0,0,0,0,-9.3,146.206,3.1,58.564,-2.28
2018-01-02 02:55:00,1.03716587173913,0.0889435541294731,0,0,0,0,-9.3,145.99,3.1,58.65,-2.3
2018-01-02 02:56:00,1.037231768866,0.0895497321510954,0,0,0,0,-9.3,145.772,3.1,58.65,-2.3
2018-01-02 02:57:00,1.03729766599287,0.0901559101727178,0,0,0,0,-9.3,145.554,3.1,58.65,-2.3
2018-01-02 02:58:00,1.03736356311975,0.0907620881943402,0,0,0,0,-9.3,145.336,3.1,58.65,-2.3
2018-01-02 02:59:00,1.03742946024662,0.0913682662159625,0,0,0,0,-9.3,145.118,3.1,58.65,-2.3
2018-01-02 03:00:00,1.03749535737349,0.0919744442375849,0,0,0,0,-9.3,144.9,3.1,58.65,-2.3
2018-01-02 03:01:00,1.03785132735347,0.0908230317225246,0,0,0,0,-9.3,144.684,3.1,58.65,-2.3
2018-01-02 03:02:00,1.03820729733344,0.0896716192074644,0,0,0,0,-9.3,144.468,3.1,58.65,-2.3
2018-01-02 03:03:00,1.03856326731341,0.0885202066924041,0,0,0,0,-9.3,144.252,3.1,58.65,-2.3
2018-01-02 03:04:00,1.03891923729338,0.0873687941773438,0,0,0,0,-9.3,144.036,3.1,58.65,-2.3
2018-01-02 03:05:00,1.03927520727335,0.0862173816622836,0,0,0,0,-9.3,143.82,3.1,58.65,-2.3
2018-01-02 03:06:00,1.03963117725333,0.0861243595516796,0,0,0,0,-9.3,143.602,3.1,58.65,-2.3
2018-01-02 03:07:00,1.0399871472333,0.0860313374410756,0,0,0,0,-9.3,143.384,3.1,58.65,-2.3
2018-01-02 03:08:00,1.04034311721327,0.0859383153304715,0,0,0,0,-9.3,143.166,3.1,58.65,-2.3
2018-01-02 03:09:00,1.04069908719324,0.0858452932198675,0,0,0,0,-9.3,142.948,3.1,58.65,-2.3
2018-01-02 03:10:00,1.04105505717321,0.0857522711092635,0,0,0,0,-9.3,142.73,3.1,58.65,-2.3
2018-01-02 03:11:00,1.04141102715319,0.0886288682790529,0,0,0,0,-9.3,142.514,3.1,58.65,-2.3
2018-01-02 03:12:00,1.04176699713316,0.0915054654488424,0,0,0,0,-9.3,142.298,3.1,58.65,-2.3
2018-01-02 03:13:00,1.04212296711313,0.0943820626186318,0,0,0,0,-9.3,142.082,3.1,58.65,-2.3
2018-01-02 03:14:00,1.0424789370931,0.0972586597884213,0,0,0,0,-9.3,141.866,3.1,58.65,-2.3
2018-01-02 03:15:00,1.04283490707307,0.100135256958211,0,0,0,0,-9.3,141.65,3.1,58.65,-2.3
2018-01-02 03:16:00,1.04319087705305,0.098490582398282,0,0,0,0,-9.3,141.432,3.1,58.638,-2.3
2018-01-02 03:17:00,1.04354684703302,0.0968459078383533,0,0,0,0,-9.3,141.214,3.1,58.626,-2.3
2018-01-02 03:18:00,1.04390281701299,0.0952012332784246,0,0,0,0,-9.3,140.996,3.1,58.614,-2.3
2018-01-02 03:19:00,1.04425878699296,0.0935565587184959,0,0,0,0,-9.3,140.778,3.1,58.602,-2.3
2018-01-02 03:20:00,1.04461475697293,0.0919118841585672,0,0,0,0,-9.3,140.56,3.1,58.59,-2.3
2018-01-02 03:21:00,1.04497072695291,0.0901024662387209,0,0,0,0,-9.3,140.344,3.1,58.676,-2.32
2018-01-02 03:22:00,1.04532669693288,0.0882930483188746,0,0,0,0,-9.3,140.128,3.1,58.762,-2.34
2018-01-02 03:23:00,1.04568266691285,0.0864836303990282,0,0,0,0,-9.3,139.912,3.1,58.848,-2.36
2018-01-02 03:24:00,1.04603863689282,0.0846742124791819,0,0,0,0,-9.3,139.696,3.1,58.934,-2.38
2018-01-02 03:25:00,1.04639460687279,0.0828647945593356,0,0,0,0,-9.3,139.48,3.1,59.02,-2.4
2018-01-02 03:26:00,1.04675057685277,0.0825756260386034,0,0,0,0,-9.3,139.262,3.08,59.02,-2.4
2018-01-02 03:27:00,1.04710654683274,0.0822864575178713,0,0,0,0,-9.3,139.044,3.06,59.02,-2.4
2018-01-02 03:28:00,1.04746251681271,0.0819972889971391,0,0,0,0,-9.3,138.826,3.04,59.02,-2.4
2018-01-02 03:29:00,1.04781848679268,0.081708120476407,0,0,0,0,-9.3,138.608,3.02,59.02,-2.4
2018-01-02 03:30:00,1.04817445677265,0.0814189519556748,0,0,0,0,-9.3,138.39,3,59.02,-2.4
2018-01-02 03:31:00,1.04853042675263,0.0806442479611568,0,0,0,0,-9.34,138.174,3,58.892,-2.4
2018-01-02 03:32:00,1.0488863967326,0.0798695439666387,0,0,0,0,-9.38,137.958,3,58.764,-2.4
2018-01-02 03:33:00,1.04924236671257,0.0790948399721207,0,0,0,0,-9.42,137.742,3,58.636,-2.4
2018-01-02 03:34:00,1.04959833669254,0.0783201359776027,0,0,0,0,-9.46,137.526,3,58.508,-2.4
2018-01-02 03:35:00,1.04995430667251,0.0775454319830846,0,0,0,0,-9.5,137.31,3,58.38,-2.4
2018-01-02 03:36:00,1.05031027665249,0.0767318657871938,0,0,0,0,-9.5,137.092,3,58.38,-2.4
2018-01-02 03:37:00,1.05066624663246,0.0759182995913031,0,0,0,0,-9.5,136.874,3,58.38,-2.4
2018-01-02 03:38:00,1.05102221661243,0.0751047333954123,0,0,0,0,-9.5,136.656,3,58.38,-2.4
2018-01-02 03:39:00,1.0513781865924,0.0742911671995215,0,0,0,0,-9.5,136.438,3,58.38,-2.4
2018-01-02 03:40:00,1.05173415657237,0.0734776010036307,0,0,0,0,-9.5,136.22,3,58.38,-2.4
2018-01-02 03:41:00,1.05209012655235,0.0715214424219609,0,0,0,0,-9.5,136.004,3,58.38,-2.4
2018-01-02 03:42:00,1.05244609653232,0.0695652838402911,0,0,0,0,-9.5,135.788,3,58.38,-2.4
2018-01-02 03:43:00,1.05280206651229,0.0676091252586213,0,0,0,0,-9.5,135.572,3,58.38,-2.4
2018-01-02 03:44:00,1.05315803649226,0.0656529666769514,0,0,0,0,-9.5,135.356,3,58.38,-2.4
2018-01-02 03:45:00,1.05351400647223,0.0636968080952816,0,0,0,0,-9.5,135.14,3,58.38,-2.4
2018-01-02 03:46:00,1.05386997645221,0.0663424635643096,0,0,0,0,-9.5,134.924,3,58.38,-2.4
2018-01-02 03:47:00,1.05422594643218,0.0689881190333375,0,0,0,0,-9.5,134.708,3,58.38,-2.4
2018-01-02 03:48:00,1.05458191641215,0.0716337745023654,0,0,0,0,-9.5,134.492,3,58.38,-2.4
2018-01-02 03:49:00,1.05493788639212,0.0742794299713934,0,0,0,0,-9.5,134.276,3,58.38,-2.4
2018-01-02 03:50:00,1.05529385637209,0.0769250854404213,0,0,0,0,-9.5,134.06,3,58.38,-2.4
2018-01-02 03:51:00,1.05564982635207,0.0777312728733078,0,0,0,0,-9.5,133.844,3,58.38,-2.4
2018-01-02 03:52:00,1.05600579633204,0.0785374603061942,0,0,0,0,-9.5,133.628,3,58.38,-2.4
2018-01-02 03:53:00,1.05636176631201,0.0793436477390807,0,0,0,0,-9.5,133.412,3,58.38,-2.4
2018-01-02 03:54:00,1.05671773629198,0.0801498351719672,0,0,0,0,-9.5,133.196,3,58.38,-2.4
2018-01-02 03:55:00,1.05707370627195,0.0809560226048536,0,0,0,0,-9.5,132.98,3,58.38,-2.4
2018-01-02 03:56:00,1.05742967625193,0.0798733813056456,0,0,0,0,-9.5,132.762,3,58.38,-2.4
2018-01-02 03:57:00,1.0577856462319,0.0787907400064375,0,0,0,0,-9.5,132.544,3,58.38,-2.4
2018-01-02 03:58:00,1.05814161621187,0.0777080987072294,0,0,0,0,-9.5,132.326,3,58.38,-2.4
2018-01-02 03:59:00,1.05849758619184,0.0766254574080213,0,0,0,0,-9.5,132.108,3,58.38,-2.4
2018-01-02 04:00:00,1.05885355617181,0.0755428161088132,0,0,0,0,-9.5,131.89,3,58.38,-2.4
2018-01-02 04:01:00,1.05961117462982,0.0765491795920541,0,0,0,0,-9.5,131.674,3,58.38,-2.4
2018-01-02 04:02:00,1.06036879308782,0.0775555430752949,0,0,0,0,-9.5,131.458,3,58.38,-2.4
2018-01-02 04:03:00,1.06112641154583,0.0785619065585357,0,0,0,0,-9.5,131.242,3,58.38,-2.4
2018-01-02 04:04:00,1.06188403000384,0.0795682700417765,0,0,0,0,-9.5,131.026,3,58.38,-2.4
2018-01-02 04:05:00,1.06264164846184,0.0805746335250174,0,0,0,0,-9.5,130.81,3,58.38,-2.4
2018-01-02 04:06:00,1.06339926691985,0.0805350576353842,0,0,0,0,-9.5,130.594,3,58.38,-2.4
2018-01-02 04:07:00,1.06415688537785,0.0804954817457509,0,0,0,0,-9.5,130.378,3,58.38,-2.4
2018-01-02 04:08:00,1.06491450383586,0.0804559058561177,0,0,0,0,-9.5,130.162,3,58.38,-2.4
2018-01-02 04:09:00,1.06567212229386,0.0804163299664845,0,0,0,0,-9.5,129.946,3,58.38,-2.4
2018-01-02 04:10:00,1.06642974075187,0.0803767540768513,0,0,0,0,-9.5,129.73,3,58.38,-2.4
2018-01-02 04:11:00,1.06718735920987,0.0796610404301778,0,0,0,0,-9.5,129.516,3,58.466,-2.42
2018-01-02 04:12:00,1.06794497766788,0.0789453267835043,0,0,0,0,-9.5,129.302,3,58.552,-2.44
2018-01-02 04:13:00,1.06870259612588,0.0782296131368309,0,0,0,0,-9.5,129.088,3,58.638,-2.46
2018-01-02 04:14:00,1.06946021458389,0.0775138994901574,0,0,0,0,-9.5,128.874,3,58.724,-2.48
2018-01-02 04:15:00,1.07021783304189,0.0767981858434839,0,0,0,0,-9.5,128.66,3,58.81,-2.5
2018-01-02 04:16:00,1.0709754514999,0.0759489627106957,0,0,0,0,-9.5,128.444,3,58.81,-2.5
2018-01-02 04:17:00,1.07173306995791,0.0750997395779075,0,0,0,0,-9.5,128.228,3,58.81,-2.5
2018-01-02 04:18:00,1.07249068841591,0.0742505164451193,0,0,0,0,-9.5,128.012,3,58.81,-2.5
2018-01-02 04:19:00,1.07324830687392,0.0734012933123311,0,0,0,0,-9.5,127.796,3,58.81,-2.5
2018-01-02 04:20:00,1.07400592533192,0.0725520701795429,0,0,0,0,-9.5,127.58,3,58.81,-2.5
2018-01-02 04:21:00,1.07476354378993,0.0739133368768019,0,0,0,0,-9.5,127.364,3,58.81,-2.5
2018-01-02 04:22:00,1.07552116224793,0.0752746035740608,0,0,0,0,-9.5,127.148,3,58.81,-2.5
2018-01-02 04:23:00,1.07627878070594,0.0766358702713198,0,0,0,0,-9.5,126.932,3,58.81,-2.5
2018-01-02 04:24:00,1.07703639916394,0.0779971369685787,0,0,0,0,-9.5,126.716,3,58.81,-2.5
2018-01-02 04:25:00,1.07779401762195,0.0793584036658377,0,0,0,0,-9.5,126.5,3,58.81,-2.5
2018-01-02 04:26:00,1.07855163607995,0.0778309119029236,0,0,0,0,-9.5,126.286,3,58.81,-2.5
2018-01-02 04:27:00,1.07930925453796,0.0763034201400094,0,0,0,0,-9.5,126.072,3,58.81,-2.5
2018-01-02 04:28:00,1.08006687299596,0.0747759283770953,0,0,0,0,-9.5,125.858,3,58.81,-2.5
2018-01-02 04:29:00,1.08082449145397,0.0732484366141812,0,0,0,0,-9.5,125.644,3,58.81,-2.5
2018-01-02 04:30:00,1.08158210991198,0.0717209448512671,0,0,0,0,-9.5,125.43,3,58.81,-2.5
2018-01-02 04:31:00,1.08233972836998,0.0722315847933908,0,0,0,0,-9.52,125.214,3,58.728,-2.5
2018-01-02 04:32:00,1.08309734682799,0.0727422247355146,0,0,0,0,-9.54,124.998,3,58.646,-2.5
2018-01-02 04:33:00,1.08385496528599,0.0732528646776384,0,0,0,0,-9.56,124.782,3,58.564,-2.5
2018-01-02 04:34:00,1.084612583744,0.0737635046197622,0,0,0,0,-9.58,124.566,3,58.482,-2.5
2018-01-02 04:35:00,1.085370202202,0.0742741445618859,0,0,0,0,-9.6,124.35,3,58.4,-2.5
2018-01-02 04:36:00,1.08612782066001,0.0761167503956573,0,0,0,0,-9.6,124.136,3,58.4,-2.5
2018-01-02 04:37:00,1.08688543911801,0.0779593562294287,0,0,0,0,-9.6,123.922,3,58.4,-2.5
2018-01-02 04:38:00,1.08764305757602,0.0798019620632,0,0,0,0,-9.6,123.708,3,58.4,-2.5
2018-01-02 04:39:00,1.08840067603402,0.0816445678969714,0,0,0,0,-9.6,123.494,3,58.4,-2.5
2018-01-02 04:40:00,1.08915829449203,0.0834871737307427,0,0,0,0,-9.6,123.28,3,58.4,-2.5
2018-01-02 04:41:00,1.08991591295003,0.0815834085652739,0,0,0,0,-9.6,123.066,3,58.4,-2.5
2018-01-02 04:42:00,1.09067353140804,0.079679643399805,0,0,0,0,-9.6,122.852,3,58.4,-2.5
2018-01-02 04:43:00,1.09143114986605,0.0777758782343361,0,0,0,0,-9.6,122.638,3,58.4,-2.5
2018-01-02 04:44:00,1.09218876832405,0.0758721130688672,0,0,0,0,-9.6,122.424,3,58.4,-2.5
2018-01-02 04:45:00,1.09294638678206,0.0739683479033983,0,0,0,0,-9.6,122.21,3,58.4,-2.5
2018-01-02 04:46:00,1.09370400524006,0.0751912518332369,0,0,0,0,-9.6,121.996,3,58.4,-2.5
2018-01-02 04:47:00,1.09446162369807,0.0764141557630756,0,0,0,0,-9.6,121.782,3,58.4,-2.5
2018-01-02 04:48:00,1.09521924215607,0.0776370596929142,0,0,0,0,-9.6,121.568,3,58.4,-2.5
2018-01-02 04:49:00,1.09597686061408,0.0788599636227529,0,0,0,0,-9.6,121.354,3,58.4,-2.5
2018-01-02 04:50:00,1.09673447907208,0.0800828675525916,0,0,0,0,-9.6,121.14,3,58.4,-2.5
2018-01-02 04:51:00,1.09749209753009,0.0801329854917189,0,0,0,0,-9.6,120.928,3,58.4,-2.5
2018-01-02 04:52:00,1.09824971598809,0.0801831034308462,0,0,0,0,-9.6,120.716,3,58.4,-2.5
2018-01-02 04:53:00,1.0990073344461,0.0802332213699736,0,0,0,0,-9.6,120.504,3,58.4,-2.5
2018-01-02 04:54:00,1.0997649529041,0.0802833393091009,0,0,0,0,-9.6,120.292,3,58.4,-2.5
2018-01-02 04:55:00,1.10052257136211,0.0803334572482282,0,0,0,0,-9.6,120.08,3,58.4,-2.5
2018-01-02 04:56:00,1.10128018982011,0.0780101029373833,0,0,0,0,-9.6,119.866,3,58.4,-2.5
2018-01-02 04:57:00,1.10203780827812,0.0756867486265383,0,0,0,0,-9.6,119.652,3,58.4,-2.5
2018-01-02 04:58:00,1.10279542673613,0.0733633943156934,0,0,0,0,-9.6,119.438,3,58.4,-2.5
2018-01-02 04:59:00,1.10355304519413,0.0710400400048484,0,0,0,0,-9.6,119.224,3,58.4,-2.5
2018-01-02 05:00:00,1.10431066365214,0.0687166856940035,0,0,0,0,-9.6,119.01,3,58.4,-2.5
2018-01-02 05:01:00,1.10528856214293,0.0726939993136618,0,0,0,0,-9.6,118.798,3,58.4,-2.5
2018-01-02 05:02:00,1.10626646063372,0.0766713129333202,0,0,0,0,-9.6,118.586,3,58.4,-2.5
2018-01-02 05:03:00,1.10724435912452,0.0806486265529786,0,0,0,0,-9.6,118.374,3,58.4,-2.5
2018-01-02 05:04:00,1.10822225761531,0.0846259401726369,0,0,0,0,-9.6,118.162,3,58.4,-2.5
2018-01-02 05:05:00,1.10920015610611,0.0886032537922953,0,0,0,0,-9.6,117.95,3,58.4,-2.5
2018-01-02 05:06:00,1.1101780545969,0.0850286407330949,0,0,0,0,-9.6,117.738,3,58.4,-2.5
2018-01-02 05:07:00,1.1111559530877,0.0814540276738945,0,0,0,0,-9.6,117.526,3,58.4,-2.5
2018-01-02 05:08:00,1.11213385157849,0.0778794146146941,0,0,0,0,-9.6,117.314,3,58.4,-2.5
2018-01-02 05:09:00,1.11311175006928,0.0743048015554938,0,0,0,0,-9.6,117.102,3,58.4,-2.5
2018-01-02 05:10:00,1.11408964856008,0.0707301884962934,0,0,0,0,-9.6,116.89,3,58.4,-2.5
2018-01-02 05:11:00,1.11506754705087,0.0723460557490586,0,0,0,0,-9.6,116.678,3,58.4,-2.5
2018-01-02 05:12:00,1.11604544554167,0.0739619230018238,0,0,0,0,-9.6,116.466,3,58.4,-2.5
2018-01-02 05:13:00,1.11702334403246,0.0755777902545891,0,0,0,0,-9.6,116.254,3,58.4,-2.5
2018-01-02 05:14:00,1.11800124252325,0.0771936575073543,0,0,0,0,-9.6,116.042,3,58.4,-2.5
2018-01-02 05:15:00,1.11897914101405,0.0788095247601195,0,0,0,0,-9.6,115.83,3,58.4,-2.5
2018-01-02 05:16:00,1.11995703950484,0.0800251448097203,0,0,0,0,-9.6,115.618,3,58.4,-2.5
2018-01-02 05:17:00,1.12093493799564,0.081240764859321,0,0,0,0,-9.6,115.406,3,58.4,-2.5
2018-01-02 05:18:00,1.12191283648643,0.0824563849089218,0,0,0,0,-9.6,115.194,3,58.4,-2.5
2018-01-02 05:19:00,1.12289073497722,0.0836720049585225,0,0,0,0,-9.6,114.982,3,58.4,-2.5
2018-01-02 05:20:00,1.12386863346802,0.0848876250081233,0,0,0,0,-9.6,114.77,3,58.4,-2.5
2018-01-02 05:21:00,1.12484653195881,0.0818342454459204,0,0,0,0,-9.6,114.558,2.98,58.4,-2.5
2018-01-02 05:22:00,1.12582443044961,0.0787808658837175,0,0,0,0,-9.6,114.346,2.96,58.4,-2.5
2018-01-02 05:23:00,1.1268023289404,0.0757274863215147,0,0,0,0,-9.6,114.134,2.94,58.4,-2.5
2018-01-02 05:24:00,1.12778022743119,0.0726741067593118,0,0,0,0,-9.6,113.922,2.92,58.4,-2.5
2018-01-02 05:25:00,1.12875812592199,0.069620727197109,0,0,0,0,-9.6,113.71,2.9,58.4,-2.5
2018-01-02 05:26:00,1.12973602441278,0.0689882615775816,0,0,0,0,-9.6,113.5,2.9,58.4,-2.5
2018-01-02 05:27:00,1.13071392290358,0.0683557959580542,0,0,0,0,-9.6,113.29,2.9,58.4,-2.5
2018-01-02 05:28:00,1.13169182139437,0.0677233303385268,0,0,0,0,-9.6,113.08,2.9,58.4,-2.5
2018-01-02 05:29:00,1.13266971988517,0.0670908647189994,0,0,0,0,-9.6,112.87,2.9,58.4,-2.5
2018-01-02 05:30:00,1.13364761837596,0.066458399099472,0,0,0,0,-9.6,112.66,2.9,58.4,-2.5
2018-01-02 05:31:00,1.13462551686675,0.068023304759577,0,0,0,0,-9.6,112.45,2.9,58.344,-2.5
2018-01-02 05:32:00,1.13560341535755,0.069588210419682,0,0,0,0,-9.6,112.24,2.9,58.288,-2.5
2018-01-02 05:33:00,1.13658131384834,0.0711531160797869,0,0,0,0,-9.6,112.03,2.9,58.232,-2.5
2018-01-02 05:34:00,1.13755921233914,0.0727180217398919,0,0,0,0,-9.6,111.82,2.9,58.176,-2.5
2018-01-02 05:35:00,1.13853711082993,0.0742829273999969,0,0,0,0,-9.6,111.61,2.9,58.12,-2.5
2018-01-02 05:36:00,1.13951500932072,0.0726427589948299,0,0,0,0,-9.6,111.4,2.9,58.12,-2.5
2018-01-02 05:37:00,1.14049290781152,0.0710025905896629,0,0,0,0,-9.6,111.19,2.9,58.12,-2.5
2018-01-02 05:38:00,1.14147080630231,0.069362422184496,0,0,0,0,-9.6,110.98,2.9,58.12,-2.5
2018-01-02 05:39:00,1.14244870479311,0.067722253779329,0,0,0,0,-9.6,110.77,2.9,58.12,-2.5
2018-01-02 05:40:00,1.1434266032839,0.066082085374162,0,0,0,0,-9.6,110.56,2.9,58.12,-2.5
2018-01-02 05:41:00,1.14440450177469,0.0676277298137975,0,0,0,0,-9.6,110.352,2.9,58.12,-2.5
2018-01-02 05:42:00,1.14538240026549,0.069173374253433,0,0,0,0,-9.6,110.144,2.9,58.12,-2.5
2018-01-02 05:43:00,1.14636029875628,0.0707190186930685,0,0,0,0,-9.6,109.936,2.9,58.12,-2.5
2018-01-02 05:44:00,1.14733819724708,0.072264663132704,0,0,0,0,-9.6,109.728,2.9,58.12,-2.5
2018-01-02 05:45:00,1.14831609573787,0.0738103075723396,0,0,0,0,-9.6,109.52,2.9,58.12,-2.5
2018-01-02 05:46:00,1.14929399422867,0.0735688824524066,0,0,0,0,-9.6,109.31,2.9,58.12,-2.5
2018-01-02 05:47:00,1.15027189271946,0.0733274573324736,0,0,0,0,-9.6,109.1,2.9,58.12,-2.5
2018-01-02 05:48:00,1.15124979121025,0.0730860322125406,0,0,0,0,-9.6,108.89,2.9,58.12,-2.5
2018-01-02 05:49:00,1.15222768970105,0.0728446070926076,0,0,0,0,-9.6,108.68,2.9,58.12,-2.5
2018-01-02 05:50:00,1.15320558819184,0.0726031819726746,0,0,0,0,-9.6,108.47,2.9,58.12,-2.5
2018-01-02 05:51:00,1.15418348668264,0.072007958621595,0,0,0,0,-9.6,108.262,2.9,58.12,-2.5
2018-01-02 05:52:00,1.15516138517343,0.0714127352705153,0,0,0,0,-9.6,108.054,2.9,58.12,-2.5
2018-01-02 05:53:00,1.15613928366422,0.0708175119194357,0,0,0,0,-9.6,107.846,2.9,58.12,-2.5
2018-01-02 05:54:00,1.15711718215502,0.0702222885683561,0,0,0,0,-9.6,107.638,2.9,58.12,-2.5
2018-01-02 05:55:00,1.15809508064581,0.0696270652172764,0,0,0,0,-9.6,107.43,2.9,58.12,-2.5
2018-01-02 05:56:00,1.15907297913661,0.0701121236602962,0,0,0,0,-9.6,107.224,2.9,58.12,-2.5
2018-01-02 05:57:00,1.1600508776274,0.0705971821033161,0,0,0,0,-9.6,107.018,2.9,58.12,-2.5
2018-01-02 05:58:00,1.16102877611819,0.0710822405463359,0,0,0,0,-9.6,106.812,2.9,58.12,-2.5
2018-01-02 05:59:00,1.16200667460899,0.0715672989893557,0,0,0,0,-9.6,106.606,2.9,58.12,-2.5
2018-01-02 06:00:00,1.16298457309978,0.0720523574323755,0,0,0,0,-9.6,106.4,2.9,58.12,-2.5
2018-01-02 06:01:00,1.16353295114908,0.0725805434504271,0,0,0,0,-9.6,106.192,2.9,58.12,-2.5
2018-01-02 06:02:00,1.16408132919838,0.0731087294684788,0,0,0,0,-9.6,105.984,2.9,58.12,-2.5
2018-01-02 06:03:00,1.16462970724768,0.0736369154865305,0,0,0,0,-9.6,105.776,2.9,58.12,-2.5
2018-01-02 06:04:00,1.16517808529698,0.0741651015045821,0,0,0,0,-9.6,105.568,2.9,58.12,-2.5
2018-01-02 06:05:00,1.16572646334628,0.0746932875226338,0,0,0,0,-9.6,105.36,2.9,58.12,-2.5
2018-01-02 06:06:00,1.16627484139558,0.0745206855087009,0,0,0,0,-9.6,105.154,2.9,58.12,-2.5
2018-01-02 06:07:00,1.16682321944488,0.074348083494768,0,0,0,0,-9.6,104.948,2.9,58.12,-2.5
2018-01-02 06:08:00,1.16737159749418,0.0741754814808351,0,0,0,0,-9.6,104.742,2.9,58.12,-2.5
2018-01-02 06:09:00,1.16791997554348,0.0740028794669022,0,0,0,0,-9.6,104.536,2.9,58.12,-2.5
2018-01-02 06:10:00,1.16846835359278,0.0738302774529694,0,0,0,0,-9.6,104.33,2.9,58.12,-2.5
2018-01-02 06:11:00,1.16901673164208,0.0725557875562881,0,0,0,0,-9.6,104.124,2.9,58.12,-2.5
2018-01-02 06:12:00,1.16956510969138,0.0712812976596068,0,0,0,0,-9.6,103.918,2.9,58.12,-2.5
2018-01-02 06:13:00,1.17011348774068,0.0700068077629255,0,0,0,0,-9.6,103.712,2.9,58.12,-2.5
2018-01-02 06:14:00,1.17066186578998,0.0687323178662443,0,0,0,0,-9.6,103.506,2.9,58.12,-2.5
2018-01-02 06:15:00,1.17121024383928,0.067457827969563,0,0,0,0,-9.6,103.3,2.9,58.12,-2.5
2018-01-02 06:16:00,1.17175862188858,0.0683592561560896,0,0,0,0,-9.6,103.096,2.9,58.12,-2.5
2018-01-02 06:17:00,1.17230699993788,0.0692606843426161,0,0,0,0,-9.6,102.892,2.9,58.12,-2.5
2018-01-02 06:18:00,1.17285537798718,0.0701621125291427,0,0,0,0,-9.6,102.688,2.9,58.12,-2.5
2018-01-02 06:19:00,1.17340375603648,0.0710635407156693,0,0,0,0,-9.6,102.484,2.9,58.12,-2.5
2018-01-02 06:20:00,1.17395213408578,0.0719649689021958,0,0,0,0,-9.6,102.28,2.9,58.12,-2.5
2018-01-02 06:21:00,1.17450051213508,0.0715760561792079,0,0,0,0,-9.6,102.076,2.9,58.036,-2.48
2018-01-02 06:22:00,1.17504889018437,0.07118714345622,0,0,0,0,-9.6,101.872,2.9,57.952,-2.46
2018-01-02 06:23:00,1.17559726823367,0.0707982307332321,0,0,0,0,-9.6,101.668,2.9,57.868,-2.44
2018-01-02 06:24:00,1.17614564628297,0.0704093180102442,0,0,0,0,-9.6,101.464,2.9,57.784,-2.42
2018-01-02 06:25:00,1.17669402433227,0.0700204052872562,0,0,0,0,-9.6,101.26,2.9,57.7,-2.4
2018-01-02 06:26:00,1.17724240238157,0.0704752973319117,0,0,0,0,-9.6,101.056,2.9,57.7,-2.4
2018-01-02 06:27:00,1.17779078043087,0.0709301893765671,0,0,0,0,-9.6,100.852,2.9,57.7,-2.4
2018-01-02 06:28:00,1.17833915848017,0.0713850814212225,0,0,0,0,-9.6,100.648,2.9,57.7,-2.4
2018-01-02 06:29:00,1.17888753652947,0.071839973465878,0,0,0,0,-9.6,100.444,2.9,57.7,-2.4
2018-01-02 06:30:00,1.17943591457877,0.0722948655105334,0,0,0,0,-9.6,100.24,2.9,57.7,-2.4
2018-01-02 06:31:00,1.17998429262807,0.0717791689211276,0,0,0,0,-9.62,100.038,2.9,57.65,-2.4
2018-01-02 06:32:00,1.18053267067737,0.0712634723317219,0,0,0,0,-9.64,99.836,2.9,57.6,-2.4
2018-01-02 06:33:00,1.18108104872667,0.0707477757423161,0,0,0,0,-9.66,99.634,2.9,57.55,-2.4
2018-01-02 06:34:00,1.18162942677597,0.0702320791529103,0,0,0,0,-9.68,99.432,2.9,57.5,-2.4
2018-01-02 06:35:00,1.18217780482527,0.0697163825635045,0,0,0,0,-9.7,99.23,2.9,57.45,-2.4
2018-01-02 06:36:00,1.18272618287457,0.0724186255794392,0,0,0,0,-9.7,99.028,2.9,57.45,-2.4
2018-01-02 06:37:00,1.18327456092387,0.0751208685953739,0,0,0,0,-9.7,98.826,2.9,57.45,-2.4
2018-01-02 06:38:00,1.18382293897317,0.0778231116113086,0,0,0,0,-9.7,98.624,2.9,57.45,-2.4
2018-01-02 06:39:00,1.18437131702247,0.0805253546272433,0,0,0,0,-9.7,98.422,2.9,57.45,-2.4
2018-01-02 06:40:00,1.18491969507177,0.0832275976431781,0,0,0,0,-9.7,98.22,2.9,57.45,-2.4
2018-01-02 06:41:00,1.18546807312107,0.0798478796411294,0,0,0,0,-9.7,98.018,2.9,57.45,-2.4
2018-01-02 06:42:00,1.18601645117037,0.0764681616390807,0,0,0,0,-9.7,97.816,2.9,57.45,-2.4
2018-01-02 06:43:00,1.18656482921967,0.073088443637032,0,0,0,0,-9.7,97.614,2.9,57.45,-2.4
2018-01-02 06:44:00,1.18711320726897,0.0697087256349833,0,0,0,0,-9.7,97.412,2.9,57.45,-2.4
2018-01-02 06:45:00,1.18766158531827,0.0663290076329347,0,0,0,0,-9.7,97.21,2.9,57.45,-2.4
2018-01-02 06:46:00,1.18820996336757,0.0670641691494769,0,0,0,0,-9.7,97.01,2.9,57.45,-2.4
2018-01-02 06:47:00,1.18875834141687,0.0677993306660191,0,0,0,0,-9.7,96.81,2.9,57.45,-2.4
2018-01-02 06:48:00,1.18930671946617,0.0685344921825613,0,0,0,0,-9.7,96.61,2.9,57.45,-2.4
2018-01-02 06:49:00,1.18985509751547,0.0692696536991035,0,0,0,0,-9.7,96.41,2.9,57.45,-2.4
2018-01-02 06:50:00,1.19040347556476,0.0700048152156457,0,0,0,0,-9.7,96.21,2.9,57.45,-2.4
2018-01-02 06:51:00,1.19095185361406,0.0710659429316392,0,0,0,0,-9.7,96.01,2.9,57.45,-2.4
2018-01-02 06:52:00,1.19150023166336,0.0721270706476327,0,0,0,0,-9.7,95.81,2.9,57.45,-2.4
2018-01-02 06:53:00,1.19204860971266,0.0731881983636262,0,0,0,0,-9.7,95.61,2.9,57.45,-2.4
2018-01-02 06:54:00,1.19259698776196,0.0742493260796197,0,0,0,0,-9.7,95.41,2.9,57.45,-2.4
2018-01-02 06:55:00,1.19314536581126,0.0753104537956132,0,0,0,0,-9.7,95.21,2.9,57.45,-2.4
2018-01-02 06:56:00,1.19369374386056,0.0751872495954298,0,0,0,0,-9.7,95.012,2.9,57.45,-2.4
2018-01-02 06:57:00,1.19424212190986,0.0750640453952464,0,0,0,0,-9.7,94.814,2.9,57.45,-2.4
2018-01-02 06:58:00,1.19479049995916,0.0749408411950629,0,0,0,0,-9.7,94.616,2.9,57.45,-2.4
2018-01-02 06:59:00,1.19533887800846,0.0748176369948795,0,0,0,0,-9.7,94.418,2.9,57.45,-2.4
2018-01-02 07:00:00,1.19588725605776,0.0746944327946961,0,0,0,0,-9.7,94.22,2.9,57.45,-2.4
2018-01-02 07:01:00,1.19613809992282,0.071914171801886,0,0,0,0,-9.7,94.022,2.9,57.364,-2.38
2018-01-02 07:02:00,1.19638894378789,0.069133910809076,0,0,0,0,-9.7,93.824,2.9,57.278,-2.36
2018-01-02 07:03:00,1.19663978765295,0.066353649816266,0,0,0,0,-9.7,93.626,2.9,57.192,-2.34
2018-01-02 07:04:00,1.19689063151801,0.063573388823456,0,0,0,0,-9.7,93.428,2.9,57.106,-2.32
2018-01-02 07:05:00,1.19714147538307,0.0607931278306459,0,0,0,0,-9.7,93.23,2.9,57.02,-2.3
2018-01-02 07:06:00,1.19739231924814,0.0623461340306522,0,0,0,0,-9.7,93.032,2.9,57.032,-2.3
2018-01-02 07:07:00,1.1976431631132,0.0638991402306584,0,0,0,0,-9.7,92.834,2.9,57.044,-2.3
2018-01-02 07:08:00,1.19789400697826,0.0654521464306646,0,0,0,0,-9.7,92.636,2.9,57.056,-2.3
2018-01-02 07:09:00,1.19814485084332,0.0670051526306708,0,0,0,0,-9.7,92.438,2.9,57.068,-2.3
2018-01-02 07:10:00,1.19839569470838,0.068558158830677,0,0,0,0,-9.7,92.24,2.9,57.08,-2.3
2018-01-02 07:11:00,1.19864653857345,0.0680972999114562,0,0,0,0,-9.7,92.044,2.9,56.996,-2.28
2018-01-02 07:12:00,1.19889738243851,0.0676364409922355,0,0,0,0,-9.7,91.848,2.9,56.912,-2.26
2018-01-02 07:13:00,1.19914822630357,0.0671755820730147,0,0,0,0,-9.7,91.652,2.9,56.828,-2.24
2018-01-02 07:14:00,1.19939907016863,0.0667147231537939,0,0,0,0,-9.7,91.456,2.9,56.744,-2.22
2018-01-02 07:15:00,1.1996499140337,0.0662538642345731,0,0,0,0,-9.7,91.26,2.9,56.66,-2.2
2018-01-02 07:16:00,1.19990075789876,0.0671053151720351,0,0,0,0,-9.7,90.952,2.9,56.66,-2.2
2018-01-02 07:17:00,1.20015160176382,0.067956766109497,0,0,0,0,-9.7,90.644,2.9,56.66,-2.2
2018-01-02 07:18:00,1.20040244562888,0.068808217046959,0,0,0,0,-9.7,90.336,2.9,56.66,-2.2
2018-01-02 07:19:00,1.20065328949395,0.0696596679844209,0,0,0,0,-9.7,90.028,2.9,56.66,-2.2
2018-01-02 07:20:00,1.20090413335901,0.0705111189218828,0,0,0,0,-9.7,89.72,2.9,56.66,-2.2
2018-01-02 07:21:00,1.20115497722407,0.0698042364401385,0,0.2,0,0.2,-9.7,89.556,2.9,56.576,-2.18
2018-01-02 07:22:00,1.20140582108913,0.0690973539583942,0,0.4,0,0.4,-9.7,89.392,2.9,56.492,-2.16
2018-01-02 07:23:00,1.2016566649542,0.0683904714766499,0,0.6,0,0.6,-9.7,89.228,2.9,56.408,-2.14
2018-01-02 07:24:00,1.20190750881926,0.0676835889949056,0,0.8,0,0.8,-9.7,89.064,2.9,56.324,-2.12
2018-01-02 07:25:00,1.20215835268432,0.0669767065131613,0,1,0,1,-9.7,88.9,2.9,56.24,-2.1
2018-01-02 07:26:00,1.20240919654938,0.0664048496513649,0,1.2,0,1.2,-9.7,88.726,2.9,56.24,-2.1
2018-01-02 07:27:00,1.20266004041444,0.0658329927895686,0,1.4,0,1.4,-9.7,88.552,2.9,56.24,-2.1
2018-01-02 07:28:00,1.20291088427951,0.0652611359277722,0,1.6,0,1.6,-9.7,88.378,2.9,56.24,-2.1
2018-01-02 07:29:00,1.20316172814457,0.0646892790659758,0,1.8,0,1.8,-9.7,88.204,2.9,56.24,-2.1
2018-01-02 07:30:00,1.20341257200963,0.0641174222041795,0,2,0,2,-9.7,88.03,2.9,56.24,-2.1
2018-01-02 07:31:00,1.20366341587469,0.0652275339846761,0,2.2,0,2.2,-9.74,87.85,2.9,55.964,-2.08
2018-01-02 07:32:00,1.20391425973976,0.0663376457651728,0,2.4,0,2.4,-9.78,87.67,2.9,55.688,-2.06
2018-01-02 07:33:00,1.20416510360482,0.0674477575456695,0,2.6,0,2.6,-9.82,87.49,2.9,55.412,-2.04
2018-01-02 07:34:00,1.20441594746988,0.0685578693261662,0,2.8,0,2.8,-9.86,87.31,2.9,55.136,-2.02
2018-01-02 07:35:00,1.20466679133494,0.0696679811066628,0,3,0,3,-9.9,87.13,2.9,54.86,-2
2018-01-02 07:36:00,1.20491763520001,0.0732541131227261,0,3,0,3,-9.9,86.948,2.92,54.778,-1.98
2018-01-02 07:37:00,1.20516847906507,0.0768402451387893,0,3,0,3,-9.9,86.766,2.94,54.696,-1.96
2018-01-02 07:38:00,1.20541932293013,0.0804263771548526,0,3,0,3,-9.9,86.584,2.96,54.614,-1.94
2018-01-02 07:39:00,1.20567016679519,0.0840125091709158,0,3,0,3,-9.9,86.402,2.98,54.532,-1.92
2018-01-02 07:40:00,1.20592101066026,0.087598641186979,0,3,0,3,-9.9,86.22,3,54.45,-1.9
2018-01-02 07:41:00,1.20617185452532,0.0874775864917407,0,3.2,0,3.2,-9.9,86.038,3,54.45,-1.9
2018-01-02 07:42:00,1.20642269839038,0.0873565317965024,0,3.4,0,3.4,-9.9,85.856,3,54.45,-1.9
2018-01-02 07:43:00,1.20667354225544,0.0872354771012641,0,3.6,0,3.6,-9.9,85.674,3,54.45,-1.9
2018-01-02 07:44:00,1.2069243861205,0.0871144224060257,0,3.8,0,3.8,-9.9,85.492,3,54.45,-1.9
2018-01-02 07:45:00,1.20717522998557,0.0869933677107874,0,4,0,4,-9.9,85.31,3,54.45,-1.9
2018-01-02 07:46:00,1.20742607385063,0.0855770678790844,0,4.2,0,4.2,-9.9,85.126,3,54.37,-1.88
2018-01-02 07:47:00,1.20767691771569,0.0841607680473813,0,4.4,0,4.4,-9.9,84.942,3,54.29,-1.86
2018-01-02 07:48:00,1.20792776158075,0.0827444682156783,0,4.6,0,4.6,-9.9,84.758,3,54.21,-1.84
2018-01-02 07:49:00,1.20817860544582,0.0813281683839752,0,4.8,0,4.8,-9.9,84.574,3,54.13,-1.82
2018-01-02 07:50:00,1.20842944931088,0.0799118685522722,0,5,0,5,-9.9,84.39,3,54.05,-1.8
2018-01-02 07:51:00,1.20868029317594,0.0778230640754754,0,5.2,0,5.2,-9.9,84.208,3,54.05,-1.8
2018-01-02 07:52:00,1.208931137041,0.0757342595986787,0,5.4,0,5.4,-9.9,84.026,3,54.05,-1.8
2018-01-02 07:53:00,1.20918198090607,0.0736454551218819,0,5.6,0,5.6,-9.9,83.844,3,54.05,-1.8
2018-01-02 07:54:00,1.20943282477113,0.0715566506450852,0,5.8,0,5.8,-9.9,83.662,3,54.05,-1.8
2018-01-02 07:55:00,1.20968366863619,0.0694678461682884,0,6,0,6,-9.9,83.48,3,54.05,-1.8
2018-01-02 07:56:00,1.20993451250125,0.073352702178602,0,6,0,6,-9.9,83.298,3,53.972,-1.78
2018-01-02 07:57:00,1.21018535636632,0.0772375581889155,0,6,0,6,-9.9,83.116,3,53.894,-1.76
2018-01-02 07:58:00,1.21043620023138,0.081122414199229,0,6,0,6,-9.9,82.934,3,53.816,-1.74
2018-01-02 07:59:00,1.21068704409644,0.0850072702095426,0,6,0,6,-9.9,82.752,3,53.738,-1.72
2018-01-02 08:00:00,1.2109378879615,0.0888921262198561,0,6,0,6,-9.9,82.57,3,53.66,-1.7
2018-01-02 08:01:00,1.21125210207851,0.0859623881885716,0.0001245115,6.2,0,6.2,-9.9,82.388,3,53.66,-1.7
2018-01-02 08:02:00,1.21156631619552,0.0830326501572871,0.000249023,6.4,0,6.4,-9.9,82.206,3,53.66,-1.7
2018-01-02 08:03:00,1.21188053031252,0.0801029121260026,0.0003735345,6.6,0,6.6,-9.9,82.024,3,53.66,-1.7
2018-01-02 08:04:00,1.21219474442953,0.077173174094718,0.000498046,6.8,0,6.8,-9.9,81.842,3,53.66,-1.7
2018-01-02 08:05:00,1.21250895854654,0.0742434360634335,0.0006225575,7,0,7,-9.9,81.66,3,53.66,-1.7
2018-01-02 08:06:00,1.21282317266354,0.0755052108946761,0.000795773,7.2,0,7.2,-9.9,81.48,3,53.582,-1.68
2018-01-02 08:07:00,1.21313738678055,0.0767669857259187,0.0009689885,7.4,0,7.4,-9.9,81.3,3,53.504,-1.66
2018-01-02 08:08:00,1.21345160089756,0.0780287605571613,0.001142204,7.6,0,7.6,-9.9,81.12,3,53.426,-1.64
2018-01-02 08:09:00,1.21376581501456,0.0792905353884039,0.0013154195,7.8,0,7.8,-9.9,80.94,3,53.348,-1.62
2018-01-02 08:10:00,1.21408002913157,0.0805523102196465,0.001488635,8,0,8,-9.9,80.76,3,53.27,-1.6
2018-01-02 08:11:00,1.21439424324858,0.0823819331561983,0.0016614695,8.2,0,8.2,-9.9,80.58,3,53.192,-1.58
2018-01-02 08:12:00,1.21470845736558,0.0842115560927501,0.001834304,8.4,0,8.4,-9.9,80.4,3,53.114,-1.56
2018-01-02 08:13:00,1.21502267148259,0.0860411790293018,0.0020071385,8.6,0,8.6,-9.9,80.22,3,53.036,-1.54
2018-01-02 08:14:00,1.2153368855996,0.0878708019658536,0.002179973,8.8,0,8.8,-9.9,80.04,3,52.958,-1.52
2018-01-02 08:15:00,1.2156510997166,0.0897004249024054,0.0023528075,9,0,9,-9.9,79.86,3,52.88,-1.5
2018-01-02 08:16:00,1.21596531383361,0.0878893136741497,0.002525361,9.2,0,9.2,-9.9,79.682,3,52.802,-1.48
2018-01-02 08:17:00,1.21627952795062,0.086078202445894,0.0026979145,9.4,0,9.4,-9.9,79.504,3,52.724,-1.46
2018-01-02 08:18:00,1.21659374206762,0.0842670912176382,0.002870468,9.6,0,9.6,-9.9,79.326,3,52.646,-1.44
2018-01-02 08:19:00,1.21690795618463,0.0824559799893825,0.0030430215,9.8,0,9.8,-9.9,79.148,3,52.568,-1.42
2018-01-02 08:20:00,1.21722217030164,0.0806448687611268,0.003215575,10,0,10,-9.9,78.97,3,52.49,-1.4
2018-01-02 08:21:00,1.21753638441864,0.0791311804988412,0.00338811,10.2,0,10.2,-9.9,78.792,3,52.49,-1.4
2018-01-02 08:22:00,1.21785059853565,0.0776174922365556,0.003560645,10.4,0,10.4,-9.9,78.614,3,52.49,-1.4
2018-01-02 08:23:00,1.21816481265266,0.07610380397427,0.00373318,10.6,0,10.6,-9.9,78.436,3,52.49,-1.4
2018-01-02 08:24:00,1.21847902676966,0.0745901157119844,0.003905715,10.8,0,10.8,-9.9,78.258,3,52.49,-1.4
2018-01-02 08:25:00,1.21879324088667,0.0730764274496988,0.00407825,11,0,11,-9.9,78.08,3,52.49,-1.4
2018-01-02 08:26:00,1.21910745500368,0.0751243489985645,0.01028585,18.4,0,18.4,-9.9,77.906,3,52.414,-1.38
2018-01-02 08:27:00,1.21942166912068,0.0771722705474303,0.01649345,25.8,0,25.8,-9.9,77.732,3,52.338,-1.36
2018-01-02 08:28:00,1.21973588323769,0.0792201920962961,0.02270105,33.2,0,33.2,-9.9,77.558,3,52.262,-1.34
2018-01-02 08:29:00,1.2200500973547,0.0812681136451618,0.02890865,40.6,0,40.6,-9.9,77.384,3,52.186,-1.32
2018-01-02 08:30:00,1.2203643114717,0.0833160351940276,0.03511625,48,0,48,-9.9,77.21,3,52.11,-1.3
2018-01-02 08:31:00,1.22067852558871,0.0816090783440035,0.029249195,41,0,41,-9.92,77.036,3,51.922,-1.28
2018-01-02 08:32:00,1.22099273970572,0.0799021214939795,0.02338214,34,0,34,-9.94,76.862,3,51.734,-1.26
2018-01-02 08:33:00,1.22130695382272,0.0781951646439554,0.017515085,27,0,27,-9.96,76.688,3,51.546,-1.24
2018-01-02 08:34:00,1.22162116793973,0.0764882077939314,0.01164803,20,0,20,-9.98,76.514,3,51.358,-1.22
2018-01-02 08:35:00,1.22193538205674,0.0747812509439073,0.005780975,13,0,13,-10,76.34,3,51.17,-1.2
2018-01-02 08:36:00,1.22224959617374,0.0760932662205204,0.00595289,13.2,0,13.2,-10,76.168,3,51.084,-1.18
2018-01-02 08:37:00,1.22256381029075,0.0774052814971335,0.006124805,13.4,0,13.4,-10,75.996,3,50.998,-1.16
2018-01-02 08:38:00,1.22287802440776,0.0787172967737466,0.00629672,13.6,0,13.6,-10,75.824,3,50.912,-1.14
2018-01-02 08:39:00,1.22319223852476,0.0800293120503597,0.006468635,13.8,0,13.8,-10,75.652,3,50.826,-1.12
2018-01-02 08:40:00,1.22350645264177,0.0813413273269728,0.00664055,14,0,14,-10,75.48,3,50.74,-1.1
2018-01-02 08:41:00,1.22382066675878,0.0794654833454769,0.006811515,14.2,0,14.2,-10,75.308,3,50.74,-1.1
2018-01-02 08:42:00,1.22413488087578,0.077589639363981,0.00698248,14.4,0,14.4,-10,75.136,3,50.74,-1.1
2018-01-02 08:43:00,1.22444909499279,0.0757137953824852,0.007153445,14.6,0,14.6,-10,74.964,3,50.74,-1.1
2018-01-02 08:44:00,1.2247633091098,0.0738379514009893,0.00732441,14.8,0,14.8,-10,74.792,3,50.74,-1.1
2018-01-02 08:45:00,1.2250775232268,0.0719621074194935,0.007495375,15,0,15,-10,74.62,3,50.74,-1.1
2018-01-02 08:46:00,1.22539173734381,0.0708722052876352,0.009515025,17.4,0,17.4,-10,74.452,3,50.666,-1.08
2018-01-02 08:47:00,1.22570595146082,0.0697823031557769,0.011534675,19.8,0,19.8,-10,74.284,3,50.592,-1.06
2018-01-02 08:48:00,1.22602016557782,0.0686924010239187,0.013554325,22.2,0,22.2,-10,74.116,3,50.518,-1.04
2018-01-02 08:49:00,1.22633437969483,0.0676024988920604,0.015573975,24.6,0,24.6,-10,73.948,3,50.444,-1.02
2018-01-02 08:50:00,1.22664859381184,0.0665125967602021,0.017593625,27,0,27,-10,73.78,3,50.37,-1
2018-01-02 08:51:00,1.22696280792884,0.0691757361995067,0.0273544,38.2,0,38.2,-10,73.614,3,50.298,-0.98
2018-01-02 08:52:00,1.22727702204585,0.0718388756388113,0.037115175,49.4,0,49.4,-10,73.448,3,50.226,-0.96
2018-01-02 08:53:00,1.22759123616286,0.0745020150781159,0.04687595,60.6,0,60.6,-10,73.282,3,50.154,-0.94
2018-01-02 08:54:00,1.22790545027986,0.0771651545174204,0.056636725,71.8,0,71.8,-10,73.116,3,50.082,-0.92
2018-01-02 08:55:00,1.22821966439687,0.079828293956725,0.0663975,83,0,83,-10,72.95,3,50.01,-0.9
2018-01-02 08:56:00,1.22853387851388,0.0796697988504888,0.0727326,88.8,2,89.4,-10,72.784,3,49.936,-0.88
2018-01-02 08:57:00,1.22884809263088,0.0795113037442525,0.0790677,94.6,4,95.8,-10,72.618,3,49.862,-0.86
2018-01-02 08:58:00,1.22916230674789,0.0793528086380163,0.0854028,100.4,6,102.2,-10,72.452,3,49.788,-0.84
2018-01-02 08:59:00,1.2294765208649,0.0791943135317801,0.0917379,106.2,8,108.6,-10,72.286,3,49.714,-0.82
2018-01-02 09:00:00,1.2297907349819,0.0790358184255438,0.098073,112,10,115,-10,72.12,3,49.64,-0.8
2018-01-02 09:01:00,1.23002263706528,0.0786894414040776,0.0868116,100.8,8,103.2,-10,71.958,3,49.64,-0.8
2018-01-02 09:02:00,1.23025453914865,0.0783430643826115,0.0755502,89.6,6,91.4,-10,71.796,3,49.64,-0.8
2018-01-02 09:03:00,1.23048644123203,0.0779966873611453,0.0642888,78.4,4,79.6,-10,71.634,3,49.64,-0.8
2018-01-02 09:04:00,1.23071834331541,0.0776503103396791,0.0530274,67.2,2,67.8,-10,71.472,3,49.64,-0.8
2018-01-02 09:05:00,1.23095024539878,0.0773039333182129,0.041766,56,0,56,-10,71.31,3,49.64,-0.8
2018-01-02 09:06:00,1.23118214748216,0.077261595688137,0.04686025,61.8,0,61.8,-10,71.15,3,49.568,-0.78
2018-01-02 09:07:00,1.23141404956553,0.0772192580580611,0.0519545,67.6,0,67.6,-10,70.99,3,49.496,-0.76
2018-01-02 09:08:00,1.23164595164891,0.0771769204279851,0.05704875,73.4,0,73.4,-10,70.83,3,49.424,-0.74
2018-01-02 09:09:00,1.23187785373228,0.0771345827979092,0.062143,79.2,0,79.2,-10,70.67,3,49.352,-0.72
2018-01-02 09:10:00,1.23210975581566,0.0770922451678332,0.06723725,85,0,85,-10,70.51,3,49.28,-0.7
2018-01-02 09:11:00,1.23234165789904,0.0795900113417768,0.070671,88.8,0,88.8,-10,70.35,3,49.208,-0.68
2018-01-02 09:12:00,1.23257355998241,0.0820877775157203,0.07410475,92.6,0,92.6,-10,70.19,3,49.136,-0.66
2018-01-02 09:13:00,1.23280546206579,0.0845855436896639,0.0775385,96.4,0,96.4,-10,70.03,3,49.064,-0.64
2018-01-02 09:14:00,1.23303736414916,0.0870833098636075,0.08097225,100.2,0,100.2,-10,69.87,3,48.992,-0.62
2018-01-02 09:15:00,1.23326926623254,0.089581076037551,0.084406,104,0,104,-10,69.71,3,48.92,-0.6
2018-01-02 09:16:00,1.23350116831591,0.0877169213707802,0.0826749,102.2,0,102.2,-10,69.554,3,48.85,-0.58
2018-01-02 09:17:00,1.23373307039929,0.0858527667040094,0.0809438,100.4,0,100.4,-10,69.398,3,48.78,-0.56
2018-01-02 09:18:00,1.23396497248267,0.0839886120372386,0.0792127,98.6,0,98.6,-10,69.242,3,48.71,-0.54
2018-01-02 09:19:00,1.23419687456604,0.0821244573704678,0.0774816,96.8,0,96.8,-10,69.086,3,48.64,-0.52
2018-01-02 09:20:00,1.23442877664942,0.080260302703697,0.0757505,95,0,95,-10,68.93,3,48.57,-0.5
2018-01-02 09:21:00,1.23466067873279,0.0794338313572084,0.07660705,96,0,96,-10,68.778,3,48.5,-0.48
2018-01-02 09:22:00,1.23489258081617,0.0786073600107199,0.0774636,97,0,97,-10,68.626,3,48.43,-0.46
2018-01-02 09:23:00,1.23512448289954,0.0777808886642313,0.07832015,98,0,98,-10,68.474,3,48.36,-0.44
2018-01-02 09:24:00,1.23535638498292,0.0769544173177428,0.0791767,99,0,99,-10,68.322,3,48.29,-0.42
2018-01-02 09:25:00,1.2355882870663,0.0761279459712542,0.08003325,100,0,100,-10,68.17,3,48.22,-0.4
2018-01-02 09:26:00,1.23582018914967,0.0757088423958117,0.067508045,85.4,0,85.4,-10,68.018,3,48.22,-0.4
2018-01-02 09:27:00,1.23605209123305,0.0752897388203691,0.05498284,70.8,0,70.8,-10,67.866,3,48.22,-0.4
2018-01-02 09:28:00,1.23628399331642,0.0748706352449266,0.042457635,56.2,0,56.2,-10,67.714,3,48.22,-0.4
2018-01-02 09:29:00,1.2365158953998,0.0744515316694841,0.02993243,41.6,0,41.6,-10,67.562,3,48.22,-0.4
2018-01-02 09:30:00,1.23674779748317,0.0740324280940415,0.017407225,27,0,27,-10,67.41,3,48.22,-0.4
2018-01-02 09:31:00,1.23697969956655,0.0757231026476591,0.02443083,35.4,0,35.4,-10,67.262,3,48.182,-0.38
2018-01-02 09:32:00,1.23721160164993,0.0774137772012767,0.031454435,43.8,0,43.8,-10,67.114,3,48.144,-0.36
2018-01-02 09:33:00,1.2374435037333,0.0791044517548943,0.03847804,52.2,0,52.2,-10,66.966,3,48.106,-0.34
2018-01-02 09:34:00,1.23767540581668,0.080795126308512,0.045501645,60.6,0,60.6,-10,66.818,3,48.068,-0.32
2018-01-02 09:35:00,1.23790730790005,0.0824858008621296,0.05252525,69,0,69,-10,66.67,3,48.03,-0.3
2018-01-02 09:36:00,1.23813920998343,0.0815501673270157,0.04967425,65.6,0,65.6,-10,66.524,3,47.96,-0.28
2018-01-02 09:37:00,1.2383711120668,0.0806145337919018,0.04682325,62.2,0,62.2,-10,66.378,3,47.89,-0.26
2018-01-02 09:38:00,1.23860301415018,0.0796789002567879,0.04397225,58.8,0,58.8,-10,66.232,3,47.82,-0.24
2018-01-02 09:39:00,1.23883491623356,0.078743266721674,0.04112125,55.4,0,55.4,-10,66.086,3,47.75,-0.22
2018-01-02 09:40:00,1.23906681831693,0.0778076331865601,0.03827025,52,0,52,-10,65.94,3,47.68,-0.2
2018-01-02 09:41:00,1.23929872040031,0.0785159228566982,0.04400545,58.8,0,58.8,-10,65.796,3,47.61,-0.18
2018-01-02 09:42:00,1.23953062248368,0.0792242125268364,0.04974065,65.6,0,65.6,-10,65.652,3,47.54,-0.16
2018-01-02 09:43:00,1.23976252456706,0.0799325021969745,0.05547585,72.4,0,72.4,-10,65.508,3,47.47,-0.14
2018-01-02 09:44:00,1.23999442665043,0.0806407918671127,0.06121105,79.2,0,79.2,-10,65.364,3,47.4,-0.12
2018-01-02 09:45:00,1.24022632873381,0.0813490815372508,0.06694625,86,0,86,-10,65.22,3,47.33,-0.1
2018-01-02 09:46:00,1.24045823081718,0.0802756946768936,0.057695045,75,0,75,-10,65.08,3,47.262,-0.08
2018-01-02 09:47:00,1.24069013290056,0.0792023078165363,0.04844384,64,0,64,-10,64.94,3,47.194,-0.06
2018-01-02 09:48:00,1.24092203498394,0.0781289209561791,0.039192635,53,0,53,-10,64.8,3,47.126,-0.04
2018-01-02 09:49:00,1.24115393706731,0.0770555340958218,0.02994143,42,0,42,-10,64.66,3,47.058,-0.02
2018-01-02 09:50:00,1.24138583915069,0.0759821472354646,0.020690225,31,0,31,-10,64.52,3,46.99,0
2018-01-02 09:51:00,1.24161774123406,0.0764848556864674,0.02518913,36.4,0,36.4,-10,64.382,3,46.99,0
2018-01-02 09:52:00,1.24184964331744,0.0769875641374703,0.029688035,41.8,0,41.8,-10,64.244,3,46.99,0
2018-01-02 09:53:00,1.24208154540081,0.0774902725884731,0.03418694,47.2,0,47.2,-10,64.106,3,46.99,0
2018-01-02 09:54:00,1.24231344748419,0.077992981039476,0.038685845,52.6,0,52.6,-10,63.968,3,46.99,0
2018-01-02 09:55:00,1.24254534956757,0.0784956894904789,0.04318475,58,0,58,-10,63.83,3,46.99,0
2018-01-02 09:56:00,1.24277725165094,0.0752887564878205,0.044005,59,0,59,-10,63.696,2.98,46.922,0.02
2018-01-02 09:57:00,1.24300915373432,0.0720818234851621,0.04482525,60,0,60,-10,63.562,2.96,46.854,0.04
2018-01-02 09:58:00,1.24324105581769,0.0688748904825037,0.0456455,61,0,61,-10,63.428,2.94,46.786,0.06
2018-01-02 09:59:00,1.24347295790107,0.0656679574798453,0.04646575,62,0,62,-10,63.294,2.92,46.718,0.08
2018-01-02 10:00:00,1.24370485998444,0.0624610244771869,0.047286,63,0,63,-10,63.16,2.9,46.65,0.1
2018-01-02 10:01:00,1.24358708734259,0.063051740618608,0.0549711,72,0,72,-10,63.028,2.9,46.584,0.12
2018-01-02 10:02:00,1.24346931470074,0.0636424567600291,0.0626562,81,0,81,-10,62.896,2.9,46.518,0.14
2018-01-02 10:03:00,1.24335154205889,0.0642331729014502,0.0703413,90,0,90,-10,62.764,2.9,46.452,0.16
2018-01-02 10:04:00,1.24323376941704,0.0648238890428714,0.0780264,99,0,99,-10,62.632,2.9,46.386,0.18
2018-01-02 10:05:00,1.24311599677519,0.0654146051842925,0.0857115,108,0,108,-10,62.5,2.9,46.32,0.2
2018-01-02 10:06:00,1.24299822413334,0.0661021536760998,0.097125,119.6,1.6,120.4,-10,62.372,2.9,46.252,0.22
2018-01-02 10:07:00,1.24288045149149,0.0667897021679071,0.1085385,131.2,3.2,132.8,-10,62.244,2.9,46.184,0.24
2018-01-02 10:08:00,1.24276267884964,0.0674772506597144,0.119952,142.8,4.8,145.2,-10,62.116,2.9,46.116,0.26
2018-01-02 10:09:00,1.24264490620779,0.0681647991515217,0.1313655,154.4,6.4,157.6,-10,61.988,2.9,46.048,0.28
2018-01-02 10:10:00,1.24252713356594,0.068852347643329,0.142779,166,8,170,-10,61.86,2.9,45.98,0.3
2018-01-02 10:11:00,1.24240936092409,0.0682883703063266,0.1299921,153,6.4,156.2,-10,61.736,2.9,45.914,0.32
2018-01-02 10:12:00,1.24229158828224,0.0677243929693243,0.1172052,140,4.8,142.4,-10,61.612,2.9,45.848,0.34
2018-01-02 10:13:00,1.24217381564039,0.067160415632322,0.1044183,127,3.2,128.6,-10,61.488,2.9,45.782,0.36
2018-01-02 10:14:00,1.24205604299854,0.0665964382953197,0.0916314,114,1.6,114.8,-10,61.364,2.9,45.716,0.38
2018-01-02 10:15:00,1.24193827035669,0.0660324609583174,0.0788445,101,0,101,-10,61.24,2.9,45.65,0.4
2018-01-02 10:16:00,1.24182049771484,0.067408288599881,0.08110385,103.6,0,103.6,-10,61.118,2.9,45.584,0.42
2018-01-02 10:17:00,1.24170272507299,0.0687841162414446,0.0833632,106.2,0,106.2,-10,60.996,2.9,45.518,0.44
2018-01-02 10:18:00,1.24158495243114,0.0701599438830082,0.08562255,108.8,0,108.8,-10,60.874,2.9,45.452,0.46
2018-01-02 10:19:00,1.24146717978929,0.0715357715245719,0.0878819,111.4,0,111.4,-10,60.752,2.9,45.386,0.48
2018-01-02 10:20:00,1.24134940714744,0.0729115991661355,0.09014125,114,0,114,-10,60.63,2.9,45.32,0.5
2018-01-02 10:21:00,1.24123163450559,0.0713910653343481,0.10059235,125,1,125.4,-10,60.512,2.9,45.256,0.52
2018-01-02 10:22:00,1.24111386186374,0.0698705315025607,0.11104345,136,2,136.8,-10,60.394,2.9,45.192,0.54
2018-01-02 10:23:00,1.24099608922189,0.0683499976707733,0.12149455,147,3,148.2,-10,60.276,2.9,45.128,0.56
2018-01-02 10:24:00,1.24087831658004,0.066829463838986,0.13194565,158,4,159.6,-10,60.158,2.9,45.064,0.58
2018-01-02 10:25:00,1.24076054393819,0.0653089300071986,0.14239675,169,5,171,-10,60.04,2.9,45,0.6
2018-01-02 10:26:00,1.24064277129634,0.0633039799506736,0.1365843,163.4,4,165,-10,59.926,2.88,44.934,0.62
2018-01-02 10:27:00,1.24052499865449,0.0612990298941486,0.13077185,157.8,3,159,-10,59.812,2.86,44.868,0.64
2018-01-02 10:28:00,1.24040722601264,0.0592940798376236,0.1249594,152.2,2,153,-10,59.698,2.84,44.802,0.66
2018-01-02 10:29:00,1.24028945337079,0.0572891297810986,0.11914695,146.6,1,147,-10,59.584,2.82,44.736,0.68
2018-01-02 10:30:00,1.24017168072894,0.0552841797245736,0.1133345,141,0,141,-10,59.47,2.8,44.67,0.7
2018-01-02 10:31:00,1.24005390808709,0.0579963036110441,0.1029528,129,0,129,-9.98,59.36,2.8,44.742,0.7
2018-01-02 10:32:00,1.23993613544524,0.0607084274975146,0.0925711,117,0,117,-9.96,59.25,2.8,44.814,0.7
2018-01-02 10:33:00,1.23981836280338,0.0634205513839851,0.0821894,105,0,105,-9.94,59.14,2.8,44.886,0.7
2018-01-02 10:34:00,1.23970059016153,0.0661326752704556,0.0718077,93,0,93,-9.92,59.03,2.8,44.958,0.7
2018-01-02 10:35:00,1.23958281751968,0.0688447991569261,0.061426,81,0,81,-9.9,58.92,2.8,45.03,0.7
2018-01-02 10:36:00,1.23946504487783,0.0668218035260027,0.06177435,81.4,0,81.4,-9.9,58.814,2.8,44.966,0.72
2018-01-02 10:37:00,1.23934727223598,0.0647988078950793,0.0621227,81.8,0,81.8,-9.9,58.708,2.8,44.902,0.74
2018-01-02 10:38:00,1.23922949959413,0.0627758122641559,0.06247105,82.2,0,82.2,-9.9,58.602,2.8,44.838,0.76
2018-01-02 10:39:00,1.23911172695228,0.0607528166332325,0.0628194,82.6,0,82.6,-9.9,58.496,2.8,44.774,0.78
2018-01-02 10:40:00,1.23899395431043,0.0587298210023091,0.06316775,83,0,83,-9.9,58.39,2.8,44.71,0.8
2018-01-02 10:41:00,1.23887618166858,0.0592074080192178,0.06672625,87.2,0,87.2,-9.9,58.286,2.8,44.646,0.82
2018-01-02 10:42:00,1.23875840902673,0.0596849950361266,0.07028475,91.4,0,91.4,-9.9,58.182,2.8,44.582,0.84
2018-01-02 10:43:00,1.23864063638488,0.0601625820530353,0.07384325,95.6,0,95.6,-9.9,58.078,2.8,44.518,0.86
2018-01-02 10:44:00,1.23852286374303,0.060640169069944,0.07740175,99.8,0,99.8,-9.9,57.974,2.8,44.454,0.88
2018-01-02 10:45:00,1.23840509110118,0.0611177560868527,0.08096025,104,0,104,-9.9,57.87,2.8,44.39,0.9
2018-01-02 10:46:00,1.23828731845933,0.0616656243121398,0.08404165,107.6,0,107.6,-9.9,57.772,2.8,44.326,0.92
2018-01-02 10:47:00,1.23816954581748,0.062213492537427,0.08712305,111.2,0,111.2,-9.9,57.674,2.8,44.262,0.94
2018-01-02 10:48:00,1.23805177317563,0.0627613607627141,0.09020445,114.8,0,114.8,-9.9,57.576,2.8,44.198,0.96
2018-01-02 10:49:00,1.23793400053378,0.0633092289880012,0.09328585,118.4,0,118.4,-9.9,57.478,2.8,44.134,0.98
2018-01-02 10:50:00,1.23781622789193,0.0638570972132884,0.09636725,122,0,122,-9.9,57.38,2.8,44.07,1
2018-01-02 10:51:00,1.23769845525008,0.061704023492118,0.0932277,118.4,0,118.4,-9.9,57.286,2.78,44.008,1.02
2018-01-02 10:52:00,1.23758068260823,0.0595509497709477,0.09008815,114.8,0,114.8,-9.9,57.192,2.76,43.946,1.04
2018-01-02 10:53:00,1.23746290996638,0.0573978760497774,0.0869486,111.2,0,111.2,-9.9,57.098,2.74,43.884,1.06
2018-01-02 10:54:00,1.23734513732453,0.055244802328607,0.08380905,107.6,0,107.6,-9.9,57.004,2.72,43.822,1.08
2018-01-02 10:55:00,1.23722736468268,0.0530917286074367,0.0806695,104,0,104,-9.9,56.91,2.7,43.76,1.1
2018-01-02 10:56:00,1.23710959204083,0.0526141289957187,0.08168315,105.2,0,105.2,-9.9,56.82,2.7,43.696,1.12
2018-01-02 10:57:00,1.23699181939898,0.0521365293840007,0.0826968,106.4,0,106.4,-9.9,56.73,2.7,43.632,1.14
2018-01-02 10:58:00,1.23687404675713,0.0516589297722826,0.08371045,107.6,0,107.6,-9.9,56.64,2.7,43.568,1.16
2018-01-02 10:59:00,1.23675627411528,0.0511813301605646,0.0847241,108.8,0,108.8,-9.9,56.55,2.7,43.504,1.18
2018-01-02 11:00:00,1.23663850147343,0.0507037305488465,0.08573775,110,0,110,-9.9,56.46,2.7,43.44,1.2
2018-01-02 11:01:00,1.23639336119325,0.0516928853655711,0.0850335,109.2,0,109.2,-9.9,56.376,2.7,43.378,1.22
2018-01-02 11:02:00,1.23614822091308,0.0526820401822957,0.08432925,108.4,0,108.4,-9.9,56.292,2.7,43.316,1.24
2018-01-02 11:03:00,1.2359030806329,0.0536711949990203,0.083625,107.6,0,107.6,-9.9,56.208,2.7,43.254,1.26
2018-01-02 11:04:00,1.23565794035273,0.0546603498157449,0.08292075,106.8,0,106.8,-9.9,56.124,2.7,43.192,1.28
2018-01-02 11:05:00,1.23541280007255,0.0556495046324695,0.0822165,106,0,106,-9.9,56.04,2.7,43.13,1.3
2018-01-02 11:06:00,1.23516765979238,0.0536153323894461,0.0901627,115.2,0,115.2,-9.9,55.958,2.7,43.13,1.3
2018-01-02 11:07:00,1.2349225195122,0.0515811601464226,0.0981089,124.4,0,124.4,-9.9,55.876,2.7,43.13,1.3
2018-01-02 11:08:00,1.23467737923203,0.0495469879033992,0.1060551,133.6,0,133.6,-9.9,55.794,2.7,43.13,1.3
2018-01-02 11:09:00,1.23443223895185,0.0475128156603757,0.1140013,142.8,0,142.8,-9.9,55.712,2.7,43.13,1.3
2018-01-02 11:10:00,1.23418709867168,0.0454786434173523,0.1219475,152,0,152,-9.9,55.63,2.7,43.13,1.3
2018-01-02 11:11:00,1.2339419583915,0.045744556088453,0.13252245,162,2.4,163.4,-9.9,55.554,2.68,43.068,1.32
2018-01-02 11:12:00,1.23369681811133,0.0460104687595536,0.1430974,172,4.8,174.8,-9.9,55.478,2.66,43.006,1.34
2018-01-02 11:13:00,1.23345167783115,0.0462763814306543,0.15367235,182,7.2,186.2,-9.9,55.402,2.64,42.944,1.36
2018-01-02 11:14:00,1.23320653755098,0.0465422941017549,0.1642473,192,9.6,197.6,-9.9,55.326,2.62,42.882,1.38
2018-01-02 11:15:00,1.2329613972708,0.0468082067728556,0.17482225,202,12,209,-9.9,55.25,2.6,42.82,1.4
2018-01-02 11:16:00,1.23271625699063,0.0465948656048635,0.17721405,204,13,211.6,-9.9,55.178,2.6,42.76,1.42
2018-01-02 11:17:00,1.23247111671045,0.0463815244368714,0.17960585,206,14,214.2,-9.9,55.106,2.6,42.7,1.44
2018-01-02 11:18:00,1.23222597643027,0.0461681832688793,0.18199765,208,15,216.8,-9.9,55.034,2.6,42.64,1.46
2018-01-02 11:19:00,1.2319808361501,0.0459548421008872,0.18438945,210,16,219.4,-9.9,54.962,2.6,42.58,1.48
2018-01-02 11:20:00,1.23173569586992,0.0457415009328951,0.18678125,212,17,222,-9.9,54.89,2.6,42.52,1.5
2018-01-02 11:21:00,1.23149055558975,0.0467103167416858,0.17890715,205.6,14.2,214,-9.9,54.824,2.6,42.46,1.52
2018-01-02 11:22:00,1.23124541530957,0.0476791325504764,0.17103305,199.2,11.4,206,-9.9,54.758,2.6,42.4,1.54
2018-01-02 11:23:00,1.2310002750294,0.0486479483592671,0.16315895,192.8,8.6,198,-9.9,54.692,2.6,42.34,1.56
2018-01-02 11:24:00,1.23075513474922,0.0496167641680578,0.15528485,186.4,5.8,190,-9.9,54.626,2.6,42.28,1.58
2018-01-02 11:25:00,1.23050999446905,0.0505855799768484,0.14741075,180,3,182,-9.9,54.56,2.6,42.22,1.6
2018-01-02 11:26:00,1.23026485418887,0.048614910679172,0.1398224,171.8,2.4,173.4,-9.9,54.498,2.58,42.212,1.6
2018-01-02 11:27:00,1.2300197139087,0.0466442413814956,0.13223405,163.6,1.8,164.8,-9.9,54.436,2.56,42.204,1.6
2018-01-02 11:28:00,1.22977457362852,0.0446735720838192,0.1246457,155.4,1.2,156.2,-9.9,54.374,2.54,42.196,1.6
2018-01-02 11:29:00,1.22952943334835,0.0427029027861428,0.11705735,147.2,0.6,147.6,-9.9,54.312,2.52,42.188,1.6
2018-01-02 11:30:00,1.22928429306817,0.0407322334884664,0.109469,139,0,139,-9.9,54.25,2.5,42.18,1.6
2018-01-02 11:31:00,1.229039152788,0.0406903712029943,0.10949685,139,0,139,-9.86,54.192,2.5,42.234,1.62
2018-01-02 11:32:00,1.22879401250782,0.0406485089175222,0.1095247,139,0,139,-9.82,54.134,2.5,42.288,1.64
2018-01-02 11:33:00,1.22854887222765,0.0406066466320501,0.10955255,139,0,139,-9.78,54.076,2.5,42.342,1.66
2018-01-02 11:34:00,1.22830373194747,0.0405647843465779,0.1095804,139,0,139,-9.74,54.018,2.5,42.396,1.68
2018-01-02 11:35:00,1.2280585916673,0.0405229220611058,0.10960825,139,0,139,-9.7,53.96,2.5,42.45,1.7
2018-01-02 11:36:00,1.22781345138712,0.04119412262467,0.1111645,140.8,0,140.8,-9.7,53.91,2.5,42.39,1.72
2018-01-02 11:37:00,1.22756831110695,0.0418653231882341,0.11272075,142.6,0,142.6,-9.7,53.86,2.5,42.33,1.74
2018-01-02 11:38:00,1.22732317082677,0.0425365237517983,0.114277,144.4,0,144.4,-9.7,53.81,2.5,42.27,1.76
2018-01-02 11:39:00,1.2270780305466,0.0432077243153625,0.11583325,146.2,0,146.2,-9.7,53.76,2.5,42.21,1.78
2018-01-02 11:40:00,1.22683289026642,0.0438789248789266,0.1173895,148,0,148,-9.7,53.71,2.5,42.15,1.8
2018-01-02 11:41:00,1.22658774998625,0.044021123371135,0.1168555,147.4,0,147.4,-9.7,53.662,2.5,42.09,1.82
2018-01-02 11:42:00,1.22634260970607,0.0441633218633435,0.1163215,146.8,0,146.8,-9.7,53.614,2.5,42.03,1.84
2018-01-02 11:43:00,1.2260974694259,0.0443055203555519,0.1157875,146.2,0,146.2,-9.7,53.566,2.5,41.97,1.86
2018-01-02 11:44:00,1.22585232914572,0.0444477188477603,0.1152535,145.6,0,145.6,-9.7,53.518,2.5,41.91,1.88
2018-01-02 11:45:00,1.22560718886555,0.0445899173399688,0.1147195,145,0,145,-9.7,53.47,2.5,41.85,1.9
2018-01-02 11:46:00,1.22536204858537,0.0430789442852519,0.11247755,142.4,0,142.4,-9.7,53.428,2.48,41.85,1.9
2018-01-02 11:47:00,1.2251169083052,0.0415679712305351,0.1102356,139.8,0,139.8,-9.7,53.386,2.46,41.85,1.9
2018-01-02 11:48:00,1.22487176802502,0.0400569981758182,0.10799365,137.2,0,137.2,-9.7,53.344,2.44,41.85,1.9
2018-01-02 11:49:00,1.22462662774485,0.0385460251211014,0.1057517,134.6,0,134.6,-9.7,53.302,2.42,41.85,1.9
2018-01-02 11:50:00,1.22438148746467,0.0370350520663845,0.10350975,132,0,132,-9.7,53.26,2.4,41.85,1.9
2018-01-02 11:51:00,1.2241363471845,0.037440246819485,0.1047092,133.4,0,133.4,-9.7,53.224,2.4,41.79,1.92
2018-01-02 11:52:00,1.22389120690432,0.0378454415725855,0.10590865,134.8,0,134.8,-9.7,53.188,2.4,41.73,1.94
2018-01-02 11:53:00,1.22364606662415,0.0382506363256861,0.1071081,136.2,0,136.2,-9.7,53.152,2.4,41.67,1.96
2018-01-02 11:54:00,1.22340092634397,0.0386558310787866,0.10830755,137.6,0,137.6,-9.7,53.116,2.4,41.61,1.98
2018-01-02 11:55:00,1.22315578606379,0.0390610258318871,0.109507,139,0,139,-9.7,53.08,2.4,41.55,2
2018-01-02 11:56:00,1.22291064578362,0.0386676738974426,0.107954,137.2,0,137.2,-9.7,53.05,2.4,41.492,2.02
2018-01-02 11:57:00,1.22266550550344,0.038274321962998,0.106401,135.4,0,135.4,-9.7,53.02,2.4,41.434,2.04
2018-01-02 11:58:00,1.22242036522327,0.0378809700285535,0.104848,133.6,0,133.6,-9.7,52.99,2.4,41.376,2.06
2018-01-02 11:59:00,1.22217522494309,0.037487618094109,0.103295,131.8,0,131.8,-9.7,52.96,2.4,41.318,2.08
2018-01-02 12:00:00,1.22193008466292,0.0370942661596644,0.101742,130,0,130,-9.7,52.93,2.4,41.26,2.1
2018-01-02 12:01:00,1.22177585920668,0.0375359466675033,0.10448455,133.2,0,133.2,-9.7,52.904,2.4,41.26,2.1
2018-01-02 12:02:00,1.22162163375044,0.0379776271753421,0.1072271,136.4,0,136.4,-9.7,52.878,2.4,41.26,2.1
2018-01-02 12:03:00,1.2214674082942,0.038419307683181,0.10996965,139.6,0,139.6,-9.7,52.852,2.4,41.26,2.1
2018-01-02 12:04:00,1.22131318283796,0.0388609881910199,0.1127122,142.8,0,142.8,-9.7,52.826,2.4,41.26,2.1
2018-01-02 12:05:00,1.22115895738172,0.0393026686988587,0.11545475,146,0,146,-9.7,52.8,2.4,41.26,2.1
2018-01-02 12:06:00,1.22100473192548,0.0382194276285801,0.1178496,148.8,0,148.8,-9.7,52.78,2.38,41.202,2.12
2018-01-02 12:07:00,1.22085050646924,0.0371361865583014,0.12024445,151.6,0,151.6,-9.7,52.76,2.36,41.144,2.14
2018-01-02 12:08:00,1.22069628101299,0.0360529454880228,0.1226393,154.4,0,154.4,-9.7,52.74,2.34,41.086,2.16
2018-01-02 12:09:00,1.22054205555675,0.0349697044177442,0.12503415,157.2,0,157.2,-9.7,52.72,2.32,41.028,2.18
2018-01-02 12:10:00,1.22038783010051,0.0338864633474655,0.127429,160,0,160,-9.7,52.7,2.3,40.97,2.2
2018-01-02 12:11:00,1.22023360464427,0.0343964284803625,0.1280947,160.8,0,160.8,-9.7,52.686,2.3,40.97,2.2
2018-01-02 12:12:00,1.22007937918803,0.0349063936132595,0.1287604,161.6,0,161.6,-9.7,52.672,2.3,40.97,2.2
2018-01-02 12:13:00,1.21992515373179,0.0354163587461565,0.1294261,162.4,0,162.4,-9.7,52.658,2.3,40.97,2.2
2018-01-02 12:14:00,1.21977092827555,0.0359263238790534,0.1300918,163.2,0,163.2,-9.7,52.644,2.3,40.97,2.2
2018-01-02 12:15:00,1.21961670281931,0.0364362890119504,0.1307575,164,0,164,-9.7,52.63,2.3,40.97,2.2
2018-01-02 12:16:00,1.21946247736307,0.0364029632192574,0.1353695,168.6,0.8,169,-9.7,52.62,2.3,40.962,2.2
2018-01-02 12:17:00,1.21930825190683,0.0363696374265643,0.1399815,173.2,1.6,174,-9.7,52.61,2.3,40.954,2.2
2018-01-02 12:18:00,1.21915402645059,0.0363363116338713,0.1445935,177.8,2.4,179,-9.7,52.6,2.3,40.946,2.2
2018-01-02 12:19:00,1.21899980099435,0.0363029858411783,0.1492055,182.4,3.2,184,-9.7,52.59,2.3,40.938,2.2
2018-01-02 12:20:00,1.21884557553811,0.0362696600484853,0.1538175,187,4,189,-9.7,52.58,2.3,40.93,2.2
2018-01-02 12:21:00,1.21869135008187,0.0354448403786976,0.14759185,180.6,3.2,182.2,-9.7,52.576,2.3,40.872,2.22
2018-01-02 12:22:00,1.21853712462563,0.0346200207089098,0.1413662,174.2,2.4,175.4,-9.7,52.572,2.3,40.814,2.24
2018-01-02 12:23:00,1.21838289916939,0.0337952010391221,0.13514055,167.8,1.6,168.6,-9.7,52.568,2.3,40.756,2.26
2018-01-02 12:24:00,1.21822867371315,0.0329703813693344,0.1289149,161.4,0.8,161.8,-9.7,52.564,2.3,40.698,2.28
2018-01-02 12:25:00,1.21807444825691,0.0321455616995467,0.12268925,155,0,155,-9.7,52.56,2.3,40.64,2.3
2018-01-02 12:26:00,1.21792022280067,0.0324703533552609,0.12287925,155.2,0,155.2,-9.7,52.562,2.3,40.64,2.3
2018-01-02 12:27:00,1.21776599734442,0.0327951450109752,0.12306925,155.4,0,155.4,-9.7,52.564,2.3,40.64,2.3
2018-01-02 12:28:00,1.21761177188818,0.0331199366666894,0.12325925,155.6,0,155.6,-9.7,52.566,2.3,40.64,2.3
2018-01-02 12:29:00,1.21745754643194,0.0334447283224036,0.12344925,155.8,0,155.8,-9.7,52.568,2.3,40.64,2.3
2018-01-02 12:30:00,1.2173033209757,0.0337695199781179,0.12363925,156,0,156,-9.7,52.57,2.3,40.64,2.3
2018-01-02 12:31:00,1.21714909551946,0.0332375627970317,0.12433245,156.8,0,156.8,-9.64,52.578,2.28,40.798,2.32
2018-01-02 12:32:00,1.21699487006322,0.0327056056159456,0.12502565,157.6,0,157.6,-9.58,52.586,2.26,40.956,2.34
2018-01-02 12:33:00,1.21684064460698,0.0321736484348594,0.12571885,158.4,0,158.4,-9.52,52.594,2.24,41.114,2.36
2018-01-02 12:34:00,1.21668641915074,0.0316416912537733,0.12641205,159.2,0,159.2,-9.46,52.602,2.22,41.272,2.38
2018-01-02 12:35:00,1.2165321936945,0.0311097340726871,0.12710525,160,0,160,-9.4,52.61,2.2,41.43,2.4
2018-01-02 12:36:00,1.21637796823826,0.0314399836291948,0.12606915,158.8,0,158.8,-9.4,52.622,2.2,41.43,2.4
2018-01-02 12:37:00,1.21622374278202,0.0317702331857026,0.12503305,157.6,0,157.6,-9.4,52.634,2.2,41.43,2.4
2018-01-02 12:38:00,1.21606951732578,0.0321004827422103,0.12399695,156.4,0,156.4,-9.4,52.646,2.2,41.43,2.4
2018-01-02 12:39:00,1.21591529186954,0.032430732298718,0.12296085,155.2,0,155.2,-9.4,52.658,2.2,41.43,2.4
2018-01-02 12:40:00,1.2157610664133,0.0327609818552258,0.12192475,154,0,154,-9.4,52.67,2.2,41.43,2.4
2018-01-02 12:41:00,1.21560684095706,0.032976042193368,0.1240086,156.4,0,156.4,-9.4,52.688,2.2,41.43,2.4
2018-01-02 12:42:00,1.21545261550082,0.0331911025315103,0.12609245,158.8,0,158.8,-9.4,52.706,2.2,41.43,2.4
2018-01-02 12:43:00,1.21529839004458,0.0334061628696525,0.1281763,161.2,0,161.2,-9.4,52.724,2.2,41.43,2.4
2018-01-02 12:44:00,1.21514416458834,0.0336212232077947,0.13026015,163.6,0,163.6,-9.4,52.742,2.2,41.43,2.4
2018-01-02 12:45:00,1.2149899391321,0.033836283545937,0.132344,166,0,166,-9.4,52.76,2.2,41.43,2.4
2018-01-02 12:46:00,1.21483571367585,0.0325222480512201,0.1309498,164.4,0,164.4,-9.4,52.784,2.2,41.372,2.42
2018-01-02 12:47:00,1.21468148821961,0.0312082125565033,0.1295556,162.8,0,162.8,-9.4,52.808,2.2,41.314,2.44
2018-01-02 12:48:00,1.21452726276337,0.0298941770617865,0.1281614,161.2,0,161.2,-9.4,52.832,2.2,41.256,2.46
2018-01-02 12:49:00,1.21437303730713,0.0285801415670696,0.1267672,159.6,0,159.6,-9.4,52.856,2.2,41.198,2.48
2018-01-02 12:50:00,1.21421881185089,0.0272661060723528,0.125373,158,0,158,-9.4,52.88,2.2,41.14,2.5
2018-01-02 12:51:00,1.21406458639465,0.0274745769956232,0.1252084,157.8,0,157.8,-9.4,52.91,2.2,41.14,2.5
2018-01-02 12:52:00,1.21391036093841,0.0276830479188936,0.1250438,157.6,0,157.6,-9.4,52.94,2.2,41.14,2.5
2018-01-02 12:53:00,1.21375613548217,0.027891518842164,0.1248792,157.4,0,157.4,-9.4,52.97,2.2,41.14,2.5
2018-01-02 12:54:00,1.21360191002593,0.0280999897654345,0.1247146,157.2,0,157.2,-9.4,53,2.2,41.14,2.5
2018-01-02 12:55:00,1.21344768456969,0.0283084606887049,0.12455,157,0,157,-9.4,53.03,2.2,41.14,2.5
2018-01-02 12:56:00,1.21329345911345,0.0272164322008356,0.12386305,156.2,0,156.2,-9.4,53.064,2.18,41.082,2.52
2018-01-02 12:57:00,1.21313923365721,0.0261244037129663,0.1231761,155.4,0,155.4,-9.4,53.098,2.16,41.024,2.54
2018-01-02 12:58:00,1.21298500820097,0.0250323752250971,0.12248915,154.6,0,154.6,-9.4,53.132,2.14,40.966,2.56
2018-01-02 12:59:00,1.21283078274473,0.0239403467372278,0.1218022,153.8,0,153.8,-9.4,53.166,2.12,40.908,2.58
2018-01-02 13:00:00,1.21267655728849,0.0228483182493586,0.12111525,153,0,153,-9.4,53.2,2.1,40.85,2.6
2018-01-02 13:01:00,1.21256189067212,0.023978607316811,0.11940545,151,0,151,-9.4,53.24,2.1,40.85,2.6
2018-01-02 13:02:00,1.21244722405575,0.0251088963842634,0.11769565,149,0,149,-9.4,53.28,2.1,40.85,2.6
2018-01-02 13:03:00,1.21233255743938,0.0262391854517158,0.11598585,147,0,147,-9.4,53.32,2.1,40.85,2.6
2018-01-02 13:04:00,1.21221789082301,0.0273694745191682,0.11427605,145,0,145,-9.4,53.36,2.1,40.85,2.6
2018-01-02 13:05:00,1.21210322420663,0.0284997635866206,0.11256625,143,0,143,-9.4,53.4,2.1,40.85,2.6
2018-01-02 13:06:00,1.21198855759026,0.0279747309712566,0.1131015,143.6,0,143.6,-9.4,53.444,2.1,40.85,2.6
2018-01-02 13:07:00,1.21187389097389,0.0274496983558927,0.11363675,144.2,0,144.2,-9.4,53.488,2.1,40.85,2.6
2018-01-02 13:08:00,1.21175922435752,0.0269246657405288,0.114172,144.8,0,144.8,-9.4,53.532,2.1,40.85,2.6
2018-01-02 13:09:00,1.21164455774115,0.0263996331251648,0.11470725,145.4,0,145.4,-9.4,53.576,2.1,40.85,2.6
2018-01-02 13:10:00,1.21152989112478,0.0258746005098009,0.1152425,146,0,146,-9.4,53.62,2.1,40.85,2.6
2018-01-02 13:11:00,1.21141522450841,0.0256847941014785,0.1181986,149.4,0,149.4,-9.4,53.67,2.1,40.85,2.6
2018-01-02 13:12:00,1.21130055789204,0.025494987693156,0.1211547,152.8,0,152.8,-9.4,53.72,2.1,40.85,2.6
2018-01-02 13:13:00,1.21118589127567,0.0253051812848336,0.1241108,156.2,0,156.2,-9.4,53.77,2.1,40.85,2.6
2018-01-02 13:14:00,1.2110712246593,0.0251153748765111,0.1270669,159.6,0,159.6,-9.4,53.82,2.1,40.85,2.6
2018-01-02 13:15:00,1.21095655804293,0.0249255684681887,0.130023,163,0,163,-9.4,53.87,2.1,40.85,2.6
2018-01-02 13:16:00,1.21084189142656,0.0256274120854292,0.1282862,161,0,161,-9.4,53.926,2.1,40.842,2.6
2018-01-02 13:17:00,1.21072722481019,0.0263292557026698,0.1265494,159,0,159,-9.4,53.982,2.1,40.834,2.6
2018-01-02 13:18:00,1.21061255819382,0.0270310993199104,0.1248126,157,0,157,-9.4,54.038,2.1,40.826,2.6
2018-01-02 13:19:00,1.21049789157745,0.0277329429371509,0.1230758,155,0,155,-9.4,54.094,2.1,40.818,2.6
2018-01-02 13:20:00,1.21038322496108,0.0284347865543915,0.121339,153,0,153,-9.4,54.15,2.1,40.81,2.6
2018-01-02 13:21:00,1.21026855834471,0.0278482246465398,0.1189409,150.2,0,150.2,-9.4,54.21,2.1,40.81,2.6
2018-01-02 13:22:00,1.21015389172834,0.0272616627386881,0.1165428,147.4,0,147.4,-9.4,54.27,2.1,40.81,2.6
2018-01-02 13:23:00,1.21003922511197,0.0266751008308364,0.1141447,144.6,0,144.6,-9.4,54.33,2.1,40.81,2.6
2018-01-02 13:24:00,1.2099245584956,0.0260885389229848,0.1117466,141.8,0,141.8,-9.4,54.39,2.1,40.81,2.6
2018-01-02 13:25:00,1.20980989187923,0.0255019770151331,0.1093485,139,0,139,-9.4,54.45,2.1,40.81,2.6
2018-01-02 13:26:00,1.20969522526286,0.0258875827269483,0.10885615,138.4,0,138.4,-9.4,54.516,2.1,40.752,2.62
2018-01-02 13:27:00,1.20958055864649,0.0262731884387634,0.1083638,137.8,0,137.8,-9.4,54.582,2.1,40.694,2.64
2018-01-02 13:28:00,1.20946589203012,0.0266587941505786,0.10787145,137.2,0,137.2,-9.4,54.648,2.1,40.636,2.66
2018-01-02 13:29:00,1.20935122541374,0.0270443998623938,0.1073791,136.6,0,136.6,-9.4,54.714,2.1,40.578,2.68
2018-01-02 13:30:00,1.20923655879737,0.027430005574209,0.10688675,136,0,136,-9.4,54.78,2.1,40.52,2.7
2018-01-02 13:31:00,1.209121892181,0.0264463380545547,0.1096736,139.2,0,139.2,-9.34,54.848,2.08,40.742,2.7
2018-01-02 13:32:00,1.20900722556463,0.0254626705349005,0.11246045,142.4,0,142.4,-9.28,54.916,2.06,40.964,2.7
2018-01-02 13:33:00,1.20889255894826,0.0244790030152462,0.1152473,145.6,0,145.6,-9.22,54.984,2.04,41.186,2.7
2018-01-02 13:34:00,1.20877789233189,0.0234953354955919,0.11803415,148.8,0,148.8,-9.16,55.052,2.02,41.408,2.7
2018-01-02 13:35:00,1.20866322571552,0.0225116679759377,0.120821,152,0,152,-9.1,55.12,2,41.63,2.7
2018-01-02 13:36:00,1.20854855909915,0.0232540602255656,0.11840385,149.2,0,149.2,-9.1,55.196,2,41.63,2.7
2018-01-02 13:37:00,1.20843389248278,0.0239964524751936,0.1159867,146.4,0,146.4,-9.1,55.272,2,41.63,2.7
2018-01-02 13:38:00,1.20831922586641,0.0247388447248216,0.11356955,143.6,0,143.6,-9.1,55.348,2,41.63,2.7
2018-01-02 13:39:00,1.20820455925004,0.0254812369744495,0.1111524,140.8,0,140.8,-9.1,55.424,2,41.63,2.7
2018-01-02 13:40:00,1.20808989263367,0.0262236292240775,0.10873525,138,0,138,-9.1,55.5,2,41.63,2.7
2018-01-02 13:41:00,1.2079752260173,0.025500730932641,0.1111893,140.8,0,140.8,-9.1,55.578,2,41.63,2.7
2018-01-02 13:42:00,1.20786055940093,0.0247778326412045,0.11364335,143.6,0,143.6,-9.1,55.656,2,41.63,2.7
2018-01-02 13:43:00,1.20774589278456,0.024054934349768,0.1160974,146.4,0,146.4,-9.1,55.734,2,41.63,2.7
2018-01-02 13:44:00,1.20763122616819,0.0233320360583315,0.11855145,149.2,0,149.2,-9.1,55.812,2,41.63,2.7
2018-01-02 13:45:00,1.20751655955182,0.022609137766895,0.1210055,152,0,152,-9.1,55.89,2,41.63,2.7
2018-01-02 13:46:00,1.20740189293545,0.0226157992550582,0.1206702,151.6,0,151.6,-9.1,55.974,2,41.63,2.7
2018-01-02 13:47:00,1.20728722631908,0.0226224607432213,0.1203349,151.2,0,151.2,-9.1,56.058,2,41.63,2.7
2018-01-02 13:48:00,1.20717255970271,0.0226291222313844,0.1199996,150.8,0,150.8,-9.1,56.142,2,41.63,2.7
2018-01-02 13:49:00,1.20705789308634,0.0226357837195476,0.1196643,150.4,0,150.4,-9.1,56.226,2,41.63,2.7
2018-01-02 13:50:00,1.20694322646997,0.0226424452077107,0.119329,150,0,150,-9.1,56.31,2,41.63,2.7
2018-01-02 13:51:00,1.2068285598536,0.0223578474337936,0.11726385,147.6,0,147.6,-9.1,56.4,2,41.63,2.7
2018-01-02 13:52:00,1.20671389323722,0.0220732496598765,0.1151987,145.2,0,145.2,-9.1,56.49,2,41.63,2.7
2018-01-02 13:53:00,1.20659922662085,0.0217886518859593,0.11313355,142.8,0,142.8,-9.1,56.58,2,41.63,2.7
2018-01-02 13:54:00,1.20648456000448,0.0215040541120422,0.1110684,140.4,0,140.4,-9.1,56.67,2,41.63,2.7
2018-01-02 13:55:00,1.20636989338811,0.0212194563381251,0.10900325,138,0,138,-9.1,56.76,2,41.63,2.7
2018-01-02 13:56:00,1.20625522677174,0.021294583189079,0.11059945,139.8,0,139.8,-9.1,56.852,2,41.572,2.72
2018-01-02 13:57:00,1.20614056015537,0.021369710040033,0.11219565,141.6,0,141.6,-9.1,56.944,2,41.514,2.74
2018-01-02 13:58:00,1.206025893539,0.0214448368909869,0.11379185,143.4,0,143.4,-9.1,57.036,2,41.456,2.76
2018-01-02 13:59:00,1.20591122692263,0.0215199637419409,0.11538805,145.2,0,145.2,-9.1,57.128,2,41.398,2.78
2018-01-02 14:00:00,1.20579656030626,0.0215950905928948,0.11698425,147,0,147,-9.1,57.22,2,41.34,2.8
2018-01-02 14:01:00,1.20569388856032,0.0221539147742779,0.113875,143.4,0,143.4,-9.1,57.316,2,41.34,2.8
2018-01-02 14:02:00,1.20559121681438,0.022712738955661,0.11076575,139.8,0,139.8,-9.1,57.412,2,41.34,2.8
2018-01-02 14:03:00,1.20548854506843,0.023271563137044,0.1076565,136.2,0,136.2,-9.1,57.508,2,41.34,2.8
2018-01-02 14:04:00,1.20538587332249,0.0238303873184271,0.10454725,132.6,0,132.6,-9.1,57.604,2,41.34,2.8
2018-01-02 14:05:00,1.20528320157655,0.0243892114998101,0.101438,129,0,129,-9.1,57.7,2,41.34,2.8
2018-01-02 14:06:00,1.20518052983061,0.0236948853367449,0.0971762,124,0,124,-9.1,57.802,1.98,41.34,2.8
2018-01-02 14:07:00,1.20507785808466,0.0230005591736797,0.0929144,119,0,119,-9.1,57.904,1.96,41.34,2.8
2018-01-02 14:08:00,1.20497518633872,0.0223062330106145,0.0886526,114,0,114,-9.1,58.006,1.94,41.34,2.8
2018-01-02 14:09:00,1.20487251459278,0.0216119068475492,0.0843908,109,0,109,-9.1,58.108,1.92,41.34,2.8
2018-01-02 14:10:00,1.20476984284684,0.020917580684484,0.080129,104,0,104,-9.1,58.21,1.9,41.34,2.8
2018-01-02 14:11:00,1.20466717110089,0.0204238052814531,0.0799988,103.8,0,103.8,-9.1,58.316,1.9,41.398,2.78
2018-01-02 14:12:00,1.20456449935495,0.0199300298784222,0.0798686,103.6,0,103.6,-9.1,58.422,1.9,41.456,2.76
2018-01-02 14:13:00,1.20446182760901,0.0194362544753913,0.0797384,103.4,0,103.4,-9.1,58.528,1.9,41.514,2.74
2018-01-02 14:14:00,1.20435915586307,0.0189424790723604,0.0796082,103.2,0,103.2,-9.1,58.634,1.9,41.572,2.72
2018-01-02 14:15:00,1.20425648411712,0.0184487036693294,0.079478,103,0,103,-9.1,58.74,1.9,41.63,2.7
2018-01-02 14:16:00,1.20415381237118,0.0188171410649712,0.08019405,103.8,0,103.8,-9.1,58.848,1.9,41.63,2.7
2018-01-02 14:17:00,1.20405114062524,0.019185578460613,0.0809101,104.6,0,104.6,-9.1,58.956,1.9,41.63,2.7
2018-01-02 14:18:00,1.2039484688793,0.0195540158562548,0.08162615,105.4,0,105.4,-9.1,59.064,1.9,41.63,2.7
2018-01-02 14:19:00,1.20384579713335,0.0199224532518966,0.0823422,106.2,0,106.2,-9.1,59.172,1.9,41.63,2.7
2018-01-02 14:20:00,1.20374312538741,0.0202908906475384,0.08305825,107,0,107,-9.1,59.28,1.9,41.63,2.7
2018-01-02 14:21:00,1.20364045364147,0.0198757499456561,0.08273785,106.6,0,106.6,-9.1,59.392,1.9,41.622,2.7
2018-01-02 14:22:00,1.20353778189553,0.0194606092437738,0.08241745,106.2,0,106.2,-9.1,59.504,1.9,41.614,2.7
2018-01-02 14:23:00,1.20343511014958,0.0190454685418915,0.08209705,105.8,0,105.8,-9.1,59.616,1.9,41.606,2.7
2018-01-02 14:24:00,1.20333243840364,0.0186303278400092,0.08177665,105.4,0,105.4,-9.1,59.728,1.9,41.598,2.7
2018-01-02 14:25:00,1.2032297666577,0.0182151871381269,0.08145625,105,0,105,-9.1,59.84,1.9,41.59,2.7
2018-01-02 14:26:00,1.20312709491176,0.0177089289861343,0.0826904,106.4,0,106.4,-9.1,59.958,1.9,41.59,2.7
2018-01-02 14:27:00,1.20302442316581,0.0172026708341416,0.08392455,107.8,0,107.8,-9.1,60.076,1.9,41.59,2.7
2018-01-02 14:28:00,1.20292175141987,0.0166964126821489,0.0851587,109.2,0,109.2,-9.1,60.194,1.9,41.59,2.7
2018-01-02 14:29:00,1.20281907967393,0.0161901545301562,0.08639285,110.6,0,110.6,-9.1,60.312,1.9,41.59,2.7
2018-01-02 14:30:00,1.20271640792799,0.0156838963781635,0.087627,112,0,112,-9.1,60.43,1.9,41.59,2.7
2018-01-02 14:31:00,1.20261373618204,0.0163068876304777,0.08557305,109.6,0,109.6,-9.04,60.55,1.9,41.738,2.7
2018-01-02 14:32:00,1.2025110644361,0.0169298788827918,0.0835191,107.2,0,107.2,-8.98,60.67,1.9,41.886,2.7
2018-01-02 14:33:00,1.20240839269016,0.0175528701351059,0.08146515,104.8,0,104.8,-8.92,60.79,1.9,42.034,2.7
2018-01-02 14:34:00,1.20230572094422,0.01817586138742,0.0794112,102.4,0,102.4,-8.86,60.91,1.9,42.182,2.7
2018-01-02 14:35:00,1.20220304919827,0.0187988526397341,0.07735725,100,0,100,-8.8,61.03,1.9,42.33,2.7
2018-01-02 14:36:00,1.20210037745233,0.0185174329318107,0.0777301,100.4,0,100.4,-8.8,61.154,1.88,42.33,2.7
2018-01-02 14:37:00,1.20199770570639,0.0182360132238873,0.07810295,100.8,0,100.8,-8.8,61.278,1.86,42.33,2.7
2018-01-02 14:38:00,1.20189503396045,0.0179545935159638,0.0784758,101.2,0,101.2,-8.8,61.402,1.84,42.33,2.7
2018-01-02 14:39:00,1.2017923622145,0.0176731738080404,0.07884865,101.6,0,101.6,-8.8,61.526,1.82,42.33,2.7
2018-01-02 14:40:00,1.20168969046856,0.017391754100117,0.0792215,102,0,102,-8.8,61.65,1.8,42.33,2.7
2018-01-02 14:41:00,1.20158701872262,0.0170990364193558,0.0792472,102,0,102,-8.8,61.776,1.8,42.33,2.7
2018-01-02 14:42:00,1.20148434697668,0.0168063187385946,0.0792729,102,0,102,-8.8,61.902,1.8,42.33,2.7
2018-01-02 14:43:00,1.20138167523073,0.0165136010578334,0.0792986,102,0,102,-8.8,62.028,1.8,42.33,2.7
2018-01-02 14:44:00,1.20127900348479,0.0162208833770723,0.0793243,102,0,102,-8.8,62.154,1.8,42.33,2.7
2018-01-02 14:45:00,1.20117633173885,0.0159281656963111,0.07935,102,0,102,-8.8,62.28,1.8,42.33,2.7
2018-01-02 14:46:00,1.20107365999291,0.0165944999449603,0.0774715,99.8,0,99.8,-8.8,62.41,1.8,42.33,2.7
2018-01-02 14:47:00,1.20097098824696,0.0172608341936095,0.075593,97.6,0,97.6,-8.8,62.54,1.8,42.33,2.7
2018-01-02 14:48:00,1.20086831650102,0.0179271684422587,0.0737145,95.4,0,95.4,-8.8,62.67,1.8,42.33,2.7
2018-01-02 14:49:00,1.20076564475508,0.0185935026909079,0.071836,93.2,0,93.2,-8.8,62.8,1.8,42.33,2.7
2018-01-02 14:50:00,1.20066297300914,0.0192598369395571,0.0699575,91,0,91,-8.8,62.93,1.8,42.33,2.7
2018-01-02 14:51:00,1.20056030126319,0.0184961522730297,0.0684363,89.2,0,89.2,-8.8,63.064,1.8,42.33,2.7
2018-01-02 14:52:00,1.20045762951725,0.0177324676065023,0.0669151,87.4,0,87.4,-8.8,63.198,1.8,42.33,2.7
2018-01-02 14:53:00,1.20035495777131,0.016968782939975,0.0653939,85.6,0,85.6,-8.8,63.332,1.8,42.33,2.7
2018-01-02 14:54:00,1.20025228602537,0.0162050982734476,0.0638727,83.8,0,83.8,-8.8,63.466,1.8,42.33,2.7
2018-01-02 14:55:00,1.20014961427942,0.0154414136069202,0.0623515,82,0,82,-8.8,63.6,1.8,42.33,2.7
2018-01-02 14:56:00,1.20004694253348,0.0158244628333969,0.06585415,86,0,86,-8.8,63.736,1.8,42.33,2.7
2018-01-02 14:57:00,1.19994427078754,0.0162075120598736,0.0693568,90,0,90,-8.8,63.872,1.8,42.33,2.7
2018-01-02 14:58:00,1.1998415990416,0.0165905612863503,0.07285945,94,0,94,-8.8,64.008,1.8,42.33,2.7
2018-01-02 14:59:00,1.19973892729565,0.0169736105128269,0.0763621,98,0,98,-8.8,64.144,1.8,42.33,2.7
2018-01-02 15:00:00,1.19963625554971,0.0173566597393036,0.07986475,102,0,102,-8.8,64.28,1.8,42.33,2.7
2018-01-02 15:01:00,1.19982108231459,0.0172028825001693,0.07640105,98,0,98,-8.8,64.42,1.8,42.33,2.7
2018-01-02 15:02:00,1.20000590907947,0.0170491052610349,0.07293735,94,0,94,-8.8,64.56,1.8,42.33,2.7
2018-01-02 15:03:00,1.20019073584435,0.0168953280219006,0.06947365,90,0,90,-8.8,64.7,1.8,42.33,2.7
2018-01-02 15:04:00,1.20037556260923,0.0167415507827663,0.06600995,86,0,86,-8.8,64.84,1.8,42.33,2.7
2018-01-02 15:05:00,1.20056038937411,0.016587773543632,0.06254625,82,0,82,-8.8,64.98,1.8,42.33,2.7
2018-01-02 15:06:00,1.20074521613899,0.0170754636640892,0.06309785,82.6,0,82.6,-8.8,65.122,1.8,42.39,2.68
2018-01-02 15:07:00,1.20093004290387,0.0175631537845464,0.06364945,83.2,0,83.2,-8.8,65.264,1.8,42.45,2.66
2018-01-02 15:08:00,1.20111486966876,0.0180508439050036,0.06420105,83.8,0,83.8,-8.8,65.406,1.8,42.51,2.64
2018-01-02 15:09:00,1.20129969643364,0.0185385340254608,0.06475265,84.4,0,84.4,-8.8,65.548,1.8,42.57,2.62
2018-01-02 15:10:00,1.20148452319852,0.019026224145918,0.06530425,85,0,85,-8.8,65.69,1.8,42.63,2.6
2018-01-02 15:11:00,1.2016693499634,0.0185082549811901,0.06463555,84.2,0,84.2,-8.8,65.836,1.8,42.63,2.6
2018-01-02 15:12:00,1.20185417672828,0.0179902858164623,0.06396685,83.4,0,83.4,-8.8,65.982,1.8,42.63,2.6
2018-01-02 15:13:00,1.20203900349316,0.0174723166517344,0.06329815,82.6,0,82.6,-8.8,66.128,1.8,42.63,2.6
2018-01-02 15:14:00,1.20222383025804,0.0169543474870065,0.06262945,81.8,0,81.8,-8.8,66.274,1.8,42.63,2.6
2018-01-02 15:15:00,1.20240865702292,0.0164363783222786,0.06196075,81,0,81,-8.8,66.42,1.8,42.63,2.6
2018-01-02 15:16:00,1.2025934837878,0.0166073433389928,0.0592818,77.8,0,77.8,-8.8,66.568,1.8,42.63,2.6
2018-01-02 15:17:00,1.20277831055268,0.0167783083557069,0.05660285,74.6,0,74.6,-8.8,66.716,1.8,42.63,2.6
2018-01-02 15:18:00,1.20296313731756,0.0169492733724211,0.0539239,71.4,0,71.4,-8.8,66.864,1.8,42.63,2.6
2018-01-02 15:19:00,1.20314796408244,0.0171202383891353,0.05124495,68.2,0,68.2,-8.8,67.012,1.8,42.63,2.6
2018-01-02 15:20:00,1.20333279084732,0.0172912034058494,0.048566,65,0,65,-8.8,67.16,1.8,42.63,2.6
2018-01-02 15:21:00,1.2035176176122,0.0173979588002225,0.0475897,63.8,0,63.8,-8.8,67.31,1.8,42.692,2.58
2018-01-02 15:22:00,1.20370244437708,0.0175047141945955,0.0466134,62.6,0,62.6,-8.8,67.46,1.8,42.754,2.56
2018-01-02 15:23:00,1.20388727114196,0.0176114695889686,0.0456371,61.4,0,61.4,-8.8,67.61,1.8,42.816,2.54
2018-01-02 15:24:00,1.20407209790684,0.0177182249833416,0.0446608,60.2,0,60.2,-8.8,67.76,1.8,42.878,2.52
2018-01-02 15:25:00,1.20425692467172,0.0178249803777147,0.0436845,59,0,59,-8.8,67.91,1.8,42.94,2.5
2018-01-02 15:26:00,1.20444175143661,0.0176355223965568,0.04485615,60.4,0,60.4,-8.8,68.062,1.8,42.94,2.5
2018-01-02 15:27:00,1.20462657820149,0.0174460644153989,0.0460278,61.8,0,61.8,-8.8,68.214,1.8,42.94,2.5
2018-01-02 15:28:00,1.20481140496637,0.0172566064342409,0.04719945,63.2,0,63.2,-8.8,68.366,1.8,42.94,2.5
2018-01-02 15:29:00,1.20499623173125,0.017067148453083,0.0483711,64.6,0,64.6,-8.8,68.518,1.8,42.94,2.5
2018-01-02 15:30:00,1.20518105849613,0.0168776904719251,0.04954275,66,0,66,-8.8,68.67,1.8,42.94,2.5
2018-01-02 15:31:00,1.20536588526101,0.0169656551673027,0.0460694,61.8,0,61.8,-8.7,68.826,1.8,43.384,2.48
2018-01-02 15:32:00,1.20555071202589,0.0170536198626802,0.04259605,57.6,0,57.6,-8.6,68.982,1.8,43.828,2.46
2018-01-02 15:33:00,1.20573553879077,0.0171415845580578,0.0391227,53.4,0,53.4,-8.5,69.138,1.8,44.272,2.44
2018-01-02 15:34:00,1.20592036555565,0.0172295492534353,0.03564935,49.2,0,49.2,-8.4,69.294,1.8,44.716,2.42
2018-01-02 15:35:00,1.20610519232053,0.0173175139488129,0.032176,45,0,45,-8.3,69.45,1.8,45.16,2.4
2018-01-02 15:36:00,1.20629001908541,0.0168233287890958,0.0313558,44,0,44,-8.3,69.608,1.78,45.16,2.4
2018-01-02 15:37:00,1.20647484585029,0.0163291436293786,0.0305356,43,0,43,-8.3,69.766,1.76,45.16,2.4
2018-01-02 15:38:00,1.20665967261517,0.0158349584696615,0.0297154,42,0,42,-8.3,69.924,1.74,45.16,2.4
2018-01-02 15:39:00,1.20684449938005,0.0153407733099444,0.0288952,41,0,41,-8.3,70.082,1.72,45.16,2.4
2018-01-02 15:40:00,1.20702932614493,0.0148465881502273,0.028075,40,0,40,-8.3,70.24,1.7,45.16,2.4
2018-01-02 15:41:00,1.20721415290981,0.0147953735898354,0.0290778,41.2,0,41.2,-8.3,70.4,1.7,45.16,2.4
2018-01-02 15:42:00,1.20739897967469,0.0147441590294435,0.0300806,42.4,0,42.4,-8.3,70.56,1.7,45.16,2.4
2018-01-02 15:43:00,1.20758380643957,0.0146929444690516,0.0310834,43.6,0,43.6,-8.3,70.72,1.7,45.16,2.4
2018-01-02 15:44:00,1.20776863320446,0.0146417299086597,0.0320862,44.8,0,44.8,-8.3,70.88,1.7,45.16,2.4
2018-01-02 15:45:00,1.20795345996934,0.0145905153482678,0.033089,46,0,46,-8.3,71.04,1.7,45.16,2.4
2018-01-02 15:46:00,1.20813828673422,0.0148445125822538,0.03159605,44.2,0,44.2,-8.3,71.202,1.7,45.224,2.38
2018-01-02 15:47:00,1.2083231134991,0.0150985098162397,0.0301031,42.4,0,42.4,-8.3,71.364,1.7,45.288,2.36
2018-01-02 15:48:00,1.20850794026398,0.0153525070502256,0.02861015,40.6,0,40.6,-8.3,71.526,1.7,45.352,2.34
2018-01-02 15:49:00,1.20869276702886,0.0156065042842116,0.0271172,38.8,0,38.8,-8.3,71.688,1.7,45.416,2.32
2018-01-02 15:50:00,1.20887759379374,0.0158605015181975,0.02562425,37,0,37,-8.3,71.85,1.7,45.48,2.3
2018-01-02 15:51:00,1.20906242055862,0.015997621708136,0.025460315,36.8,0,36.8,-8.3,72.014,1.7,45.48,2.3
2018-01-02 15:52:00,1.2092472473235,0.0161347418980744,0.02529638,36.6,0,36.6,-8.3,72.178,1.7,45.48,2.3
2018-01-02 15:53:00,1.20943207408838,0.0162718620880128,0.025132445,36.4,0,36.4,-8.3,72.342,1.7,45.48,2.3
2018-01-02 15:54:00,1.20961690085326,0.0164089822779513,0.02496851,36.2,0,36.2,-8.3,72.506,1.7,45.48,2.3
2018-01-02 15:55:00,1.20980172761814,0.0165461024678897,0.024804575,36,0,36,-8.3,72.67,1.7,45.48,2.3
2018-01-02 15:56:00,1.20998655438302,0.0162268247722865,0.023641405,34.6,0,34.6,-8.3,72.836,1.7,45.544,2.28
2018-01-02 15:57:00,1.2101713811479,0.0159075470766833,0.022478235,33.2,0,33.2,-8.3,73.002,1.7,45.608,2.26
2018-01-02 15:58:00,1.21035620791278,0.0155882693810802,0.021315065,31.8,0,31.8,-8.3,73.168,1.7,45.672,2.24
2018-01-02 15:59:00,1.21054103467766,0.015268991685477,0.020151895,30.4,0,30.4,-8.3,73.334,1.7,45.736,2.22
2018-01-02 16:00:00,1.21072586144254,0.0149497139898738,0.018988725,29,0,29,-8.3,73.5,1.7,45.8,2.2
2018-01-02 16:01:00,1.21147745037866,0.0149111067043938,0.018656385,28.6,0,28.6,-8.3,73.668,1.7,45.866,2.18
2018-01-02 16:02:00,1.21222903931478,0.0148724994189138,0.018324045,28.2,0,28.2,-8.3,73.836,1.7,45.932,2.16
2018-01-02 16:03:00,1.21298062825089,0.0148338921334338,0.017991705,27.8,0,27.8,-8.3,74.004,1.7,45.998,2.14
2018-01-02 16:04:00,1.21373221718701,0.0147952848479538,0.017659365,27.4,0,27.4,-8.3,74.172,1.7,46.064,2.12
2018-01-02 16:05:00,1.21448380612313,0.0147566775624738,0.017327025,27,0,27,-8.3,74.34,1.7,46.13,2.1
2018-01-02 16:06:00,1.21523539505924,0.0146352108459615,0.016992905,26.6,0,26.6,-8.3,74.51,1.7,46.196,2.08
2018-01-02 16:07:00,1.21598698399536,0.0145137441294493,0.016658785,26.2,0,26.2,-8.3,74.68,1.7,46.262,2.06
2018-01-02 16:08:00,1.21673857293148,0.0143922774129371,0.016324665,25.8,0,25.8,-8.3,74.85,1.7,46.328,2.04
2018-01-02 16:09:00,1.21749016186759,0.0142708106964248,0.015990545,25.4,0,25.4,-8.3,75.02,1.7,46.394,2.02
2018-01-02 16:10:00,1.21824175080371,0.0141493439799126,0.015656425,25,0,25,-8.3,75.19,1.7,46.46,2
2018-01-02 16:11:00,1.21899333973983,0.0138002940876015,0.015321005,24.6,0,24.6,-8.3,75.36,1.68,46.526,1.98
2018-01-02 16:12:00,1.21974492867594,0.0134512441952903,0.014985585,24.2,0,24.2,-8.3,75.53,1.66,46.592,1.96
2018-01-02 16:13:00,1.22049651761206,0.0131021943029792,0.014650165,23.8,0,23.8,-8.3,75.7,1.64,46.658,1.94
2018-01-02 16:14:00,1.22124810654817,0.012753144410668,0.014314745,23.4,0,23.4,-8.3,75.87,1.62,46.724,1.92
2018-01-02 16:15:00,1.22199969548429,0.0124040945183569,0.013979325,23,0,23,-8.3,76.04,1.6,46.79,1.9
2018-01-02 16:16:00,1.22275128442041,0.0124625256748816,0.013642575,22.6,0,22.6,-8.3,76.214,1.6,46.858,1.88
2018-01-02 16:17:00,1.22350287335652,0.0125209568314063,0.013305825,22.2,0,22.2,-8.3,76.388,1.6,46.926,1.86
2018-01-02 16:18:00,1.22425446229264,0.012579387987931,0.012969075,21.8,0,21.8,-8.3,76.562,1.6,46.994,1.84
2018-01-02 16:19:00,1.22500605122876,0.0126378191444557,0.012632325,21.4,0,21.4,-8.3,76.736,1.6,47.062,1.82
2018-01-02 16:20:00,1.22575764016487,0.0126962503009804,0.012295575,21,0,21,-8.3,76.91,1.6,47.13,1.8
2018-01-02 16:21:00,1.22650922910099,0.0128331030907531,0.01195779,20.6,0,20.6,-8.3,77.084,1.6,47.198,1.78
2018-01-02 16:22:00,1.22726081803711,0.0129699558805259,0.011620005,20.2,0,20.2,-8.3,77.258,1.6,47.266,1.76
2018-01-02 16:23:00,1.22801240697322,0.0131068086702987,0.01128222,19.8,0,19.8,-8.3,77.432,1.6,47.334,1.74
2018-01-02 16:24:00,1.22876399590934,0.0132436614600714,0.010944435,19.4,0,19.4,-8.3,77.606,1.6,47.402,1.72
2018-01-02 16:25:00,1.22951558484546,0.0133805142498442,0.01060665,19,0,19,-8.3,77.78,1.6,47.47,1.7
2018-01-02 16:26:00,1.23026717378157,0.0129243907463592,0.010433355,18.8,0,18.8,-8.3,77.958,1.58,47.538,1.68
2018-01-02 16:27:00,1.23101876271769,0.0124682672428742,0.01026006,18.6,0,18.6,-8.3,78.136,1.56,47.606,1.66
2018-01-02 16:28:00,1.2317703516538,0.0120121437393893,0.010086765,18.4,0,18.4,-8.3,78.314,1.54,47.674,1.64
2018-01-02 16:29:00,1.23252194058992,0.0115560202359043,0.00991347,18.2,0,18.2,-8.3,78.492,1.52,47.742,1.62
2018-01-02 16:30:00,1.23327352952604,0.0110998967324194,0.009740175,18,0,18,-8.3,78.67,1.5,47.81,1.6
2018-01-02 16:31:00,1.23402511846215,0.0109718217928482,0.009400685,17.6,0,17.6,-7.7,78.848,1.5,50.394,1.58
2018-01-02 16:32:00,1.23477670739827,0.0108437468532771,0.009061195,17.2,0,17.2,-7.1,79.026,1.5,52.978,1.56
2018-01-02 16:33:00,1.23552829633439,0.010715671913706,0.008721705,16.8,0,16.8,-6.5,79.204,1.5,55.562,1.54
2018-01-02 16:34:00,1.2362798852705,0.0105875969741349,0.008382215,16.4,0,16.4,-5.9,79.382,1.5,58.146,1.52
2018-01-02 16:35:00,1.23703147420662,0.0104595220345638,0.008042725,16,0,16,-5.3,79.56,1.5,60.73,1.5
2018-01-02 16:36:00,1.23778306314274,0.0103587189994462,0.00770309,15.6,0,15.6,-5.3,79.738,1.5,60.816,1.48
2018-01-02 16:37:00,1.23853465207885,0.0102579159643286,0.007363455,15.2,0,15.2,-5.3,79.916,1.5,60.902,1.46
2018-01-02 16:38:00,1.23928624101497,0.010157112929211,0.00702382,14.8,0,14.8,-5.3,80.094,1.5,60.988,1.44
2018-01-02 16:39:00,1.24003782995109,0.0100563098940934,0.006684185,14.4,0,14.4,-5.3,80.272,1.5,61.074,1.42
2018-01-02 16:40:00,1.2407894188872,0.00995550685897584,0.00634455,14,0,14,-5.3,80.45,1.5,61.16,1.4
2018-01-02 16:41:00,1.24154100782332,0.00966826840878947,0.00600511,13.6,0,13.6,-5.3,80.63,1.48,61.248,1.38
2018-01-02 16:42:00,1.24229259675944,0.0093810299586031,0.00566567,13.2,0,13.2,-5.3,80.81,1.46,61.336,1.36
2018-01-02 16:43:00,1.24304418569555,0.00909379150841673,0.00532623,12.8,0,12.8,-5.3,80.99,1.44,61.424,1.34
2018-01-02 16:44:00,1.24379577463167,0.00880655305823036,0.00498679,12.4,0,12.4,-5.3,81.17,1.42,61.512,1.32
2018-01-02 16:45:00,1.24454736356778,0.008519314608044,0.00464735,12,0,12,-5.3,81.35,1.4,61.6,1.3
2018-01-02 16:46:00,1.2452989525039,0.00873063360239098,0.00446886,11.8,0,11.8,-5.3,81.532,1.4,61.69,1.28
2018-01-02 16:47:00,1.24605054144002,0.00894195259673796,0.00429037,11.6,0,11.6,-5.3,81.714,1.4,61.78,1.26
2018-01-02 16:48:00,1.24680213037613,0.00915327159108494,0.00411188,11.4,0,11.4,-5.3,81.896,1.4,61.87,1.24
2018-01-02 16:49:00,1.24755371931225,0.00936459058543192,0.00393339,11.2,0,11.2,-5.3,82.078,1.4,61.96,1.22
2018-01-02 16:50:00,1.24830530824837,0.0095759095797789,0.0037549,11,0,11,-5.3,82.26,1.4,62.05,1.2
2018-01-02 16:51:00,1.24905689718448,0.00962468412114769,0.00357019,10.8,0,10.8,-5.3,82.442,1.4,62.138,1.18
2018-01-02 16:52:00,1.2498084861206,0.00967345866251648,0.00338548,10.6,0,10.6,-5.3,82.624,1.4,62.226,1.16
2018-01-02 16:53:00,1.25056007505672,0.00972223320388526,0.00320077,10.4,0,10.4,-5.3,82.806,1.4,62.314,1.14
2018-01-02 16:54:00,1.25131166399283,0.00977100774525405,0.00301606,10.2,0,10.2,-5.3,82.988,1.4,62.402,1.12
2018-01-02 16:55:00,1.25206325292895,0.00981978228662284,0.00283135,10,0,10,-5.3,83.17,1.4,62.49,1.1
2018-01-02 16:56:00,1.25281484186507,0.00918785167866955,0.002476534,9.6,0,9.6,-5.3,83.354,1.38,62.58,1.08
2018-01-02 16:57:00,1.25356643080118,0.00855592107071627,0.002121718,9.2,0,9.2,-5.3,83.538,1.36,62.67,1.06
2018-01-02 16:58:00,1.2543180197373,0.00792399046276299,0.001766902,8.8,0,8.8,-5.3,83.722,1.34,62.76,1.04
2018-01-02 16:59:00,1.25506960867341,0.0072920598548097,0.001412086,8.4,0,8.4,-5.3,83.906,1.32,62.85,1.02
2018-01-02 17:00:00,1.25582119760953,0.00666012924685642,0.00105727,8,0,8,-5.3,84.09,1.3,62.94,1
2018-01-02 17:01:00,1.25617142909736,0.00670651558838994,0.000845816,7.8,0,7.8,-5.3,84.272,1.3,62.94,1
2018-01-02 17:02:00,1.25652166058519,0.00675290192992345,0.000634362,7.6,0,7.6,-5.3,84.454,1.3,62.94,1
2018-01-02 17:03:00,1.25687189207301,0.00679928827145696,0.000422908,7.4,0,7.4,-5.3,84.636,1.3,62.94,1
2018-01-02 17:04:00,1.25722212356084,0.00684567461299047,0.000211454,7.2,0,7.2,-5.3,84.818,1.3,62.94,1
2018-01-02 17:05:00,1.25757235504867,0.00689206095452398,0,7,0,7,-5.3,85,1.3,62.94,1
2018-01-02 17:06:00,1.2579225865365,0.00677253522162602,0,6.8,0,6.8,-5.3,85.184,1.3,62.94,1
2018-01-02 17:07:00,1.25827281802432,0.00665300948872806,0,6.6,0,6.6,-5.3,85.368,1.3,62.94,1
2018-01-02 17:08:00,1.25862304951215,0.00653348375583009,0,6.4,0,6.4,-5.3,85.552,1.3,62.94,1
2018-01-02 17:09:00,1.25897328099998,0.00641395802293213,0,6.2,0,6.2,-5.3,85.736,1.3,62.94,1
2018-01-02 17:10:00,1.2593235124878,0.00629443229003417,0,6,0,6,-5.3,85.92,1.3,62.94,1
2018-01-02 17:11:00,1.25967374397563,0.00656538123647647,0,5.6,0,5.6,-5.3,86.102,1.3,62.94,1
2018-01-02 17:12:00,1.26002397546346,0.00683633018291877,0,5.2,0,5.2,-5.3,86.284,1.3,62.94,1
2018-01-02 17:13:00,1.26037420695129,0.00710727912936108,0,4.8,0,4.8,-5.3,86.466,1.3,62.94,1
2018-01-02 17:14:00,1.26072443843911,0.00737822807580338,0,4.4,0,4.4,-5.3,86.648,1.3,62.94,1
2018-01-02 17:15:00,1.26107466992694,0.00764917702224568,0,4,0,4,-5.3,86.83,1.3,62.94,1
2018-01-02 17:16:00,1.26142490141477,0.00777648433804093,0,3.8,0,3.8,-5.3,87.01,1.3,62.94,1
2018-01-02 17:17:00,1.26177513290259,0.00790379165383617,0,3.6,0,3.6,-5.3,87.19,1.3,62.94,1
2018-01-02 17:18:00,1.26212536439042,0.00803109896963141,0,3.4,0,3.4,-5.3,87.37,1.3,62.94,1
2018-01-02 17:19:00,1.26247559587825,0.00815840628542665,0,3.2,0,3.2,-5.3,87.55,1.3,62.94,1
2018-01-02 17:20:00,1.26282582736608,0.00828571360122189,0,3,0,3,-5.3,87.73,1.3,62.94,1
2018-01-02 17:21:00,1.2631760588539,0.00810385881998653,0,2.8,0,2.8,-5.3,87.906,1.3,62.94,1
2018-01-02 17:22:00,1.26352629034173,0.00792200403875117,0,2.6,0,2.6,-5.3,88.082,1.3,62.94,1
2018-01-02 17:23:00,1.26387652182956,0.0077401492575158,0,2.4,0,2.4,-5.3,88.258,1.3,62.94,1
2018-01-02 17:24:00,1.26422675331739,0.00755829447628044,0,2.2,0,2.2,-5.3,88.434,1.3,62.94,1
2018-01-02 17:25:00,1.26457698480521,0.00737643969504508,0,2,0,2,-5.3,88.61,1.3,62.94,1
2018-01-02 17:26:00,1.26492721629304,0.00743320632332377,0,1.6,0,1.6,-5.3,88.78,1.3,62.94,1
2018-01-02 17:27:00,1.26527744778087,0.00748997295160246,0,1.2,0,1.2,-5.3,88.95,1.3,62.94,1
2018-01-02 17:28:00,1.26562767926869,0.00754673957988114,0,0.8,0,0.8,-5.3,89.12,1.3,62.94,1
2018-01-02 17:29:00,1.26597791075652,0.00760350620815983,0,0.4,0,0.4,-5.3,89.29,1.3,62.94,1
2018-01-02 17:30:00,1.26632814224435,0.00766027283643852,0,0,0,0,-5.3,89.46,1.3,62.94,1
2018-01-02 17:31:00,1.26667837373218,0.00753833542886117,0,0,0,0,-5.3,89.754,1.3,62.94,1
2018-01-02 17:32:00,1.26702860522,0.00741639802128382,0,0,0,0,-5.3,90.048,1.3,62.94,1
2018-01-02 17:33:00,1.26737883670783,0.00729446061370647,0,0,0,0,-5.3,90.342,1.3,62.94,1
2018-01-02 17:34:00,1.26772906819566,0.00717252320612913,0,0,0,0,-5.3,90.636,1.3,62.94,1
2018-01-02 17:35:00,1.26807929968349,0.00705058579855178,0,0,0,0,-5.3,90.93,1.3,62.94,1
2018-01-02 17:36:00,1.26842953117131,0.00694516427201718,0,0,0,0,-5.3,91.126,1.3,62.94,1
2018-01-02 17:37:00,1.26877976265914,0.00683974274548259,0,0,0,0,-5.3,91.322,1.3,62.94,1
2018-01-02 17:38:00,1.26912999414697,0.00673432121894799,0,0,0,0,-5.3,91.518,1.3,62.94,1
2018-01-02 17:39:00,1.26948022563479,0.00662889969241339,0,0,0,0,-5.3,91.714,1.3,62.94,1
2018-01-02 17:40:00,1.26983045712262,0.0065234781658788,0,0,0,0,-5.3,91.91,1.3,62.94,1
2018-01-02 17:41:00,1.27018068861045,0.00666505779049052,0,0,0,0,-5.3,92.106,1.3,62.94,1
2018-01-02 17:42:00,1.27053092009828,0.00680663741510225,0,0,0,0,-5.3,92.302,1.3,62.94,1
2018-01-02 17:43:00,1.2708811515861,0.00694821703971398,0,0,0,0,-5.3,92.498,1.3,62.94,1
2018-01-02 17:44:00,1.27123138307393,0.00708979666432571,0,0,0,0,-5.3,92.694,1.3,62.94,1
2018-01-02 17:45:00,1.27158161456176,0.00723137628893744,0,0,0,0,-5.3,92.89,1.3,62.94,1
2018-01-02 17:46:00,1.27193184604959,0.00733775702240908,0,0,0,0,-5.3,93.088,1.3,62.94,1
2018-01-02 17:47:00,1.27228207753741,0.00744413775588073,0,0,0,0,-5.3,93.286,1.3,62.94,1
2018-01-02 17:48:00,1.27263230902524,0.00755051848935237,0,0,0,0,-5.3,93.484,1.3,62.94,1
2018-01-02 17:49:00,1.27298254051307,0.00765689922282402,0,0,0,0,-5.3,93.682,1.3,62.94,1
2018-01-02 17:50:00,1.27333277200089,0.00776327995629566,0,0,0,0,-5.3,93.88,1.3,62.94,1
2018-01-02 17:51:00,1.27368300348872,0.00793001602817451,0,0,0,0,-5.3,94.078,1.3,62.94,1
2018-01-02 17:52:00,1.27403323497655,0.00809675210005336,0,0,0,0,-5.3,94.276,1.3,62.94,1
2018-01-02 17:53:00,1.27438346646438,0.00826348817193221,0,0,0,0,-5.3,94.474,1.3,62.94,1
2018-01-02 17:54:00,1.2747336979522,0.00843022424381106,0,0,0,0,-5.3,94.672,1.3,62.94,1
2018-01-02 17:55:00,1.27508392944003,0.00859696031568991,0,0,0,0,-5.3,94.87,1.3,62.94,1
2018-01-02 17:56:00,1.27543416092786,0.010642122362373,0,0,0,0,-5.3,95.07,1.4,63.348,0.9
2018-01-02 17:57:00,1.27578439241569,0.0126872844090562,0,0,0,0,-5.3,95.27,1.5,63.756,0.8
2018-01-02 17:58:00,1.27613462390351,0.0147324464557393,0,0,0,0,-5.3,95.47,1.6,64.164,0.7
2018-01-02 17:59:00,1.27648485539134,0.0167776085024225,0,0,0,0,-5.3,95.67,1.7,64.572,0.6
2018-01-02 18:00:00,1.27683508687917,0.0188227705491056,0,0,0,0,-5.3,95.87,1.8,64.98,0.5
2018-01-02 18:01:00,1.27670828588568,0.0184741293690195,0,0,0,0,-5.3,96.07,1.8,65.074,0.48
2018-01-02 18:02:00,1.27658148489219,0.0181254881889334,0,0,0,0,-5.3,96.27,1.8,65.168,0.46
2018-01-02 18:03:00,1.2764546838987,0.0177768470088472,0,0,0,0,-5.3,96.47,1.8,65.262,0.44
2018-01-02 18:04:00,1.27632788290521,0.0174282058287611,0,0,0,0,-5.3,96.67,1.8,65.356,0.42
2018-01-02 18:05:00,1.27620108191172,0.017079564648675,0,0,0,0,-5.3,96.87,1.8,65.45,0.4
2018-01-02 18:06:00,1.27607428091823,0.0179269082481351,0,0,0,0,-5.3,97.07,1.82,65.45,0.4
2018-01-02 18:07:00,1.27594747992474,0.0187742518475952,0,0,0,0,-5.3,97.27,1.84,65.45,0.4
2018-01-02 18:08:00,1.27582067893125,0.0196215954470552,0,0,0,0,-5.3,97.47,1.86,65.45,0.4
2018-01-02 18:09:00,1.27569387793776,0.0204689390465153,0,0,0,0,-5.3,97.67,1.88,65.45,0.4
2018-01-02 18:10:00,1.27556707694427,0.0213162826459754,0,0,0,0,-5.3,97.87,1.9,65.45,0.4
2018-01-02 18:11:00,1.27544027595078,0.0208417267709904,0,0,0,0,-5.3,98.072,1.9,65.45,0.4
2018-01-02 18:12:00,1.27531347495729,0.0203671708960053,0,0,0,0,-5.3,98.274,1.9,65.45,0.4
2018-01-02 18:13:00,1.2751866739638,0.0198926150210203,0,0,0,0,-5.3,98.476,1.9,65.45,0.4
2018-01-02 18:14:00,1.27505987297031,0.0194180591460352,0,0,0,0,-5.3,98.678,1.9,65.45,0.4
2018-01-02 18:15:00,1.27493307197682,0.0189435032710502,0,0,0,0,-5.3,98.88,1.9,65.45,0.4
2018-01-02 18:16:00,1.27480627098333,0.0202780988190784,0,0,0,0,-5.3,99.084,1.92,65.546,0.38
2018-01-02 18:17:00,1.27467946998984,0.0216126943671067,0,0,0,0,-5.3,99.288,1.94,65.642,0.36
2018-01-02 18:18:00,1.27455266899635,0.022947289915135,0,0,0,0,-5.3,99.492,1.96,65.738,0.34
2018-01-02 18:19:00,1.27442586800286,0.0242818854631633,0,0,0,0,-5.3,99.696,1.98,65.834,0.32
2018-01-02 18:20:00,1.27429906700937,0.0256164810111916,0,0,0,0,-5.3,99.9,2,65.93,0.3
2018-01-02 18:21:00,1.27417226601588,0.0253761743063488,0,0,0,0,-5.3,100.102,2.02,65.93,0.3
2018-01-02 18:22:00,1.27404546502239,0.0251358676015061,0,0,0,0,-5.3,100.304,2.04,65.93,0.3
2018-01-02 18:23:00,1.2739186640289,0.0248955608966634,0,0,0,0,-5.3,100.506,2.06,65.93,0.3
2018-01-02 18:24:00,1.27379186303541,0.0246552541918206,0,0,0,0,-5.3,100.708,2.08,65.93,0.3
2018-01-02 18:25:00,1.27366506204192,0.0244149474869779,0,0,0,0,-5.3,100.91,2.1,65.93,0.3
2018-01-02 18:26:00,1.27353826104843,0.0240670441311839,0,0,0,0,-5.3,101.114,2.1,65.93,0.3
2018-01-02 18:27:00,1.27341146005494,0.0237191407753899,0,0,0,0,-5.3,101.318,2.1,65.93,0.3
2018-01-02 18:28:00,1.27328465906145,0.0233712374195959,0,0,0,0,-5.3,101.522,2.1,65.93,0.3
2018-01-02 18:29:00,1.27315785806796,0.0230233340638019,0,0,0,0,-5.3,101.726,2.1,65.93,0.3
2018-01-02 18:30:00,1.27303105707447,0.0226754307080079,0,0,0,0,-5.3,101.93,2.1,65.93,0.3
2018-01-02 18:31:00,1.27290425608098,0.0242927642116832,0,0,0,0,-5.38,102.136,2.12,65.622,0.28
2018-01-02 18:32:00,1.27277745508749,0.0259100977153584,0,0,0,0,-5.46,102.342,2.14,65.314,0.26
2018-01-02 18:33:00,1.272650654094,0.0275274312190337,0,0,0,0,-5.54,102.548,2.16,65.006,0.24
2018-01-02 18:34:00,1.27252385310051,0.0291447647227089,0,0,0,0,-5.62,102.754,2.18,64.698,0.22
2018-01-02 18:35:00,1.27239705210702,0.0307620982263841,0,0,0,0,-5.7,102.96,2.2,64.39,0.2
2018-01-02 18:36:00,1.27227025111353,0.0301902942313753,0,0,0,0,-5.7,103.164,2.2,64.39,0.2
2018-01-02 18:37:00,1.27214345012004,0.0296184902363664,0,0,0,0,-5.7,103.368,2.2,64.39,0.2
2018-01-02 18:38:00,1.27201664912655,0.0290466862413576,0,0,0,0,-5.7,103.572,2.2,64.39,0.2
2018-01-02 18:39:00,1.27188984813306,0.0284748822463488,0,0,0,0,-5.7,103.776,2.2,64.39,0.2
2018-01-02 18:40:00,1.27176304713957,0.0279030782513399,0,0,0,0,-5.7,103.98,2.2,64.39,0.2
2018-01-02 18:41:00,1.27163624614608,0.0297809374557972,0,0,0,0,-5.7,104.186,2.22,64.39,0.2
2018-01-02 18:42:00,1.27150944515259,0.0316587966602546,0,0,0,0,-5.7,104.392,2.24,64.39,0.2
2018-01-02 18:43:00,1.2713826441591,0.0335366558647119,0,0,0,0,-5.7,104.598,2.26,64.39,0.2
2018-01-02 18:44:00,1.27125584316561,0.0354145150691692,0,0,0,0,-5.7,104.804,2.28,64.39,0.2
2018-01-02 18:45:00,1.27112904217212,0.0372923742736265,0,0,0,0,-5.7,105.01,2.3,64.39,0.2
2018-01-02 18:46:00,1.27100224117863,0.0365106090403466,0,0,0,0,-5.7,105.218,2.32,64.484,0.18
2018-01-02 18:47:00,1.27087544018514,0.0357288438070667,0,0,0,0,-5.7,105.426,2.34,64.578,0.16
2018-01-02 18:48:00,1.27074863919165,0.0349470785737868,0,0,0,0,-5.7,105.634,2.36,64.672,0.14
2018-01-02 18:49:00,1.27062183819816,0.0341653133405069,0,0,0,0,-5.7,105.842,2.38,64.766,0.12
2018-01-02 18:50:00,1.27049503720467,0.033383548107227,0,0,0,0,-5.7,106.05,2.4,64.86,0.1
2018-01-02 18:51:00,1.27036823621118,0.0340678455397035,0,0,0,0,-5.7,106.256,2.4,64.86,0.1
2018-01-02 18:52:00,1.2702414352177,0.03475214297218,0,0,0,0,-5.7,106.462,2.4,64.86,0.1
2018-01-02 18:53:00,1.27011463422421,0.0354364404046564,0,0,0,0,-5.7,106.668,2.4,64.86,0.1
2018-01-02 18:54:00,1.26998783323072,0.0361207378371329,0,0,0,0,-5.7,106.874,2.4,64.86,0.1
2018-01-02 18:55:00,1.26986103223723,0.0368050352696094,0,0,0,0,-5.7,107.08,2.4,64.86,0.1
2018-01-02 18:56:00,1.26973423124374,0.0385270787187537,0,0,0,0,-5.7,107.288,2.42,64.86,0.1
2018-01-02 18:57:00,1.26960743025025,0.040249122167898,0,0,0,0,-5.7,107.496,2.44,64.86,0.1
2018-01-02 18:58:00,1.26948062925676,0.0419711656170423,0,0,0,0,-5.7,107.704,2.46,64.86,0.1
2018-01-02 18:59:00,1.26935382826327,0.0436932090661866,0,0,0,0,-5.7,107.912,2.48,64.86,0.1
2018-01-02 19:00:00,1.26922702726978,0.0454152525153309,0,0,0,0,-5.7,108.12,2.5,64.86,0.1
2018-01-02 19:01:00,1.26899322197965,0.0448007463046268,0,0,0,0,-5.7,108.328,2.5,64.954,0.08
2018-01-02 19:02:00,1.26875941668952,0.0441862400939228,0,0,0,0,-5.7,108.536,2.5,65.048,0.06
2018-01-02 19:03:00,1.2685256113994,0.0435717338832187,0,0,0,0,-5.7,108.744,2.5,65.142,0.04
2018-01-02 19:04:00,1.26829180610927,0.0429572276725147,0,0,0,0,-5.7,108.952,2.5,65.236,0.02
2018-01-02 19:05:00,1.26805800081914,0.0423427214618106,0,0,0,0,-5.7,109.16,2.5,65.33,0
2018-01-02 19:06:00,1.26782419552901,0.0430525485313299,0,0,0,0,-5.7,109.37,2.52,65.33,0
2018-01-02 19:07:00,1.26759039023889,0.0437623756008492,0,0,0,0,-5.7,109.58,2.54,65.33,0
2018-01-02 19:08:00,1.26735658494876,0.0444722026703685,0,0,0,0,-5.7,109.79,2.56,65.33,0
2018-01-02 19:09:00,1.26712277965863,0.0451820297398877,0,0,0,0,-5.7,110,2.58,65.33,0
2018-01-02 19:10:00,1.26688897436851,0.045891856809407,0,0,0,0,-5.7,110.21,2.6,65.33,0
2018-01-02 19:11:00,1.26665516907838,0.0458081966557953,0,0,0,0,-5.7,110.42,2.6,65.426,-0.02
2018-01-02 19:12:00,1.26642136378825,0.0457245365021836,0,0,0,0,-5.7,110.63,2.6,65.522,-0.04
2018-01-02 19:13:00,1.26618755849812,0.0456408763485718,0,0,0,0,-5.7,110.84,2.6,65.618,-0.06
2018-01-02 19:14:00,1.265953753208,0.0455572161949601,0,0,0,0,-5.7,111.05,2.6,65.714,-0.08
2018-01-02 19:15:00,1.26571994791787,0.0454735560413484,0,0,0,0,-5.7,111.26,2.6,65.81,-0.1
2018-01-02 19:16:00,1.26548614262774,0.0454234546249428,0,0,0,0,-5.7,111.47,2.6,65.81,-0.1
2018-01-02 19:17:00,1.26525233733762,0.0453733532085372,0,0,0,0,-5.7,111.68,2.6,65.81,-0.1
2018-01-02 19:18:00,1.26501853204749,0.0453232517921315,0,0,0,0,-5.7,111.89,2.6,65.81,-0.1
2018-01-02 19:19:00,1.26478472675736,0.0452731503757259,0,0,0,0,-5.7,112.1,2.6,65.81,-0.1
2018-01-02 19:20:00,1.26455092146723,0.0452230489593203,0,0,0,0,-5.7,112.31,2.6,65.81,-0.1
2018-01-02 19:21:00,1.26431711617711,0.047732907600273,0,0,0,0,-5.7,112.52,2.62,65.906,-0.12
2018-01-02 19:22:00,1.26408331088698,0.0502427662412257,0,0,0,0,-5.7,112.73,2.64,66.002,-0.14
2018-01-02 19:23:00,1.26384950559685,0.0527526248821784,0,0,0,0,-5.7,112.94,2.66,66.098,-0.16
2018-01-02 19:24:00,1.26361570030673,0.0552624835231311,0,0,0,0,-5.7,113.15,2.68,66.194,-0.18
2018-01-02 19:25:00,1.2633818950166,0.0577723421640838,0,0,0,0,-5.7,113.36,2.7,66.29,-0.2
2018-01-02 19:26:00,1.26314808972647,0.0567135477734931,0,0,0,0,-5.7,113.57,2.7,66.29,-0.2
2018-01-02 19:27:00,1.26291428443635,0.0556547533829024,0,0,0,0,-5.7,113.78,2.7,66.29,-0.2
2018-01-02 19:28:00,1.26268047914622,0.0545959589923117,0,0,0,0,-5.7,113.99,2.7,66.29,-0.2
2018-01-02 19:29:00,1.26244667385609,0.053537164601721,0,0,0,0,-5.7,114.2,2.7,66.29,-0.2
2018-01-02 19:30:00,1.26221286856596,0.0524783702111303,0,0,0,0,-5.7,114.41,2.7,66.29,-0.2
2018-01-02 19:31:00,1.26197906327584,0.0544623445104971,0,0,0,0,-5.66,114.622,2.72,66.612,-0.22
2018-01-02 19:32:00,1.26174525798571,0.0564463188098639,0,0,0,0,-5.62,114.834,2.74,66.934,-0.24
2018-01-02 19:33:00,1.26151145269558,0.0584302931092307,0,0,0,0,-5.58,115.046,2.76,67.256,-0.26
2018-01-02 19:34:00,1.26127764740546,0.0604142674085975,0,0,0,0,-5.54,115.258,2.78,67.578,-0.28
2018-01-02 19:35:00,1.26104384211533,0.0623982417079643,0,0,0,0,-5.5,115.47,2.8,67.9,-0.3
2018-01-02 19:36:00,1.2608100368252,0.061841204919174,0,0,0,0,-5.5,115.682,2.8,67.9,-0.3
2018-01-02 19:37:00,1.26057623153507,0.0612841681303837,0,0,0,0,-5.5,115.894,2.8,67.9,-0.3
2018-01-02 19:38:00,1.26034242624495,0.0607271313415934,0,0,0,0,-5.5,116.106,2.8,67.9,-0.3
2018-01-02 19:39:00,1.26010862095482,0.0601700945528031,0,0,0,0,-5.5,116.318,2.8,67.9,-0.3
2018-01-02 19:40:00,1.25987481566469,0.0596130577640128,0,0,0,0,-5.5,116.53,2.8,67.9,-0.3
2018-01-02 19:41:00,1.25964101037457,0.0614145349174462,0,0,0,0,-5.5,116.742,2.82,67.998,-0.32
2018-01-02 19:42:00,1.25940720508444,0.0632160120708797,0,0,0,0,-5.5,116.954,2.84,68.096,-0.34
2018-01-02 19:43:00,1.25917339979431,0.0650174892243131,0,0,0,0,-5.5,117.166,2.86,68.194,-0.36
2018-01-02 19:44:00,1.25893959450418,0.0668189663777465,0,0,0,0,-5.5,117.378,2.88,68.292,-0.38
2018-01-02 19:45:00,1.25870578921406,0.06862044353118,0,0,0,0,-5.5,117.59,2.9,68.39,-0.4
2018-01-02 19:46:00,1.25847198392393,0.0703200573327718,0,0,0,0,-5.5,117.802,2.9,68.39,-0.4
2018-01-02 19:47:00,1.2582381786338,0.0720196711343637,0,0,0,0,-5.5,118.014,2.9,68.39,-0.4
2018-01-02 19:48:00,1.25800437334368,0.0737192849359556,0,0,0,0,-5.5,118.226,2.9,68.39,-0.4
2018-01-02 19:49:00,1.25777056805355,0.0754188987375475,0,0,0,0,-5.5,118.438,2.9,68.39,-0.4
2018-01-02 19:50:00,1.25753676276342,0.0771185125391394,0,0,0,0,-5.5,118.65,2.9,68.39,-0.4
2018-01-02 19:51:00,1.25730295747329,0.076430571666117,0,0,0,0,-5.5,118.864,2.9,68.49,-0.42
2018-01-02 19:52:00,1.25706915218317,0.0757426307930946,0,0,0,0,-5.5,119.078,2.9,68.59,-0.44
2018-01-02 19:53:00,1.25683534689304,0.0750546899200721,0,0,0,0,-5.5,119.292,2.9,68.69,-0.46
2018-01-02 19:54:00,1.25660154160291,0.0743667490470497,0,0,0,0,-5.5,119.506,2.9,68.79,-0.48
2018-01-02 19:55:00,1.25636773631279,0.0736788081740273,0,0,0,0,-5.5,119.72,2.9,68.89,-0.5
2018-01-02 19:56:00,1.25613393102266,0.0748767598167508,0,0,0,0,-5.5,119.932,2.92,68.89,-0.5
2018-01-02 19:57:00,1.25590012573253,0.0760747114594744,0,0,0,0,-5.5,120.144,2.94,68.89,-0.5
2018-01-02 19:58:00,1.25566632044241,0.0772726631021979,0,0,0,0,-5.5,120.356,2.96,68.89,-0.5
2018-01-02 19:59:00,1.25543251515228,0.0784706147449215,0,0,0,0,-5.5,120.568,2.98,68.89,-0.5
2018-01-02 20:00:00,1.25519870986215,0.079668566387645,0,0,0,0,-5.5,120.78,3,68.89,-0.5
2018-01-02 20:01:00,1.25469028860633,0.0789238438534126,0,0,0,0,-5.5,120.994,3,68.992,-0.52
2018-01-02 20:02:00,1.25418186735051,0.0781791213191801,0,0,0,0,-5.5,121.208,3,69.094,-0.54
2018-01-02 20:03:00,1.25367344609469,0.0774343987849476,0,0,0,0,-5.5,121.422,3,69.196,-0.56
2018-01-02 20:04:00,1.25316502483887,0.0766896762507151,0,0,0,0,-5.5,121.636,3,69.298,-0.58
2018-01-02 20:05:00,1.25265660358305,0.0759449537164827,0,0,0,0,-5.5,121.85,3,69.4,-0.6
2018-01-02 20:06:00,1.25214818232723,0.0771832652422356,0,0,0,0,-5.5,122.064,3,69.4,-0.6
2018-01-02 20:07:00,1.25163976107142,0.0784215767679886,0,0,0,0,-5.5,122.278,3,69.4,-0.6
2018-01-02 20:08:00,1.2511313398156,0.0796598882937416,0,0,0,0,-5.5,122.492,3,69.4,-0.6
2018-01-02 20:09:00,1.25062291855978,0.0808981998194946,0,0,0,0,-5.5,122.706,3,69.4,-0.6
2018-01-02 20:10:00,1.25011449730396,0.0821365113452475,0,0,0,0,-5.5,122.92,3,69.4,-0.6
2018-01-02 20:11:00,1.24960607604814,0.0804083129352223,0,0,0,0,-5.5,123.134,3,69.5,-0.62
2018-01-02 20:12:00,1.24909765479232,0.0786801145251971,0,0,0,0,-5.5,123.348,3,69.6,-0.64
2018-01-02 20:13:00,1.2485892335365,0.0769519161151718,0,0,0,0,-5.5,123.562,3,69.7,-0.66
2018-01-02 20:14:00,1.24808081228068,0.0752237177051466,0,0,0,0,-5.5,123.776,3,69.8,-0.68
2018-01-02 20:15:00,1.24757239102486,0.0734955192951214,0,0,0,0,-5.5,123.99,3,69.9,-0.7
2018-01-02 20:16:00,1.24706396976904,0.074199694630879,0,0,0,0,-5.5,124.204,3,69.9,-0.7
2018-01-02 20:17:00,1.24655554851322,0.0749038699666365,0,0,0,0,-5.5,124.418,3,69.9,-0.7
2018-01-02 20:18:00,1.2460471272574,0.0756080453023941,0,0,0,0,-5.5,124.632,3,69.9,-0.7
2018-01-02 20:19:00,1.24553870600158,0.0763122206381517,0,0,0,0,-5.5,124.846,3,69.9,-0.7
2018-01-02 20:20:00,1.24503028474576,0.0770163959739093,0,0,0,0,-5.5,125.06,3,69.9,-0.7
2018-01-02 20:21:00,1.24452186348994,0.0798013553449461,0,0,0,0,-5.5,125.276,3.02,70.004,-0.72
2018-01-02 20:22:00,1.24401344223412,0.0825863147159829,0,0,0,0,-5.5,125.492,3.04,70.108,-0.74
2018-01-02 20:23:00,1.2435050209783,0.0853712740870197,0,0,0,0,-5.5,125.708,3.06,70.212,-0.76
2018-01-02 20:24:00,1.24299659972248,0.0881562334580565,0,0,0,0,-5.5,125.924,3.08,70.316,-0.78
2018-01-02 20:25:00,1.24248817846666,0.0909411928290933,0,0,0,0,-5.5,126.14,3.1,70.42,-0.8
2018-01-02 20:26:00,1.24197975721084,0.0903163194016256,0,0,0,0,-5.5,126.354,3.1,70.42,-0.8
2018-01-02 20:27:00,1.24147133595503,0.0896914459741579,0,0,0,0,-5.5,126.568,3.1,70.42,-0.8
2018-01-02 20:28:00,1.24096291469921,0.0890665725466902,0,0,0,0,-5.5,126.782,3.1,70.42,-0.8
2018-01-02 20:29:00,1.24045449344339,0.0884416991192226,0,0,0,0,-5.5,126.996,3.1,70.42,-0.8
2018-01-02 20:30:00,1.23994607218757,0.0878168256917549,0,0,0,0,-5.5,127.21,3.1,70.42,-0.8
2018-01-02 20:31:00,1.23943765093175,0.0868558396454324,0,0,0,0,-5.46,127.426,3.1,70.642,-0.8
2018-01-02 20:32:00,1.23892922967593,0.08589485359911,0,0,0,0,-5.42,127.642,3.1,70.864,-0.8
2018-01-02 20:33:00,1.23842080842011,0.0849338675527875,0,0,0,0,-5.38,127.858,3.1,71.086,-0.8
2018-01-02 20:34:00,1.23791238716429,0.0839728815064651,0,0,0,0,-5.34,128.074,3.1,71.308,-0.8
2018-01-02 20:35:00,1.23740396590847,0.0830118954601426,0,0,0,0,-5.3,128.29,3.1,71.53,-0.8
2018-01-02 20:36:00,1.23689554465265,0.0852212405387372,0,0,0,0,-5.3,128.506,3.1,71.634,-0.82
2018-01-02 20:37:00,1.23638712339683,0.0874305856173318,0,0,0,0,-5.3,128.722,3.1,71.738,-0.84
2018-01-02 20:38:00,1.23587870214101,0.0896399306959263,0,0,0,0,-5.3,128.938,3.1,71.842,-0.86
2018-01-02 20:39:00,1.23537028088519,0.0918492757745209,0,0,0,0,-5.3,129.154,3.1,71.946,-0.88
2018-01-02 20:40:00,1.23486185962937,0.0940586208531155,0,0,0,0,-5.3,129.37,3.1,72.05,-0.9
2018-01-02 20:41:00,1.23435343837355,0.093453292169245,0,0,0,0,-5.3,129.586,3.1,72.05,-0.9
2018-01-02 20:42:00,1.23384501711773,0.0928479634853746,0,0,0,0,-5.3,129.802,3.1,72.05,-0.9
2018-01-02 20:43:00,1.23333659586191,0.0922426348015042,0,0,0,0,-5.3,130.018,3.1,72.05,-0.9
2018-01-02 20:44:00,1.23282817460609,0.0916373061176338,0,0,0,0,-5.3,130.234,3.1,72.05,-0.9
2018-01-02 20:45:00,1.23231975335028,0.0910319774337633,0,0,0,0,-5.3,130.45,3.1,72.05,-0.9
2018-01-02 20:46:00,1.23181133209446,0.0879245921638143,0,0,0,0,-5.3,130.666,3.1,72.156,-0.92
2018-01-02 20:47:00,1.23130291083864,0.0848172068938652,0,0,0,0,-5.3,130.882,3.1,72.262,-0.94
2018-01-02 20:48:00,1.23079448958282,0.0817098216239161,0,0,0,0,-5.3,131.098,3.1,72.368,-0.96
2018-01-02 20:49:00,1.230286068327,0.0786024363539671,0,0,0,0,-5.3,131.314,3.1,72.474,-0.98
2018-01-02 20:50:00,1.22977764707118,0.075495051084018,0,0,0,0,-5.3,131.53,3.1,72.58,-1
2018-01-02 20:51:00,1.22926922581536,0.0815162394460911,0,0,0,0,-5.3,131.746,3.12,72.58,-1
2018-01-02 20:52:00,1.22876080455954,0.0875374278081641,0,0,0,0,-5.3,131.962,3.14,72.58,-1
2018-01-02 20:53:00,1.22825238330372,0.0935586161702372,0,0,0,0,-5.3,132.178,3.16,72.58,-1
2018-01-02 20:54:00,1.2277439620479,0.0995798045323102,0,0,0,0,-5.3,132.394,3.18,72.58,-1
2018-01-02 20:55:00,1.22723554079208,0.105600992894383,0,0,0,0,-5.3,132.61,3.2,72.58,-1
2018-01-02 20:56:00,1.22672711953626,0.107397088777547,0,0,0,0,-5.3,132.826,3.2,72.686,-1.02
2018-01-02 20:57:00,1.22621869828044,0.109193184660711,0,0,0,0,-5.3,133.042,3.2,72.792,-1.04
2018-01-02 20:58:00,1.22571027702462,0.110989280543875,0,0,0,0,-5.3,133.258,3.2,72.898,-1.06
2018-01-02 20:59:00,1.2252018557688,0.112785376427039,0,0,0,0,-5.3,133.474,3.2,73.004,-1.08
2018-01-02 21:00:00,1.22469343451298,0.114581472310203,0,0,0,0,-5.3,133.69,3.2,73.11,-1.1
2018-01-02 21:01:00,1.22392006495703,0.110884272192488,0,0,0,0,-5.3,133.906,3.2,73.11,-1.1
2018-01-02 21:02:00,1.22314669540107,0.107187072074774,0,0,0,0,-5.3,134.122,3.2,73.11,-1.1
2018-01-02 21:03:00,1.22237332584511,0.10348987195706,0,0,0,0,-5.3,134.338,3.2,73.11,-1.1
2018-01-02 21:04:00,1.22159995628916,0.0997926718393453,0,0,0,0,-5.3,134.554,3.2,73.11,-1.1
2018-01-02 21:05:00,1.2208265867332,0.0960954717216309,0,0,0,0,-5.3,134.77,3.2,73.11,-1.1
2018-01-02 21:06:00,1.22005321717724,0.0977589590033741,0,0,0,0,-5.3,134.988,3.2,73.11,-1.1
2018-01-02 21:07:00,1.21927984762129,0.0994224462851172,0,0,0,0,-5.3,135.206,3.2,73.11,-1.1
2018-01-02 21:08:00,1.21850647806533,0.10108593356686,0,0,0,0,-5.3,135.424,3.2,73.11,-1.1
2018-01-02 21:09:00,1.21773310850937,0.102749420848604,0,0,0,0,-5.3,135.642,3.2,73.11,-1.1
2018-01-02 21:10:00,1.21695973895341,0.104412908130347,0,0,0,0,-5.3,135.86,3.2,73.11,-1.1
2018-01-02 21:11:00,1.21618636939746,0.102404257000034,0,0,0,0,-5.3,136.076,3.2,73.218,-1.12
2018-01-02 21:12:00,1.2154129998415,0.100395605869721,0,0,0,0,-5.3,136.292,3.2,73.326,-1.14
2018-01-02 21:13:00,1.21463963028554,0.0983869547394074,0,0,0,0,-5.3,136.508,3.2,73.434,-1.16
2018-01-02 21:14:00,1.21386626072959,0.0963783036090944,0,0,0,0,-5.3,136.724,3.2,73.542,-1.18
2018-01-02 21:15:00,1.21309289117363,0.0943696524787813,0,0,0,0,-5.3,136.94,3.2,73.65,-1.2
2018-01-02 21:16:00,1.21231952161767,0.0958506312115516,0,0,0,0,-5.3,137.156,3.2,73.65,-1.2
2018-01-02 21:17:00,1.21154615206172,0.0973316099443219,0,0,0,0,-5.3,137.372,3.2,73.65,-1.2
2018-01-02 21:18:00,1.21077278250576,0.0988125886770922,0,0,0,0,-5.3,137.588,3.2,73.65,-1.2
2018-01-02 21:19:00,1.2099994129498,0.100293567409862,0,0,0,0,-5.3,137.804,3.2,73.65,-1.2
2018-01-02 21:20:00,1.20922604339385,0.101774546142633,0,0,0,0,-5.3,138.02,3.2,73.65,-1.2
2018-01-02 21:21:00,1.20845267383789,0.101617817987887,0,0,0,0,-5.3,138.238,3.2,73.65,-1.2
2018-01-02 21:22:00,1.20767930428193,0.101461089833141,0,0,0,0,-5.3,138.456,3.2,73.65,-1.2
2018-01-02 21:23:00,1.20690593472598,0.101304361678396,0,0,0,0,-5.3,138.674,3.2,73.65,-1.2
2018-01-02 21:24:00,1.20613256517002,0.10114763352365,0,0,0,0,-5.3,138.892,3.2,73.65,-1.2
2018-01-02 21:25:00,1.20535919561406,0.100990905368904,0,0,0,0,-5.3,139.11,3.2,73.65,-1.2
2018-01-02 21:26:00,1.20458582605811,0.102472615065213,0,0,0,0,-5.3,139.326,3.2,73.758,-1.22
2018-01-02 21:27:00,1.20381245650215,0.103954324761522,0,0,0,0,-5.3,139.542,3.2,73.866,-1.24
2018-01-02 21:28:00,1.20303908694619,0.105436034457831,0,0,0,0,-5.3,139.758,3.2,73.974,-1.26
2018-01-02 21:29:00,1.20226571739024,0.10691774415414,0,0,0,0,-5.3,139.974,3.2,74.082,-1.28
2018-01-02 21:30:00,1.20149234783428,0.108399453850449,0,0,0,0,-5.3,140.19,3.2,74.19,-1.3
2018-01-02 21:31:00,1.20071897827832,0.105239667920759,0,0,0,0,-5.32,140.408,3.2,74.11,-1.3
2018-01-02 21:32:00,1.19994560872236,0.102079881991068,0,0,0,0,-5.34,140.626,3.2,74.03,-1.3
2018-01-02 21:33:00,1.19917223916641,0.0989200960613778,0,0,0,0,-5.36,140.844,3.2,73.95,-1.3
2018-01-02 21:34:00,1.19839886961045,0.0957603101316874,0,0,0,0,-5.38,141.062,3.2,73.87,-1.3
2018-01-02 21:35:00,1.19762550005449,0.0926005242019969,0,0,0,0,-5.4,141.28,3.2,73.79,-1.3
2018-01-02 21:36:00,1.19685213049854,0.0953269863059817,0,0,0,0,-5.4,141.496,3.2,73.79,-1.3
2018-01-02 21:37:00,1.19607876094258,0.0980534484099665,0,0,0,0,-5.4,141.712,3.2,73.79,-1.3
2018-01-02 21:38:00,1.19530539138662,0.100779910513951,0,0,0,0,-5.4,141.928,3.2,73.79,-1.3
2018-01-02 21:39:00,1.19453202183067,0.103506372617936,0,0,0,0,-5.4,142.144,3.2,73.79,-1.3
2018-01-02 21:40:00,1.19375865227471,0.106232834721921,0,0,0,0,-5.4,142.36,3.2,73.79,-1.3
2018-01-02 21:41:00,1.19298528271875,0.102916135004847,0,0,0,0,-5.4,142.578,3.2,73.898,-1.32
2018-01-02 21:42:00,1.1922119131628,0.0995994352877732,0,0,0,0,-5.4,142.796,3.2,74.006,-1.34
2018-01-02 21:43:00,1.19143854360684,0.0962827355706993,0,0,0,0,-5.4,143.014,3.2,74.114,-1.36
2018-01-02 21:44:00,1.19066517405088,0.0929660358536254,0,0,0,0,-5.4,143.232,3.2,74.222,-1.38
2018-01-02 21:45:00,1.18989180449493,0.0896493361365516,0,0,0,0,-5.4,143.45,3.2,74.33,-1.4
2018-01-02 21:46:00,1.18911843493897,0.0916386214620378,0,0,0,0,-5.4,143.666,3.2,74.33,-1.4
2018-01-02 21:47:00,1.18834506538301,0.0936279067875241,0,0,0,0,-5.4,143.882,3.2,74.33,-1.4
2018-01-02 21:48:00,1.18757169582706,0.0956171921130104,0,0,0,0,-5.4,144.098,3.2,74.33,-1.4
2018-01-02 21:49:00,1.1867983262711,0.0976064774384967,0,0,0,0,-5.4,144.314,3.2,74.33,-1.4
2018-01-02 21:50:00,1.18602495671514,0.0995957627639829,0,0,0,0,-5.4,144.53,3.2,74.33,-1.4
2018-01-02 21:51:00,1.18525158715918,0.0972801949819644,0,0,0,0,-5.4,144.748,3.2,74.33,-1.4
2018-01-02 21:52:00,1.18447821760323,0.0949646271999459,0,0,0,0,-5.4,144.966,3.2,74.33,-1.4
2018-01-02 21:53:00,1.18370484804727,0.0926490594179274,0,0,0,0,-5.4,145.184,3.2,74.33,-1.4
2018-01-02 21:54:00,1.18293147849131,0.0903334916359089,0,0,0,0,-5.4,145.402,3.2,74.33,-1.4
2018-01-02 21:55:00,1.18215810893536,0.0880179238538903,0,0,0,0,-5.4,145.62,3.2,74.33,-1.4
2018-01-02 21:56:00,1.1813847393794,0.0904455771806699,0,0,0,0,-5.4,145.836,3.2,74.44,-1.42
2018-01-02 21:57:00,1.18061136982344,0.0928732305074495,0,0,0,0,-5.4,146.052,3.2,74.55,-1.44
2018-01-02 21:58:00,1.17983800026749,0.095300883834229,0,0,0,0,-5.4,146.268,3.2,74.66,-1.46
2018-01-02 21:59:00,1.17906463071153,0.0977285371610086,0,0,0,0,-5.4,146.484,3.2,74.77,-1.48
2018-01-02 22:00:00,1.17829126115557,0.100156190487788,0,0,0,0,-5.4,146.7,3.2,74.88,-1.5
2018-01-02 22:01:00,1.17761786427237,0.0965524636225115,0,0,0,0,-5.4,146.918,3.18,74.88,-1.5
2018-01-02 22:02:00,1.17694446738916,0.0929487367572347,0,0,0,0,-5.4,147.136,3.16,74.88,-1.5
2018-01-02 22:03:00,1.17627107050595,0.089345009891958,0,0,0,0,-5.4,147.354,3.14,74.88,-1.5
2018-01-02 22:04:00,1.17559767362275,0.0857412830266813,0,0,0,0,-5.4,147.572,3.12,74.88,-1.5
2018-01-02 22:05:00,1.17492427673954,0.0821375561614045,0,0,0,0,-5.4,147.79,3.1,74.88,-1.5
2018-01-02 22:06:00,1.17425087985633,0.0849064609013707,0,0,0,0,-5.4,148.006,3.1,74.99,-1.52
2018-01-02 22:07:00,1.17357748297313,0.0876753656413368,0,0,0,0,-5.4,148.222,3.1,75.1,-1.54
2018-01-02 22:08:00,1.17290408608992,0.090444270381303,0,0,0,0,-5.4,148.438,3.1,75.21,-1.56
2018-01-02 22:09:00,1.17223068920672,0.0932131751212691,0,0,0,0,-5.4,148.654,3.1,75.32,-1.58
2018-01-02 22:10:00,1.17155729232351,0.0959820798612352,0,0,0,0,-5.4,148.87,3.1,75.43,-1.6
2018-01-02 22:11:00,1.1708838954403,0.0920047009811188,0,0,0,0,-5.4,149.086,3.08,75.43,-1.6
2018-01-02 22:12:00,1.1702104985571,0.0880273221010024,0,0,0,0,-5.4,149.302,3.06,75.43,-1.6
2018-01-02 22:13:00,1.16953710167389,0.0840499432208859,0,0,0,0,-5.4,149.518,3.04,75.43,-1.6
2018-01-02 22:14:00,1.16886370479068,0.0800725643407695,0,0,0,0,-5.4,149.734,3.02,75.43,-1.6
2018-01-02 22:15:00,1.16819030790748,0.0760951854606531,0,0,0,0,-5.4,149.95,3,75.43,-1.6
2018-01-02 22:16:00,1.16751691102427,0.0774528886390776,0,0,0,0,-5.4,150.166,3,75.542,-1.62
2018-01-02 22:17:00,1.16684351414107,0.0788105918175023,0,0,0,0,-5.4,150.382,3,75.654,-1.64
2018-01-02 22:18:00,1.16617011725786,0.0801682949959269,0,0,0,0,-5.4,150.598,3,75.766,-1.66
2018-01-02 22:19:00,1.16549672037465,0.0815259981743515,0,0,0,0,-5.4,150.814,3,75.878,-1.68
2018-01-02 22:20:00,1.16482332349145,0.0828837013527761,0,0,0,0,-5.4,151.03,3,75.99,-1.7
2018-01-02 22:21:00,1.16414992660824,0.082151434566042,0,0,0,0,-5.4,151.246,3,75.99,-1.7
2018-01-02 22:22:00,1.16347652972503,0.081419167779308,0,0,0,0,-5.4,151.462,3,75.99,-1.7
2018-01-02 22:23:00,1.16280313284183,0.0806869009925739,0,0,0,0,-5.4,151.678,3,75.99,-1.7
2018-01-02 22:24:00,1.16212973595862,0.0799546342058399,0,0,0,0,-5.4,151.894,3,75.99,-1.7
2018-01-02 22:25:00,1.16145633907541,0.0792223674191059,0,0,0,0,-5.4,152.11,3,75.99,-1.7
2018-01-02 22:26:00,1.16078294219221,0.0785056180295024,0,0,0,0,-5.4,152.324,2.98,76.102,-1.72
2018-01-02 22:27:00,1.160109545309,0.077788868639899,0,0,0,0,-5.4,152.538,2.96,76.214,-1.74
2018-01-02 22:28:00,1.1594361484258,0.0770721192502956,0,0,0,0,-5.4,152.752,2.94,76.326,-1.76
2018-01-02 22:29:00,1.15876275154259,0.0763553698606921,0,0,0,0,-5.4,152.966,2.92,76.438,-1.78
2018-01-02 22:30:00,1.15808935465938,0.0756386204710887,0,0,0,0,-5.4,153.18,2.9,76.55,-1.8
2018-01-02 22:31:00,1.15741595777618,0.0751873693263338,0,0,0,0,-5.42,153.394,2.9,76.378,-1.8
2018-01-02 22:32:00,1.15674256089297,0.0747361181815789,0,0,0,0,-5.44,153.608,2.9,76.206,-1.8
2018-01-02 22:33:00,1.15606916400976,0.0742848670368239,0,0,0,0,-5.46,153.822,2.9,76.034,-1.8
2018-01-02 22:34:00,1.15539576712656,0.073833615892069,0,0,0,0,-5.48,154.036,2.9,75.862,-1.8
2018-01-02 22:35:00,1.15472237024335,0.0733823647473141,0,0,0,0,-5.5,154.25,2.9,75.69,-1.8
2018-01-02 22:36:00,1.15404897336014,0.073025063309738,0,0,0,0,-5.5,154.464,2.9,75.802,-1.82
2018-01-02 22:37:00,1.15337557647694,0.0726677618721619,0,0,0,0,-5.5,154.678,2.9,75.914,-1.84
2018-01-02 22:38:00,1.15270217959373,0.0723104604345858,0,0,0,0,-5.5,154.892,2.9,76.026,-1.86
2018-01-02 22:39:00,1.15202878271053,0.0719531589970097,0,0,0,0,-5.5,155.106,2.9,76.138,-1.88
2018-01-02 22:40:00,1.15135538582732,0.0715958575594336,0,0,0,0,-5.5,155.32,2.9,76.25,-1.9
2018-01-02 22:41:00,1.15068198894411,0.0682770030407344,0,0,0,0,-5.5,155.534,2.88,76.25,-1.9
2018-01-02 22:42:00,1.15000859206091,0.0649581485220353,0,0,0,0,-5.5,155.748,2.86,76.25,-1.9
2018-01-02 22:43:00,1.1493351951777,0.0616392940033362,0,0,0,0,-5.5,155.962,2.84,76.25,-1.9
2018-01-02 22:44:00,1.14866179829449,0.0583204394846371,0,0,0,0,-5.5,156.176,2.82,76.25,-1.9
2018-01-02 22:45:00,1.14798840141129,0.0550015849659379,0,0,0,0,-5.5,156.39,2.8,76.25,-1.9
2018-01-02 22:46:00,1.14731500452808,0.0560371399582227,0,0,0,0,-5.5,156.602,2.8,76.362,-1.92
2018-01-02 22:47:00,1.14664160764487,0.0570726949505074,0,0,0,0,-5.5,156.814,2.8,76.474,-1.94
2018-01-02 22:48:00,1.14596821076167,0.0581082499427921,0,0,0,0,-5.5,157.026,2.8,76.586,-1.96
2018-01-02 22:49:00,1.14529481387846,0.0591438049350768,0,0,0,0,-5.5,157.238,2.8,76.698,-1.98
2018-01-02 22:50:00,1.14462141699526,0.0601793599273615,0,0,0,0,-5.5,157.45,2.8,76.81,-2
2018-01-02 22:51:00,1.14394802011205,0.0586889850085614,0,0,0,0,-5.5,157.662,2.78,76.81,-2
2018-01-02 22:52:00,1.14327462322884,0.0571986100897612,0,0,0,0,-5.5,157.874,2.76,76.81,-2
2018-01-02 22:53:00,1.14260122634564,0.0557082351709611,0,0,0,0,-5.5,158.086,2.74,76.81,-2
2018-01-02 22:54:00,1.14192782946243,0.054217860252161,0,0,0,0,-5.5,158.298,2.72,76.81,-2
2018-01-02 22:55:00,1.14125443257922,0.0527274853333609,0,0,0,0,-5.5,158.51,2.7,76.81,-2
2018-01-02 22:56:00,1.14058103569602,0.0524765183704852,0,0,0,0,-5.5,158.722,2.7,76.924,-2.02
2018-01-02 22:57:00,1.13990763881281,0.0522255514076095,0,0,0,0,-5.5,158.934,2.7,77.038,-2.04
2018-01-02 22:58:00,1.1392342419296,0.0519745844447338,0,0,0,0,-5.5,159.146,2.7,77.152,-2.06
2018-01-02 22:59:00,1.1385608450464,0.0517236174818581,0,0,0,0,-5.5,159.358,2.7,77.266,-2.08
2018-01-02 23:00:00,1.13788744816319,0.0514726505189823,0,0,0,0,-5.5,159.57,2.7,77.38,-2.1
2018-01-02 23:01:00,1.13708942095244,0.0516745297475272,0,0,0,0,-5.5,159.778,2.68,77.38,-2.1
2018-01-02 23:02:00,1.13629139374168,0.051876408976072,0,0,0,0,-5.5,159.986,2.66,77.38,-2.1
2018-01-02 23:03:00,1.13549336653093,0.0520782882046169,0,0,0,0,-5.5,160.194,2.64,77.38,-2.1
2018-01-02 23:04:00,1.13469533932017,0.0522801674331617,0,0,0,0,-5.5,160.402,2.62,77.38,-2.1
2018-01-02 23:05:00,1.13389731210942,0.0524820466617065,0,0,0,0,-5.5,160.61,2.6,77.38,-2.1
2018-01-02 23:06:00,1.13309928489866,0.0515770185911339,0,0,0,0,-5.5,160.818,2.6,77.494,-2.12
2018-01-02 23:07:00,1.13230125768791,0.0506719905205612,0,0,0,0,-5.5,161.026,2.6,77.608,-2.14
2018-01-02 23:08:00,1.13150323047715,0.0497669624499886,0,0,0,0,-5.5,161.234,2.6,77.722,-2.16
2018-01-02 23:09:00,1.13070520326639,0.048861934379416,0,0,0,0,-5.5,161.442,2.6,77.836,-2.18
2018-01-02 23:10:00,1.12990717605564,0.0479569063088433,0,0,0,0,-5.5,161.65,2.6,77.95,-2.2
2018-01-02 23:11:00,1.12910914884488,0.0461686265441249,0,0,0,0,-5.5,161.856,2.58,78.066,-2.22
2018-01-02 23:12:00,1.12831112163413,0.0443803467794065,0,0,0,0,-5.5,162.062,2.56,78.182,-2.24
2018-01-02 23:13:00,1.12751309442337,0.0425920670146881,0,0,0,0,-5.5,162.268,2.54,78.298,-2.26
2018-01-02 23:14:00,1.12671506721262,0.0408037872499696,0,0,0,0,-5.5,162.474,2.52,78.414,-2.28
2018-01-02 23:15:00,1.12591704000186,0.0390155074852512,0,0,0,0,-5.5,162.68,2.5,78.53,-2.3
2018-01-02 23:16:00,1.12511901279111,0.0407383015104092,0,0,0,0,-5.5,162.884,2.5,78.646,-2.32
2018-01-02 23:17:00,1.12432098558035,0.0424610955355672,0,0,0,0,-5.5,163.088,2.5,78.762,-2.34
2018-01-02 23:18:00,1.1235229583696,0.0441838895607252,0,0,0,0,-5.5,163.292,2.5,78.878,-2.36
2018-01-02 23:19:00,1.12272493115884,0.0459066835858833,0,0,0,0,-5.5,163.496,2.5,78.994,-2.38
2018-01-02 23:20:00,1.12192690394809,0.0476294776110413,0,0,0,0,-5.5,163.7,2.5,79.11,-2.4
2018-01-02 23:21:00,1.12112887673733,0.0453700747507397,0,0,0,0,-5.5,163.9,2.48,79.11,-2.4
2018-01-02 23:22:00,1.12033084952658,0.0431106718904382,0,0,0,0,-5.5,164.1,2.46,79.11,-2.4
2018-01-02 23:23:00,1.11953282231582,0.0408512690301367,0,0,0,0,-5.5,164.3,2.44,79.11,-2.4
2018-01-02 23:24:00,1.11873479510507,0.0385918661698351,0,0,0,0,-5.5,164.5,2.42,79.11,-2.4
2018-01-02 23:25:00,1.11793676789431,0.0363324633095336,0,0,0,0,-5.5,164.7,2.4,79.11,-2.4
2018-01-02 23:26:00,1.11713874068355,0.036305505135455,0,0,0,0,-5.5,164.898,2.4,79.228,-2.42
2018-01-02 23:27:00,1.1163407134728,0.0362785469613763,0,0,0,0,-5.5,165.096,2.4,79.346,-2.44
2018-01-02 23:28:00,1.11554268626204,0.0362515887872977,0,0,0,0,-5.5,165.294,2.4,79.464,-2.46
2018-01-02 23:29:00,1.11474465905129,0.0362246306132191,0,0,0,0,-5.5,165.492,2.4,79.582,-2.48
2018-01-02 23:30:00,1.11394663184053,0.0361976724391404,0,0,0,0,-5.5,165.69,2.4,79.7,-2.5
2018-01-02 23:31:00,1.11314860462978,0.0359144932511881,0,0,0,0,-5.56,165.884,2.38,79.544,-2.52
2018-01-02 23:32:00,1.11235057741902,0.0356313140632358,0,0,0,0,-5.62,166.078,2.36,79.388,-2.54
2018-01-02 23:33:00,1.11155255020827,0.0353481348752834,0,0,0,0,-5.68,166.272,2.34,79.232,-2.56
2018-01-02 23:34:00,1.11075452299751,0.0350649556873311,0,0,0,0,-5.74,166.466,2.32,79.076,-2.58
2018-01-02 23:35:00,1.10995649578676,0.0347817764993788,0,0,0,0,-5.8,166.66,2.3,78.92,-2.6
2018-01-02 23:36:00,1.109158468576,0.034456945527219,0,0,0,0,-5.8,166.848,2.3,78.904,-2.6
2018-01-02 23:37:00,1.10836044136525,0.0341321145550593,0,0,0,0,-5.8,167.036,2.3,78.888,-2.6
2018-01-02 23:38:00,1.10756241415449,0.0338072835828996,0,0,0,0,-5.8,167.224,2.3,78.872,-2.6
2018-01-02 23:39:00,1.10676438694374,0.0334824526107399,0,0,0,0,-5.8,167.412,2.3,78.856,-2.6
2018-01-02 23:40:00,1.10596635973298,0.0331576216385802,0,0,0,0,-5.8,167.6,2.3,78.84,-2.6
2018-01-02 23:41:00,1.10516833252222,0.0329100377825847,0,0,0,0,-5.8,167.782,2.28,78.958,-2.62
2018-01-02 23:42:00,1.10437030531147,0.0326624539265893,0,0,0,0,-5.8,167.964,2.26,79.076,-2.64
2018-01-02 23:43:00,1.10357227810071,0.0324148700705938,0,0,0,0,-5.8,168.146,2.24,79.194,-2.66
2018-01-02 23:44:00,1.10277425088996,0.0321672862145984,0,0,0,0,-5.8,168.328,2.22,79.312,-2.68
2018-01-02 23:45:00,1.1019762236792,0.0319197023586029,0,0,0,0,-5.8,168.51,2.2,79.43,-2.7
2018-01-02 23:46:00,1.10117819646845,0.0307579375274516,0,0,0,0,-5.8,168.686,2.18,79.548,-2.72
2018-01-02 23:47:00,1.10038016925769,0.0295961726963002,0,0,0,0,-5.8,168.862,2.16,79.666,-2.74
2018-01-02 23:48:00,1.09958214204694,0.0284344078651489,0,0,0,0,-5.8,169.038,2.14,79.784,-2.76
2018-01-02 23:49:00,1.09878411483618,0.0272726430339975,0,0,0,0,-5.8,169.214,2.12,79.902,-2.78
2018-01-02 23:50:00,1.09798608762543,0.0261108782028462,0,0,0,0,-5.8,169.39,2.1,80.02,-2.8
2018-01-02 23:51:00,1.09718806041467,0.0262232465761169,0,0,0,0,-5.8,169.554,2.1,80.138,-2.82
2018-01-02 23:52:00,1.09639003320392,0.0263356149493876,0,0,0,0,-5.8,169.718,2.1,80.256,-2.84
2018-01-02 23:53:00,1.09559200599316,0.0264479833226584,0,0,0,0,-5.8,169.882,2.1,80.374,-2.86
2018-01-02 23:54:00,1.09479397878241,0.0265603516959291,0,0,0,0,-5.8,170.046,2.1,80.492,-2.88
2018-01-02 23:55:00,1.09399595157165,0.0266727200691999,0,0,0,0,-5.8,170.21,2.1,80.61,-2.9
2018-01-02 23:56:00,1.0931979243609,0.0258692956771873,0,0,0,0,-5.8,170.362,2.08,80.61,-2.9
2018-01-02 23:57:00,1.09239989715014,0.0250658712851747,0,0,0,0,-5.8,170.514,2.06,80.61,-2.9
2018-01-02 23:58:00,1.09160186993938,0.0242624468931621,0,0,0,0,-5.8,170.666,2.04,80.61,-2.9
2018-01-02 23:59:00,1.09080384272863,0.0234590225011495,0,0,0,0,-5.8,170.818,2.02,80.61,-2.9
2018-01-03 00:00:00,1.09000581551787,0.0226555981091369,0,0,0,0,-5.8,170.97,2,80.61,-2.9
2018-01-03 00:01:00,1.0898528576654,0.0226121274663946,0,0,0,0,-5.8,171.106,2,80.732,-2.92
2018-01-03 00:02:00,1.08969989981293,0.0225686568236524,0,0,0,0,-5.8,171.242,2,80.854,-2.94
2018-01-03 00:03:00,1.08954694196047,0.0225251861809101,0,0,0,0,-5.8,171.378,2,80.976,-2.96
2018-01-03 00:04:00,1.089393984108,0.0224817155381678,0,0,0,0,-5.8,171.514,2,81.098,-2.98
2018-01-03 00:05:00,1.08924102625553,0.0224382448954256,0,0,0,0,-5.8,171.65,2,81.22,-3
2018-01-03 00:06:00,1.08908806840306,0.0227248359052172,0,0,0,0,-5.8,171.764,2,81.34,-3.02
2018-01-03 00:07:00,1.08893511055059,0.0230114269150088,0,0,0,0,-5.8,171.878,2,81.46,-3.04
2018-01-03 00:08:00,1.08878215269812,0.0232980179248005,0,0,0,0,-5.8,171.992,2,81.58,-3.06
2018-01-03 00:09:00,1.08862919484565,0.0235846089345921,0,0,0,0,-5.8,172.106,2,81.7,-3.08
2018-01-03 00:10:00,1.08847623699318,0.0238711999443837,0,0,0,0,-5.8,172.22,2,81.82,-3.1
2018-01-03 00:11:00,1.08832327914071,0.0238145314160324,0,0,0,0,-5.8,172.31,2,81.942,-3.12
2018-01-03 00:12:00,1.08817032128824,0.0237578628876812,0,0,0,0,-5.8,172.4,2,82.064,-3.14
2018-01-03 00:13:00,1.08801736343577,0.0237011943593299,0,0,0,0,-5.8,172.49,2,82.186,-3.16
2018-01-03 00:14:00,1.0878644055833,0.0236445258309786,0,0,0,0,-5.8,172.58,2,82.308,-3.18
2018-01-03 00:15:00,1.08771144773083,0.0235878573026273,0,0,0,0,-5.8,172.67,2,82.43,-3.2
2018-01-03 00:16:00,1.08755848987836,0.0224839916127573,0,0,0,0,-5.8,172.73,1.98,82.43,-3.2
2018-01-03 00:17:00,1.08740553202589,0.0213801259228874,0,0,0,0,-5.8,172.79,1.96,82.43,-3.2
2018-01-03 00:18:00,1.08725257417342,0.0202762602330175,0,0,0,0,-5.8,172.85,1.94,82.43,-3.2
2018-01-03 00:19:00,1.08709961632095,0.0191723945431475,0,0,0,0,-5.8,172.91,1.92,82.43,-3.2
2018-01-03 00:20:00,1.08694665846848,0.0180685288532776,0,0,0,0,-5.8,172.97,1.9,82.43,-3.2
2018-01-03 00:21:00,1.08679370061601,0.0184759197968572,0,0,0,0,-5.8,172.994,1.9,82.554,-3.22
2018-01-03 00:22:00,1.08664074276354,0.0188833107404368,0,0,0,0,-5.8,173.018,1.9,82.678,-3.24
2018-01-03 00:23:00,1.08648778491108,0.0192907016840164,0,0,0,0,-5.8,173.042,1.9,82.802,-3.26
2018-01-03 00:24:00,1.08633482705861,0.019698092627596,0,0,0,0,-5.8,173.066,1.9,82.926,-3.28
2018-01-03 00:25:00,1.08618186920614,0.0201054835711756,0,0,0,0,-5.8,173.09,1.9,83.05,-3.3
2018-01-03 00:26:00,1.08602891135367,0.0201588886641869,0,0,0,0,-5.8,173.08,1.9,83.174,-3.32
2018-01-03 00:27:00,1.0858759535012,0.0202122937571982,0,0,0,0,-5.8,173.07,1.9,83.298,-3.34
2018-01-03 00:28:00,1.08572299564873,0.0202656988502095,0,0,0,0,-5.8,173.06,1.9,83.422,-3.36
2018-01-03 00:29:00,1.08557003779626,0.0203191039432208,0,0,0,0,-5.8,173.05,1.9,83.546,-3.38
2018-01-03 00:30:00,1.08541707994379,0.0203725090362321,0,0,0,0,-5.8,173.04,1.9,83.67,-3.4
2018-01-03 00:31:00,1.08526412209132,0.0196327453734393,0,0,0,0,-5.86,172.994,1.88,83.384,-3.42
2018-01-03 00:32:00,1.08511116423885,0.0188929817106465,0,0,0,0,-5.92,172.948,1.86,83.098,-3.44
2018-01-03 00:33:00,1.08495820638638,0.0181532180478538,0,0,0,0,-5.98,172.902,1.84,82.812,-3.46
2018-01-03 00:34:00,1.08480524853391,0.017413454385061,0,0,0,0,-6.04,172.856,1.82,82.526,-3.48
2018-01-03 00:35:00,1.08465229068144,0.0166736907222682,0,0,0,0,-6.1,172.81,1.8,82.24,-3.5
2018-01-03 00:36:00,1.08449933282897,0.0166647052744048,0,0,0,0,-6.1,172.732,1.8,82.24,-3.5
2018-01-03 00:37:00,1.0843463749765,0.0166557198265413,0,0,0,0,-6.1,172.654,1.8,82.24,-3.5
2018-01-03 00:38:00,1.08419341712403,0.0166467343786778,0,0,0,0,-6.1,172.576,1.8,82.24,-3.5
2018-01-03 00:39:00,1.08404045927156,0.0166377489308143,0,0,0,0,-6.1,172.498,1.8,82.24,-3.5
2018-01-03 00:40:00,1.08388750141909,0.0166287634829508,0,0,0,0,-6.1,172.42,1.8,82.24,-3.5
2018-01-03 00:41:00,1.08373454356662,0.0166341246600725,0,0,0,0,-6.1,172.314,1.8,82.364,-3.52
2018-01-03 00:42:00,1.08358158571415,0.0166394858371943,0,0,0,0,-6.1,172.208,1.8,82.488,-3.54
2018-01-03 00:43:00,1.08342862786168,0.016644847014316,0,0,0,0,-6.1,172.102,1.8,82.612,-3.56
2018-01-03 00:44:00,1.08327567000922,0.0166502081914377,0,0,0,0,-6.1,171.996,1.8,82.736,-3.58
2018-01-03 00:45:00,1.08312271215675,0.0166555693685594,0,0,0,0,-6.1,171.89,1.8,82.86,-3.6
2018-01-03 00:46:00,1.08296975430428,0.0164151236085305,0,0,0,0,-6.1,171.764,1.8,82.984,-3.62
2018-01-03 00:47:00,1.08281679645181,0.0161746778485016,0,0,0,0,-6.1,171.638,1.8,83.108,-3.64
2018-01-03 00:48:00,1.08266383859934,0.0159342320884727,0,0,0,0,-6.1,171.512,1.8,83.232,-3.66
2018-01-03 00:49:00,1.08251088074687,0.0156937863284438,0,0,0,0,-6.1,171.386,1.8,83.356,-3.68
2018-01-03 00:50:00,1.0823579228944,0.0154533405684149,0,0,0,0,-6.1,171.26,1.8,83.48,-3.7
2018-01-03 00:51:00,1.08220496504193,0.0154538007608915,0,0,0,0,-6.1,171.114,1.78,83.48,-3.7
2018-01-03 00:52:00,1.08205200718946,0.0154542609533681,0,0,0,0,-6.1,170.968,1.76,83.48,-3.7
2018-01-03 00:53:00,1.08189904933699,0.0154547211458447,0,0,0,0,-6.1,170.822,1.74,83.48,-3.7
2018-01-03 00:54:00,1.08174609148452,0.0154551813383213,0,0,0,0,-6.1,170.676,1.72,83.48,-3.7
2018-01-03 00:55:00,1.08159313363205,0.0154556415307978,0,0,0,0,-6.1,170.53,1.7,83.48,-3.7
2018-01-03 00:56:00,1.08144017577958,0.0150682718723036,0,0,0,0,-6.1,170.37,1.7,83.606,-3.72
2018-01-03 00:57:00,1.08128721792711,0.0146809022138093,0,0,0,0,-6.1,170.21,1.7,83.732,-3.74
2018-01-03 00:58:00,1.08113426007464,0.014293532555315,0,0,0,0,-6.1,170.05,1.7,83.858,-3.76
2018-01-03 00:59:00,1.08098130222217,0.0139061628968207,0,0,0,0,-6.1,169.89,1.7,83.984,-3.78
2018-01-03 01:00:00,1.0808283443697,0.0135187932383265,0,0,0,0,-6.1,169.73,1.7,84.11,-3.8
2018-01-03 01:01:00,1.08086624030286,0.0144977323222076,0,0,0,0,-6.1,169.558,1.72,84.11,-3.8
2018-01-03 01:02:00,1.08090413623602,0.0154766714060888,0,0,0,0,-6.1,169.386,1.74,84.11,-3.8
2018-01-03 01:03:00,1.08094203216917,0.01645561048997,0,0,0,0,-6.1,169.214,1.76,84.11,-3.8
2018-01-03 01:04:00,1.08097992810233,0.0174345495738512,0,0,0,0,-6.1,169.042,1.78,84.11,-3.8
2018-01-03 01:05:00,1.08101782403549,0.0184134886577324,0,0,0,0,-6.1,168.87,1.8,84.11,-3.8
2018-01-03 01:06:00,1.08105571996864,0.0181742517172569,0,0,0,0,-6.1,168.692,1.8,84.236,-3.82
2018-01-03 01:07:00,1.0810936159018,0.0179350147767815,0,0,0,0,-6.1,168.514,1.8,84.362,-3.84
2018-01-03 01:08:00,1.08113151183496,0.017695777836306,0,0,0,0,-6.1,168.336,1.8,84.488,-3.86
2018-01-03 01:09:00,1.08116940776812,0.0174565408958306,0,0,0,0,-6.1,168.158,1.8,84.614,-3.88
2018-01-03 01:10:00,1.08120730370127,0.0172173039553552,0,0,0,0,-6.1,167.98,1.8,84.74,-3.9
2018-01-03 01:11:00,1.08124519963443,0.017549567629535,0,0,0,0,-6.1,167.794,1.82,84.74,-3.9
2018-01-03 01:12:00,1.08128309556759,0.0178818313037148,0,0,0,0,-6.1,167.608,1.84,84.74,-3.9
2018-01-03 01:13:00,1.08132099150074,0.0182140949778946,0,0,0,0,-6.1,167.422,1.86,84.74,-3.9
2018-01-03 01:14:00,1.0813588874339,0.0185463586520744,0,0,0,0,-6.1,167.236,1.88,84.74,-3.9
2018-01-03 01:15:00,1.08139678336706,0.0188786223262542,0,0,0,0,-6.1,167.05,1.9,84.74,-3.9
2018-01-03 01:16:00,1.08143467930021,0.0188702843334792,0,0,0,0,-6.1,166.858,1.9,84.74,-3.9
2018-01-03 01:17:00,1.08147257523337,0.0188619463407041,0,0,0,0,-6.1,166.666,1.9,84.74,-3.9
2018-01-03 01:18:00,1.08151047116653,0.0188536083479291,0,0,0,0,-6.1,166.474,1.9,84.74,-3.9
2018-01-03 01:19:00,1.08154836709968,0.0188452703551541,0,0,0,0,-6.1,166.282,1.9,84.74,-3.9
2018-01-03 01:20:00,1.08158626303284,0.0188369323623791,0,0,0,0,-6.1,166.09,1.9,84.74,-3.9
2018-01-03 01:21:00,1.081624158966,0.0193304013034294,0,0,0,0,-6.1,165.894,1.92,84.74,-3.9
2018-01-03 01:22:00,1.08166205489916,0.0198238702444797,0,0,0,0,-6.1,165.698,1.94,84.74,-3.9
2018-01-03 01:23:00,1.08169995083231,0.02031733918553,0,0,0,0,-6.1,165.502,1.96,84.74,-3.9
2018-01-03 01:24:00,1.08173784676547,0.0208108081265803,0,0,0,0,-6.1,165.306,1.98,84.74,-3.9
2018-01-03 01:25:00,1.08177574269863,0.0213042770676306,0,0,0,0,-6.1,165.11,2,84.74,-3.9
2018-01-03 01:26:00,1.08181363863178,0.021462471051521,0,0,0,0,-6.1,164.91,2,84.868,-3.92
2018-01-03 01:27:00,1.08185153456494,0.0216206650354114,0,0,0,0,-6.1,164.71,2,84.996,-3.94
2018-01-03 01:28:00,1.0818894304981,0.0217788590193018,0,0,0,0,-6.1,164.51,2,85.124,-3.96
2018-01-03 01:29:00,1.08192732643125,0.0219370530031922,0,0,0,0,-6.1,164.31,2,85.252,-3.98
2018-01-03 01:30:00,1.08196522236441,0.0220952469870826,0,0,0,0,-6.1,164.11,2,85.38,-4
2018-01-03 01:31:00,1.08200311829757,0.0233194661314012,0,0,0,0,-6.18,163.906,2.02,84.792,-4
2018-01-03 01:32:00,1.08204101423072,0.0245436852757197,0,0,0,0,-6.26,163.702,2.04,84.204,-4
2018-01-03 01:33:00,1.08207891016388,0.0257679044200383,0,0,0,0,-6.34,163.498,2.06,83.616,-4
2018-01-03 01:34:00,1.08211680609704,0.0269921235643568,0,0,0,0,-6.42,163.294,2.08,83.028,-4
2018-01-03 01:35:00,1.0821547020302,0.0282163427086754,0,0,0,0,-6.5,163.09,2.1,82.44,-4
2018-01-03 01:36:00,1.08219259796335,0.0278096256701312,0,0,0,0,-6.5,162.886,2.1,82.44,-4
2018-01-03 01:37:00,1.08223049389651,0.027402908631587,0,0,0,0,-6.5,162.682,2.1,82.44,-4
2018-01-03 01:38:00,1.08226838982967,0.0269961915930429,0,0,0,0,-6.5,162.478,2.1,82.44,-4
2018-01-03 01:39:00,1.08230628576282,0.0265894745544987,0,0,0,0,-6.5,162.274,2.1,82.44,-4
2018-01-03 01:40:00,1.08234418169598,0.0261827575159545,0,0,0,0,-6.5,162.07,2.1,82.44,-4
2018-01-03 01:41:00,1.08238207762914,0.0266644699584364,0,0,0,0,-6.5,161.862,2.12,82.44,-4
2018-01-03 01:42:00,1.08241997356229,0.0271461824009183,0,0,0,0,-6.5,161.654,2.14,82.44,-4
2018-01-03 01:43:00,1.08245786949545,0.0276278948434002,0,0,0,0,-6.5,161.446,2.16,82.44,-4
2018-01-03 01:44:00,1.08249576542861,0.0281096072858821,0,0,0,0,-6.5,161.238,2.18,82.44,-4
2018-01-03 01:45:00,1.08253366136176,0.028591319728364,0,0,0,0,-6.5,161.03,2.2,82.44,-4
2018-01-03 01:46:00,1.08257155729492,0.0285098188782043,0,0,0,0,-6.5,160.822,2.2,82.564,-4.02
2018-01-03 01:47:00,1.08260945322808,0.0284283180280447,0,0,0,0,-6.5,160.614,2.2,82.688,-4.04
2018-01-03 01:48:00,1.08264734916124,0.028346817177885,0,0,0,0,-6.5,160.406,2.2,82.812,-4.06
2018-01-03 01:49:00,1.08268524509439,0.0282653163277253,0,0,0,0,-6.5,160.198,2.2,82.936,-4.08
2018-01-03 01:50:00,1.08272314102755,0.0281838154775657,0,0,0,0,-6.5,159.99,2.2,83.06,-4.1
2018-01-03 01:51:00,1.08276103696071,0.0285422537504841,0,0,0,0,-6.5,159.78,2.22,83.06,-4.1
2018-01-03 01:52:00,1.08279893289386,0.0289006920234025,0,0,0,0,-6.5,159.57,2.24,83.06,-4.1
2018-01-03 01:53:00,1.08283682882702,0.0292591302963209,0,0,0,0,-6.5,159.36,2.26,83.06,-4.1
2018-01-03 01:54:00,1.08287472476018,0.0296175685692393,0,0,0,0,-6.5,159.15,2.28,83.06,-4.1
2018-01-03 01:55:00,1.08291262069333,0.0299760068421577,0,0,0,0,-6.5,158.94,2.3,83.06,-4.1
2018-01-03 01:56:00,1.08295051662649,0.0307821567496874,0,0,0,0,-6.5,158.728,2.3,83.06,-4.1
2018-01-03 01:57:00,1.08298841255965,0.031588306657217,0,0,0,0,-6.5,158.516,2.3,83.06,-4.1
2018-01-03 01:58:00,1.0830263084928,0.0323944565647467,0,0,0,0,-6.5,158.304,2.3,83.06,-4.1
2018-01-03 01:59:00,1.08306420442596,0.0332006064722763,0,0,0,0,-6.5,158.092,2.3,83.06,-4.1
2018-01-03 02:00:00,1.08310210035912,0.034006756379806,0,0,0,0,-6.5,157.88,2.3,83.06,-4.1
2018-01-03 02:01:00,1.08336355271373,0.034349079116851,0,0,0,0,-6.5,157.668,2.32,83.06,-4.1
2018-01-03 02:02:00,1.08362500506834,0.0346914018538961,0,0,0,0,-6.5,157.456,2.34,83.06,-4.1
2018-01-03 02:03:00,1.08388645742295,0.0350337245909411,0,0,0,0,-6.5,157.244,2.36,83.06,-4.1
2018-01-03 02:04:00,1.08414790977756,0.0353760473279862,0,0,0,0,-6.5,157.032,2.38,83.06,-4.1
2018-01-03 02:05:00,1.08440936213217,0.0357183700650313,0,0,0,0,-6.5,156.82,2.4,83.06,-4.1
2018-01-03 02:06:00,1.08467081448678,0.0352546740433549,0,0,0,0,-6.5,156.608,2.4,83.186,-4.12
2018-01-03 02:07:00,1.08493226684139,0.0347909780216785,0,0,0,0,-6.5,156.396,2.4,83.312,-4.14
2018-01-03 02:08:00,1.085193719196,0.0343272820000021,0,0,0,0,-6.5,156.184,2.4,83.438,-4.16
2018-01-03 02:09:00,1.08545517155061,0.0338635859783257,0,0,0,0,-6.5,155.972,2.4,83.564,-4.18
2018-01-03 02:10:00,1.08571662390522,0.0333998899566493,0,0,0,0,-6.5,155.76,2.4,83.69,-4.2
2018-01-03 02:11:00,1.08597807625983,0.0342813757887,0,0,0,0,-6.5,155.546,2.4,83.69,-4.2
2018-01-03 02:12:00,1.08623952861444,0.0351628616207507,0,0,0,0,-6.5,155.332,2.4,83.69,-4.2
2018-01-03 02:13:00,1.08650098096905,0.0360443474528014,0,0,0,0,-6.5,155.118,2.4,83.69,-4.2
2018-01-03 02:14:00,1.08676243332366,0.0369258332848521,0,0,0,0,-6.5,154.904,2.4,83.69,-4.2
2018-01-03 02:15:00,1.08702388567827,0.0378073191169028,0,0,0,0,-6.5,154.69,2.4,83.69,-4.2
2018-01-03 02:16:00,1.08728533803288,0.0378979018992118,0,0,0,0,-6.5,154.476,2.4,83.69,-4.2
2018-01-03 02:17:00,1.08754679038749,0.0379884846815208,0,0,0,0,-6.5,154.262,2.4,83.69,-4.2
2018-01-03 02:18:00,1.0878082427421,0.0380790674638298,0,0,0,0,-6.5,154.048,2.4,83.69,-4.2
2018-01-03 02:19:00,1.08806969509671,0.0381696502461388,0,0,0,0,-6.5,153.834,2.4,83.69,-4.2
2018-01-03 02:20:00,1.08833114745132,0.0382602330284478,0,0,0,0,-6.5,153.62,2.4,83.69,-4.2
2018-01-03 02:21:00,1.08859259980593,0.0378125637016461,0,0,0,0,-6.5,153.404,2.4,83.69,-4.2
2018-01-03 02:22:00,1.08885405216054,0.0373648943748444,0,0,0,0,-6.5,153.188,2.4,83.69,-4.2
2018-01-03 02:23:00,1.08911550451515,0.0369172250480427,0,0,0,0,-6.5,152.972,2.4,83.69,-4.2
2018-01-03 02:24:00,1.08937695686976,0.036469555721241,0,0,0,0,-6.5,152.756,2.4,83.69,-4.2
2018-01-03 02:25:00,1.08963840922437,0.0360218863944393,0,0,0,0,-6.5,152.54,2.4,83.69,-4.2
2018-01-03 02:26:00,1.08989986157898,0.0373515797666034,0,0,0,0,-6.5,152.324,2.42,83.816,-4.22
2018-01-03 02:27:00,1.09016131393359,0.0386812731387675,0,0,0,0,-6.5,152.108,2.44,83.942,-4.24
2018-01-03 02:28:00,1.0904227662882,0.0400109665109316,0,0,0,0,-6.5,151.892,2.46,84.068,-4.26
2018-01-03 02:29:00,1.09068421864281,0.0413406598830957,0,0,0,0,-6.5,151.676,2.48,84.194,-4.28
2018-01-03 02:30:00,1.09094567099742,0.0426703532552598,0,0,0,0,-6.5,151.46,2.5,84.32,-4.3
2018-01-03 02:31:00,1.09120712335203,0.042520847400892,0,0,0,0,-6.62,151.244,2.5,83.676,-4.3
2018-01-03 02:32:00,1.09146857570664,0.0423713415465243,0,0,0,0,-6.74,151.028,2.5,83.032,-4.3
2018-01-03 02:33:00,1.09173002806126,0.0422218356921566,0,0,0,0,-6.86,150.812,2.5,82.388,-4.3
2018-01-03 02:34:00,1.09199148041587,0.0420723298377888,0,0,0,0,-6.98,150.596,2.5,81.744,-4.3
2018-01-03 02:35:00,1.09225293277048,0.0419228239834211,0,0,0,0,-7.1,150.38,2.5,81.1,-4.3
2018-01-03 02:36:00,1.09251438512509,0.041622905129613,0,0,0,0,-7.1,150.164,2.5,81.1,-4.3
2018-01-03 02:37:00,1.0927758374797,0.0413229862758049,0,0,0,0,-7.1,149.948,2.5,81.1,-4.3
2018-01-03 02:38:00,1.09303728983431,0.0410230674219968,0,0,0,0,-7.1,149.732,2.5,81.1,-4.3
2018-01-03 02:39:00,1.09329874218892,0.0407231485681887,0,0,0,0,-7.1,149.516,2.5,81.1,-4.3
2018-01-03 02:40:00,1.09356019454353,0.0404232297143806,0,0,0,0,-7.1,149.3,2.5,81.1,-4.3
2018-01-03 02:41:00,1.09382164689814,0.0411591324567318,0,0,0,0,-7.1,149.084,2.5,81.1,-4.3
2018-01-03 02:42:00,1.09408309925275,0.041895035199083,0,0,0,0,-7.1,148.868,2.5,81.1,-4.3
2018-01-03 02:43:00,1.09434455160736,0.0426309379414342,0,0,0,0,-7.1,148.652,2.5,81.1,-4.3
2018-01-03 02:44:00,1.09460600396197,0.0433668406837854,0,0,0,0,-7.1,148.436,2.5,81.1,-4.3
2018-01-03 02:45:00,1.09486745631658,0.0441027434261366,0,0,0,0,-7.1,148.22,2.5,81.1,-4.3
2018-01-03 02:46:00,1.09512890867119,0.0451942048761544,0,0,0,0,-7.1,148.004,2.52,81.222,-4.32
2018-01-03 02:47:00,1.0953903610258,0.0462856663261723,0,0,0,0,-7.1,147.788,2.54,81.344,-4.34
2018-01-03 02:48:00,1.09565181338041,0.0473771277761902,0,0,0,0,-7.1,147.572,2.56,81.466,-4.36
2018-01-03 02:49:00,1.09591326573502,0.0484685892262081,0,0,0,0,-7.1,147.356,2.58,81.588,-4.38
2018-01-03 02:50:00,1.09617471808963,0.049560050676226,0,0,0,0,-7.1,147.14,2.6,81.71,-4.4
2018-01-03 02:51:00,1.09643617044424,0.048847473490506,0,0,0,0,-7.1,146.924,2.6,81.71,-4.4
2018-01-03 02:52:00,1.09669762279885,0.0481348963047859,0,0,0,0,-7.1,146.708,2.6,81.71,-4.4
2018-01-03 02:53:00,1.09695907515346,0.0474223191190659,0,0,0,0,-7.1,146.492,2.6,81.71,-4.4
2018-01-03 02:54:00,1.09722052750807,0.0467097419333458,0,0,0,0,-7.1,146.276,2.6,81.71,-4.4
2018-01-03 02:55:00,1.09748197986268,0.0459971647476258,0,0,0,0,-7.1,146.06,2.6,81.71,-4.4
2018-01-03 02:56:00,1.09774343221729,0.046193066516149,0,0,0,0,-7.1,145.842,2.6,81.71,-4.4
2018-01-03 02:57:00,1.0980048845719,0.0463889682846722,0,0,0,0,-7.1,145.624,2.6,81.71,-4.4
2018-01-03 02:58:00,1.09826633692651,0.0465848700531954,0,0,0,0,-7.1,145.406,2.6,81.71,-4.4
2018-01-03 02:59:00,1.09852778928112,0.0467807718217186,0,0,0,0,-7.1,145.188,2.6,81.71,-4.4
2018-01-03 03:00:00,1.09878924163573,0.0469766735902418,0,0,0,0,-7.1,144.97,2.6,81.71,-4.4
2018-01-03 03:01:00,1.09926882586748,0.0479964092296035,0,0,0,0,-7.1,144.754,2.6,81.71,-4.4
2018-01-03 03:02:00,1.09974841009922,0.0490161448689652,0,0,0,0,-7.1,144.538,2.6,81.71,-4.4
2018-01-03 03:03:00,1.10022799433097,0.0500358805083269,0,0,0,0,-7.1,144.322,2.6,81.71,-4.4
2018-01-03 03:04:00,1.10070757856271,0.0510556161476886,0,0,0,0,-7.1,144.106,2.6,81.71,-4.4
2018-01-03 03:05:00,1.10118716279446,0.0520753517870503,0,0,0,0,-7.1,143.89,2.6,81.71,-4.4
2018-01-03 03:06:00,1.1016667470262,0.0507057766651574,0,0,0,0,-7.1,143.672,2.6,81.834,-4.42
2018-01-03 03:07:00,1.10214633125795,0.0493362015432645,0,0,0,0,-7.1,143.454,2.6,81.958,-4.44
2018-01-03 03:08:00,1.1026259154897,0.0479666264213715,0,0,0,0,-7.1,143.236,2.6,82.082,-4.46
2018-01-03 03:09:00,1.10310549972144,0.0465970512994786,0,0,0,0,-7.1,143.018,2.6,82.206,-4.48
2018-01-03 03:10:00,1.10358508395319,0.0452274761775857,0,0,0,0,-7.1,142.8,2.6,82.33,-4.5
2018-01-03 03:11:00,1.10406466818493,0.0461997284389516,0,0,0,0,-7.1,142.584,2.6,82.33,-4.5
2018-01-03 03:12:00,1.10454425241668,0.0471719807003175,0,0,0,0,-7.1,142.368,2.6,82.33,-4.5
2018-01-03 03:13:00,1.10502383664842,0.0481442329616834,0,0,0,0,-7.1,142.152,2.6,82.33,-4.5
2018-01-03 03:14:00,1.10550342088017,0.0491164852230493,0,0,0,0,-7.1,141.936,2.6,82.33,-4.5
2018-01-03 03:15:00,1.10598300511191,0.0500887374844152,0,0,0,0,-7.1,141.72,2.6,82.33,-4.5
2018-01-03 03:16:00,1.10646258934366,0.0490108179291202,0,0,0,0,-7.1,141.502,2.6,82.33,-4.5
2018-01-03 03:17:00,1.10694217357541,0.0479328983738251,0,0,0,0,-7.1,141.284,2.6,82.33,-4.5
2018-01-03 03:18:00,1.10742175780715,0.0468549788185301,0,0,0,0,-7.1,141.066,2.6,82.33,-4.5
2018-01-03 03:19:00,1.1079013420389,0.045777059263235,0,0,0,0,-7.1,140.848,2.6,82.33,-4.5
2018-01-03 03:20:00,1.10838092627064,0.04469913970794,0,0,0,0,-7.1,140.63,2.6,82.33,-4.5
2018-01-03 03:21:00,1.10886051050239,0.045399359808386,0,0,0,0,-7.1,140.414,2.6,82.454,-4.52
2018-01-03 03:22:00,1.10934009473413,0.046099579908832,0,0,0,0,-7.1,140.198,2.6,82.578,-4.54
2018-01-03 03:23:00,1.10981967896588,0.046799800009278,0,0,0,0,-7.1,139.982,2.6,82.702,-4.56
2018-01-03 03:24:00,1.11029926319762,0.047500020109724,0,0,0,0,-7.1,139.766,2.6,82.826,-4.58
2018-01-03 03:25:00,1.11077884742937,0.04820024021017,0,0,0,0,-7.1,139.55,2.6,82.95,-4.6
2018-01-03 03:26:00,1.11125843166112,0.0483869575642736,0,0,0,0,-7.1,139.332,2.62,82.934,-4.6
2018-01-03 03:27:00,1.11173801589286,0.0485736749183773,0,0,0,0,-7.1,139.114,2.64,82.918,-4.6
2018-01-03 03:28:00,1.11221760012461,0.048760392272481,0,0,0,0,-7.1,138.896,2.66,82.902,-4.6
2018-01-03 03:29:00,1.11269718435635,0.0489471096265846,0,0,0,0,-7.1,138.678,2.68,82.886,-4.6
2018-01-03 03:30:00,1.1131767685881,0.0491338269806883,0,0,0,0,-7.1,138.46,2.7,82.87,-4.6
2018-01-03 03:31:00,1.11365635281984,0.0501867595455514,0,0,0,0,-7.18,138.244,2.7,82.348,-4.6
2018-01-03 03:32:00,1.11413593705159,0.0512396921104145,0,0,0,0,-7.26,138.028,2.7,81.826,-4.6
2018-01-03 03:33:00,1.11461552128333,0.0522926246752776,0,0,0,0,-7.34,137.812,2.7,81.304,-4.6
2018-01-03 03:34:00,1.11509510551508,0.0533455572401407,0,0,0,0,-7.42,137.596,2.7,80.782,-4.6
2018-01-03 03:35:00,1.11557468974683,0.0543984898050038,0,0,0,0,-7.5,137.38,2.7,80.26,-4.6
2018-01-03 03:36:00,1.11605427397857,0.0536303758250292,0,0,0,0,-7.5,137.162,2.7,80.26,-4.6
2018-01-03 03:37:00,1.11653385821032,0.0528622618450545,0,0,0,0,-7.5,136.944,2.7,80.26,-4.6
2018-01-03 03:38:00,1.11701344244206,0.0520941478650799,0,0,0,0,-7.5,136.726,2.7,80.26,-4.6
2018-01-03 03:39:00,1.11749302667381,0.0513260338851052,0,0,0,0,-7.5,136.508,2.7,80.26,-4.6
2018-01-03 03:40:00,1.11797261090555,0.0505579199051306,0,0,0,0,-7.5,136.29,2.7,80.26,-4.6
2018-01-03 03:41:00,1.1184521951373,0.0507615715826461,0,0,0,0,-7.5,136.074,2.7,80.38,-4.62
2018-01-03 03:42:00,1.11893177936904,0.0509652232601616,0,0,0,0,-7.5,135.858,2.7,80.5,-4.64
2018-01-03 03:43:00,1.11941136360079,0.0511688749376772,0,0,0,0,-7.5,135.642,2.7,80.62,-4.66
2018-01-03 03:44:00,1.11989094783254,0.0513725266151927,0,0,0,0,-7.5,135.426,2.7,80.74,-4.68
2018-01-03 03:45:00,1.12037053206428,0.0515761782927083,0,0,0,0,-7.5,135.21,2.7,80.86,-4.7
2018-01-03 03:46:00,1.12085011629603,0.0508460404469411,0,0,0,0,-7.5,134.994,2.7,80.86,-4.7
2018-01-03 03:47:00,1.12132970052777,0.050115902601174,0,0,0,0,-7.5,134.778,2.7,80.86,-4.7
2018-01-03 03:48:00,1.12180928475952,0.0493857647554069,0,0,0,0,-7.5,134.562,2.7,80.86,-4.7
2018-01-03 03:49:00,1.12228886899126,0.0486556269096397,0,0,0,0,-7.5,134.346,2.7,80.86,-4.7
2018-01-03 03:50:00,1.12276845322301,0.0479254890638726,0,0,0,0,-7.5,134.13,2.7,80.86,-4.7
2018-01-03 03:51:00,1.12324803745476,0.0484394327305292,0,0,0,0,-7.5,133.912,2.7,80.86,-4.7
2018-01-03 03:52:00,1.1237276216865,0.0489533763971857,0,0,0,0,-7.5,133.694,2.7,80.86,-4.7
2018-01-03 03:53:00,1.12420720591825,0.0494673200638423,0,0,0,0,-7.5,133.476,2.7,80.86,-4.7
2018-01-03 03:54:00,1.12468679014999,0.0499812637304988,0,0,0,0,-7.5,133.258,2.7,80.86,-4.7
2018-01-03 03:55:00,1.12516637438174,0.0504952073971554,0,0,0,0,-7.5,133.04,2.7,80.86,-4.7
2018-01-03 03:56:00,1.12564595861348,0.0518057038270921,0,0,0,0,-7.5,132.824,2.7,80.86,-4.7
2018-01-03 03:57:00,1.12612554284523,0.0531162002570288,0,0,0,0,-7.5,132.608,2.7,80.86,-4.7
2018-01-03 03:58:00,1.12660512707697,0.0544266966869655,0,0,0,0,-7.5,132.392,2.7,80.86,-4.7
2018-01-03 03:59:00,1.12708471130872,0.0557371931169021,0,0,0,0,-7.5,132.176,2.7,80.86,-4.7
2018-01-03 04:00:00,1.12756429554047,0.0570476895468388,0,0,0,0,-7.5,131.96,2.7,80.86,-4.7
2018-01-03 04:01:00,1.12844832170081,0.0565090904741824,0,0,0,0,-7.5,131.744,2.7,80.984,-4.72
2018-01-03 04:02:00,1.12933234786115,0.0559704914015261,0,0,0,0,-7.5,131.528,2.7,81.108,-4.74
2018-01-03 04:03:00,1.13021637402149,0.0554318923288697,0,0,0,0,-7.5,131.312,2.7,81.232,-4.76
2018-01-03 04:04:00,1.13110040018183,0.0548932932562134,0,0,0,0,-7.5,131.096,2.7,81.356,-4.78
2018-01-03 04:05:00,1.13198442634218,0.054354694183557,0,0,0,0,-7.5,130.88,2.7,81.48,-4.8
2018-01-03 04:06:00,1.13286845250252,0.054185742890496,0,0,0,0,-7.5,130.664,2.7,81.48,-4.8
2018-01-03 04:07:00,1.13375247866286,0.0540167915974351,0,0,0,0,-7.5,130.448,2.7,81.48,-4.8
2018-01-03 04:08:00,1.1346365048232,0.0538478403043741,0,0,0,0,-7.5,130.232,2.7,81.48,-4.8
2018-01-03 04:09:00,1.13552053098354,0.0536788890113132,0,0,0,0,-7.5,130.016,2.7,81.48,-4.8
2018-01-03 04:10:00,1.13640455714389,0.0535099377182522,0,0,0,0,-7.5,129.8,2.7,81.48,-4.8
2018-01-03 04:11:00,1.13728858330423,0.0551399887187588,0,0,0,0,-7.5,129.584,2.7,81.48,-4.8
2018-01-03 04:12:00,1.13817260946457,0.0567700397192653,0,0,0,0,-7.5,129.368,2.7,81.48,-4.8
2018-01-03 04:13:00,1.13905663562491,0.0584000907197718,0,0,0,0,-7.5,129.152,2.7,81.48,-4.8
2018-01-03 04:14:00,1.13994066178525,0.0600301417202784,0,0,0,0,-7.5,128.936,2.7,81.48,-4.8
2018-01-03 04:15:00,1.1408246879456,0.0616601927207849,0,0,0,0,-7.5,128.72,2.7,81.48,-4.8
2018-01-03 04:16:00,1.14170871410594,0.060551493533293,0,0,0,0,-7.5,128.504,2.7,81.48,-4.8
2018-01-03 04:17:00,1.14259274026628,0.059442794345801,0,0,0,0,-7.5,128.288,2.7,81.48,-4.8
2018-01-03 04:18:00,1.14347676642662,0.0583340951583091,0,0,0,0,-7.5,128.072,2.7,81.48,-4.8
2018-01-03 04:19:00,1.14436079258696,0.0572253959708172,0,0,0,0,-7.5,127.856,2.7,81.48,-4.8
2018-01-03 04:20:00,1.14524481874731,0.0561166967833253,0,0,0,0,-7.5,127.64,2.7,81.48,-4.8
2018-01-03 04:21:00,1.14612884490765,0.0559210702711385,0,0,0,0,-7.5,127.426,2.7,81.48,-4.8
2018-01-03 04:22:00,1.14701287106799,0.0557254437589518,0,0,0,0,-7.5,127.212,2.7,81.48,-4.8
2018-01-03 04:23:00,1.14789689722833,0.055529817246765,0,0,0,0,-7.5,126.998,2.7,81.48,-4.8
2018-01-03 04:24:00,1.14878092338867,0.0553341907345783,0,0,0,0,-7.5,126.784,2.7,81.48,-4.8
2018-01-03 04:25:00,1.14966494954902,0.0551385642223915,0,0,0,0,-7.5,126.57,2.7,81.48,-4.8
2018-01-03 04:26:00,1.15054897570936,0.0551757376314624,0,0,0,0,-7.5,126.354,2.7,81.494,-4.8
2018-01-03 04:27:00,1.1514330018697,0.0552129110405334,0,0,0,0,-7.5,126.138,2.7,81.508,-4.8
2018-01-03 04:28:00,1.15231702803004,0.0552500844496043,0,0,0,0,-7.5,125.922,2.7,81.522,-4.8
2018-01-03 04:29:00,1.15320105419038,0.0552872578586752,0,0,0,0,-7.5,125.706,2.7,81.536,-4.8
2018-01-03 04:30:00,1.15408508035073,0.0553244312677462,0,0,0,0,-7.5,125.49,2.7,81.55,-4.8
2018-01-03 04:31:00,1.15496910651107,0.054305188971354,0,0,0,0,-7.56,125.276,2.7,81.154,-4.8
2018-01-03 04:32:00,1.15585313267141,0.0532859466749619,0,0,0,0,-7.62,125.062,2.7,80.758,-4.8
2018-01-03 04:33:00,1.15673715883175,0.0522667043785698,0,0,0,0,-7.68,124.848,2.7,80.362,-4.8
2018-01-03 04:34:00,1.1576211849921,0.0512474620821776,0,0,0,0,-7.74,124.634,2.7,79.966,-4.8
2018-01-03 04:35:00,1.15850521115244,0.0502282197857855,0,0,0,0,-7.8,124.42,2.7,79.57,-4.8
2018-01-03 04:36:00,1.15938923731278,0.0496134440339631,0,0,0,0,-7.8,124.206,2.7,79.57,-4.8
2018-01-03 04:37:00,1.16027326347312,0.0489986682821407,0,0,0,0,-7.8,123.992,2.7,79.57,-4.8
2018-01-03 04:38:00,1.16115728963346,0.0483838925303183,0,0,0,0,-7.8,123.778,2.7,79.57,-4.8
2018-01-03 04:39:00,1.16204131579381,0.0477691167784959,0,0,0,0,-7.8,123.564,2.7,79.57,-4.8
2018-01-03 04:40:00,1.16292534195415,0.0471543410266734,0,0,0,0,-7.8,123.35,2.7,79.57,-4.8
2018-01-03 04:41:00,1.16380936811449,0.0486299110980316,0,0,0,0,-7.8,123.136,2.7,79.69,-4.82
2018-01-03 04:42:00,1.16469339427483,0.0501054811693898,0,0,0,0,-7.8,122.922,2.7,79.81,-4.84
2018-01-03 04:43:00,1.16557742043517,0.051581051240748,0,0,0,0,-7.8,122.708,2.7,79.93,-4.86
2018-01-03 04:44:00,1.16646144659552,0.0530566213121062,0,0,0,0,-7.8,122.494,2.7,80.05,-4.88
2018-01-03 04:45:00,1.16734547275586,0.0545321913834643,0,0,0,0,-7.8,122.28,2.7,80.17,-4.9
2018-01-03 04:46:00,1.1682294989162,0.0536917203822398,0,0,0,0,-7.8,122.066,2.7,80.17,-4.9
2018-01-03 04:47:00,1.16911352507654,0.0528512493810153,0,0,0,0,-7.8,121.852,2.7,80.17,-4.9
2018-01-03 04:48:00,1.16999755123688,0.0520107783797907,0,0,0,0,-7.8,121.638,2.7,80.17,-4.9
2018-01-03 04:49:00,1.17088157739723,0.0511703073785662,0,0,0,0,-7.8,121.424,2.7,80.17,-4.9
2018-01-03 04:50:00,1.17176560355757,0.0503298363773417,0,0,0,0,-7.8,121.21,2.7,80.17,-4.9
2018-01-03 04:51:00,1.17264962971791,0.0505721056852335,0,0,0,0,-7.8,120.996,2.7,80.17,-4.9
2018-01-03 04:52:00,1.17353365587825,0.0508143749931253,0,0,0,0,-7.8,120.782,2.7,80.17,-4.9
2018-01-03 04:53:00,1.17441768203859,0.0510566443010171,0,0,0,0,-7.8,120.568,2.7,80.17,-4.9
2018-01-03 04:54:00,1.17530170819894,0.051298913608909,0,0,0,0,-7.8,120.354,2.7,80.17,-4.9
2018-01-03 04:55:00,1.17618573435928,0.0515411829168008,0,0,0,0,-7.8,120.14,2.7,80.17,-4.9
2018-01-03 04:56:00,1.17706976051962,0.0521712378618836,0,0,0,0,-7.8,119.926,2.7,80.17,-4.9
2018-01-03 04:57:00,1.17795378667996,0.0528012928069665,0,0,0,0,-7.8,119.712,2.7,80.17,-4.9
2018-01-03 04:58:00,1.1788378128403,0.0534313477520493,0,0,0,0,-7.8,119.498,2.7,80.17,-4.9
2018-01-03 04:59:00,1.17972183900065,0.0540614026971322,0,0,0,0,-7.8,119.284,2.7,80.17,-4.9
2018-01-03 05:00:00,1.18060586516099,0.054691457642215,0,0,0,0,-7.8,119.07,2.7,80.17,-4.9
2018-01-03 05:01:00,1.18169033342919,0.0545792217227491,0,0,0,0,-7.8,118.858,2.7,80.17,-4.9
2018-01-03 05:02:00,1.18277480169738,0.0544669858032831,0,0,0,0,-7.8,118.646,2.7,80.17,-4.9
2018-01-03 05:03:00,1.18385926996558,0.0543547498838171,0,0,0,0,-7.8,118.434,2.7,80.17,-4.9
2018-01-03 05:04:00,1.18494373823378,0.0542425139643511,0,0,0,0,-7.8,118.222,2.7,80.17,-4.9
2018-01-03 05:05:00,1.18602820650197,0.0541302780448851,0,0,0,0,-7.8,118.01,2.7,80.17,-4.9
2018-01-03 05:06:00,1.18711267477017,0.0540464446033552,0,0,0,0,-7.8,117.798,2.7,80.17,-4.9
2018-01-03 05:07:00,1.18819714303837,0.0539626111618253,0,0,0,0,-7.8,117.586,2.7,80.17,-4.9
2018-01-03 05:08:00,1.18928161130657,0.0538787777202954,0,0,0,0,-7.8,117.374,2.7,80.17,-4.9
2018-01-03 05:09:00,1.19036607957476,0.0537949442787655,0,0,0,0,-7.8,117.162,2.7,80.17,-4.9
2018-01-03 05:10:00,1.19145054784296,0.0537111108372356,0,0,0,0,-7.8,116.95,2.7,80.17,-4.9
2018-01-03 05:11:00,1.19253501611116,0.0534592007616023,0,0,0,0,-7.8,116.738,2.7,80.17,-4.9
2018-01-03 05:12:00,1.19361948437935,0.053207290685969,0,0,0,0,-7.8,116.526,2.7,80.17,-4.9
2018-01-03 05:13:00,1.19470395264755,0.0529553806103358,0,0,0,0,-7.8,116.314,2.7,80.17,-4.9
2018-01-03 05:14:00,1.19578842091575,0.0527034705347025,0,0,0,0,-7.8,116.102,2.7,80.17,-4.9
2018-01-03 05:15:00,1.19687288918395,0.0524515604590693,0,0,0,0,-7.8,115.89,2.7,80.17,-4.9
2018-01-03 05:16:00,1.19795735745214,0.0519790844725387,0,0,0,0,-7.8,115.678,2.7,80.17,-4.9
2018-01-03 05:17:00,1.19904182572034,0.0515066084860081,0,0,0,0,-7.8,115.466,2.7,80.17,-4.9
2018-01-03 05:18:00,1.20012629398854,0.0510341324994775,0,0,0,0,-7.8,115.254,2.7,80.17,-4.9
2018-01-03 05:19:00,1.20121076225674,0.0505616565129469,0,0,0,0,-7.8,115.042,2.7,80.17,-4.9
2018-01-03 05:20:00,1.20229523052493,0.0500891805264163,0,0,0,0,-7.8,114.83,2.7,80.17,-4.9
2018-01-03 05:21:00,1.20337969879313,0.0493736602643191,0,0,0,0,-7.8,114.618,2.68,80.292,-4.92
2018-01-03 05:22:00,1.20446416706133,0.048658140002222,0,0,0,0,-7.8,114.406,2.66,80.414,-4.94
2018-01-03 05:23:00,1.20554863532952,0.0479426197401248,0,0,0,0,-7.8,114.194,2.64,80.536,-4.96
2018-01-03 05:24:00,1.20663310359772,0.0472270994780277,0,0,0,0,-7.8,113.982,2.62,80.658,-4.98
2018-01-03 05:25:00,1.20771757186592,0.0465115792159305,0,0,0,0,-7.8,113.77,2.6,80.78,-5
2018-01-03 05:26:00,1.20880204013412,0.0474603331356123,0,0,0,0,-7.8,113.56,2.6,80.78,-5
2018-01-03 05:27:00,1.20988650840231,0.0484090870552942,0,0,0,0,-7.8,113.35,2.6,80.78,-5
2018-01-03 05:28:00,1.21097097667051,0.049357840974976,0,0,0,0,-7.8,113.14,2.6,80.78,-5
2018-01-03 05:29:00,1.21205544493871,0.0503065948946578,0,0,0,0,-7.8,112.93,2.6,80.78,-5
2018-01-03 05:30:00,1.2131399132069,0.0512553488143396,0,0,0,0,-7.8,112.72,2.6,80.78,-5
2018-01-03 05:31:00,1.2142243814751,0.0499247505758525,0,0,0,0,-7.84,112.51,2.6,80.552,-5
2018-01-03 05:32:00,1.2153088497433,0.0485941523373654,0,0,0,0,-7.88,112.3,2.6,80.324,-5
2018-01-03 05:33:00,1.2163933180115,0.0472635540988783,0,0,0,0,-7.92,112.09,2.6,80.096,-5
2018-01-03 05:34:00,1.21747778627969,0.0459329558603912,0,0,0,0,-7.96,111.88,2.6,79.868,-5
2018-01-03 05:35:00,1.21856225454789,0.0446023576219041,0,0,0,0,-8,111.67,2.6,79.64,-5
2018-01-03 05:36:00,1.21964672281609,0.0450291171227253,0,0,0,0,-8,111.46,2.6,79.64,-5
2018-01-03 05:37:00,1.22073119108428,0.0454558766235465,0,0,0,0,-8,111.25,2.6,79.64,-5
2018-01-03 05:38:00,1.22181565935248,0.0458826361243677,0,0,0,0,-8,111.04,2.6,79.64,-5
2018-01-03 05:39:00,1.22290012762068,0.0463093956251889,0,0,0,0,-8,110.83,2.6,79.64,-5
2018-01-03 05:40:00,1.22398459588888,0.0467361551260101,0,0,0,0,-8,110.62,2.6,79.64,-5
2018-01-03 05:41:00,1.22506906415707,0.045567848668707,0,0,0,0,-8,110.41,2.58,79.64,-5
2018-01-03 05:42:00,1.22615353242527,0.044399542211404,0,0,0,0,-8,110.2,2.56,79.64,-5
2018-01-03 05:43:00,1.22723800069347,0.0432312357541009,0,0,0,0,-8,109.99,2.54,79.64,-5
2018-01-03 05:44:00,1.22832246896166,0.0420629292967979,0,0,0,0,-8,109.78,2.52,79.64,-5
2018-01-03 05:45:00,1.22940693722986,0.0408946228394948,0,0,0,0,-8,109.57,2.5,79.64,-5
2018-01-03 05:46:00,1.23049140549806,0.0409121119693894,0,0,0,0,-8,109.362,2.5,79.64,-5
2018-01-03 05:47:00,1.23157587376626,0.040929601099284,0,0,0,0,-8,109.154,2.5,79.64,-5
2018-01-03 05:48:00,1.23266034203445,0.0409470902291785,0,0,0,0,-8,108.946,2.5,79.64,-5
2018-01-03 05:49:00,1.23374481030265,0.0409645793590731,0,0,0,0,-8,108.738,2.5,79.64,-5
2018-01-03 05:50:00,1.23482927857085,0.0409820684889677,0,0,0,0,-8,108.53,2.5,79.64,-5
2018-01-03 05:51:00,1.23591374683904,0.0412114191886904,0,0,0,0,-8,108.322,2.5,79.64,-5
2018-01-03 05:52:00,1.23699821510724,0.0414407698884131,0,0,0,0,-8,108.114,2.5,79.64,-5
2018-01-03 05:53:00,1.23808268337544,0.0416701205881358,0,0,0,0,-8,107.906,2.5,79.64,-5
2018-01-03 05:54:00,1.23916715164364,0.0418994712878585,0,0,0,0,-8,107.698,2.5,79.64,-5
2018-01-03 05:55:00,1.24025161991183,0.0421288219875812,0,0,0,0,-8,107.49,2.5,79.64,-5
2018-01-03 05:56:00,1.24133608818003,0.0425909746200636,0,0,0,0,-8,107.282,2.5,79.76,-5.02
2018-01-03 05:57:00,1.24242055644823,0.043053127252546,0,0,0,0,-8,107.074,2.5,79.88,-5.04
2018-01-03 05:58:00,1.24350502471642,0.0435152798850284,0,0,0,0,-8,106.866,2.5,80,-5.06
2018-01-03 05:59:00,1.24458949298462,0.0439774325175108,0,0,0,0,-8,106.658,2.5,80.12,-5.08
2018-01-03 06:00:00,1.24567396125282,0.0444395851499931,0,0,0,0,-8,106.45,2.5,80.24,-5.1
2018-01-03 06:01:00,1.24587946189533,0.0436906498347627,0,0,0,0,-8,106.244,2.5,80.12,-5.08
2018-01-03 06:02:00,1.24608496253784,0.0429417145195322,0,0,0,0,-8,106.038,2.5,80,-5.06
2018-01-03 06:03:00,1.24629046318035,0.0421927792043016,0,0,0,0,-8,105.832,2.5,79.88,-5.04
2018-01-03 06:04:00,1.24649596382286,0.0414438438890711,0,0,0,0,-8,105.626,2.5,79.76,-5.02
2018-01-03 06:05:00,1.24670146446537,0.0406949085738406,0,0,0,0,-8,105.42,2.5,79.64,-5
2018-01-03 06:06:00,1.24690696510788,0.0413585629503143,0,0,0,0,-8,105.212,2.5,79.64,-5
2018-01-03 06:07:00,1.24711246575039,0.0420222173267881,0,0,0,0,-8,105.004,2.5,79.64,-5
2018-01-03 06:08:00,1.2473179663929,0.0426858717032618,0,0,0,0,-8,104.796,2.5,79.64,-5
2018-01-03 06:09:00,1.24752346703541,0.0433495260797355,0,0,0,0,-8,104.588,2.5,79.64,-5
2018-01-03 06:10:00,1.24772896767792,0.0440131804562092,0,0,0,0,-8,104.38,2.5,79.64,-5
2018-01-03 06:11:00,1.24793446832043,0.0440737694959023,0,0,0,0,-8,104.176,2.5,79.64,-5
2018-01-03 06:12:00,1.24813996896293,0.0441343585355955,0,0,0,0,-8,103.972,2.5,79.64,-5
2018-01-03 06:13:00,1.24834546960544,0.0441949475752886,0,0,0,0,-8,103.768,2.5,79.64,-5
2018-01-03 06:14:00,1.24855097024795,0.0442555366149818,0,0,0,0,-8,103.564,2.5,79.64,-5
2018-01-03 06:15:00,1.24875647089046,0.0443161256546749,0,0,0,0,-8,103.36,2.5,79.64,-5
2018-01-03 06:16:00,1.24896197153297,0.0434961072669915,0,0,0,0,-8,103.154,2.5,79.64,-5
2018-01-03 06:17:00,1.24916747217548,0.042676088879308,0,0,0,0,-8,102.948,2.5,79.64,-5
2018-01-03 06:18:00,1.24937297281799,0.0418560704916245,0,0,0,0,-8,102.742,2.5,79.64,-5
2018-01-03 06:19:00,1.2495784734605,0.0410360521039411,0,0,0,0,-8,102.536,2.5,79.64,-5
2018-01-03 06:20:00,1.24978397410301,0.0402160337162576,0,0,0,0,-8,102.33,2.5,79.64,-5
2018-01-03 06:21:00,1.24998947474552,0.0406626779726545,0,0,0,0,-8,102.126,2.5,79.64,-5
2018-01-03 06:22:00,1.25019497538803,0.0411093222290514,0,0,0,0,-8,101.922,2.5,79.64,-5
2018-01-03 06:23:00,1.25040047603054,0.0415559664854483,0,0,0,0,-8,101.718,2.5,79.64,-5
2018-01-03 06:24:00,1.25060597667305,0.0420026107418451,0,0,0,0,-8,101.514,2.5,79.64,-5
2018-01-03 06:25:00,1.25081147731556,0.042449254998242,0,0,0,0,-8,101.31,2.5,79.64,-5
2018-01-03 06:26:00,1.25101697795807,0.0410204604683377,0,0,0,0,-8,101.106,2.48,79.52,-4.98
2018-01-03 06:27:00,1.25122247860058,0.0395916659384334,0,0,0,0,-8,100.902,2.46,79.4,-4.96
2018-01-03 06:28:00,1.25142797924309,0.0381628714085291,0,0,0,0,-8,100.698,2.44,79.28,-4.94
2018-01-03 06:29:00,1.2516334798856,0.0367340768786248,0,0,0,0,-8,100.494,2.42,79.16,-4.92
2018-01-03 06:30:00,1.25183898052811,0.0353052823487205,0,0,0,0,-8,100.29,2.4,79.04,-4.9
2018-01-03 06:31:00,1.25204448117062,0.0351275991883558,0,0,0,0,-8.02,100.086,2.4,78.93,-4.9
2018-01-03 06:32:00,1.25224998181313,0.0349499160279911,0,0,0,0,-8.04,99.882,2.4,78.82,-4.9
2018-01-03 06:33:00,1.25245548245564,0.0347722328676264,0,0,0,0,-8.06,99.678,2.4,78.71,-4.9
2018-01-03 06:34:00,1.25266098309815,0.0345945497072616,0,0,0,0,-8.08,99.474,2.4,78.6,-4.9
2018-01-03 06:35:00,1.25286648374066,0.0344168665468969,0,0,0,0,-8.1,99.27,2.4,78.49,-4.9
2018-01-03 06:36:00,1.25307198438317,0.034893557151498,0,0,0,0,-8.1,99.068,2.4,78.49,-4.9
2018-01-03 06:37:00,1.25327748502568,0.035370247756099,0,0,0,0,-8.1,98.866,2.4,78.49,-4.9
2018-01-03 06:38:00,1.25348298566819,0.0358469383607001,0,0,0,0,-8.1,98.664,2.4,78.49,-4.9
2018-01-03 06:39:00,1.2536884863107,0.0363236289653012,0,0,0,0,-8.1,98.462,2.4,78.49,-4.9
2018-01-03 06:40:00,1.2538939869532,0.0368003195699022,0,0,0,0,-8.1,98.26,2.4,78.49,-4.9
2018-01-03 06:41:00,1.25409948759571,0.0369667364386776,0,0,0,0,-8.1,98.06,2.4,78.49,-4.9
2018-01-03 06:42:00,1.25430498823822,0.0371331533074529,0,0,0,0,-8.1,97.86,2.4,78.49,-4.9
2018-01-03 06:43:00,1.25451048888073,0.0372995701762282,0,0,0,0,-8.1,97.66,2.4,78.49,-4.9
2018-01-03 06:44:00,1.25471598952324,0.0374659870450035,0,0,0,0,-8.1,97.46,2.4,78.49,-4.9
2018-01-03 06:45:00,1.25492149016575,0.0376324039137789,0,0,0,0,-8.1,97.26,2.4,78.49,-4.9
2018-01-03 06:46:00,1.25512699080826,0.0373489063203292,0,0,0,0,-8.1,97.058,2.4,78.49,-4.9
2018-01-03 06:47:00,1.25533249145077,0.0370654087268794,0,0,0,0,-8.1,96.856,2.4,78.49,-4.9
2018-01-03 06:48:00,1.25553799209328,0.0367819111334297,0,0,0,0,-8.1,96.654,2.4,78.49,-4.9
2018-01-03 06:49:00,1.25574349273579,0.03649841353998,0,0,0,0,-8.1,96.452,2.4,78.49,-4.9
2018-01-03 06:50:00,1.2559489933783,0.0362149159465303,0,0,0,0,-8.1,96.25,2.4,78.49,-4.9
2018-01-03 06:51:00,1.25615449402081,0.0360400238952349,0,0,0,0,-8.1,96.05,2.4,78.388,-4.88
2018-01-03 06:52:00,1.25635999466332,0.0358651318439395,0,0,0,0,-8.1,95.85,2.4,78.286,-4.86
2018-01-03 06:53:00,1.25656549530583,0.0356902397926441,0,0,0,0,-8.1,95.65,2.4,78.184,-4.84
2018-01-03 06:54:00,1.25677099594834,0.0355153477413486,0,0,0,0,-8.1,95.45,2.4,78.082,-4.82
2018-01-03 06:55:00,1.25697649659085,0.0353404556900532,0,0,0,0,-8.1,95.25,2.4,77.98,-4.8
2018-01-03 06:56:00,1.25718199723336,0.0356361380767005,0,0,0,0,-8.1,95.052,2.4,77.98,-4.8
2018-01-03 06:57:00,1.25738749787587,0.0359318204633479,0,0,0,0,-8.1,94.854,2.4,77.98,-4.8
2018-01-03 06:58:00,1.25759299851838,0.0362275028499952,0,0,0,0,-8.1,94.656,2.4,77.98,-4.8
2018-01-03 06:59:00,1.25779849916089,0.0365231852366425,0,0,0,0,-8.1,94.458,2.4,77.98,-4.8
2018-01-03 07:00:00,1.2580039998034,0.0368188676232898,0,0,0,0,-8.1,94.26,2.4,77.98,-4.8
2018-01-03 07:01:00,1.25773980317831,0.0383403635884076,0,0,0,0,-8.1,94.062,2.42,77.746,-4.76
2018-01-03 07:02:00,1.25747560655322,0.0398618595535253,0,0,0,0,-8.1,93.864,2.44,77.512,-4.72
2018-01-03 07:03:00,1.25721140992813,0.0413833555186431,0,0,0,0,-8.1,93.666,2.46,77.278,-4.68
2018-01-03 07:04:00,1.25694721330304,0.0429048514837608,0,0,0,0,-8.1,93.468,2.48,77.044,-4.64
2018-01-03 07:05:00,1.25668301667795,0.0444263474488786,0,0,0,0,-8.1,93.27,2.5,76.81,-4.6
2018-01-03 07:06:00,1.25641882005287,0.0443156097798634,0,0,0,0,-8.1,93.072,2.52,76.694,-4.58
2018-01-03 07:07:00,1.25615462342778,0.0442048721108483,0,0,0,0,-8.1,92.874,2.54,76.578,-4.56
2018-01-03 07:08:00,1.25589042680269,0.0440941344418331,0,0,0,0,-8.1,92.676,2.56,76.462,-4.54
2018-01-03 07:09:00,1.2556262301776,0.043983396772818,0,0,0,0,-8.1,92.478,2.58,76.346,-4.52
2018-01-03 07:10:00,1.25536203355251,0.0438726591038028,0,0,0,0,-8.1,92.28,2.6,76.23,-4.5
2018-01-03 07:11:00,1.25509783692742,0.0457647596644297,0,0,0,0,-8.1,92.084,2.62,76.002,-4.46
2018-01-03 07:12:00,1.25483364030234,0.0476568602250566,0,0,0,0,-8.1,91.888,2.64,75.774,-4.42
2018-01-03 07:13:00,1.25456944367725,0.0495489607856834,0,0,0,0,-8.1,91.692,2.66,75.546,-4.38
2018-01-03 07:14:00,1.25430524705216,0.0514410613463103,0,0,0,0,-8.1,91.496,2.68,75.318,-4.34
2018-01-03 07:15:00,1.25404105042707,0.0533331619069372,0,0,0,0,-8.1,91.3,2.7,75.09,-4.3
2018-01-03 07:16:00,1.25377685380198,0.0544339204597216,0,0,0,0,-8.1,90.99,2.7,74.868,-4.26
2018-01-03 07:17:00,1.25351265717689,0.055534679012506,0,0,0,0,-8.1,90.68,2.7,74.646,-4.22
2018-01-03 07:18:00,1.2532484605518,0.0566354375652904,0,0,0,0,-8.1,90.37,2.7,74.424,-4.18
2018-01-03 07:19:00,1.25298426392672,0.0577361961180748,0,0,0,0,-8.1,90.06,2.7,74.202,-4.14
2018-01-03 07:20:00,1.25272006730163,0.0588369546708592,0,0,0,0,-8.1,89.75,2.7,73.98,-4.1
2018-01-03 07:21:00,1.25245587067654,0.058717975462477,0,2.2,35.4,3,-8.1,89.586,2.72,73.758,-4.06
2018-01-03 07:22:00,1.25219167405145,0.0585989962540947,0,4.4,70.8,6,-8.1,89.422,2.74,73.536,-4.02
2018-01-03 07:23:00,1.25192747742636,0.0584800170457124,0,6.6,106.2,9,-8.1,89.258,2.76,73.314,-3.98
2018-01-03 07:24:00,1.25166328080127,0.0583610378373302,0,8.8,141.6,12,-8.1,89.094,2.78,73.092,-3.94
2018-01-03 07:25:00,1.25139908417618,0.0582420586289479,0,11,177,15,-8.1,88.93,2.8,72.87,-3.9
2018-01-03 07:26:00,1.2511348875511,0.060265440369252,0,11.8,190.8,16.8,-8.1,88.756,2.82,72.762,-3.88
2018-01-03 07:27:00,1.25087069092601,0.0622888221095561,0,12.6,204.6,18.6,-8.1,88.582,2.84,72.654,-3.86
2018-01-03 07:28:00,1.25060649430092,0.0643122038498603,0,13.4,218.4,20.4,-8.1,88.408,2.86,72.546,-3.84
2018-01-03 07:29:00,1.25034229767583,0.0663355855901644,0,14.2,232.2,22.2,-8.1,88.234,2.88,72.438,-3.82
2018-01-03 07:30:00,1.25007810105074,0.0683589673304685,0,15,246,24,-8.1,88.06,2.9,72.33,-3.8
2018-01-03 07:31:00,1.24981390442565,0.0704892715182181,0,15.8,258.6,26,-8.34,87.88,2.92,70.75,-3.76
2018-01-03 07:32:00,1.24954970780056,0.0726195757059677,0,16.6,271.2,28,-8.58,87.7,2.94,69.17,-3.72
2018-01-03 07:33:00,1.24928551117548,0.0747498798937173,0,17.4,283.8,30,-8.82,87.52,2.96,67.59,-3.68
2018-01-03 07:34:00,1.24902131455039,0.0768801840814669,0,18.2,296.4,32,-9.06,87.34,2.98,66.01,-3.64
2018-01-03 07:35:00,1.2487571179253,0.0790104882692164,0,19,309,34,-9.3,87.16,3,64.43,-3.6
2018-01-03 07:36:00,1.24849292130021,0.0809386539759786,0.00644445,19.8,320,36.6,-9.3,86.98,3.02,64.24,-3.56
2018-01-03 07:37:00,1.24822872467512,0.0828668196827408,0.0128889,20.6,331,39.2,-9.3,86.8,3.04,64.05,-3.52
2018-01-03 07:38:00,1.24796452805003,0.0847949853895029,0.01933335,21.4,342,41.8,-9.3,86.62,3.06,63.86,-3.48
2018-01-03 07:39:00,1.24770033142495,0.0867231510962651,0.0257778,22.2,353,44.4,-9.3,86.44,3.08,63.67,-3.44
2018-01-03 07:40:00,1.24743613479986,0.0886513168030273,0.03222225,23,364,47,-9.3,86.26,3.1,63.48,-3.4
2018-01-03 07:41:00,1.24717193817477,0.0893449578952238,0.04034325,23.6,374.2,49.6,-9.3,86.076,3.1,63.292,-3.36
2018-01-03 07:42:00,1.24690774154968,0.0900385989874203,0.04846425,24.2,384.4,52.2,-9.3,85.892,3.1,63.104,-3.32
2018-01-03 07:43:00,1.24664354492459,0.0907322400796168,0.05658525,24.8,394.6,54.8,-9.3,85.708,3.1,62.916,-3.28
2018-01-03 07:44:00,1.2463793482995,0.0914258811718133,0.06470625,25.4,404.8,57.4,-9.3,85.524,3.1,62.728,-3.24
2018-01-03 07:45:00,1.24611515167441,0.0921195222640098,0.07282725,26,415,60,-9.3,85.34,3.1,62.54,-3.2
2018-01-03 07:46:00,1.24585095504933,0.0936034365373465,0.07977485,26.8,424,63,-9.3,85.156,3.12,62.446,-3.18
2018-01-03 07:47:00,1.24558675842424,0.0950873508106832,0.08672245,27.6,433,66,-9.3,84.972,3.14,62.352,-3.16
2018-01-03 07:48:00,1.24532256179915,0.0965712650840198,0.09367005,28.4,442,69,-9.3,84.788,3.16,62.258,-3.14
2018-01-03 07:49:00,1.24505836517406,0.0980551793573565,0.10061765,29.2,451,72,-9.3,84.604,3.18,62.164,-3.12
2018-01-03 07:50:00,1.24479416854897,0.0995390936306932,0.10756525,30,460,75,-9.3,84.42,3.2,62.07,-3.1
2018-01-03 07:51:00,1.24452997192388,0.102610176097574,0.1137374,30.6,468,77.8,-9.3,84.238,3.22,61.888,-3.06
2018-01-03 07:52:00,1.24426577529879,0.105681258564454,0.11990955,31.2,476,80.6,-9.3,84.056,3.24,61.706,-3.02
2018-01-03 07:53:00,1.24400157867371,0.108752341031334,0.1260817,31.8,484,83.4,-9.3,83.874,3.26,61.524,-2.98
2018-01-03 07:54:00,1.24373738204862,0.111823423498215,0.13225385,32.4,492,86.2,-9.3,83.692,3.28,61.342,-2.94
2018-01-03 07:55:00,1.24347318542353,0.114894505965095,0.138426,33,500,89,-9.3,83.51,3.3,61.16,-2.9
2018-01-03 07:56:00,1.24320898879844,0.114919902480707,0.1430901,33.6,507.4,92.2,-9.3,83.326,3.32,60.98,-2.86
2018-01-03 07:57:00,1.24294479217335,0.114945298996319,0.1477542,34.2,514.8,95.4,-9.3,83.142,3.34,60.8,-2.82
2018-01-03 07:58:00,1.24268059554826,0.114970695511931,0.1524183,34.8,522.2,98.6,-9.3,82.958,3.36,60.62,-2.78
2018-01-03 07:59:00,1.24241639892317,0.114996092027543,0.1570824,35.4,529.6,101.8,-9.3,82.774,3.38,60.44,-2.74
2018-01-03 08:00:00,1.24215220229809,0.115021488543155,0.1617465,36,537,105,-9.3,82.59,3.4,60.26,-2.7
2018-01-03 08:01:00,1.24178959757398,0.11580987043428,0.16626345,36.6,543.4,108.2,-9.3,82.41,3.4,60.082,-2.66
2018-01-03 08:02:00,1.24142699284987,0.116598252325405,0.1707804,37.2,549.8,111.4,-9.3,82.23,3.4,59.904,-2.62
2018-01-03 08:03:00,1.24106438812576,0.11738663421653,0.17529735,37.8,556.2,114.6,-9.3,82.05,3.4,59.726,-2.58
2018-01-03 08:04:00,1.24070178340165,0.118175016107655,0.1798143,38.4,562.6,117.8,-9.3,81.87,3.4,59.548,-2.54
2018-01-03 08:05:00,1.24033917867754,0.11896339799878,0.18433125,39,569,121,-9.3,81.69,3.4,59.37,-2.5
2018-01-03 08:06:00,1.23997657395343,0.11879181700281,0.14872873,34,455.2,99.6,-9.3,81.508,3.4,59.282,-2.48
2018-01-03 08:07:00,1.23961396922932,0.11862023600684,0.11312621,29,341.4,78.2,-9.3,81.326,3.4,59.194,-2.46
2018-01-03 08:08:00,1.23925136450521,0.11844865501087,0.07752369,24,227.6,56.8,-9.3,81.144,3.4,59.106,-2.44
2018-01-03 08:09:00,1.2388887597811,0.1182770740149,0.04192117,19,113.8,35.4,-9.3,80.962,3.4,59.018,-2.42
2018-01-03 08:10:00,1.238526155057,0.11810549301893,0.00631865,14,0,14,-9.3,80.78,3.4,58.93,-2.4
2018-01-03 08:11:00,1.23816355033289,0.121495615841085,0.05130892,20,125.4,42,-9.3,80.6,3.4,58.758,-2.36
2018-01-03 08:12:00,1.23780094560878,0.12488573866324,0.09629919,26,250.8,70,-9.3,80.42,3.4,58.586,-2.32
2018-01-03 08:13:00,1.23743834088467,0.128275861485395,0.14128946,32,376.2,98,-9.3,80.24,3.4,58.414,-2.28
2018-01-03 08:14:00,1.23707573616056,0.13166598430755,0.18627973,38,501.6,126,-9.3,80.06,3.4,58.242,-2.24
2018-01-03 08:15:00,1.23671313143645,0.135056107129705,0.23127,44,627,154,-9.3,79.88,3.4,58.07,-2.2
2018-01-03 08:16:00,1.23635052671234,0.136260976212355,0.2354315,44.4,632,157.2,-9.3,79.702,3.42,57.9,-2.16
2018-01-03 08:17:00,1.23598792198823,0.137465845295004,0.239593,44.8,637,160.4,-9.3,79.524,3.44,57.73,-2.12
2018-01-03 08:18:00,1.23562531726412,0.138670714377654,0.2437545,45.2,642,163.6,-9.3,79.346,3.46,57.56,-2.08
2018-01-03 08:19:00,1.23526271254001,0.139875583460303,0.247916,45.6,647,166.8,-9.3,79.168,3.48,57.39,-2.04
2018-01-03 08:20:00,1.23490010781591,0.141080452542953,0.2520775,46,652,170,-9.3,78.99,3.5,57.22,-2
2018-01-03 08:21:00,1.2345375030918,0.138040935753982,0.256322,46.4,656.6,173.4,-9.3,78.812,3.5,57.052,-1.96
2018-01-03 08:22:00,1.23417489836769,0.135001418965011,0.2605665,46.8,661.2,176.8,-9.3,78.634,3.5,56.884,-1.92
2018-01-03 08:23:00,1.23381229364358,0.13196190217604,0.264811,47.2,665.8,180.2,-9.3,78.456,3.5,56.716,-1.88
2018-01-03 08:24:00,1.23344968891947,0.12892238538707,0.2690555,47.6,670.4,183.6,-9.3,78.278,3.5,56.548,-1.84
2018-01-03 08:25:00,1.23308708419536,0.125882868598099,0.2733,48,675,187,-9.3,78.1,3.5,56.38,-1.8
2018-01-03 08:26:00,1.23272447947125,0.12874530171302,0.277541,48.4,679.2,190.4,-9.3,77.924,3.5,56.216,-1.76
2018-01-03 08:27:00,1.23236187474714,0.131607734827942,0.281782,48.8,683.4,193.8,-9.3,77.748,3.5,56.052,-1.72
2018-01-03 08:28:00,1.23199927002303,0.134470167942863,0.286023,49.2,687.6,197.2,-9.3,77.572,3.5,55.888,-1.68
2018-01-03 08:29:00,1.23163666529893,0.137332601057784,0.290264,49.6,691.8,200.6,-9.3,77.396,3.5,55.724,-1.64
2018-01-03 08:30:00,1.23127406057482,0.140195034172705,0.294505,50,696,204,-9.3,77.22,3.5,55.56,-1.6
2018-01-03 08:31:00,1.23091145585071,0.13770751392267,0.2987245,50.2,700.4,207.4,-9.48,77.046,3.5,54.652,-1.56
2018-01-03 08:32:00,1.2305488511266,0.135219993672634,0.302944,50.4,704.8,210.8,-9.66,76.872,3.5,53.744,-1.52
2018-01-03 08:33:00,1.23018624640249,0.132732473422598,0.3071635,50.6,709.2,214.2,-9.84,76.698,3.5,52.836,-1.48
2018-01-03 08:34:00,1.22982364167838,0.130244953172562,0.311383,50.8,713.6,217.6,-10.02,76.524,3.5,51.928,-1.44
2018-01-03 08:35:00,1.22946103695427,0.127757432922526,0.3156025,51,718,221,-10.2,76.35,3.5,51.02,-1.4
2018-01-03 08:36:00,1.22909843223016,0.132601291212965,0.319721,51.4,721.4,224.2,-10.2,76.178,3.52,50.946,-1.38
2018-01-03 08:37:00,1.22873582750605,0.137445149503403,0.3238395,51.8,724.8,227.4,-10.2,76.006,3.54,50.872,-1.36
2018-01-03 08:38:00,1.22837322278194,0.142289007793842,0.327958,52.2,728.2,230.6,-10.2,75.834,3.56,50.798,-1.34
2018-01-03 08:39:00,1.22801061805783,0.14713286608428,0.3320765,52.6,731.6,233.8,-10.2,75.662,3.58,50.724,-1.32
2018-01-03 08:40:00,1.22764801333373,0.151976724374719,0.336195,53,735,237,-10.2,75.49,3.6,50.65,-1.3
2018-01-03 08:41:00,1.22728540860962,0.151510444648611,0.3403335,53.4,738.4,240.4,-10.2,75.32,3.6,50.502,-1.26
2018-01-03 08:42:00,1.22692280388551,0.151044164922504,0.344472,53.8,741.8,243.8,-10.2,75.15,3.6,50.354,-1.22
2018-01-03 08:43:00,1.2265601991614,0.150577885196396,0.3486105,54.2,745.2,247.2,-10.2,74.98,3.6,50.206,-1.18
2018-01-03 08:44:00,1.22619759443729,0.150111605470289,0.352749,54.6,748.6,250.6,-10.2,74.81,3.6,50.058,-1.14
2018-01-03 08:45:00,1.22583498971318,0.149645325744181,0.3568875,55,752,254,-10.2,74.64,3.6,49.91,-1.1
2018-01-03 08:46:00,1.22547238498907,0.149362158317629,0.3606965,55.2,755,257.2,-10.2,74.47,3.6,49.766,-1.06
2018-01-03 08:47:00,1.22510978026496,0.149078990891078,0.3645055,55.4,758,260.4,-10.2,74.3,3.6,49.622,-1.02
2018-01-03 08:48:00,1.22474717554085,0.148795823464526,0.3683145,55.6,761,263.6,-10.2,74.13,3.6,49.478,-0.98
2018-01-03 08:49:00,1.22438457081674,0.148512656037974,0.3721235,55.8,764,266.8,-10.2,73.96,3.6,49.334,-0.94
2018-01-03 08:50:00,1.22402196609264,0.148229488611422,0.3759325,56,767,270,-10.2,73.79,3.6,49.19,-0.9
2018-01-03 08:51:00,1.22365936136853,0.14935831746523,0.379747,56.2,770,273.2,-10.2,73.624,3.6,49.048,-0.86
2018-01-03 08:52:00,1.22329675664442,0.150487146319038,0.3835615,56.4,773,276.4,-10.2,73.458,3.6,48.906,-0.82
2018-01-03 08:53:00,1.22293415192031,0.151615975172846,0.387376,56.6,776,279.6,-10.2,73.292,3.6,48.764,-0.78
2018-01-03 08:54:00,1.2225715471962,0.152744804026654,0.3911905,56.8,779,282.8,-10.2,73.126,3.6,48.622,-0.74
2018-01-03 08:55:00,1.22220894247209,0.153873632880463,0.395005,57,782,286,-10.2,72.96,3.6,48.48,-0.7
2018-01-03 08:56:00,1.22184633774798,0.154914018976656,0.39885,57.4,784.6,289.4,-10.2,72.794,3.62,48.34,-0.66
2018-01-03 08:57:00,1.22148373302387,0.15595440507285,0.402695,57.8,787.2,292.8,-10.2,72.628,3.64,48.2,-0.62
2018-01-03 08:58:00,1.22112112829976,0.156994791169044,0.40654,58.2,789.8,296.2,-10.2,72.462,3.66,48.06,-0.58
2018-01-03 08:59:00,1.22075852357565,0.158035177265238,0.410385,58.6,792.4,299.6,-10.2,72.296,3.68,47.92,-0.54
2018-01-03 09:00:00,1.22039591885155,0.159075563361432,0.41423,59,795,303,-10.2,72.13,3.7,47.78,-0.5
2018-01-03 09:01:00,1.21986630657958,0.158989915189065,0.417779,59.2,797.4,306.2,-10.2,71.968,3.68,47.71,-0.48
2018-01-03 09:02:00,1.21933669430762,0.158904267016698,0.421328,59.4,799.8,309.4,-10.2,71.806,3.66,47.64,-0.46
2018-01-03 09:03:00,1.21880708203566,0.15881861884433,0.424877,59.6,802.2,312.6,-10.2,71.644,3.64,47.57,-0.44
2018-01-03 09:04:00,1.21827746976369,0.158732970671963,0.428426,59.8,804.6,315.8,-10.2,71.482,3.62,47.5,-0.42
2018-01-03 09:05:00,1.21774785749173,0.158647322499596,0.431975,60,807,319,-10.2,71.32,3.6,47.43,-0.4
2018-01-03 09:06:00,1.21721824521977,0.157259807085091,0.4355045,60.2,809.4,322.2,-10.2,71.158,3.6,47.294,-0.36
2018-01-03 09:07:00,1.21668863294781,0.155872291670587,0.439034,60.4,811.8,325.4,-10.2,70.996,3.6,47.158,-0.32
2018-01-03 09:08:00,1.21615902067584,0.154484776256082,0.4425635,60.6,814.2,328.6,-10.2,70.834,3.6,47.022,-0.28
2018-01-03 09:09:00,1.21562940840388,0.153097260841578,0.446093,60.8,816.6,331.8,-10.2,70.672,3.6,46.886,-0.24
2018-01-03 09:10:00,1.21509979613192,0.151709745427073,0.4496225,61,819,335,-10.2,70.51,3.6,46.75,-0.2
2018-01-03 09:11:00,1.21457018385996,0.14909833055901,0.453037,61.2,821.2,338,-10.2,70.352,3.6,46.614,-0.16
2018-01-03 09:12:00,1.21404057158799,0.146486915690947,0.4564515,61.4,823.4,341,-10.2,70.194,3.6,46.478,-0.12
2018-01-03 09:13:00,1.21351095931603,0.143875500822884,0.459866,61.6,825.6,344,-10.2,70.036,3.6,46.342,-0.08
2018-01-03 09:14:00,1.21298134704407,0.14126408595482,0.4632805,61.8,827.8,347,-10.2,69.878,3.6,46.206,-0.04
2018-01-03 09:15:00,1.2124517347721,0.138652671086757,0.466695,62,830,350,-10.2,69.72,3.6,46.07,0
2018-01-03 09:16:00,1.21192212250014,0.143086735873523,0.470194,62.4,832,353.2,-10.2,69.562,3.6,46.004,0.02
2018-01-03 09:17:00,1.21139251022818,0.147520800660289,0.473693,62.8,834,356.4,-10.2,69.404,3.6,45.938,0.04
2018-01-03 09:18:00,1.21086289795622,0.151954865447055,0.477192,63.2,836,359.6,-10.2,69.246,3.6,45.872,0.06
2018-01-03 09:19:00,1.21033328568425,0.156388930233822,0.480691,63.6,838,362.8,-10.2,69.088,3.6,45.806,0.08
2018-01-03 09:20:00,1.20980367341229,0.160822995020588,0.48419,64,840,366,-10.2,68.93,3.6,45.74,0.1
2018-01-03 09:21:00,1.20927406114033,0.157281251386683,0.487458,64.2,842,369,-10.2,68.776,3.6,45.608,0.14
2018-01-03 09:22:00,1.20874444886837,0.153739507752779,0.490726,64.4,844,372,-10.2,68.622,3.6,45.476,0.18
2018-01-03 09:23:00,1.2082148365964,0.150197764118875,0.493994,64.6,846,375,-10.2,68.468,3.6,45.344,0.22
2018-01-03 09:24:00,1.20768522432444,0.146656020484971,0.497262,64.8,848,378,-10.2,68.314,3.6,45.212,0.26
2018-01-03 09:25:00,1.20715561205248,0.143114276851066,0.50053,65,850,381,-10.2,68.16,3.6,45.08,0.3
2018-01-03 09:26:00,1.20662599978051,0.144811757540566,0.503661,65.2,851.8,384,-10.2,68.01,3.6,44.952,0.34
2018-01-03 09:27:00,1.20609638750855,0.146509238230065,0.506792,65.4,853.6,387,-10.2,67.86,3.6,44.824,0.38
2018-01-03 09:28:00,1.20556677523659,0.148206718919565,0.509923,65.6,855.4,390,-10.2,67.71,3.6,44.696,0.42
2018-01-03 09:29:00,1.20503716296463,0.149904199609064,0.513054,65.8,857.2,393,-10.2,67.56,3.6,44.568,0.46
2018-01-03 09:30:00,1.20450755069266,0.151601680298564,0.516185,66,859,396,-10.2,67.41,3.6,44.44,0.5
2018-01-03 09:31:00,1.2039779384207,0.148159168501925,0.5192185,66,861,398.8,-10.14,67.26,3.6,44.624,0.52
2018-01-03 09:32:00,1.20344832614874,0.144716656705287,0.522252,66,863,401.6,-10.08,67.11,3.6,44.808,0.54
2018-01-03 09:33:00,1.20291871387678,0.141274144908648,0.5252855,66,865,404.4,-10.02,66.96,3.6,44.992,0.56
2018-01-03 09:34:00,1.20238910160481,0.13783163311201,0.528319,66,867,407.2,-9.96,66.81,3.6,45.176,0.58
2018-01-03 09:35:00,1.20185948933285,0.134389121315371,0.5313525,66,869,410,-9.9,66.66,3.6,45.36,0.6
2018-01-03 09:36:00,1.20132987706089,0.137071361611843,0.534317,66.2,870.6,413,-9.9,66.514,3.6,45.23,0.64
2018-01-03 09:37:00,1.20080026478892,0.139753601908314,0.5372815,66.4,872.2,416,-9.9,66.368,3.6,45.1,0.68
2018-01-03 09:38:00,1.20027065251696,0.142435842204786,0.540246,66.6,873.8,419,-9.9,66.222,3.6,44.97,0.72
2018-01-03 09:39:00,1.199741040245,0.145118082501257,0.5432105,66.8,875.4,422,-9.9,66.076,3.6,44.84,0.76
2018-01-03 09:40:00,1.19921142797304,0.147800322797728,0.546175,67,877,425,-9.9,65.93,3.6,44.71,0.8
2018-01-03 09:41:00,1.19868181570107,0.143052943413277,0.548952,67.2,878.4,427.8,-9.9,65.786,3.58,44.584,0.84
2018-01-03 09:42:00,1.19815220342911,0.138305564028825,0.551729,67.4,879.8,430.6,-9.9,65.642,3.56,44.458,0.88
2018-01-03 09:43:00,1.19762259115715,0.133558184644373,0.554506,67.6,881.2,433.4,-9.9,65.498,3.54,44.332,0.92
2018-01-03 09:44:00,1.19709297888519,0.128810805259921,0.557283,67.8,882.6,436.2,-9.9,65.354,3.52,44.206,0.96
2018-01-03 09:45:00,1.19656336661322,0.12406342587547,0.56006,68,884,439,-9.9,65.21,3.5,44.08,1
2018-01-03 09:46:00,1.19603375434126,0.125985603671614,0.5628305,68.2,885.4,441.8,-9.9,65.068,3.5,44.016,1.02
2018-01-03 09:47:00,1.1955041420693,0.127907781467758,0.565601,68.4,886.8,444.6,-9.9,64.926,3.5,43.952,1.04
2018-01-03 09:48:00,1.19497452979733,0.129829959263903,0.5683715,68.6,888.2,447.4,-9.9,64.784,3.5,43.888,1.06
2018-01-03 09:49:00,1.19444491752537,0.131752137060047,0.571142,68.8,889.6,450.2,-9.9,64.642,3.5,43.824,1.08
2018-01-03 09:50:00,1.19391530525341,0.133674314856191,0.5739125,69,891,453,-9.9,64.5,3.5,43.76,1.1
2018-01-03 09:51:00,1.19338569298145,0.135511964046197,0.575909,69.2,892.4,455.6,-9.9,64.362,3.5,43.636,1.14
2018-01-03 09:52:00,1.19285608070948,0.137349613236202,0.5779055,69.4,893.8,458.2,-9.9,64.224,3.5,43.512,1.18
2018-01-03 09:53:00,1.19232646843752,0.139187262426208,0.579902,69.6,895.2,460.8,-9.9,64.086,3.5,43.388,1.22
2018-01-03 09:54:00,1.19179685616556,0.141024911616213,0.5818985,69.8,896.6,463.4,-9.9,63.948,3.5,43.264,1.26
2018-01-03 09:55:00,1.1912672438936,0.142862560806219,0.583895,70,898,466,-9.9,63.81,3.5,43.14,1.3
2018-01-03 09:56:00,1.19073763162163,0.140720139747059,0.586117,70,899.2,468.6,-9.9,63.676,3.5,43.016,1.34
2018-01-03 09:57:00,1.19020801934967,0.1385777186879,0.588339,70,900.4,471.2,-9.9,63.542,3.5,42.892,1.38
2018-01-03 09:58:00,1.18967840707771,0.13643529762874,0.590561,70,901.6,473.8,-9.9,63.408,3.5,42.768,1.42
2018-01-03 09:59:00,1.18914879480574,0.13429287656958,0.592783,70,902.8,476.4,-9.9,63.274,3.5,42.644,1.46
2018-01-03 10:00:00,1.18861918253378,0.132150455510421,0.595005,70,904,479,-9.9,63.14,3.5,42.52,1.5
2018-01-03 10:01:00,1.18792220318824,0.131436122113643,0.5974015,70.2,905.2,481.6,-9.9,63.008,3.5,42.46,1.52
2018-01-03 10:02:00,1.18722522384271,0.130721788716865,0.599798,70.4,906.4,484.2,-9.9,62.876,3.5,42.4,1.54
2018-01-03 10:03:00,1.18652824449717,0.130007455320087,0.6021945,70.6,907.6,486.8,-9.9,62.744,3.5,42.34,1.56
2018-01-03 10:04:00,1.18583126515163,0.129293121923309,0.604591,70.8,908.8,489.4,-9.9,62.612,3.5,42.28,1.58
2018-01-03 10:05:00,1.18513428580609,0.128578788526531,0.6069875,71,910,492,-9.9,62.48,3.5,42.22,1.6
2018-01-03 10:06:00,1.18443730646055,0.128868197796115,0.609321,71.2,911.2,494.4,-9.9,62.352,3.5,42.092,1.64
2018-01-03 10:07:00,1.18374032711501,0.129157607065699,0.6116545,71.4,912.4,496.8,-9.9,62.224,3.5,41.964,1.68
2018-01-03 10:08:00,1.18304334776948,0.129447016335282,0.613988,71.6,913.6,499.2,-9.9,62.096,3.5,41.836,1.72
2018-01-03 10:09:00,1.18234636842394,0.129736425604866,0.6163215,71.8,914.8,501.6,-9.9,61.968,3.5,41.708,1.76
2018-01-03 10:10:00,1.1816493890784,0.13002583487445,0.618655,72,916,504,-9.9,61.84,3.5,41.58,1.8
2018-01-03 10:11:00,1.18095240973286,0.130106309869245,0.620844,72.2,917,506.4,-9.9,61.714,3.5,41.522,1.82
2018-01-03 10:12:00,1.18025543038732,0.13018678486404,0.623033,72.4,918,508.8,-9.9,61.588,3.5,41.464,1.84
2018-01-03 10:13:00,1.17955845104178,0.130267259858835,0.625222,72.6,919,511.2,-9.9,61.462,3.5,41.406,1.86
2018-01-03 10:14:00,1.17886147169625,0.130347734853629,0.627411,72.8,920,513.6,-9.9,61.336,3.5,41.348,1.88
2018-01-03 10:15:00,1.17816449235071,0.130428209848424,0.6296,73,921,516,-9.9,61.21,3.5,41.29,1.9
2018-01-03 10:16:00,1.17746751300517,0.132317042872776,0.6315345,73,922,518.4,-9.9,61.088,3.5,41.172,1.94
2018-01-03 10:17:00,1.17677053365963,0.134205875897127,0.633469,73,923,520.8,-9.9,60.966,3.5,41.054,1.98
2018-01-03 10:18:00,1.17607355431409,0.136094708921478,0.6354035,73,924,523.2,-9.9,60.844,3.5,40.936,2.02
2018-01-03 10:19:00,1.17537657496855,0.137983541945829,0.637338,73,925,525.6,-9.9,60.722,3.5,40.818,2.06
2018-01-03 10:20:00,1.17467959562302,0.13987237497018,0.6392725,73,926,528,-9.9,60.6,3.5,40.7,2.1
2018-01-03 10:21:00,1.17398261627748,0.136895657208888,0.6413765,73.2,927,530.2,-9.9,60.482,3.5,40.642,2.12
2018-01-03 10:22:00,1.17328563693194,0.133918939447595,0.6434805,73.4,928,532.4,-9.9,60.364,3.5,40.584,2.14
2018-01-03 10:23:00,1.1725886575864,0.130942221686302,0.6455845,73.6,929,534.6,-9.9,60.246,3.5,40.526,2.16
2018-01-03 10:24:00,1.17189167824086,0.127965503925009,0.6476885,73.8,930,536.8,-9.9,60.128,3.5,40.468,2.18
2018-01-03 10:25:00,1.17119469889532,0.124988786163716,0.6497925,74,931,539,-9.9,60.01,3.5,40.41,2.2
2018-01-03 10:26:00,1.17049771954979,0.127698635717209,0.6515155,74,931.8,541.2,-9.9,59.896,3.5,40.296,2.24
2018-01-03 10:27:00,1.16980074020425,0.130408485270703,0.6532385,74,932.6,543.4,-9.9,59.782,3.5,40.182,2.28
2018-01-03 10:28:00,1.16910376085871,0.133118334824196,0.6549615,74,933.4,545.6,-9.9,59.668,3.5,40.068,2.32
2018-01-03 10:29:00,1.16840678151317,0.13582818437769,0.6566845,74,934.2,547.8,-9.9,59.554,3.5,39.954,2.36
2018-01-03 10:30:00,1.16770980216763,0.138538033931183,0.6584075,74,935,550,-9.9,59.44,3.5,39.84,2.4
2018-01-03 10:31:00,1.16701282282209,0.137612551240286,0.6604735,74,936.4,552.2,-9.74,59.328,3.5,40.304,2.42
2018-01-03 10:32:00,1.16631584347656,0.13668706854939,0.6625395,74,937.8,554.4,-9.58,59.216,3.5,40.768,2.44
2018-01-03 10:33:00,1.16561886413102,0.135761585858493,0.6646055,74,939.2,556.6,-9.42,59.104,3.5,41.232,2.46
2018-01-03 10:34:00,1.16492188478548,0.134836103167597,0.6666715,74,940.6,558.8,-9.26,58.992,3.5,41.696,2.48
2018-01-03 10:35:00,1.16422490543994,0.1339106204767,0.6687375,74,942,561,-9.1,58.88,3.5,42.16,2.5
2018-01-03 10:36:00,1.1635279260944,0.135014585157185,0.67024,74,942.6,563,-9.1,58.774,3.5,42.042,2.54
2018-01-03 10:37:00,1.16283094674886,0.136118549837669,0.6717425,74,943.2,565,-9.1,58.668,3.5,41.924,2.58
2018-01-03 10:38:00,1.16213396740333,0.137222514518153,0.673245,74,943.8,567,-9.1,58.562,3.5,41.806,2.62
2018-01-03 10:39:00,1.16143698805779,0.138326479198638,0.6747475,74,944.4,569,-9.1,58.456,3.5,41.688,2.66
2018-01-03 10:40:00,1.16074000871225,0.139430443879122,0.67625,74,945,571,-9.1,58.35,3.5,41.57,2.7
2018-01-03 10:41:00,1.16004302936671,0.13884503794911,0.6780435,74.2,945.8,572.8,-9.1,58.246,3.5,41.51,2.72
2018-01-03 10:42:00,1.15934605002117,0.138259632019098,0.679837,74.4,946.6,574.6,-9.1,58.142,3.5,41.45,2.74
2018-01-03 10:43:00,1.15864907067563,0.137674226089086,0.6816305,74.6,947.4,576.4,-9.1,58.038,3.5,41.39,2.76
2018-01-03 10:44:00,1.1579520913301,0.137088820159074,0.683424,74.8,948.2,578.2,-9.1,57.934,3.5,41.33,2.78
2018-01-03 10:45:00,1.15725511198456,0.136503414229062,0.6852175,75,949,580,-9.1,57.83,3.5,41.27,2.8
2018-01-03 10:46:00,1.15655813263902,0.13644106878764,0.68662,75,949.6,581.8,-9.1,57.732,3.5,41.154,2.84
2018-01-03 10:47:00,1.15586115329348,0.136378723346218,0.6880225,75,950.2,583.6,-9.1,57.634,3.5,41.038,2.88
2018-01-03 10:48:00,1.15516417394794,0.136316377904796,0.689425,75,950.8,585.4,-9.1,57.536,3.5,40.922,2.92
2018-01-03 10:49:00,1.1544671946024,0.136254032463373,0.6908275,75,951.4,587.2,-9.1,57.438,3.5,40.806,2.96
2018-01-03 10:50:00,1.15377021525687,0.136191687021951,0.69223,75,952,589,-9.1,57.34,3.5,40.69,3
2018-01-03 10:51:00,1.15307323591133,0.13556662239409,0.692911,75.2,951.2,590,-9.1,57.246,3.5,40.634,3.02
2018-01-03 10:52:00,1.15237625656579,0.134941557766229,0.693592,75.4,950.4,591,-9.1,57.152,3.5,40.578,3.04
2018-01-03 10:53:00,1.15167927722025,0.134316493138368,0.694273,75.6,949.6,592,-9.1,57.058,3.5,40.522,3.06
2018-01-03 10:54:00,1.15098229787471,0.133691428510507,0.694954,75.8,948.8,593,-9.1,56.964,3.5,40.466,3.08
2018-01-03 10:55:00,1.15028531852917,0.133066363882646,0.695635,76,948,594,-9.1,56.87,3.5,40.41,3.1
2018-01-03 10:56:00,1.14958833918364,0.134410632503569,0.696954,76,948.6,595.6,-9.1,56.778,3.5,40.296,3.14
2018-01-03 10:57:00,1.1488913598381,0.135754901124492,0.698273,76,949.2,597.2,-9.1,56.686,3.5,40.182,3.18
2018-01-03 10:58:00,1.14819438049256,0.137099169745415,0.699592,76,949.8,598.8,-9.1,56.594,3.5,40.068,3.22
2018-01-03 10:59:00,1.14749740114702,0.138443438366338,0.700911,76,950.4,600.4,-9.1,56.502,3.5,39.954,3.26
2018-01-03 11:00:00,1.14680042180148,0.139787706987261,0.70223,76,951,602,-9.1,56.41,3.5,39.84,3.3
2018-01-03 11:01:00,1.14608124383257,0.140137008093539,0.7035045,76,951.6,603.6,-9.1,56.324,3.5,39.776,3.32
2018-01-03 11:02:00,1.14536206586366,0.140486309199816,0.704779,76,952.2,605.2,-9.1,56.238,3.5,39.712,3.34
2018-01-03 11:03:00,1.14464288789475,0.140835610306094,0.7060535,76,952.8,606.8,-9.1,56.152,3.5,39.648,3.36
2018-01-03 11:04:00,1.14392370992583,0.141184911412372,0.707328,76,953.4,608.4,-9.1,56.066,3.5,39.584,3.38
2018-01-03 11:05:00,1.14320453195692,0.141534212518649,0.7086025,76,954,610,-9.1,55.98,3.5,39.52,3.4
2018-01-03 11:06:00,1.14248535398801,0.142166668389389,0.709885,76.2,954.4,611.4,-9.1,55.9,3.5,39.466,3.42
2018-01-03 11:07:00,1.14176617601909,0.142799124260129,0.7111675,76.4,954.8,612.8,-9.1,55.82,3.5,39.412,3.44
2018-01-03 11:08:00,1.14104699805018,0.143431580130868,0.71245,76.6,955.2,614.2,-9.1,55.74,3.5,39.358,3.46
2018-01-03 11:09:00,1.14032782008127,0.144064036001608,0.7137325,76.8,955.6,615.6,-9.1,55.66,3.5,39.304,3.48
2018-01-03 11:10:00,1.13960864211236,0.144696491872347,0.715015,77,956,617,-9.1,55.58,3.5,39.25,3.5
2018-01-03 11:11:00,1.13888946414344,0.141207252594883,0.7161535,77,956.6,618.4,-9.1,55.502,3.5,39.14,3.54
2018-01-03 11:12:00,1.13817028617453,0.137718013317419,0.717292,77,957.2,619.8,-9.1,55.424,3.5,39.03,3.58
2018-01-03 11:13:00,1.13745110820562,0.134228774039954,0.7184305,77,957.8,621.2,-9.1,55.346,3.5,38.92,3.62
2018-01-03 11:14:00,1.1367319302367,0.13073953476249,0.719569,77,958.4,622.6,-9.1,55.268,3.5,38.81,3.66
2018-01-03 11:15:00,1.13601275226779,0.127250295485026,0.7207075,77,959,624,-9.1,55.19,3.5,38.7,3.7
2018-01-03 11:16:00,1.13529357429888,0.128284051968747,0.72168,77,959.4,625.4,-9.1,55.118,3.5,38.646,3.72
2018-01-03 11:17:00,1.13457439632997,0.129317808452469,0.7226525,77,959.8,626.8,-9.1,55.046,3.5,38.592,3.74
2018-01-03 11:18:00,1.13385521836105,0.130351564936191,0.723625,77,960.2,628.2,-9.1,54.974,3.5,38.538,3.76
2018-01-03 11:19:00,1.13313604039214,0.131385321419912,0.7245975,77,960.6,629.6,-9.1,54.902,3.5,38.484,3.78
2018-01-03 11:20:00,1.13241686242323,0.132419077903634,0.72557,77,961,631,-9.1,54.83,3.5,38.43,3.8
2018-01-03 11:21:00,1.13169768445432,0.134906670952003,0.7266835,77.2,961.4,632.2,-9.1,54.762,3.5,38.376,3.82
2018-01-03 11:22:00,1.1309785064854,0.137394264000373,0.727797,77.4,961.8,633.4,-9.1,54.694,3.5,38.322,3.84
2018-01-03 11:23:00,1.13025932851649,0.139881857048743,0.7289105,77.6,962.2,634.6,-9.1,54.626,3.5,38.268,3.86
2018-01-03 11:24:00,1.12954015054758,0.142369450097112,0.730024,77.8,962.6,635.8,-9.1,54.558,3.5,38.214,3.88
2018-01-03 11:25:00,1.12882097257866,0.144857043145482,0.7311375,78,963,637,-9.1,54.49,3.5,38.16,3.9
2018-01-03 11:26:00,1.12810179460975,0.142506571006826,0.7319765,78,963.4,638,-9.1,54.428,3.5,38.054,3.94
2018-01-03 11:27:00,1.12738261664084,0.14015609886817,0.7328155,78,963.8,639,-9.1,54.366,3.5,37.948,3.98
2018-01-03 11:28:00,1.12666343867193,0.137805626729513,0.7336545,78,964.2,640,-9.1,54.304,3.5,37.842,4.02
2018-01-03 11:29:00,1.12594426070301,0.135455154590857,0.7344935,78,964.6,641,-9.1,54.242,3.5,37.736,4.06
2018-01-03 11:30:00,1.1252250827341,0.133104682452201,0.7353325,78,965,642,-9.1,54.18,3.5,37.63,4.1
2018-01-03 11:31:00,1.12450590476519,0.13241091952701,0.73636,77.6,966.2,643.2,-8.92,54.124,3.52,38.14,4.12
2018-01-03 11:32:00,1.12378672679627,0.131717156601819,0.7373875,77.2,967.4,644.4,-8.74,54.068,3.54,38.65,4.14
2018-01-03 11:33:00,1.12306754882736,0.131023393676629,0.738415,76.8,968.6,645.6,-8.56,54.012,3.56,39.16,4.16
2018-01-03 11:34:00,1.12234837085845,0.130329630751438,0.7394425,76.4,969.8,646.8,-8.38,53.956,3.58,39.67,4.18
2018-01-03 11:35:00,1.12162919288954,0.129635867826247,0.74047,76,971,648,-8.2,53.9,3.6,40.18,4.2
2018-01-03 11:36:00,1.12091001492062,0.132029416472289,0.7411195,76,971.2,649,-8.2,53.846,3.6,40.124,4.22
2018-01-03 11:37:00,1.12019083695171,0.134422965118331,0.741769,76,971.4,650,-8.2,53.792,3.6,40.068,4.24
2018-01-03 11:38:00,1.1194716589828,0.136816513764372,0.7424185,76,971.6,651,-8.2,53.738,3.6,40.012,4.26
2018-01-03 11:39:00,1.11875248101389,0.139210062410414,0.743068,76,971.8,652,-8.2,53.684,3.6,39.956,4.28
2018-01-03 11:40:00,1.11803330304497,0.141603611056456,0.7437175,76,972,653,-8.2,53.63,3.6,39.9,4.3
2018-01-03 11:41:00,1.11731412507606,0.141768850354766,0.744405,76,972.4,653.8,-8.2,53.584,3.6,39.78,4.34
2018-01-03 11:42:00,1.11659494710715,0.141934089653076,0.7450925,76,972.8,654.6,-8.2,53.538,3.6,39.66,4.38
2018-01-03 11:43:00,1.11587576913823,0.142099328951387,0.74578,76,973.2,655.4,-8.2,53.492,3.6,39.54,4.42
2018-01-03 11:44:00,1.11515659116932,0.142264568249697,0.7464675,76,973.6,656.2,-8.2,53.446,3.6,39.42,4.46
2018-01-03 11:45:00,1.11443741320041,0.142429807548007,0.747155,76,974,657,-8.2,53.4,3.6,39.3,4.5
2018-01-03 11:46:00,1.1137182352315,0.141080584294829,0.7478495,76.2,974.2,657.8,-8.2,53.358,3.6,39.246,4.52
2018-01-03 11:47:00,1.11299905726258,0.13973136104165,0.748544,76.4,974.4,658.6,-8.2,53.316,3.6,39.192,4.54
2018-01-03 11:48:00,1.11227987929367,0.138382137788471,0.7492385,76.6,974.6,659.4,-8.2,53.274,3.6,39.138,4.56
2018-01-03 11:49:00,1.11156070132476,0.137032914535293,0.749933,76.8,974.8,660.2,-8.2,53.232,3.6,39.084,4.58
2018-01-03 11:50:00,1.11084152335584,0.135683691282114,0.7506275,77,975,661,-8.2,53.19,3.6,39.03,4.6
2018-01-03 11:51:00,1.11012234538693,0.137236545572321,0.7510815,77,975.2,661.6,-8.2,53.152,3.6,38.976,4.62
2018-01-03 11:52:00,1.10940316741802,0.138789399862528,0.7515355,77,975.4,662.2,-8.2,53.114,3.6,38.922,4.64
2018-01-03 11:53:00,1.10868398944911,0.140342254152735,0.7519895,77,975.6,662.8,-8.2,53.076,3.6,38.868,4.66
2018-01-03 11:54:00,1.10796481148019,0.141895108442942,0.7524435,77,975.8,663.4,-8.2,53.038,3.6,38.814,4.68
2018-01-03 11:55:00,1.10724563351128,0.143447962733149,0.7528975,77,976,664,-8.2,53,3.6,38.76,4.7
2018-01-03 11:56:00,1.10652645554237,0.143209881086187,0.7532675,77,976.2,664.6,-8.2,52.97,3.6,38.652,4.74
2018-01-03 11:57:00,1.10580727757346,0.142971799439225,0.7536375,77,976.4,665.2,-8.2,52.94,3.6,38.544,4.78
2018-01-03 11:58:00,1.10508809960454,0.142733717792264,0.7540075,77,976.6,665.8,-8.2,52.91,3.6,38.436,4.82
2018-01-03 11:59:00,1.10436892163563,0.142495636145302,0.7543775,77,976.8,666.4,-8.2,52.88,3.6,38.328,4.86
2018-01-03 12:00:00,1.10364974366672,0.14225755449834,0.7547475,77,977,667,-8.2,52.85,3.6,38.22,4.9
2018-01-03 12:01:00,1.10301423098576,0.143779706517093,0.755081,77,977.2,667.4,-8.2,52.824,3.6,38.168,4.92
2018-01-03 12:02:00,1.10237871830481,0.145301858535846,0.7554145,77,977.4,667.8,-8.2,52.798,3.6,38.116,4.94
2018-01-03 12:03:00,1.10174320562385,0.146824010554599,0.755748,77,977.6,668.2,-8.2,52.772,3.6,38.064,4.96
2018-01-03 12:04:00,1.1011076929429,0.148346162573352,0.7560815,77,977.8,668.6,-8.2,52.746,3.6,38.012,4.98
2018-01-03 12:05:00,1.10047218026195,0.149868314592105,0.756415,77,978,669,-8.2,52.72,3.6,37.96,5
2018-01-03 12:06:00,1.09983666758099,0.151876137944226,0.7565645,77,978,669.4,-8.2,52.698,3.6,37.908,5.02
2018-01-03 12:07:00,1.09920115490004,0.153883961296346,0.756714,77,978,669.8,-8.2,52.676,3.6,37.856,5.04
2018-01-03 12:08:00,1.09856564221908,0.155891784648466,0.7568635,77,978,670.2,-8.2,52.654,3.6,37.804,5.06
2018-01-03 12:09:00,1.09793012953813,0.157899608000586,0.757013,77,978,670.6,-8.2,52.632,3.6,37.752,5.08
2018-01-03 12:10:00,1.09729461685718,0.159907431352706,0.7571625,77,978,671,-8.2,52.61,3.6,37.7,5.1
2018-01-03 12:11:00,1.09665910417622,0.160000384006661,0.7573945,77,978.2,671.2,-8.2,52.596,3.6,37.648,5.12
2018-01-03 12:12:00,1.09602359149527,0.160093336660615,0.7576265,77,978.4,671.4,-8.2,52.582,3.6,37.596,5.14
2018-01-03 12:13:00,1.09538807881431,0.16018628931457,0.7578585,77,978.6,671.6,-8.2,52.568,3.6,37.544,5.16
2018-01-03 12:14:00,1.09475256613336,0.160279241968524,0.7580905,77,978.8,671.8,-8.2,52.554,3.6,37.492,5.18
2018-01-03 12:15:00,1.09411705345241,0.160372194622479,0.7583225,77,979,672,-8.2,52.54,3.6,37.44,5.2
2018-01-03 12:16:00,1.09348154077145,0.15714930339557,0.75836,77,979,672.2,-8.2,52.53,3.6,37.388,5.22
2018-01-03 12:17:00,1.0928460280905,0.15392641216866,0.7583975,77,979,672.4,-8.2,52.52,3.6,37.336,5.24
2018-01-03 12:18:00,1.09221051540954,0.150703520941751,0.758435,77,979,672.6,-8.2,52.51,3.6,37.284,5.26
2018-01-03 12:19:00,1.09157500272859,0.147480629714842,0.7584725,77,979,672.8,-8.2,52.5,3.6,37.232,5.28
2018-01-03 12:20:00,1.09093949004764,0.144257738487933,0.75851,77,979,673,-8.2,52.49,3.6,37.18,5.3
2018-01-03 12:21:00,1.09030397736668,0.144095157496443,0.7584925,77,979,673,-8.2,52.486,3.6,37.12,5.32
2018-01-03 12:22:00,1.08966846468573,0.143932576504952,0.758475,77,979,673,-8.2,52.482,3.6,37.06,5.34
2018-01-03 12:23:00,1.08903295200477,0.143769995513461,0.7584575,77,979,673,-8.2,52.478,3.6,37,5.36
2018-01-03 12:24:00,1.08839743932382,0.14360741452197,0.75844,77,979,673,-8.2,52.474,3.6,36.94,5.38
2018-01-03 12:25:00,1.08776192664286,0.14344483353048,0.7584225,77,979,673,-8.2,52.47,3.6,36.88,5.4
2018-01-03 12:26:00,1.08712641396191,0.144184588006809,0.758347,77,979,673,-8.2,52.47,3.6,36.83,5.42
2018-01-03 12:27:00,1.08649090128096,0.144924342483138,0.7582715,77,979,673,-8.2,52.47,3.6,36.78,5.44
2018-01-03 12:28:00,1.0858553886,0.145664096959466,0.758196,77,979,673,-8.2,52.47,3.6,36.73,5.46
2018-01-03 12:29:00,1.08521987591905,0.146403851435795,0.7581205,77,979,673,-8.2,52.47,3.6,36.68,5.48
2018-01-03 12:30:00,1.08458436323809,0.147143605912124,0.758045,77,979,673,-8.2,52.47,3.6,36.63,5.5
2018-01-03 12:31:00,1.08394885055714,0.14779759974825,0.757946,76.6,979.6,673,-8.02,52.478,3.6,37.094,5.52
2018-01-03 12:32:00,1.08331333787619,0.148451593584375,0.757847,76.2,980.2,673,-7.84,52.486,3.6,37.558,5.54
2018-01-03 12:33:00,1.08267782519523,0.149105587420501,0.757748,75.8,980.8,673,-7.66,52.494,3.6,38.022,5.56
2018-01-03 12:34:00,1.08204231251428,0.149759581256627,0.757649,75.4,981.4,673,-7.48,52.502,3.6,38.486,5.58
2018-01-03 12:35:00,1.08140679983332,0.150413575092752,0.75755,75,982,673,-7.3,52.51,3.6,38.95,5.6
2018-01-03 12:36:00,1.08077128715237,0.150446666290599,0.757356,75,982,672.8,-7.3,52.522,3.6,38.896,5.62
2018-01-03 12:37:00,1.08013577447142,0.150479757488445,0.757162,75,982,672.6,-7.3,52.534,3.6,38.842,5.64
2018-01-03 12:38:00,1.07950026179046,0.150512848686292,0.756968,75,982,672.4,-7.3,52.546,3.6,38.788,5.66
2018-01-03 12:39:00,1.07886474910951,0.150545939884138,0.756774,75,982,672.2,-7.3,52.558,3.6,38.734,5.68
2018-01-03 12:40:00,1.07822923642855,0.150579031081984,0.75658,75,982,672,-7.3,52.57,3.6,38.68,5.7
2018-01-03 12:41:00,1.0775937237476,0.147394060105583,0.756194,75,981.8,671.6,-7.3,52.588,3.6,38.628,5.72
2018-01-03 12:42:00,1.07695821106664,0.144209089129182,0.755808,75,981.6,671.2,-7.3,52.606,3.6,38.576,5.74
2018-01-03 12:43:00,1.07632269838569,0.141024118152781,0.755422,75,981.4,670.8,-7.3,52.624,3.6,38.524,5.76
2018-01-03 12:44:00,1.07568718570474,0.13783914717638,0.755036,75,981.2,670.4,-7.3,52.642,3.6,38.472,5.78
2018-01-03 12:45:00,1.07505167302378,0.134654176199979,0.75465,75,981,670,-7.3,52.66,3.6,38.42,5.8
2018-01-03 12:46:00,1.07441616034283,0.137879147125845,0.7543435,75,981,669.6,-7.3,52.682,3.6,38.366,5.82
2018-01-03 12:47:00,1.07378064766187,0.14110411805171,0.754037,75,981,669.2,-7.3,52.704,3.6,38.312,5.84
2018-01-03 12:48:00,1.07314513498092,0.144329088977576,0.7537305,75,981,668.8,-7.3,52.726,3.6,38.258,5.86
2018-01-03 12:49:00,1.07250962229997,0.147554059903442,0.753424,75,981,668.4,-7.3,52.748,3.6,38.204,5.88
2018-01-03 12:50:00,1.07187410961901,0.150779030829308,0.7531175,75,981,668,-7.3,52.77,3.6,38.15,5.9
2018-01-03 12:51:00,1.07123859693806,0.150710963066746,0.7525845,75,980.8,667.6,-7.3,52.8,3.6,38.046,5.94
2018-01-03 12:52:00,1.0706030842571,0.150642895304185,0.7520515,75,980.6,667.2,-7.3,52.83,3.6,37.942,5.98
2018-01-03 12:53:00,1.06996757157615,0.150574827541623,0.7515185,75,980.4,666.8,-7.3,52.86,3.6,37.838,6.02
2018-01-03 12:54:00,1.0693320588952,0.150506759779061,0.7509855,75,980.2,666.4,-7.3,52.89,3.6,37.734,6.06
2018-01-03 12:55:00,1.06869654621424,0.1504386920165,0.7504525,75,980,666,-7.3,52.92,3.6,37.63,6.1
2018-01-03 12:56:00,1.06806103353329,0.150811800228488,0.7498845,75,979.8,665.4,-7.3,52.954,3.6,37.578,6.12
2018-01-03 12:57:00,1.06742552085233,0.151184908440476,0.7493165,75,979.6,664.8,-7.3,52.988,3.6,37.526,6.14
2018-01-03 12:58:00,1.06679000817138,0.151558016652464,0.7487485,75,979.4,664.2,-7.3,53.022,3.6,37.474,6.16
2018-01-03 12:59:00,1.06615449549043,0.151931124864451,0.7481805,75,979.2,663.6,-7.3,53.056,3.6,37.422,6.18
2018-01-03 13:00:00,1.06551898280947,0.152304233076439,0.7476125,75,979,663,-7.3,53.09,3.6,37.37,6.2
2018-01-03 13:01:00,1.06489102881393,0.152239402346978,0.7470275,75,978.8,662.2,-7.3,53.128,3.6,37.37,6.2
2018-01-03 13:02:00,1.06426307481839,0.152174571617516,0.7464425,75,978.6,661.4,-7.3,53.166,3.6,37.37,6.2
2018-01-03 13:03:00,1.06363512082285,0.152109740888055,0.7458575,75,978.4,660.6,-7.3,53.204,3.6,37.37,6.2
2018-01-03 13:04:00,1.06300716682731,0.152044910158594,0.7452725,75,978.2,659.8,-7.3,53.242,3.6,37.37,6.2
2018-01-03 13:05:00,1.06237921283177,0.151980079429132,0.7446875,75,978,659,-7.3,53.28,3.6,37.37,6.2
2018-01-03 13:06:00,1.06175125883623,0.149436374464126,0.7440295,75,977.8,658.2,-7.3,53.326,3.6,37.312,6.22
2018-01-03 13:07:00,1.06112330484069,0.146892669499119,0.7433715,75,977.6,657.4,-7.3,53.372,3.6,37.254,6.24
2018-01-03 13:08:00,1.06049535084515,0.144348964534113,0.7427135,75,977.4,656.6,-7.3,53.418,3.6,37.196,6.26
2018-01-03 13:09:00,1.05986739684961,0.141805259569107,0.7420555,75,977.2,655.8,-7.3,53.464,3.6,37.138,6.28
2018-01-03 13:10:00,1.05923944285407,0.139261554604101,0.7413975,75,977,655,-7.3,53.51,3.6,37.08,6.3
2018-01-03 13:11:00,1.05861148885853,0.140801101219366,0.740361,74.8,976.6,654.2,-7.3,53.558,3.6,37.028,6.32
2018-01-03 13:12:00,1.05798353486299,0.142340647834632,0.7393245,74.6,976.2,653.4,-7.3,53.606,3.6,36.976,6.34
2018-01-03 13:13:00,1.05735558086745,0.143880194449898,0.738288,74.4,975.8,652.6,-7.3,53.654,3.6,36.924,6.36
2018-01-03 13:14:00,1.05672762687191,0.145419741065164,0.7372515,74.2,975.4,651.8,-7.3,53.702,3.6,36.872,6.38
2018-01-03 13:15:00,1.05609967287637,0.14695928768043,0.736215,74,975,651,-7.3,53.75,3.6,36.82,6.4
2018-01-03 13:16:00,1.05547171888083,0.14537530981618,0.7354755,74,974.8,650,-7.3,53.806,3.6,36.82,6.4
2018-01-03 13:17:00,1.05484376488529,0.14379133195193,0.734736,74,974.6,649,-7.3,53.862,3.6,36.82,6.4
2018-01-03 13:18:00,1.05421581088975,0.142207354087681,0.7339965,74,974.4,648,-7.3,53.918,3.6,36.82,6.4
2018-01-03 13:19:00,1.05358785689421,0.140623376223431,0.733257,74,974.2,647,-7.3,53.974,3.6,36.82,6.4
2018-01-03 13:20:00,1.05295990289867,0.139039398359181,0.7325175,74,974,646,-7.3,54.03,3.6,36.82,6.4
2018-01-03 13:21:00,1.05233194890313,0.14067237474502,0.7315655,74,973.6,645,-7.3,54.09,3.6,36.77,6.42
2018-01-03 13:22:00,1.05170399490759,0.142305351130858,0.7306135,74,973.2,644,-7.3,54.15,3.6,36.72,6.44
2018-01-03 13:23:00,1.05107604091205,0.143938327516697,0.7296615,74,972.8,643,-7.3,54.21,3.6,36.67,6.46
2018-01-03 13:24:00,1.05044808691651,0.145571303902535,0.7287095,74,972.4,642,-7.3,54.27,3.6,36.62,6.48
2018-01-03 13:25:00,1.04982013292097,0.147204280288374,0.7277575,74,972,641,-7.3,54.33,3.6,36.57,6.5
2018-01-03 13:26:00,1.04919217892543,0.146301486118404,0.726744,74,971.6,639.8,-7.3,54.394,3.6,36.52,6.52
2018-01-03 13:27:00,1.04856422492989,0.145398691948435,0.7257305,74,971.2,638.6,-7.3,54.458,3.6,36.47,6.54
2018-01-03 13:28:00,1.04793627093435,0.144495897778466,0.724717,74,970.8,637.4,-7.3,54.522,3.6,36.42,6.56
2018-01-03 13:29:00,1.04730831693881,0.143593103608496,0.7237035,74,970.4,636.2,-7.3,54.586,3.6,36.37,6.58
2018-01-03 13:30:00,1.04668036294327,0.142690309438527,0.72269,74,970,635,-7.3,54.65,3.6,36.32,6.6
2018-01-03 13:31:00,1.04605240894773,0.141956535514537,0.721665,73.6,970.2,633.8,-7.16,54.72,3.6,36.712,6.6
2018-01-03 13:32:00,1.04542445495219,0.141222761590547,0.72064,73.2,970.4,632.6,-7.02,54.79,3.6,37.104,6.6
2018-01-03 13:33:00,1.04479650095665,0.140488987666557,0.719615,72.8,970.6,631.4,-6.88,54.86,3.6,37.496,6.6
2018-01-03 13:34:00,1.04416854696111,0.139755213742568,0.71859,72.4,970.8,630.2,-6.74,54.93,3.6,37.888,6.6
2018-01-03 13:35:00,1.04354059296557,0.139021439818578,0.717565,72,971,629,-6.6,55,3.6,38.28,6.6
2018-01-03 13:36:00,1.04291263897003,0.141164084867798,0.71632,72,970.4,627.6,-6.6,55.074,3.6,38.228,6.62
2018-01-03 13:37:00,1.04228468497449,0.143306729917019,0.715075,72,969.8,626.2,-6.6,55.148,3.6,38.176,6.64
2018-01-03 13:38:00,1.04165673097895,0.145449374966239,0.71383,72,969.2,624.8,-6.6,55.222,3.6,38.124,6.66
2018-01-03 13:39:00,1.04102877698341,0.14759202001546,0.712585,72,968.6,623.4,-6.6,55.296,3.6,38.072,6.68
2018-01-03 13:40:00,1.04040082298787,0.14973466506468,0.71134,72,968,622,-6.6,55.37,3.6,38.02,6.7
2018-01-03 13:41:00,1.03977286899233,0.148402649455962,0.7101655,72,967.6,620.6,-6.6,55.45,3.6,37.968,6.72
2018-01-03 13:42:00,1.03914491499679,0.147070633847244,0.708991,72,967.2,619.2,-6.6,55.53,3.6,37.916,6.74
2018-01-03 13:43:00,1.03851696100125,0.145738618238526,0.7078165,72,966.8,617.8,-6.6,55.61,3.6,37.864,6.76
2018-01-03 13:44:00,1.03788900700571,0.144406602629808,0.706642,72,966.4,616.4,-6.6,55.69,3.6,37.812,6.78
2018-01-03 13:45:00,1.03726105301017,0.14307458702109,0.7054675,72,966,615,-6.6,55.77,3.6,37.76,6.8
2018-01-03 13:46:00,1.03663309901463,0.141293468491798,0.7040775,71.8,965.6,613.4,-6.6,55.852,3.6,37.76,6.8
2018-01-03 13:47:00,1.03600514501909,0.139512349962506,0.7026875,71.6,965.2,611.8,-6.6,55.934,3.6,37.76,6.8
2018-01-03 13:48:00,1.03537719102355,0.137731231433214,0.7012975,71.4,964.8,610.2,-6.6,56.016,3.6,37.76,6.8
2018-01-03 13:49:00,1.03474923702801,0.135950112903921,0.6999075,71.2,964.4,608.6,-6.6,56.098,3.6,37.76,6.8
2018-01-03 13:50:00,1.03412128303247,0.134168994374629,0.6985175,71,964,607,-6.6,56.18,3.6,37.76,6.8
2018-01-03 13:51:00,1.03349332903694,0.135059901254899,0.697121,71,963.4,605.4,-6.6,56.27,3.6,37.708,6.82
2018-01-03 13:52:00,1.0328653750414,0.135950808135169,0.6957245,71,962.8,603.8,-6.6,56.36,3.6,37.656,6.84
2018-01-03 13:53:00,1.03223742104586,0.136841715015439,0.694328,71,962.2,602.2,-6.6,56.45,3.6,37.604,6.86
2018-01-03 13:54:00,1.03160946705032,0.137732621895709,0.6929315,71,961.6,600.6,-6.6,56.54,3.6,37.552,6.88
2018-01-03 13:55:00,1.03098151305478,0.138623528775978,0.691535,71,961,599,-6.6,56.63,3.6,37.5,6.9
2018-01-03 13:56:00,1.03035355905924,0.139713882363732,0.6898925,70.8,960.4,597.4,-6.6,56.722,3.6,37.45,6.92
2018-01-03 13:57:00,1.0297256050637,0.140804235951486,0.68825,70.6,959.8,595.8,-6.6,56.814,3.6,37.4,6.94
2018-01-03 13:58:00,1.02909765106816,0.14189458953924,0.6866075,70.4,959.2,594.2,-6.6,56.906,3.6,37.35,6.96
2018-01-03 13:59:00,1.02846969707262,0.142984943126994,0.684965,70.2,958.6,592.6,-6.6,56.998,3.6,37.3,6.98
2018-01-03 14:00:00,1.02784174307708,0.144075296714748,0.6833225,70,958,591,-6.6,57.09,3.6,37.25,7
2018-01-03 14:01:00,1.02738082509349,0.142950016703071,0.6818475,70,957.4,589.2,-6.6,57.186,3.6,37.25,7
2018-01-03 14:02:00,1.02691990710989,0.141824736691395,0.6803725,70,956.8,587.4,-6.6,57.282,3.6,37.25,7
2018-01-03 14:03:00,1.0264589891263,0.140699456679718,0.6788975,70,956.2,585.6,-6.6,57.378,3.6,37.25,7
2018-01-03 14:04:00,1.02599807114271,0.139574176668041,0.6774225,70,955.6,583.8,-6.6,57.474,3.6,37.25,7
2018-01-03 14:05:00,1.02553715315912,0.138448896656364,0.6759475,70,955,582,-6.6,57.57,3.6,37.25,7
2018-01-03 14:06:00,1.02507623517553,0.141387971778061,0.674307,70,954.2,580.2,-6.6,57.672,3.6,37.25,7
2018-01-03 14:07:00,1.02461531719194,0.144327046899758,0.6726665,70,953.4,578.4,-6.6,57.774,3.6,37.25,7
2018-01-03 14:08:00,1.02415439920835,0.147266122021455,0.671026,70,952.6,576.6,-6.6,57.876,3.6,37.25,7
2018-01-03 14:09:00,1.02369348122476,0.150205197143152,0.6693855,70,951.8,574.8,-6.6,57.978,3.6,37.25,7
2018-01-03 14:10:00,1.02323256324117,0.153144272264849,0.667745,70,951,573,-6.6,58.08,3.6,37.25,7
2018-01-03 14:11:00,1.02277164525758,0.149581886749286,0.6659425,69.8,950.4,571,-6.6,58.184,3.58,37.25,7
2018-01-03 14:12:00,1.02231072727399,0.146019501233723,0.66414,69.6,949.8,569,-6.6,58.288,3.56,37.25,7
2018-01-03 14:13:00,1.0218498092904,0.142457115718161,0.6623375,69.4,949.2,567,-6.6,58.392,3.54,37.25,7
2018-01-03 14:14:00,1.02138889130681,0.138894730202598,0.660535,69.2,948.6,565,-6.6,58.496,3.52,37.25,7
2018-01-03 14:15:00,1.02092797332322,0.135332344687035,0.6587325,69,948,563,-6.6,58.6,3.5,37.25,7
2018-01-03 14:16:00,1.02046705533962,0.131451749412054,0.6569855,69,947.2,561,-6.6,58.708,3.5,37.25,7
2018-01-03 14:17:00,1.02000613735603,0.127571154137074,0.6552385,69,946.4,559,-6.6,58.816,3.5,37.25,7
2018-01-03 14:18:00,1.01954521937244,0.123690558862093,0.6534915,69,945.6,557,-6.6,58.924,3.5,37.25,7
2018-01-03 14:19:00,1.01908430138885,0.119809963587113,0.6517445,69,944.8,555,-6.6,59.032,3.5,37.25,7
2018-01-03 14:20:00,1.01862338340526,0.115929368312132,0.6499975,69,944,553,-6.6,59.14,3.5,37.25,7
2018-01-03 14:21:00,1.01816246542167,0.12081767373296,0.6480005,68.8,943.2,550.8,-6.6,59.254,3.5,37.2,7.02
2018-01-03 14:22:00,1.01770154743808,0.125705979153787,0.6460035,68.6,942.4,548.6,-6.6,59.368,3.5,37.15,7.04
2018-01-03 14:23:00,1.01724062945449,0.130594284574615,0.6440065,68.4,941.6,546.4,-6.6,59.482,3.5,37.1,7.06
2018-01-03 14:24:00,1.0167797114709,0.135482589995442,0.6420095,68.2,940.8,544.2,-6.6,59.596,3.5,37.05,7.08
2018-01-03 14:25:00,1.01631879348731,0.14037089541627,0.6400125,68,940,542,-6.6,59.71,3.5,37,7.1
2018-01-03 14:26:00,1.01585787550372,0.139528253830718,0.6380685,68,939,539.8,-6.6,59.826,3.5,37,7.1
2018-01-03 14:27:00,1.01539695752013,0.138685612245165,0.6361245,68,938,537.6,-6.6,59.942,3.5,37,7.1
2018-01-03 14:28:00,1.01493603953654,0.137842970659613,0.6341805,68,937,535.4,-6.6,60.058,3.5,37,7.1
2018-01-03 14:29:00,1.01447512155295,0.137000329074061,0.6322365,68,936,533.2,-6.6,60.174,3.5,37,7.1
2018-01-03 14:30:00,1.01401420356935,0.136157687488509,0.6302925,68,935,531,-6.6,60.29,3.5,37,7.1
2018-01-03 14:31:00,1.01355328558576,0.134794076600824,0.6280425,68.2,933.2,528.8,-6.5,60.41,3.5,37.322,7.1
2018-01-03 14:32:00,1.01309236760217,0.133430465713138,0.6257925,68.4,931.4,526.6,-6.4,60.53,3.5,37.644,7.1
2018-01-03 14:33:00,1.01263144961858,0.132066854825453,0.6235425,68.6,929.6,524.4,-6.3,60.65,3.5,37.966,7.1
2018-01-03 14:34:00,1.01217053163499,0.130703243937767,0.6212925,68.8,927.8,522.2,-6.2,60.77,3.5,38.288,7.1
2018-01-03 14:35:00,1.0117096136514,0.129339633050082,0.6190425,69,926,520,-6.1,60.89,3.5,38.61,7.1
2018-01-03 14:36:00,1.01124869566781,0.129523984147897,0.6168475,68.8,925,517.6,-6.1,61.014,3.5,38.61,7.1
2018-01-03 14:37:00,1.01078777768422,0.129708335245712,0.6146525,68.6,924,515.2,-6.1,61.138,3.5,38.61,7.1
2018-01-03 14:38:00,1.01032685970063,0.129892686343527,0.6124575,68.4,923,512.8,-6.1,61.262,3.5,38.61,7.1
2018-01-03 14:39:00,1.00986594171704,0.130077037441342,0.6102625,68.2,922,510.4,-6.1,61.386,3.5,38.61,7.1
2018-01-03 14:40:00,1.00940502373345,0.130261388539158,0.6080675,68,921,508,-6.1,61.51,3.5,38.61,7.1
2018-01-03 14:41:00,1.00894410574986,0.129943198516718,0.605978,68,920,505.6,-6.1,61.636,3.48,38.61,7.1
2018-01-03 14:42:00,1.00848318776627,0.129625008494278,0.6038885,68,919,503.2,-6.1,61.762,3.46,38.61,7.1
2018-01-03 14:43:00,1.00802226978268,0.129306818471839,0.601799,68,918,500.8,-6.1,61.888,3.44,38.61,7.1
2018-01-03 14:44:00,1.00756135179908,0.128988628449399,0.5997095,68,917,498.4,-6.1,62.014,3.42,38.61,7.1
2018-01-03 14:45:00,1.00710043381549,0.128670438426959,0.59762,68,916,496,-6.1,62.14,3.4,38.61,7.1
2018-01-03 14:46:00,1.0066395158319,0.12786766574168,0.5951875,67.8,914.8,493.4,-6.1,62.27,3.4,38.556,7.12
2018-01-03 14:47:00,1.00617859784831,0.127064893056401,0.592755,67.6,913.6,490.8,-6.1,62.4,3.4,38.502,7.14
2018-01-03 14:48:00,1.00571767986472,0.126262120371122,0.5903225,67.4,912.4,488.2,-6.1,62.53,3.4,38.448,7.16
2018-01-03 14:49:00,1.00525676188113,0.125459347685843,0.58789,67.2,911.2,485.6,-6.1,62.66,3.4,38.394,7.18
2018-01-03 14:50:00,1.00479584389754,0.124656575000564,0.5854575,67,910,483,-6.1,62.79,3.4,38.34,7.2
2018-01-03 14:51:00,1.00433492591395,0.124135499786186,0.583019,66.8,908.8,480.4,-6.1,62.924,3.4,38.34,7.2
2018-01-03 14:52:00,1.00387400793036,0.123614424571809,0.5805805,66.6,907.6,477.8,-6.1,63.058,3.4,38.34,7.2
2018-01-03 14:53:00,1.00341308994677,0.123093349357431,0.578142,66.4,906.4,475.2,-6.1,63.192,3.4,38.34,7.2
2018-01-03 14:54:00,1.00295217196318,0.122572274143053,0.5757035,66.2,905.2,472.6,-6.1,63.326,3.4,38.34,7.2
2018-01-03 14:55:00,1.00249125397959,0.122051198928676,0.573265,66,904,470,-6.1,63.46,3.4,38.34,7.2
2018-01-03 14:56:00,1.002030335996,0.122034916649173,0.570994,66,902.8,467.6,-6.1,63.596,3.4,38.34,7.2
2018-01-03 14:57:00,1.00156941801241,0.12201863436967,0.568723,66,901.6,465.2,-6.1,63.732,3.4,38.34,7.2
2018-01-03 14:58:00,1.00110850002882,0.122002352090167,0.566452,66,900.4,462.8,-6.1,63.868,3.4,38.34,7.2
2018-01-03 14:59:00,1.00064758204522,0.121986069810664,0.564181,66,899.2,460.4,-6.1,64.004,3.4,38.34,7.2
2018-01-03 15:00:00,1.00018666406163,0.12196978753116,0.56191,66,898,458,-6.1,64.14,3.4,38.34,7.2
2018-01-03 15:01:00,1.00001798481229,0.119403402970535,0.559159,65.8,896.6,455.2,-6.1,64.28,3.38,38.394,7.18
2018-01-03 15:02:00,0.99984930556294,0.11683701840991,0.556408,65.6,895.2,452.4,-6.1,64.42,3.36,38.448,7.16
2018-01-03 15:03:00,0.999680626313592,0.114270633849285,0.553657,65.4,893.8,449.6,-6.1,64.56,3.34,38.502,7.14
2018-01-03 15:04:00,0.999511947064245,0.11170424928866,0.550906,65.2,892.4,446.8,-6.1,64.7,3.32,38.556,7.12
2018-01-03 15:05:00,0.999343267814898,0.109137864728035,0.548155,65,891,444,-6.1,64.84,3.3,38.61,7.1
2018-01-03 15:06:00,0.999174588565551,0.108645785568657,0.545348,64.8,889.6,441.2,-6.1,64.982,3.28,38.662,7.08
2018-01-03 15:07:00,0.999005909316204,0.108153706409278,0.542541,64.6,888.2,438.4,-6.1,65.124,3.26,38.714,7.06
2018-01-03 15:08:00,0.998837230066857,0.107661627249899,0.539734,64.4,886.8,435.6,-6.1,65.266,3.24,38.766,7.04
2018-01-03 15:09:00,0.99866855081751,0.10716954809052,0.536927,64.2,885.4,432.8,-6.1,65.408,3.22,38.818,7.02
2018-01-03 15:10:00,0.998499871568163,0.106677468931141,0.53412,64,884,430,-6.1,65.55,3.2,38.87,7
2018-01-03 15:11:00,0.998331192318816,0.102812509348767,0.5313585,64,882.4,427.2,-6.1,65.694,3.18,38.924,6.98
2018-01-03 15:12:00,0.998162513069468,0.0989475497663936,0.528597,64,880.8,424.4,-6.1,65.838,3.16,38.978,6.96
2018-01-03 15:13:00,0.997993833820121,0.0950825901840198,0.5258355,64,879.2,421.6,-6.1,65.982,3.14,39.032,6.94
2018-01-03 15:14:00,0.997825154570774,0.091217630601646,0.523074,64,877.6,418.8,-6.1,66.126,3.12,39.086,6.92
2018-01-03 15:15:00,0.997656475321427,0.0873526710192722,0.5203125,64,876,416,-6.1,66.27,3.1,39.14,6.9
2018-01-03 15:16:00,0.99748779607208,0.0857136741046873,0.517143,63.6,874.4,413.2,-6.1,66.418,3.08,39.194,6.88
2018-01-03 15:17:00,0.997319116822733,0.0840746771901024,0.5139735,63.2,872.8,410.4,-6.1,66.566,3.06,39.248,6.86
2018-01-03 15:18:00,0.997150437573386,0.0824356802755174,0.510804,62.8,871.2,407.6,-6.1,66.714,3.04,39.302,6.84
2018-01-03 15:19:00,0.996981758324038,0.0807966833609325,0.5076345,62.4,869.6,404.8,-6.1,66.862,3.02,39.356,6.82
2018-01-03 15:20:00,0.996813079074692,0.0791576864463476,0.504465,62,868,402,-6.1,67.01,3,39.41,6.8
2018-01-03 15:21:00,0.996644399825344,0.0761773241082703,0.502181,62,866.4,399,-6.1,67.16,2.98,39.41,6.8
2018-01-03 15:22:00,0.996475720575997,0.073196961770193,0.499897,62,864.8,396,-6.1,67.31,2.96,39.41,6.8
2018-01-03 15:23:00,0.99630704132665,0.0702165994321157,0.497613,62,863.2,393,-6.1,67.46,2.94,39.41,6.8
2018-01-03 15:24:00,0.996138362077303,0.0672362370940384,0.495329,62,861.6,390,-6.1,67.61,2.92,39.41,6.8
2018-01-03 15:25:00,0.995969682827956,0.0642558747559611,0.493045,62,860,387,-6.1,67.76,2.9,39.41,6.8
2018-01-03 15:26:00,0.995801003578609,0.0640321563378308,0.4898975,61.8,858.2,384,-6.1,67.914,2.9,39.464,6.78
2018-01-03 15:27:00,0.995632324329262,0.0638084379197005,0.48675,61.6,856.4,381,-6.1,68.068,2.9,39.518,6.76
2018-01-03 15:28:00,0.995463645079914,0.0635847195015701,0.4836025,61.4,854.6,378,-6.1,68.222,2.9,39.572,6.74
2018-01-03 15:29:00,0.995294965830567,0.0633610010834398,0.480455,61.2,852.8,375,-6.1,68.376,2.9,39.626,6.72
2018-01-03 15:30:00,0.99512628658122,0.0631372826653095,0.4773075,61,851,372,-6.1,68.53,2.9,39.68,6.7
2018-01-03 15:31:00,0.994957607331873,0.0623294257839792,0.474129,60.6,849.6,369,-5.7,68.686,2.88,41.046,6.68
2018-01-03 15:32:00,0.994788928082526,0.061521568902649,0.4709505,60.2,848.2,366,-5.3,68.842,2.86,42.412,6.66
2018-01-03 15:33:00,0.994620248833179,0.0607137120213188,0.467772,59.8,846.8,363,-4.9,68.998,2.84,43.778,6.64
2018-01-03 15:34:00,0.994451569583832,0.0599058551399886,0.4645935,59.4,845.4,360,-4.5,69.154,2.82,45.144,6.62
2018-01-03 15:35:00,0.994282890334485,0.0590979982586584,0.461415,59,844,357,-4.1,69.31,2.8,46.51,6.6
2018-01-03 15:36:00,0.994114211085138,0.0577891107149455,0.4581105,58.8,842,354,-4.1,69.466,2.78,46.574,6.58
2018-01-03 15:37:00,0.99394553183579,0.0564802231712326,0.454806,58.6,840,351,-4.1,69.622,2.76,46.638,6.56
2018-01-03 15:38:00,0.993776852586443,0.0551713356275198,0.4515015,58.4,838,348,-4.1,69.778,2.74,46.702,6.54
2018-01-03 15:39:00,0.993608173337096,0.0538624480838069,0.448197,58.2,836,345,-4.1,69.934,2.72,46.766,6.52
2018-01-03 15:40:00,0.993439494087749,0.052553560540094,0.4448925,58,834,342,-4.1,70.09,2.7,46.83,6.5
2018-01-03 15:41:00,0.993270814838402,0.0509152736596705,0.441479,57.8,831.8,338.8,-4.1,70.25,2.68,46.896,6.48
2018-01-03 15:42:00,0.993102135589055,0.0492769867792469,0.4380655,57.6,829.6,335.6,-4.1,70.41,2.66,46.962,6.46
2018-01-03 15:43:00,0.992933456339708,0.0476386998988234,0.434652,57.4,827.4,332.4,-4.1,70.57,2.64,47.028,6.44
2018-01-03 15:44:00,0.992764777090361,0.0460004130183999,0.4312385,57.2,825.2,329.2,-4.1,70.73,2.62,47.094,6.42
2018-01-03 15:45:00,0.992596097841013,0.0443621261379763,0.427825,57,823,326,-4.1,70.89,2.6,47.16,6.4
2018-01-03 15:46:00,0.992427418591666,0.0446059223449723,0.424311,56.8,820.6,322.8,-4.1,71.052,2.58,47.224,6.38
2018-01-03 15:47:00,0.992258739342319,0.0448497185519682,0.420797,56.6,818.2,319.6,-4.1,71.214,2.56,47.288,6.36
2018-01-03 15:48:00,0.992090060092972,0.0450935147589641,0.417283,56.4,815.8,316.4,-4.1,71.376,2.54,47.352,6.34
2018-01-03 15:49:00,0.991921380843625,0.0453373109659601,0.413769,56.2,813.4,313.2,-4.1,71.538,2.52,47.416,6.32
2018-01-03 15:50:00,0.991752701594278,0.045581107172956,0.410255,56,811,310,-4.1,71.7,2.5,47.48,6.3
2018-01-03 15:51:00,0.991584022344931,0.0438934928132443,0.4064665,55.6,808.4,306.8,-4.1,71.864,2.48,47.546,6.28
2018-01-03 15:52:00,0.991415343095584,0.0422058784535325,0.402678,55.2,805.8,303.6,-4.1,72.028,2.46,47.612,6.26
2018-01-03 15:53:00,0.991246663846237,0.0405182640938208,0.3988895,54.8,803.2,300.4,-4.1,72.192,2.44,47.678,6.24
2018-01-03 15:54:00,0.991077984596889,0.0388306497341091,0.395101,54.4,800.6,297.2,-4.1,72.356,2.42,47.744,6.22
2018-01-03 15:55:00,0.990909305347542,0.0371430353743973,0.3913125,54,798,294,-4.1,72.52,2.4,47.81,6.2
2018-01-03 15:56:00,0.990740626098195,0.0369157596272821,0.3877105,53.8,795.4,290.8,-4.1,72.686,2.38,47.876,6.18
2018-01-03 15:57:00,0.990571946848848,0.036688483880167,0.3841085,53.6,792.8,287.6,-4.1,72.852,2.36,47.942,6.16
2018-01-03 15:58:00,0.990403267599501,0.0364612081330518,0.3805065,53.4,790.2,284.4,-4.1,73.018,2.34,48.008,6.14
2018-01-03 15:59:00,0.990234588350154,0.0362339323859366,0.3769045,53.2,787.6,281.2,-4.1,73.184,2.32,48.074,6.12
2018-01-03 16:00:00,0.990065909100807,0.0360066566388214,0.3733025,53,785,278,-4.1,73.35,2.3,48.14,6.1
2018-01-03 16:01:00,0.990880968416149,0.0342717725360713,0.369647,52.8,782.2,274.8,-4.1,73.518,2.28,48.342,6.04
2018-01-03 16:02:00,0.991696027731491,0.0325368884333211,0.3659915,52.6,779.4,271.6,-4.1,73.686,2.26,48.544,5.98
2018-01-03 16:03:00,0.992511087046833,0.030802004330571,0.362336,52.4,776.6,268.4,-4.1,73.854,2.24,48.746,5.92
2018-01-03 16:04:00,0.993326146362176,0.0290671202278209,0.3586805,52.2,773.8,265.2,-4.1,74.022,2.22,48.948,5.86
2018-01-03 16:05:00,0.994141205677518,0.0273322361250707,0.355025,52,771,262,-4.1,74.19,2.2,49.15,5.8
2018-01-03 16:06:00,0.99495626499286,0.0278408424740022,0.351077,51.6,767.8,258.6,-4.1,74.36,2.2,49.356,5.74
2018-01-03 16:07:00,0.995771324308202,0.0283494488229338,0.347129,51.2,764.6,255.2,-4.1,74.53,2.2,49.562,5.68
2018-01-03 16:08:00,0.996586383623544,0.0288580551718653,0.343181,50.8,761.4,251.8,-4.1,74.7,2.2,49.768,5.62
2018-01-03 16:09:00,0.997401442938887,0.0293666615207968,0.339233,50.4,758.2,248.4,-4.1,74.87,2.2,49.974,5.56
2018-01-03 16:10:00,0.998216502254229,0.0298752678697283,0.335285,50,755,245,-4.1,75.04,2.2,50.18,5.5
2018-01-03 16:11:00,0.999031561569571,0.0295770133430238,0.331461,49.8,751.6,241.8,-4.1,75.212,2.18,50.39,5.44
2018-01-03 16:12:00,0.999846620884913,0.0292787588163193,0.327637,49.6,748.2,238.6,-4.1,75.384,2.16,50.6,5.38
2018-01-03 16:13:00,1.00066168020026,0.0289805042896148,0.323813,49.4,744.8,235.4,-4.1,75.556,2.14,50.81,5.32
2018-01-03 16:14:00,1.0014767395156,0.0286822497629103,0.319989,49.2,741.4,232.2,-4.1,75.728,2.12,51.02,5.26
2018-01-03 16:15:00,1.00229179883094,0.0283839952362058,0.316165,49,738,229,-4.1,75.9,2.1,51.23,5.2
2018-01-03 16:16:00,1.00310685814628,0.0272777454190894,0.312115,48.6,734.4,225.6,-4.1,76.074,2.08,51.446,5.14
2018-01-03 16:17:00,1.00392191746162,0.026171495601973,0.308065,48.2,730.8,222.2,-4.1,76.248,2.06,51.662,5.08
2018-01-03 16:18:00,1.00473697677697,0.0250652457848567,0.304015,47.8,727.2,218.8,-4.1,76.422,2.04,51.878,5.02
2018-01-03 16:19:00,1.00555203609231,0.0239589959677403,0.299965,47.4,723.6,215.4,-4.1,76.596,2.02,52.094,4.96
2018-01-03 16:20:00,1.00636709540765,0.0228527461506239,0.295915,47,720,212,-4.1,76.77,2,52.31,4.9
2018-01-03 16:21:00,1.00718215472299,0.0216850093547523,0.2917755,46.6,716,208.6,-4.1,76.944,1.98,52.532,4.84
2018-01-03 16:22:00,1.00799721403834,0.0205172725588806,0.287636,46.2,712,205.2,-4.1,77.118,1.96,52.754,4.78
2018-01-03 16:23:00,1.00881227335368,0.0193495357630089,0.2834965,45.8,708,201.8,-4.1,77.292,1.94,52.976,4.72
2018-01-03 16:24:00,1.00962733266902,0.0181817989671372,0.279357,45.4,704,198.4,-4.1,77.466,1.92,53.198,4.66
2018-01-03 16:25:00,1.01044239198436,0.0170140621712655,0.2752175,45,700,195,-4.1,77.64,1.9,53.42,4.6
2018-01-03 16:26:00,1.0112574512997,0.0174340428466644,0.2712655,44.8,695.8,191.8,-4.1,77.816,1.9,53.646,4.54
2018-01-03 16:27:00,1.01207251061505,0.0178540235220633,0.2673135,44.6,691.6,188.6,-4.1,77.992,1.9,53.872,4.48
2018-01-03 16:28:00,1.01288756993039,0.0182740041974622,0.2633615,44.4,687.4,185.4,-4.1,78.168,1.9,54.098,4.42
2018-01-03 16:29:00,1.01370262924573,0.018693984872861,0.2594095,44.2,683.2,182.2,-4.1,78.344,1.9,54.324,4.36
2018-01-03 16:30:00,1.01451768856107,0.0191139655482599,0.2554575,44,679,179,-4.1,78.52,1.9,54.55,4.3
2018-01-03 16:31:00,1.01533274787642,0.0186514159961206,0.25121465,43.4,674.8,175.6,-3.88,78.698,1.88,55.684,4.24
2018-01-03 16:32:00,1.01614780719176,0.0181888664439812,0.2469718,42.8,670.6,172.2,-3.66,78.876,1.86,56.818,4.18
2018-01-03 16:33:00,1.0169628665071,0.0177263168918419,0.24272895,42.2,666.4,168.8,-3.44,79.054,1.84,57.952,4.12
2018-01-03 16:34:00,1.01777792582244,0.0172637673397026,0.2384861,41.6,662.2,165.4,-3.22,79.232,1.82,59.086,4.06
2018-01-03 16:35:00,1.01859298513778,0.0168012177875632,0.23424325,41,658,162,-3,79.41,1.8,60.22,4
2018-01-03 16:36:00,1.01940804445313,0.0165758786088119,0.230032,40.6,653,158.8,-3,79.59,1.78,60.476,3.94
2018-01-03 16:37:00,1.02022310376847,0.0163505394300606,0.22582075,40.2,648,155.6,-3,79.77,1.76,60.732,3.88
2018-01-03 16:38:00,1.02103816308381,0.0161252002513092,0.2216095,39.8,643,152.4,-3,79.95,1.74,60.988,3.82
2018-01-03 16:39:00,1.02185322239915,0.0158998610725579,0.21739825,39.4,638,149.2,-3,80.13,1.72,61.244,3.76
2018-01-03 16:40:00,1.0226682817145,0.0156745218938066,0.213187,39,633,146,-3,80.31,1.7,61.5,3.7
2018-01-03 16:41:00,1.02348334102984,0.015349410568948,0.20893825,38.6,627.4,142.8,-3,80.49,1.7,61.762,3.64
2018-01-03 16:42:00,1.02429840034518,0.0150242992440894,0.2046895,38.2,621.8,139.6,-3,80.67,1.7,62.024,3.58
2018-01-03 16:43:00,1.02511345966052,0.0146991879192308,0.20044075,37.8,616.2,136.4,-3,80.85,1.7,62.286,3.52
2018-01-03 16:44:00,1.02592851897586,0.0143740765943722,0.196192,37.4,610.6,133.2,-3,81.03,1.7,62.548,3.46
2018-01-03 16:45:00,1.02674357829121,0.0140489652695136,0.19194325,37,605,130,-3,81.21,1.7,62.81,3.4
2018-01-03 16:46:00,1.02755863760655,0.0134715531051347,0.1876621,36.6,598.8,126.8,-3,81.392,1.68,63.08,3.34
2018-01-03 16:47:00,1.02837369692189,0.0128941409407558,0.18338095,36.2,592.6,123.6,-3,81.574,1.66,63.35,3.28
2018-01-03 16:48:00,1.02918875623723,0.0123167287763769,0.1790998,35.8,586.4,120.4,-3,81.756,1.64,63.62,3.22
2018-01-03 16:49:00,1.03000381555258,0.011739316611998,0.17481865,35.4,580.2,117.2,-3,81.938,1.62,63.89,3.16
2018-01-03 16:50:00,1.03081887486792,0.0111619044476191,0.1705375,35,574,114,-3,82.12,1.6,64.16,3.1
2018-01-03 16:51:00,1.03163393418326,0.0110268871680919,0.1664502,34.4,569,111,-3,82.302,1.58,64.448,3.04
2018-01-03 16:52:00,1.0324489934986,0.0108918698885646,0.1623629,33.8,564,108,-3,82.484,1.56,64.736,2.98
2018-01-03 16:53:00,1.03326405281394,0.0107568526090373,0.1582756,33.2,559,105,-3,82.666,1.54,65.024,2.92
2018-01-03 16:54:00,1.03407911212929,0.01062183532951,0.1541883,32.6,554,102,-3,82.848,1.52,65.312,2.86
2018-01-03 16:55:00,1.03489417144463,0.0104868180499828,0.150101,32,549,99,-3,83.03,1.5,65.6,2.8
2018-01-03 16:56:00,1.03570923075997,0.0100020472862503,0.14559535,31.6,541.6,96,-3,83.214,1.48,65.882,2.74
2018-01-03 16:57:00,1.03652429007531,0.00951727652251789,0.1410897,31.2,534.2,93,-3,83.398,1.46,66.164,2.68
2018-01-03 16:58:00,1.03733934939066,0.00903250575878544,0.13658405,30.8,526.8,90,-3,83.582,1.44,66.446,2.62
2018-01-03 16:59:00,1.038154408706,0.008547734995053,0.1320784,30.4,519.4,87,-3,83.766,1.42,66.728,2.56
2018-01-03 17:00:00,1.03896946802134,0.00806296423132056,0.12757275,30,512,84,-3,83.95,1.4,67.01,2.5
2018-01-03 17:01:00,1.04001650347564,0.00855759062867551,0.1223501,29.4,503.6,81,-3,84.132,1.4,67.01,2.5
2018-01-03 17:02:00,1.04106353892994,0.00905221702603047,0.11712745,28.8,495.2,78,-3,84.314,1.4,67.01,2.5
2018-01-03 17:03:00,1.04211057438424,0.00954684342338542,0.1119048,28.2,486.8,75,-3,84.496,1.4,67.01,2.5
2018-01-03 17:04:00,1.04315760983855,0.0100414698207404,0.10668215,27.6,478.4,72,-3,84.678,1.4,67.01,2.5
2018-01-03 17:05:00,1.04420464529285,0.0105360962180953,0.1014595,27,470,69,-3,84.86,1.4,67.01,2.5
2018-01-03 17:06:00,1.04525168074715,0.0103061573794195,0.09436265,26.4,460.6,66.2,-3,85.044,1.4,67.01,2.5
2018-01-03 17:07:00,1.04629871620145,0.0100762185407437,0.0872658,25.8,451.2,63.4,-3,85.228,1.4,67.01,2.5
2018-01-03 17:08:00,1.04734575165575,0.00984627970206787,0.08016895,25.2,441.8,60.6,-3,85.412,1.4,67.01,2.5
2018-01-03 17:09:00,1.04839278711005,0.00961634086339204,0.0730721,24.6,432.4,57.8,-3,85.596,1.4,67.01,2.5
2018-01-03 17:10:00,1.04943982256436,0.00938640202471622,0.06597525,24,423,55,-3,85.78,1.4,67.01,2.5
2018-01-03 17:11:00,1.05048685801866,0.00906896764108425,0.05459533,23.2,412.6,52.4,-3,85.962,1.4,67.01,2.5
2018-01-03 17:12:00,1.05153389347296,0.00875153325745228,0.04321541,22.4,402.2,49.8,-3,86.144,1.4,67.01,2.5
2018-01-03 17:13:00,1.05258092892726,0.0084340988738203,0.03183549,21.6,391.8,47.2,-3,86.326,1.4,67.01,2.5
2018-01-03 17:14:00,1.05362796438156,0.00811666449018833,0.02045557,20.8,381.4,44.6,-3,86.508,1.4,67.01,2.5
2018-01-03 17:15:00,1.05467499983586,0.00779923010655635,0.00907565,20,371,42,-3,86.69,1.4,67.01,2.5
2018-01-03 17:16:00,1.05572203529017,0.00799989205995398,0.00726052,19.4,359,39.6,-3,86.872,1.4,67.01,2.5
2018-01-03 17:17:00,1.05676907074447,0.00820055401335161,0.00544539,18.8,347,37.2,-3,87.054,1.4,67.01,2.5
2018-01-03 17:18:00,1.05781610619877,0.00840121596674923,0.00363026,18.2,335,34.8,-3,87.236,1.4,67.01,2.5
2018-01-03 17:19:00,1.05886314165307,0.00860187792014686,0.00181513,17.6,323,32.4,-3,87.418,1.4,67.01,2.5
2018-01-03 17:20:00,1.05991017710737,0.00880253987354449,0,17,311,30,-3,87.6,1.4,67.01,2.5
2018-01-03 17:21:00,1.06095721256167,0.00873169158514171,0,16.2,297.8,27.8,-3,87.778,1.4,67.01,2.5
2018-01-03 17:22:00,1.06200424801597,0.00866084329673894,0,15.4,284.6,25.6,-3,87.956,1.4,67.01,2.5
2018-01-03 17:23:00,1.06305128347028,0.00858999500833617,0,14.6,271.4,23.4,-3,88.134,1.4,67.01,2.5
2018-01-03 17:24:00,1.06409831892458,0.0085191467199334,0,13.8,258.2,21.2,-3,88.312,1.4,67.01,2.5
2018-01-03 17:25:00,1.06514535437888,0.00844829843153062,0,13,245,19,-3,88.49,1.4,67.01,2.5
2018-01-03 17:26:00,1.06619238983318,0.00851861026367583,0,10.4,196,15.2,-3,88.66,1.4,67.01,2.5
2018-01-03 17:27:00,1.06723942528748,0.00858892209582103,0,7.8,147,11.4,-3,88.83,1.4,67.01,2.5
2018-01-03 17:28:00,1.06828646074178,0.00865923392796624,0,5.2,98,7.6,-3,89,1.4,67.01,2.5
2018-01-03 17:29:00,1.06933349619609,0.00872954576011144,0,2.6,49,3.8,-3,89.17,1.4,67.01,2.5
2018-01-03 17:30:00,1.07038053165039,0.00879985759225665,0,0,0,0,-3,89.34,1.4,67.01,2.5
2018-01-03 17:31:00,1.07142756710469,0.00895790930490736,0,0,0,0,-3,89.502,1.4,67.01,2.5
2018-01-03 17:32:00,1.07247460255899,0.00911596101755807,0,0,0,0,-3,89.664,1.4,67.01,2.5
2018-01-03 17:33:00,1.07352163801329,0.00927401273020878,0,0,0,0,-3,89.826,1.4,67.01,2.5
2018-01-03 17:34:00,1.07456867346759,0.00943206444285949,0,0,0,0,-3,89.988,1.4,67.01,2.5
2018-01-03 17:35:00,1.0756157089219,0.00959011615551021,0,0,0,0,-3,90.15,1.4,67.01,2.5
2018-01-03 17:36:00,1.0766627443762,0.00958216553053465,0,0,0,0,-3,90.474,1.4,67.01,2.5
2018-01-03 17:37:00,1.0777097798305,0.0095742149055591,0,0,0,0,-3,90.798,1.4,67.01,2.5
2018-01-03 17:38:00,1.0787568152848,0.00956626428058354,0,0,0,0,-3,91.122,1.4,67.01,2.5
2018-01-03 17:39:00,1.0798038507391,0.00955831365560799,0,0,0,0,-3,91.446,1.4,67.01,2.5
2018-01-03 17:40:00,1.0808508861934,0.00955036303063243,0,0,0,0,-3,91.77,1.4,67.01,2.5
2018-01-03 17:41:00,1.08189792164771,0.00928949235144715,0,0,0,0,-3,91.966,1.4,67.01,2.5
2018-01-03 17:42:00,1.08294495710201,0.00902862167226187,0,0,0,0,-3,92.162,1.4,67.01,2.5
2018-01-03 17:43:00,1.08399199255631,0.00876775099307659,0,0,0,0,-3,92.358,1.4,67.01,2.5
2018-01-03 17:44:00,1.08503902801061,0.00850688031389131,0,0,0,0,-3,92.554,1.4,67.01,2.5
2018-01-03 17:45:00,1.08608606346491,0.00824600963470603,0,0,0,0,-3,92.75,1.4,67.01,2.5
2018-01-03 17:46:00,1.08713309891921,0.00827001847354969,0,0,0,0,-3,92.948,1.4,67.01,2.5
2018-01-03 17:47:00,1.08818013437351,0.00829402731239336,0,0,0,0,-3,93.146,1.4,67.01,2.5
2018-01-03 17:48:00,1.08922716982782,0.00831803615123702,0,0,0,0,-3,93.344,1.4,67.01,2.5
2018-01-03 17:49:00,1.09027420528212,0.00834204499008069,0,0,0,0,-3,93.542,1.4,67.01,2.5
2018-01-03 17:50:00,1.09132124073642,0.00836605382892435,0,0,0,0,-3,93.74,1.4,67.01,2.5
2018-01-03 17:51:00,1.09236827619072,0.00848545332318553,0,0,0,0,-3,93.938,1.4,67.01,2.5
2018-01-03 17:52:00,1.09341531164502,0.00860485281744671,0,0,0,0,-3,94.136,1.4,67.01,2.5
2018-01-03 17:53:00,1.09446234709932,0.00872425231170789,0,0,0,0,-3,94.334,1.4,67.01,2.5
2018-01-03 17:54:00,1.09550938255363,0.00884365180596907,0,0,0,0,-3,94.532,1.4,67.01,2.5
2018-01-03 17:55:00,1.09655641800793,0.00896305130023025,0,0,0,0,-3,94.73,1.4,67.01,2.5
2018-01-03 17:56:00,1.09760345346223,0.00894452167196552,0,0,0,0,-3.22,94.93,1.4,66.408,2.4
2018-01-03 17:57:00,1.09865048891653,0.00892599204370079,0,0,0,0,-3.44,95.13,1.4,65.806,2.3
2018-01-03 17:58:00,1.09969752437083,0.00890746241543606,0,0,0,0,-3.66,95.33,1.4,65.204,2.2
2018-01-03 17:59:00,1.10074455982513,0.00888893278717133,0,0,0,0,-3.88,95.53,1.4,64.602,2.1
2018-01-03 18:00:00,1.10179159527944,0.0088704031589066,0,0,0,0,-4.1,95.73,1.4,64,2
2018-01-03 18:01:00,1.10207962302669,0.00864024405523398,0,0,0,0,-4.1,95.93,1.4,64,2
2018-01-03 18:02:00,1.10236765077395,0.00841008495156136,0,0,0,0,-4.1,96.13,1.4,64,2
2018-01-03 18:03:00,1.10265567852121,0.00817992584788874,0,0,0,0,-4.1,96.33,1.4,64,2
2018-01-03 18:04:00,1.10294370626847,0.00794976674421613,0,0,0,0,-4.1,96.53,1.4,64,2
2018-01-03 18:05:00,1.10323173401572,0.00771960764054352,0,0,0,0,-4.1,96.73,1.4,64,2
2018-01-03 18:06:00,1.10351976176298,0.0080248502162784,0,0,0,0,-4.1,96.93,1.4,63.908,2.02
2018-01-03 18:07:00,1.10380778951024,0.00833009279201329,0,0,0,0,-4.1,97.13,1.4,63.816,2.04
2018-01-03 18:08:00,1.1040958172575,0.00863533536774818,0,0,0,0,-4.1,97.33,1.4,63.724,2.06
2018-01-03 18:09:00,1.10438384500475,0.00894057794348307,0,0,0,0,-4.1,97.53,1.4,63.632,2.08
2018-01-03 18:10:00,1.10467187275201,0.00924582051921796,0,0,0,0,-4.1,97.73,1.4,63.54,2.1
2018-01-03 18:11:00,1.10495990049927,0.00928447027765078,0,0,0,0,-4.1,97.932,1.4,63.54,2.1
2018-01-03 18:12:00,1.10524792824653,0.0093231200360836,0,0,0,0,-4.1,98.134,1.4,63.54,2.1
2018-01-03 18:13:00,1.10553595599378,0.00936176979451641,0,0,0,0,-4.1,98.336,1.4,63.54,2.1
2018-01-03 18:14:00,1.10582398374104,0.00940041955294923,0,0,0,0,-4.1,98.538,1.4,63.54,2.1
2018-01-03 18:15:00,1.1061120114883,0.00943906931138204,0,0,0,0,-4.1,98.74,1.4,63.54,2.1
2018-01-03 18:16:00,1.10640003923556,0.00925799254231043,0,0,0,0,-4.1,98.944,1.4,63.45,2.12
2018-01-03 18:17:00,1.10668806698281,0.00907691577323882,0,0,0,0,-4.1,99.148,1.4,63.36,2.14
2018-01-03 18:18:00,1.10697609473007,0.00889583900416721,0,0,0,0,-4.1,99.352,1.4,63.27,2.16
2018-01-03 18:19:00,1.10726412247733,0.00871476223509559,0,0,0,0,-4.1,99.556,1.4,63.18,2.18
2018-01-03 18:20:00,1.10755215022459,0.00853368546602398,0,0,0,0,-4.1,99.76,1.4,63.09,2.2
2018-01-03 18:21:00,1.10784017797184,0.00880379444523006,0,0,0,0,-4.1,99.962,1.4,63.09,2.2
2018-01-03 18:22:00,1.1081282057191,0.00907390342443614,0,0,0,0,-4.1,100.164,1.4,63.09,2.2
2018-01-03 18:23:00,1.10841623346636,0.00934401240364223,0,0,0,0,-4.1,100.366,1.4,63.09,2.2
2018-01-03 18:24:00,1.10870426121362,0.00961412138284831,0,0,0,0,-4.1,100.568,1.4,63.09,2.2
2018-01-03 18:25:00,1.10899228896087,0.00988423036205439,0,0,0,0,-4.1,100.77,1.4,63.09,2.2
2018-01-03 18:26:00,1.10928031670813,0.00984511277625879,0,0,0,0,-4.1,100.974,1.4,63.09,2.2
2018-01-03 18:27:00,1.10956834445539,0.00980599519046319,0,0,0,0,-4.1,101.178,1.4,63.09,2.2
2018-01-03 18:28:00,1.10985637220265,0.00976687760466759,0,0,0,0,-4.1,101.382,1.4,63.09,2.2
2018-01-03 18:29:00,1.1101443999499,0.00972776001887198,0,0,0,0,-4.1,101.586,1.4,63.09,2.2
2018-01-03 18:30:00,1.11043242769716,0.00968864243307638,0,0,0,0,-4.1,101.79,1.4,63.09,2.2
2018-01-03 18:31:00,1.11072045544442,0.0091785642765409,0,0,0,0,-4.26,101.996,1.38,62.294,2.22
2018-01-03 18:32:00,1.11100848319168,0.00866848612000542,0,0,0,0,-4.42,102.202,1.36,61.498,2.24
2018-01-03 18:33:00,1.11129651093893,0.00815840796346994,0,0,0,0,-4.58,102.408,1.34,60.702,2.26
2018-01-03 18:34:00,1.11158453868619,0.00764832980693445,0,0,0,0,-4.74,102.614,1.32,59.906,2.28
2018-01-03 18:35:00,1.11187256643345,0.00713825165039897,0,0,0,0,-4.9,102.82,1.3,59.11,2.3
2018-01-03 18:36:00,1.11216059418071,0.00709194346720317,0,0,0,0,-4.9,103.024,1.3,59.11,2.3
2018-01-03 18:37:00,1.11244862192796,0.00704563528400737,0,0,0,0,-4.9,103.228,1.3,59.11,2.3
2018-01-03 18:38:00,1.11273664967522,0.00699932710081158,0,0,0,0,-4.9,103.432,1.3,59.11,2.3
2018-01-03 18:39:00,1.11302467742248,0.00695301891761578,0,0,0,0,-4.9,103.636,1.3,59.11,2.3
2018-01-03 18:40:00,1.11331270516974,0.00690671073441998,0,0,0,0,-4.9,103.84,1.3,59.11,2.3
2018-01-03 18:41:00,1.11360073291699,0.00703578955196709,0,0,0,0,-4.9,104.046,1.3,59.11,2.3
2018-01-03 18:42:00,1.11388876066425,0.00716486836951419,0,0,0,0,-4.9,104.252,1.3,59.11,2.3
2018-01-03 18:43:00,1.11417678841151,0.00729394718706129,0,0,0,0,-4.9,104.458,1.3,59.11,2.3
2018-01-03 18:44:00,1.11446481615877,0.0074230260046084,0,0,0,0,-4.9,104.664,1.3,59.11,2.3
2018-01-03 18:45:00,1.11475284390602,0.0075521048221555,0,0,0,0,-4.9,104.87,1.3,59.11,2.3
2018-01-03 18:46:00,1.11504087165328,0.00739103741018988,0,0,0,0,-4.9,105.078,1.3,59.026,2.32
2018-01-03 18:47:00,1.11532889940054,0.00722996999822425,0,0,0,0,-4.9,105.286,1.3,58.942,2.34
2018-01-03 18:48:00,1.1156169271478,0.00706890258625862,0,0,0,0,-4.9,105.494,1.3,58.858,2.36
2018-01-03 18:49:00,1.11590495489505,0.00690783517429299,0,0,0,0,-4.9,105.702,1.3,58.774,2.38
2018-01-03 18:50:00,1.11619298264231,0.00674676776232736,0,0,0,0,-4.9,105.91,1.3,58.69,2.4
2018-01-03 18:51:00,1.11648101038957,0.00700743175612306,0,0,0,0,-4.9,106.116,1.3,58.69,2.4
2018-01-03 18:52:00,1.11676903813683,0.00726809574991876,0,0,0,0,-4.9,106.322,1.3,58.69,2.4
2018-01-03 18:53:00,1.11705706588408,0.00752875974371446,0,0,0,0,-4.9,106.528,1.3,58.69,2.4
2018-01-03 18:54:00,1.11734509363134,0.00778942373751016,0,0,0,0,-4.9,106.734,1.3,58.69,2.4
2018-01-03 18:55:00,1.1176331213786,0.00805008773130586,0,0,0,0,-4.9,106.94,1.3,58.69,2.4
2018-01-03 18:56:00,1.11792114912586,0.00790542586205396,0,0,0,0,-4.9,107.148,1.3,58.69,2.4
2018-01-03 18:57:00,1.11820917687311,0.00776076399280206,0,0,0,0,-4.9,107.356,1.3,58.69,2.4
2018-01-03 18:58:00,1.11849720462037,0.00761610212355016,0,0,0,0,-4.9,107.564,1.3,58.69,2.4
2018-01-03 18:59:00,1.11878523236763,0.00747144025429826,0,0,0,0,-4.9,107.772,1.3,58.69,2.4
2018-01-03 19:00:00,1.11907326011489,0.00732677838504636,0,0,0,0,-4.9,107.98,1.3,58.69,2.4
2018-01-03 19:01:00,1.11916656802978,0.00747166641927237,0,0,0,0,-4.9,108.19,1.3,58.608,2.42
2018-01-03 19:02:00,1.11925987594468,0.00761655445349839,0,0,0,0,-4.9,108.4,1.3,58.526,2.44
2018-01-03 19:03:00,1.11935318385958,0.0077614424877244,0,0,0,0,-4.9,108.61,1.3,58.444,2.46
2018-01-03 19:04:00,1.11944649177447,0.00790633052195041,0,0,0,0,-4.9,108.82,1.3,58.362,2.48
2018-01-03 19:05:00,1.11953979968937,0.00805121855617643,0,0,0,0,-4.9,109.03,1.3,58.28,2.5
2018-01-03 19:06:00,1.11963310760427,0.00784923857970184,0,0,0,0,-4.9,109.238,1.3,58.28,2.5
2018-01-03 19:07:00,1.11972641551916,0.00764725860322726,0,0,0,0,-4.9,109.446,1.3,58.28,2.5
2018-01-03 19:08:00,1.11981972343406,0.00744527862675268,0,0,0,0,-4.9,109.654,1.3,58.28,2.5
2018-01-03 19:09:00,1.11991303134896,0.00724329865027809,0,0,0,0,-4.9,109.862,1.3,58.28,2.5
2018-01-03 19:10:00,1.12000633926385,0.00704131867380351,0,0,0,0,-4.9,110.07,1.3,58.28,2.5
2018-01-03 19:11:00,1.12009964717875,0.00701011027169142,0,0,0,0,-4.9,110.28,1.28,58.28,2.5
2018-01-03 19:12:00,1.12019295509365,0.00697890186957933,0,0,0,0,-4.9,110.49,1.26,58.28,2.5
2018-01-03 19:13:00,1.12028626300854,0.00694769346746724,0,0,0,0,-4.9,110.7,1.24,58.28,2.5
2018-01-03 19:14:00,1.12037957092344,0.00691648506535515,0,0,0,0,-4.9,110.91,1.22,58.28,2.5
2018-01-03 19:15:00,1.12047287883834,0.00688527666324307,0,0,0,0,-4.9,111.12,1.2,58.28,2.5
2018-01-03 19:16:00,1.12056618675323,0.0066768760516928,0,0,0,0,-4.9,111.33,1.2,58.28,2.5
2018-01-03 19:17:00,1.12065949466813,0.00646847544014253,0,0,0,0,-4.9,111.54,1.2,58.28,2.5
2018-01-03 19:18:00,1.12075280258303,0.00626007482859226,0,0,0,0,-4.9,111.75,1.2,58.28,2.5
2018-01-03 19:19:00,1.12084611049792,0.00605167421704199,0,0,0,0,-4.9,111.96,1.2,58.28,2.5
2018-01-03 19:20:00,1.12093941841282,0.00584327360549172,0,0,0,0,-4.9,112.17,1.2,58.28,2.5
2018-01-03 19:21:00,1.12103272632772,0.00581827489942283,0,0,0,0,-4.9,112.38,1.2,58.28,2.5
2018-01-03 19:22:00,1.12112603424261,0.00579327619335394,0,0,0,0,-4.9,112.59,1.2,58.28,2.5
2018-01-03 19:23:00,1.12121934215751,0.00576827748728505,0,0,0,0,-4.9,112.8,1.2,58.28,2.5
2018-01-03 19:24:00,1.12131265007241,0.00574327878121616,0,0,0,0,-4.9,113.01,1.2,58.28,2.5
2018-01-03 19:25:00,1.1214059579873,0.00571828007514727,0,0,0,0,-4.9,113.22,1.2,58.28,2.5
2018-01-03 19:26:00,1.1214992659022,0.00583150832869059,0,0,0,0,-4.9,113.432,1.2,58.28,2.5
2018-01-03 19:27:00,1.1215925738171,0.0059447365822339,0,0,0,0,-4.9,113.644,1.2,58.28,2.5
2018-01-03 19:28:00,1.121685881732,0.00605796483577722,0,0,0,0,-4.9,113.856,1.2,58.28,2.5
2018-01-03 19:29:00,1.12177918964689,0.00617119308932053,0,0,0,0,-4.9,114.068,1.2,58.28,2.5
2018-01-03 19:30:00,1.12187249756179,0.00628442134286385,0,0,0,0,-4.9,114.28,1.2,58.28,2.5
2018-01-03 19:31:00,1.12196580547669,0.00616036496047884,0,0,0,0,-5.02,114.49,1.2,57.684,2.52
2018-01-03 19:32:00,1.12205911339158,0.00603630857809384,0,0,0,0,-5.14,114.7,1.2,57.088,2.54
2018-01-03 19:33:00,1.12215242130648,0.00591225219570883,0,0,0,0,-5.26,114.91,1.2,56.492,2.56
2018-01-03 19:34:00,1.12224572922138,0.00578819581332383,0,0,0,0,-5.38,115.12,1.2,55.896,2.58
2018-01-03 19:35:00,1.12233903713627,0.00566413943093882,0,0,0,0,-5.5,115.33,1.2,55.3,2.6
2018-01-03 19:36:00,1.12243234505117,0.00592313347710355,0,0,0,0,-5.5,115.542,1.2,55.3,2.6
2018-01-03 19:37:00,1.12252565296607,0.00618212752326827,0,0,0,0,-5.5,115.754,1.2,55.3,2.6
2018-01-03 19:38:00,1.12261896088096,0.00644112156943299,0,0,0,0,-5.5,115.966,1.2,55.3,2.6
2018-01-03 19:39:00,1.12271226879586,0.00670011561559771,0,0,0,0,-5.5,116.178,1.2,55.3,2.6
2018-01-03 19:40:00,1.12280557671076,0.00695910966176244,0,0,0,0,-5.5,116.39,1.2,55.3,2.6
2018-01-03 19:41:00,1.12289888462565,0.00684042732867426,0,0,0,0,-5.5,116.602,1.2,55.3,2.6
2018-01-03 19:42:00,1.12299219254055,0.00672174499558608,0,0,0,0,-5.5,116.814,1.2,55.3,2.6
2018-01-03 19:43:00,1.12308550045545,0.0066030626624979,0,0,0,0,-5.5,117.026,1.2,55.3,2.6
2018-01-03 19:44:00,1.12317880837034,0.00648438032940972,0,0,0,0,-5.5,117.238,1.2,55.3,2.6
2018-01-03 19:45:00,1.12327211628524,0.00636569799632154,0,0,0,0,-5.5,117.45,1.2,55.3,2.6
2018-01-03 19:46:00,1.12336542420014,0.00617851299985122,0,0,0,0,-5.5,117.664,1.2,55.3,2.6
2018-01-03 19:47:00,1.12345873211503,0.0059913280033809,0,0,0,0,-5.5,117.878,1.2,55.3,2.6
2018-01-03 19:48:00,1.12355204002993,0.00580414300691058,0,0,0,0,-5.5,118.092,1.2,55.3,2.6
2018-01-03 19:49:00,1.12364534794483,0.00561695801044026,0,0,0,0,-5.5,118.306,1.2,55.3,2.6
2018-01-03 19:50:00,1.12373865585972,0.00542977301396995,0,0,0,0,-5.5,118.52,1.2,55.3,2.6
2018-01-03 19:51:00,1.12383196377462,0.00552363740101892,0,0,0,0,-5.5,118.732,1.2,55.3,2.6
2018-01-03 19:52:00,1.12392527168952,0.00561750178806788,0,0,0,0,-5.5,118.944,1.2,55.3,2.6
2018-01-03 19:53:00,1.12401857960441,0.00571136617511685,0,0,0,0,-5.5,119.156,1.2,55.3,2.6
2018-01-03 19:54:00,1.12411188751931,0.00580523056216582,0,0,0,0,-5.5,119.368,1.2,55.3,2.6
2018-01-03 19:55:00,1.12420519543421,0.00589909494921479,0,0,0,0,-5.5,119.58,1.2,55.3,2.6
2018-01-03 19:56:00,1.1242985033491,0.00583036484922116,0,0,0,0,-5.5,119.794,1.2,55.222,2.62
2018-01-03 19:57:00,1.124391811264,0.00576163474922753,0,0,0,0,-5.5,120.008,1.2,55.144,2.64
2018-01-03 19:58:00,1.1244851191789,0.0056929046492339,0,0,0,0,-5.5,120.222,1.2,55.066,2.66
2018-01-03 19:59:00,1.12457842709379,0.00562417454924027,0,0,0,0,-5.5,120.436,1.2,54.988,2.68
2018-01-03 20:00:00,1.12467173500869,0.00555544444924664,0,0,0,0,-5.5,120.65,1.2,54.91,2.7
2018-01-03 20:01:00,1.12447796247067,0.00577881159096652,0,0,0,0,-5.5,120.864,1.2,54.988,2.68
2018-01-03 20:02:00,1.12428418993265,0.0060021787326864,0,0,0,0,-5.5,121.078,1.2,55.066,2.66
2018-01-03 20:03:00,1.12409041739463,0.00622554587440628,0,0,0,0,-5.5,121.292,1.2,55.144,2.64
2018-01-03 20:04:00,1.12389664485661,0.00644891301612616,0,0,0,0,-5.5,121.506,1.2,55.222,2.62
2018-01-03 20:05:00,1.12370287231859,0.00667228015784604,0,0,0,0,-5.5,121.72,1.2,55.3,2.6
2018-01-03 20:06:00,1.12350909978057,0.00640148693120046,0,0,0,0,-5.5,121.934,1.2,55.3,2.6
2018-01-03 20:07:00,1.12331532724255,0.00613069370455489,0,0,0,0,-5.5,122.148,1.2,55.3,2.6
2018-01-03 20:08:00,1.12312155470453,0.00585990047790931,0,0,0,0,-5.5,122.362,1.2,55.3,2.6
2018-01-03 20:09:00,1.12292778216651,0.00558910725126374,0,0,0,0,-5.5,122.576,1.2,55.3,2.6
2018-01-03 20:10:00,1.12273400962849,0.00531831402461817,0,0,0,0,-5.5,122.79,1.2,55.3,2.6
2018-01-03 20:11:00,1.12254023709047,0.00547874518460314,0,0,0,0,-5.5,123.004,1.2,55.3,2.6
2018-01-03 20:12:00,1.12234646455246,0.00563917634458812,0,0,0,0,-5.5,123.218,1.2,55.3,2.6
2018-01-03 20:13:00,1.12215269201444,0.00579960750457309,0,0,0,0,-5.5,123.432,1.2,55.3,2.6
2018-01-03 20:14:00,1.12195891947642,0.00596003866455806,0,0,0,0,-5.5,123.646,1.2,55.3,2.6
2018-01-03 20:15:00,1.1217651469384,0.00612046982454304,0,0,0,0,-5.5,123.86,1.2,55.3,2.6
2018-01-03 20:16:00,1.12157137440038,0.00610315704116636,0,0,0,0,-5.5,124.074,1.2,55.38,2.58
2018-01-03 20:17:00,1.12137760186236,0.00608584425778969,0,0,0,0,-5.5,124.288,1.2,55.46,2.56
2018-01-03 20:18:00,1.12118382932434,0.00606853147441302,0,0,0,0,-5.5,124.502,1.2,55.54,2.54
2018-01-03 20:19:00,1.12099005678632,0.00605121869103634,0,0,0,0,-5.5,124.716,1.2,55.62,2.52
2018-01-03 20:20:00,1.1207962842483,0.00603390590765967,0,0,0,0,-5.5,124.93,1.2,55.7,2.5
2018-01-03 20:21:00,1.12060251171028,0.0061309111739762,0,0,0,0,-5.5,125.144,1.2,55.7,2.5
2018-01-03 20:22:00,1.12040873917226,0.00622791644029273,0,0,0,0,-5.5,125.358,1.2,55.7,2.5
2018-01-03 20:23:00,1.12021496663424,0.00632492170660927,0,0,0,0,-5.5,125.572,1.2,55.7,2.5
2018-01-03 20:24:00,1.12002119409622,0.0064219269729258,0,0,0,0,-5.5,125.786,1.2,55.7,2.5
2018-01-03 20:25:00,1.1198274215582,0.00651893223924233,0,0,0,0,-5.5,126,1.2,55.7,2.5
2018-01-03 20:26:00,1.11963364902018,0.00637687482702628,0,0,0,0,-5.5,126.216,1.2,55.778,2.48
2018-01-03 20:27:00,1.11943987648216,0.00623481741481023,0,0,0,0,-5.5,126.432,1.2,55.856,2.46
2018-01-03 20:28:00,1.11924610394414,0.00609276000259418,0,0,0,0,-5.5,126.648,1.2,55.934,2.44
2018-01-03 20:29:00,1.11905233140612,0.00595070259037813,0,0,0,0,-5.5,126.864,1.2,56.012,2.42
2018-01-03 20:30:00,1.1188585588681,0.00580864517816208,0,0,0,0,-5.5,127.08,1.2,56.09,2.4
2018-01-03 20:31:00,1.11866478633008,0.00556142508560837,0,0,0,0,-5.54,127.296,1.18,55.88,2.4
2018-01-03 20:32:00,1.11847101379206,0.00531420499305466,0,0,0,0,-5.58,127.512,1.16,55.67,2.4
2018-01-03 20:33:00,1.11827724125404,0.00506698490050095,0,0,0,0,-5.62,127.728,1.14,55.46,2.4
2018-01-03 20:34:00,1.11808346871602,0.00481976480794724,0,0,0,0,-5.66,127.944,1.12,55.25,2.4
2018-01-03 20:35:00,1.117889696178,0.00457254471539353,0,0,0,0,-5.7,128.16,1.1,55.04,2.4
2018-01-03 20:36:00,1.11769592363998,0.00467680341097971,0,0,0,0,-5.7,128.376,1.1,55.04,2.4
2018-01-03 20:37:00,1.11750215110197,0.0047810621065659,0,0,0,0,-5.7,128.592,1.1,55.04,2.4
2018-01-03 20:38:00,1.11730837856395,0.00488532080215208,0,0,0,0,-5.7,128.808,1.1,55.04,2.4
2018-01-03 20:39:00,1.11711460602593,0.00498957949773826,0,0,0,0,-5.7,129.024,1.1,55.04,2.4
2018-01-03 20:40:00,1.11692083348791,0.00509383819332445,0,0,0,0,-5.7,129.24,1.1,55.04,2.4
2018-01-03 20:41:00,1.11672706094989,0.00497102410024906,0,0,0,0,-5.7,129.454,1.1,55.118,2.38
2018-01-03 20:42:00,1.11653328841187,0.00484821000717368,0,0,0,0,-5.7,129.668,1.1,55.196,2.36
2018-01-03 20:43:00,1.11633951587385,0.0047253959140983,0,0,0,0,-5.7,129.882,1.1,55.274,2.34
2018-01-03 20:44:00,1.11614574333583,0.00460258182102292,0,0,0,0,-5.7,130.096,1.1,55.352,2.32
2018-01-03 20:45:00,1.11595197079781,0.00447976772794754,0,0,0,0,-5.7,130.31,1.1,55.43,2.3
2018-01-03 20:46:00,1.11575819825979,0.00454909731563058,0,0,0,0,-5.7,130.526,1.1,55.43,2.3
2018-01-03 20:47:00,1.11556442572177,0.00461842690331361,0,0,0,0,-5.7,130.742,1.1,55.43,2.3
2018-01-03 20:48:00,1.11537065318375,0.00468775649099665,0,0,0,0,-5.7,130.958,1.1,55.43,2.3
2018-01-03 20:49:00,1.11517688064573,0.00475708607867968,0,0,0,0,-5.7,131.174,1.1,55.43,2.3
2018-01-03 20:50:00,1.11498310810771,0.00482641566636272,0,0,0,0,-5.7,131.39,1.1,55.43,2.3
2018-01-03 20:51:00,1.11478933556969,0.00506245956165929,0,0,0,0,-5.7,131.608,1.1,55.43,2.3
2018-01-03 20:52:00,1.11459556303167,0.00529850345695585,0,0,0,0,-5.7,131.826,1.1,55.43,2.3
2018-01-03 20:53:00,1.11440179049365,0.00553454735225242,0,0,0,0,-5.7,132.044,1.1,55.43,2.3
2018-01-03 20:54:00,1.11420801795563,0.00577059124754898,0,0,0,0,-5.7,132.262,1.1,55.43,2.3
2018-01-03 20:55:00,1.11401424541761,0.00600663514284554,0,0,0,0,-5.7,132.48,1.1,55.43,2.3
2018-01-03 20:56:00,1.11382047287959,0.0060120661724255,0,0,0,0,-5.7,132.696,1.1,55.51,2.28
2018-01-03 20:57:00,1.11362670034157,0.00601749720200545,0,0,0,0,-5.7,132.912,1.1,55.59,2.26
2018-01-03 20:58:00,1.11343292780355,0.0060229282315854,0,0,0,0,-5.7,133.128,1.1,55.67,2.24
2018-01-03 20:59:00,1.11323915526553,0.00602835926116535,0,0,0,0,-5.7,133.344,1.1,55.75,2.22
2018-01-03 21:00:00,1.11304538272751,0.0060337902907453,0,0,0,0,-5.7,133.56,1.1,55.83,2.2
2018-01-03 21:01:00,1.1124566567413,0.00592408214105099,0,0,0,0,-5.7,133.776,1.1,55.91,2.18
2018-01-03 21:02:00,1.11186793075509,0.00581437399135668,0,0,0,0,-5.7,133.992,1.1,55.99,2.16
2018-01-03 21:03:00,1.11127920476888,0.00570466584166237,0,0,0,0,-5.7,134.208,1.1,56.07,2.14
2018-01-03 21:04:00,1.11069047878266,0.00559495769196805,0,0,0,0,-5.7,134.424,1.1,56.15,2.12
2018-01-03 21:05:00,1.11010175279645,0.00548524954227374,0,0,0,0,-5.7,134.64,1.1,56.23,2.1
2018-01-03 21:06:00,1.10951302681024,0.00572277723483206,0,0,0,0,-5.7,134.856,1.12,56.23,2.1
2018-01-03 21:07:00,1.10892430082403,0.00596030492739038,0,0,0,0,-5.7,135.072,1.14,56.23,2.1
2018-01-03 21:08:00,1.10833557483782,0.0061978326199487,0,0,0,0,-5.7,135.288,1.16,56.23,2.1
2018-01-03 21:09:00,1.1077468488516,0.00643536031250702,0,0,0,0,-5.7,135.504,1.18,56.23,2.1
2018-01-03 21:10:00,1.10715812286539,0.00667288800506533,0,0,0,0,-5.7,135.72,1.2,56.23,2.1
2018-01-03 21:11:00,1.10656939687918,0.00669078775211092,0,0,0,0,-5.7,135.938,1.2,56.31,2.08
2018-01-03 21:12:00,1.10598067089297,0.0067086874991565,0,0,0,0,-5.7,136.156,1.2,56.39,2.06
2018-01-03 21:13:00,1.10539194490675,0.00672658724620208,0,0,0,0,-5.7,136.374,1.2,56.47,2.04
2018-01-03 21:14:00,1.10480321892054,0.00674448699324767,0,0,0,0,-5.7,136.592,1.2,56.55,2.02
2018-01-03 21:15:00,1.10421449293433,0.00676238674029325,0,0,0,0,-5.7,136.81,1.2,56.63,2
2018-01-03 21:16:00,1.10362576694812,0.00676972665357303,0,0,0,0,-5.7,137.026,1.2,56.71,1.98
2018-01-03 21:17:00,1.1030370409619,0.0067770665668528,0,0,0,0,-5.7,137.242,1.2,56.79,1.96
2018-01-03 21:18:00,1.10244831497569,0.00678440648013258,0,0,0,0,-5.7,137.458,1.2,56.87,1.94
2018-01-03 21:19:00,1.10185958898948,0.00679174639341235,0,0,0,0,-5.7,137.674,1.2,56.95,1.92
2018-01-03 21:20:00,1.10127086300327,0.00679908630669213,0,0,0,0,-5.7,137.89,1.2,57.03,1.9
2018-01-03 21:21:00,1.10068213701706,0.00659044435720614,0,0,0,0,-5.7,138.108,1.2,57.112,1.88
2018-01-03 21:22:00,1.10009341103084,0.00638180240772014,0,0,0,0,-5.7,138.326,1.2,57.194,1.86
2018-01-03 21:23:00,1.09950468504463,0.00617316045823415,0,0,0,0,-5.7,138.544,1.2,57.276,1.84
2018-01-03 21:24:00,1.09891595905842,0.00596451850874815,0,0,0,0,-5.7,138.762,1.2,57.358,1.82
2018-01-03 21:25:00,1.09832723307221,0.00575587655926216,0,0,0,0,-5.7,138.98,1.2,57.44,1.8
2018-01-03 21:26:00,1.09773850708599,0.00586499895177637,0,0,0,0,-5.7,139.196,1.2,57.522,1.78
2018-01-03 21:27:00,1.09714978109978,0.00597412134429058,0,0,0,0,-5.7,139.412,1.2,57.604,1.76
2018-01-03 21:28:00,1.09656105511357,0.00608324373680479,0,0,0,0,-5.7,139.628,1.2,57.686,1.74
2018-01-03 21:29:00,1.09597232912736,0.006192366129319,0,0,0,0,-5.7,139.844,1.2,57.768,1.72
2018-01-03 21:30:00,1.09538360314114,0.00630148852183321,0,0,0,0,-5.7,140.06,1.2,57.85,1.7
2018-01-03 21:31:00,1.09479487715493,0.00620973599249325,0,0,0,0,-5.7,140.278,1.2,57.984,1.68
2018-01-03 21:32:00,1.09420615116872,0.00611798346315328,0,0,0,0,-5.7,140.496,1.2,58.118,1.66
2018-01-03 21:33:00,1.09361742518251,0.00602623093381331,0,0,0,0,-5.7,140.714,1.2,58.252,1.64
2018-01-03 21:34:00,1.0930286991963,0.00593447840447335,0,0,0,0,-5.7,140.932,1.2,58.386,1.62
2018-01-03 21:35:00,1.09243997321008,0.00584272587513338,0,0,0,0,-5.7,141.15,1.2,58.52,1.6
2018-01-03 21:36:00,1.09185124722387,0.00588534437285494,0,0,0,0,-5.7,141.366,1.2,58.604,1.58
2018-01-03 21:37:00,1.09126252123766,0.0059279628705765,0,0,0,0,-5.7,141.582,1.2,58.688,1.56
2018-01-03 21:38:00,1.09067379525145,0.00597058136829806,0,0,0,0,-5.7,141.798,1.2,58.772,1.54
2018-01-03 21:39:00,1.09008506926523,0.00601319986601961,0,0,0,0,-5.7,142.014,1.2,58.856,1.52
2018-01-03 21:40:00,1.08949634327902,0.00605581836374117,0,0,0,0,-5.7,142.23,1.2,58.94,1.5
2018-01-03 21:41:00,1.08890761729281,0.0062076858163553,0,0,0,0,-5.7,142.448,1.2,58.94,1.5
2018-01-03 21:42:00,1.0883188913066,0.00635955326896943,0,0,0,0,-5.7,142.666,1.2,58.94,1.5
2018-01-03 21:43:00,1.08773016532038,0.00651142072158356,0,0,0,0,-5.7,142.884,1.2,58.94,1.5
2018-01-03 21:44:00,1.08714143933417,0.00666328817419769,0,0,0,0,-5.7,143.102,1.2,58.94,1.5
2018-01-03 21:45:00,1.08655271334796,0.00681515562681182,0,0,0,0,-5.7,143.32,1.2,58.94,1.5
2018-01-03 21:46:00,1.08596398736175,0.00716654163426346,0,0,0,0,-5.7,143.536,1.22,59.024,1.48
2018-01-03 21:47:00,1.08537526137554,0.0075179276417151,0,0,0,0,-5.7,143.752,1.24,59.108,1.46
2018-01-03 21:48:00,1.08478653538932,0.00786931364916674,0,0,0,0,-5.7,143.968,1.26,59.192,1.44
2018-01-03 21:49:00,1.08419780940311,0.00822069965661838,0,0,0,0,-5.7,144.184,1.28,59.276,1.42
2018-01-03 21:50:00,1.0836090834169,0.00857208566407002,0,0,0,0,-5.7,144.4,1.3,59.36,1.4
2018-01-03 21:51:00,1.08302035743069,0.00808211667132521,0,0,0,0,-5.7,144.618,1.3,59.446,1.38
2018-01-03 21:52:00,1.08243163144447,0.00759214767858041,0,0,0,0,-5.7,144.836,1.3,59.532,1.36
2018-01-03 21:53:00,1.08184290545826,0.0071021786858356,0,0,0,0,-5.7,145.054,1.3,59.618,1.34
2018-01-03 21:54:00,1.08125417947205,0.00661220969309079,0,0,0,0,-5.7,145.272,1.3,59.704,1.32
2018-01-03 21:55:00,1.08066545348584,0.00612224070034599,0,0,0,0,-5.7,145.49,1.3,59.79,1.3
2018-01-03 21:56:00,1.08007672749962,0.00631962151887566,0,0,0,0,-5.7,145.706,1.3,59.888,1.28
2018-01-03 21:57:00,1.07948800151341,0.00651700233740534,0,0,0,0,-5.7,145.922,1.3,59.986,1.26
2018-01-03 21:58:00,1.0788992755272,0.00671438315593501,0,0,0,0,-5.7,146.138,1.3,60.084,1.24
2018-01-03 21:59:00,1.07831054954099,0.00691176397446468,0,0,0,0,-5.7,146.354,1.3,60.182,1.22
2018-01-03 22:00:00,1.07772182355478,0.00710914479299435,0,0,0,0,-5.7,146.57,1.3,60.28,1.2
2018-01-03 22:01:00,1.07717393142048,0.00699461880096992,0,0,0,0,-5.7,146.786,1.3,60.366,1.18
2018-01-03 22:02:00,1.07662603928619,0.00688009280894549,0,0,0,0,-5.7,147.002,1.3,60.452,1.16
2018-01-03 22:03:00,1.07607814715189,0.00676556681692106,0,0,0,0,-5.7,147.218,1.3,60.538,1.14
2018-01-03 22:04:00,1.0755302550176,0.00665104082489663,0,0,0,0,-5.7,147.434,1.3,60.624,1.12
2018-01-03 22:05:00,1.0749823628833,0.0065365148328722,0,0,0,0,-5.7,147.65,1.3,60.71,1.1
2018-01-03 22:06:00,1.07443447074901,0.00679171908419191,0,0,0,0,-5.7,147.866,1.3,60.798,1.08
2018-01-03 22:07:00,1.07388657861472,0.00704692333551162,0,0,0,0,-5.7,148.082,1.3,60.886,1.06
2018-01-03 22:08:00,1.07333868648042,0.00730212758683133,0,0,0,0,-5.7,148.298,1.3,60.974,1.04
2018-01-03 22:09:00,1.07279079434613,0.00755733183815104,0,0,0,0,-5.7,148.514,1.3,61.062,1.02
2018-01-03 22:10:00,1.07224290221183,0.00781253608947075,0,0,0,0,-5.7,148.73,1.3,61.15,1
2018-01-03 22:11:00,1.07169501007754,0.00764235403325757,0,0,0,0,-5.7,148.946,1.3,61.238,0.98
2018-01-03 22:12:00,1.07114711794325,0.00747217197704438,0,0,0,0,-5.7,149.162,1.3,61.326,0.96
2018-01-03 22:13:00,1.07059922580895,0.0073019899208312,0,0,0,0,-5.7,149.378,1.3,61.414,0.94
2018-01-03 22:14:00,1.07005133367466,0.00713180786461802,0,0,0,0,-5.7,149.594,1.3,61.502,0.92
2018-01-03 22:15:00,1.06950344154036,0.00696162580840483,0,0,0,0,-5.7,149.81,1.3,61.59,0.9
2018-01-03 22:16:00,1.06895554940607,0.00712606950179977,0,0,0,0,-5.7,150.026,1.3,61.578,0.9
2018-01-03 22:17:00,1.06840765727177,0.00729051319519471,0,0,0,0,-5.7,150.242,1.3,61.566,0.9
2018-01-03 22:18:00,1.06785976513748,0.00745495688858965,0,0,0,0,-5.7,150.458,1.3,61.554,0.9
2018-01-03 22:19:00,1.06731187300319,0.00761940058198459,0,0,0,0,-5.7,150.674,1.3,61.542,0.9
2018-01-03 22:20:00,1.06676398086889,0.00778384427537953,0,0,0,0,-5.7,150.89,1.3,61.53,0.9
2018-01-03 22:21:00,1.0662160887346,0.00782621587545364,0,0,0,0,-5.7,151.106,1.3,61.62,0.88
2018-01-03 22:22:00,1.0656681966003,0.00786858747552775,0,0,0,0,-5.7,151.322,1.3,61.71,0.86
2018-01-03 22:23:00,1.06512030446601,0.00791095907560186,0,0,0,0,-5.7,151.538,1.3,61.8,0.84
2018-01-03 22:24:00,1.06457241233171,0.00795333067567597,0,0,0,0,-5.7,151.754,1.3,61.89,0.82
2018-01-03 22:25:00,1.06402452019742,0.00799570227575008,0,0,0,0,-5.7,151.97,1.3,61.98,0.8
2018-01-03 22:26:00,1.06347662806313,0.00786580806385858,0,0,0,0,-5.7,152.186,1.3,62.07,0.78
2018-01-03 22:27:00,1.06292873592883,0.00773591385196708,0,0,0,0,-5.7,152.402,1.3,62.16,0.76
2018-01-03 22:28:00,1.06238084379454,0.00760601964007558,0,0,0,0,-5.7,152.618,1.3,62.25,0.74
2018-01-03 22:29:00,1.06183295166024,0.00747612542818408,0,0,0,0,-5.7,152.834,1.3,62.34,0.72
2018-01-03 22:30:00,1.06128505952595,0.00734623121629258,0,0,0,0,-5.7,153.05,1.3,62.43,0.7
2018-01-03 22:31:00,1.06073716739166,0.00737387269461023,0,0,0,0,-5.66,153.264,1.3,62.636,0.68
2018-01-03 22:32:00,1.06018927525736,0.00740151417292787,0,0,0,0,-5.62,153.478,1.3,62.842,0.66
2018-01-03 22:33:00,1.05964138312307,0.00742915565124552,0,0,0,0,-5.58,153.692,1.3,63.048,0.64
2018-01-03 22:34:00,1.05909349098877,0.00745679712956316,0,0,0,0,-5.54,153.906,1.3,63.254,0.62
2018-01-03 22:35:00,1.05854559885448,0.0074844386078808,0,0,0,0,-5.5,154.12,1.3,63.46,0.6
2018-01-03 22:36:00,1.05799770672018,0.00755674409935972,0,0,0,0,-5.5,154.334,1.3,63.552,0.58
2018-01-03 22:37:00,1.05744981458589,0.00762904959083863,0,0,0,0,-5.5,154.548,1.3,63.644,0.56
2018-01-03 22:38:00,1.0569019224516,0.00770135508231754,0,0,0,0,-5.5,154.762,1.3,63.736,0.54
2018-01-03 22:39:00,1.0563540303173,0.00777366057379645,0,0,0,0,-5.5,154.976,1.3,63.828,0.52
2018-01-03 22:40:00,1.05580613818301,0.00784596606527536,0,0,0,0,-5.5,155.19,1.3,63.92,0.5
2018-01-03 22:41:00,1.05525824604871,0.00758113188009244,0,0,0,0,-5.5,155.404,1.3,63.92,0.5
2018-01-03 22:42:00,1.05471035391442,0.00731629769490951,0,0,0,0,-5.5,155.618,1.3,63.92,0.5
2018-01-03 22:43:00,1.05416246178012,0.00705146350972659,0,0,0,0,-5.5,155.832,1.3,63.92,0.5
2018-01-03 22:44:00,1.05361456964583,0.00678662932454366,0,0,0,0,-5.5,156.046,1.3,63.92,0.5
2018-01-03 22:45:00,1.05306667751154,0.00652179513936073,0,0,0,0,-5.5,156.26,1.3,63.92,0.5
2018-01-03 22:46:00,1.05251878537724,0.00668024384668778,0,0,0,0,-5.5,156.472,1.3,64.012,0.48
2018-01-03 22:47:00,1.05197089324295,0.00683869255401483,0,0,0,0,-5.5,156.684,1.3,64.104,0.46
2018-01-03 22:48:00,1.05142300110865,0.00699714126134187,0,0,0,0,-5.5,156.896,1.3,64.196,0.44
2018-01-03 22:49:00,1.05087510897436,0.00715558996866892,0,0,0,0,-5.5,157.108,1.3,64.288,0.42
2018-01-03 22:50:00,1.05032721684007,0.00731403867599597,0,0,0,0,-5.5,157.32,1.3,64.38,0.4
2018-01-03 22:51:00,1.04977932470577,0.00772106491601107,0,0,0,0,-5.5,157.532,1.32,64.474,0.38
2018-01-03 22:52:00,1.04923143257148,0.00812809115602618,0,0,0,0,-5.5,157.744,1.34,64.568,0.36
2018-01-03 22:53:00,1.04868354043718,0.00853511739604128,0,0,0,0,-5.5,157.956,1.36,64.662,0.34
2018-01-03 22:54:00,1.04813564830289,0.00894214363605639,0,0,0,0,-5.5,158.168,1.38,64.756,0.32
2018-01-03 22:55:00,1.04758775616859,0.00934916987607149,0,0,0,0,-5.5,158.38,1.4,64.85,0.3
2018-01-03 22:56:00,1.0470398640343,0.0093426097272441,0,0,0,0,-5.5,158.59,1.4,64.944,0.28
2018-01-03 22:57:00,1.04649197190001,0.00933604957841671,0,0,0,0,-5.5,158.8,1.4,65.038,0.26
2018-01-03 22:58:00,1.04594407976571,0.00932948942958932,0,0,0,0,-5.5,159.01,1.4,65.132,0.24
2018-01-03 22:59:00,1.04539618763142,0.00932292928076193,0,0,0,0,-5.5,159.22,1.4,65.226,0.22
2018-01-03 23:00:00,1.04484829549712,0.00931636913193454,0,0,0,0,-5.5,159.43,1.4,65.32,0.2
2018-01-03 23:01:00,1.04440982332868,0.00941873201081318,0,0,0,0,-5.5,159.638,1.4,65.414,0.18
2018-01-03 23:02:00,1.04397135116024,0.00952109488969183,0,0,0,0,-5.5,159.846,1.4,65.508,0.16
2018-01-03 23:03:00,1.0435328789918,0.00962345776857047,0,0,0,0,-5.5,160.054,1.4,65.602,0.14
2018-01-03 23:04:00,1.04309440682336,0.00972582064744911,0,0,0,0,-5.5,160.262,1.4,65.696,0.12
2018-01-03 23:05:00,1.04265593465492,0.00982818352632776,0,0,0,0,-5.5,160.47,1.4,65.79,0.1
2018-01-03 23:06:00,1.04221746248647,0.00966443771372851,0,0,0,0,-5.5,160.678,1.4,65.79,0.1
2018-01-03 23:07:00,1.04177899031803,0.00950069190112926,0,0,0,0,-5.5,160.886,1.4,65.79,0.1
2018-01-03 23:08:00,1.04134051814959,0.00933694608853001,0,0,0,0,-5.5,161.094,1.4,65.79,0.1
2018-01-03 23:09:00,1.04090204598115,0.00917320027593076,0,0,0,0,-5.5,161.302,1.4,65.79,0.1
2018-01-03 23:10:00,1.04046357381271,0.00900945446333151,0,0,0,0,-5.5,161.51,1.4,65.79,0.1
2018-01-03 23:11:00,1.04002510164427,0.00897946745812619,0,0,0,0,-5.5,161.716,1.4,65.886,0.08
2018-01-03 23:12:00,1.03958662947583,0.00894948045292088,0,0,0,0,-5.5,161.922,1.4,65.982,0.06
2018-01-03 23:13:00,1.03914815730738,0.00891949344771557,0,0,0,0,-5.5,162.128,1.4,66.078,0.04
2018-01-03 23:14:00,1.03870968513894,0.00888950644251025,0,0,0,0,-5.5,162.334,1.4,66.174,0.02
2018-01-03 23:15:00,1.0382712129705,0.00885951943730494,0,0,0,0,-5.5,162.54,1.4,66.27,0
2018-01-03 23:16:00,1.03783274080206,0.0086982826039005,0,0,0,0,-5.5,162.744,1.4,66.27,0
2018-01-03 23:17:00,1.03739426863362,0.00853704577049606,0,0,0,0,-5.5,162.948,1.4,66.27,0
2018-01-03 23:18:00,1.03695579646518,0.00837580893709162,0,0,0,0,-5.5,163.152,1.4,66.27,0
2018-01-03 23:19:00,1.03651732429674,0.00821457210368718,0,0,0,0,-5.5,163.356,1.4,66.27,0
2018-01-03 23:20:00,1.03607885212829,0.00805333527028274,0,0,0,0,-5.5,163.56,1.4,66.27,0
2018-01-03 23:21:00,1.03564037995985,0.0080553077795325,0,0,0,0,-5.5,163.76,1.4,66.368,-0.02
2018-01-03 23:22:00,1.03520190779141,0.00805728028878225,0,0,0,0,-5.5,163.96,1.4,66.466,-0.04
2018-01-03 23:23:00,1.03476343562297,0.00805925279803201,0,0,0,0,-5.5,164.16,1.4,66.564,-0.06
2018-01-03 23:24:00,1.03432496345453,0.00806122530728176,0,0,0,0,-5.5,164.36,1.4,66.662,-0.08
2018-01-03 23:25:00,1.03388649128609,0.00806319781653151,0,0,0,0,-5.5,164.56,1.4,66.76,-0.1
2018-01-03 23:26:00,1.03344801911765,0.00819110454299594,0,0,0,0,-5.5,164.758,1.4,66.856,-0.12
2018-01-03 23:27:00,1.0330095469492,0.00831901126946038,0,0,0,0,-5.5,164.956,1.4,66.952,-0.14
2018-01-03 23:28:00,1.03257107478076,0.00844691799592481,0,0,0,0,-5.5,165.154,1.4,67.048,-0.16
2018-01-03 23:29:00,1.03213260261232,0.00857482472238925,0,0,0,0,-5.5,165.352,1.4,67.144,-0.18
2018-01-03 23:30:00,1.03169413044388,0.00870273144885368,0,0,0,0,-5.5,165.55,1.4,67.24,-0.2
2018-01-03 23:31:00,1.03125565827544,0.00889103314334482,0,0,0,0,-5.48,165.744,1.4,67.342,-0.2
2018-01-03 23:32:00,1.030817186107,0.00907933483783596,0,0,0,0,-5.46,165.938,1.4,67.444,-0.2
2018-01-03 23:33:00,1.03037871393856,0.00926763653232711,0,0,0,0,-5.44,166.132,1.4,67.546,-0.2
2018-01-03 23:34:00,1.02994024177011,0.00945593822681825,0,0,0,0,-5.42,166.326,1.4,67.648,-0.2
2018-01-03 23:35:00,1.02950176960167,0.00964423992130939,0,0,0,0,-5.4,166.52,1.4,67.75,-0.2
2018-01-03 23:36:00,1.02906329743323,0.00953827434592381,0,0,0,0,-5.4,166.708,1.4,67.85,-0.22
2018-01-03 23:37:00,1.02862482526479,0.00943230877053822,0,0,0,0,-5.4,166.896,1.4,67.95,-0.24
2018-01-03 23:38:00,1.02818635309635,0.00932634319515264,0,0,0,0,-5.4,167.084,1.4,68.05,-0.26
2018-01-03 23:39:00,1.02774788092791,0.00922037761976706,0,0,0,0,-5.4,167.272,1.4,68.15,-0.28
2018-01-03 23:40:00,1.02730940875947,0.00911441204438147,0,0,0,0,-5.4,167.46,1.4,68.25,-0.3
2018-01-03 23:41:00,1.02687093659102,0.00884937214094613,0,0,0,0,-5.4,167.642,1.4,68.35,-0.32
2018-01-03 23:42:00,1.02643246442258,0.00858433223751079,0,0,0,0,-5.4,167.824,1.4,68.45,-0.34
2018-01-03 23:43:00,1.02599399225414,0.00831929233407545,0,0,0,0,-5.4,168.006,1.4,68.55,-0.36
2018-01-03 23:44:00,1.0255555200857,0.0080542524306401,0,0,0,0,-5.4,168.188,1.4,68.65,-0.38
2018-01-03 23:45:00,1.02511704791726,0.00778921252720476,0,0,0,0,-5.4,168.37,1.4,68.75,-0.4
2018-01-03 23:46:00,1.02467857574882,0.00788689283099874,0,0,0,0,-5.4,168.544,1.4,68.75,-0.4
2018-01-03 23:47:00,1.02424010358038,0.00798457313479271,0,0,0,0,-5.4,168.718,1.4,68.75,-0.4
2018-01-03 23:48:00,1.02380163141193,0.00808225343858669,0,0,0,0,-5.4,168.892,1.4,68.75,-0.4
2018-01-03 23:49:00,1.02336315924349,0.00817993374238067,0,0,0,0,-5.4,169.066,1.4,68.75,-0.4
2018-01-03 23:50:00,1.02292468707505,0.00827761404617464,0,0,0,0,-5.4,169.24,1.4,68.75,-0.4
2018-01-03 23:51:00,1.02248621490661,0.00842053945026941,0,0,0,0,-5.4,169.404,1.4,68.85,-0.42
2018-01-03 23:52:00,1.02204774273817,0.00856346485436418,0,0,0,0,-5.4,169.568,1.4,68.95,-0.44
2018-01-03 23:53:00,1.02160927056973,0.00870639025845895,0,0,0,0,-5.4,169.732,1.4,69.05,-0.46
2018-01-03 23:54:00,1.02117079840129,0.00884931566255372,0,0,0,0,-5.4,169.896,1.4,69.15,-0.48
2018-01-03 23:55:00,1.02073232623284,0.00899224106664849,0,0,0,0,-5.4,170.06,1.4,69.25,-0.5
2018-01-03 23:56:00,1.0202938540644,0.00899015135114088,0,0,0,0,-5.4,170.212,1.4,69.25,-0.5
2018-01-03 23:57:00,1.01985538189596,0.00898806163563328,0,0,0,0,-5.4,170.364,1.4,69.25,-0.5
2018-01-03 23:58:00,1.01941690972752,0.00898597192012568,0,0,0,0,-5.4,170.516,1.4,69.25,-0.5
2018-01-03 23:59:00,1.01897843755908,0.00898388220461807,0,0,0,0,-5.4,170.668,1.4,69.25,-0.5
2018-01-04 00:00:00,1.01853996539064,0.00898179248911047,0,0,0,0,-5.4,170.82,1.4,69.25,-0.5
2018-01-04 00:01:00,1.0184118145683,0.00886115013533208,0,0,0,0,-5.4,170.956,1.4,69.35,-0.52
2018-01-04 00:02:00,1.01828366374596,0.00874050778155368,0,0,0,0,-5.4,171.092,1.4,69.45,-0.54
2018-01-04 00:03:00,1.01815551292362,0.00861986542777528,0,0,0,0,-5.4,171.228,1.4,69.55,-0.56
2018-01-04 00:04:00,1.01802736210128,0.00849922307399689,0,0,0,0,-5.4,171.364,1.4,69.65,-0.58
2018-01-04 00:05:00,1.01789921127894,0.00837858072021849,0,0,0,0,-5.4,171.5,1.4,69.75,-0.6
2018-01-04 00:06:00,1.0177710604566,0.00859044495009099,0,0,0,0,-5.4,171.616,1.4,69.75,-0.6
2018-01-04 00:07:00,1.01764290963426,0.00880230917996349,0,0,0,0,-5.4,171.732,1.4,69.75,-0.6
2018-01-04 00:08:00,1.01751475881193,0.00901417340983598,0,0,0,0,-5.4,171.848,1.4,69.75,-0.6
2018-01-04 00:09:00,1.01738660798959,0.00922603763970848,0,0,0,0,-5.4,171.964,1.4,69.75,-0.6
2018-01-04 00:10:00,1.01725845716725,0.00943790186958098,0,0,0,0,-5.4,172.08,1.4,69.75,-0.6
2018-01-04 00:11:00,1.01713030634491,0.00945418948051116,0,0,0,0,-5.4,172.172,1.4,69.852,-0.62
2018-01-04 00:12:00,1.01700215552257,0.00947047709144135,0,0,0,0,-5.4,172.264,1.4,69.954,-0.64
2018-01-04 00:13:00,1.01687400470023,0.00948676470237153,0,0,0,0,-5.4,172.356,1.4,70.056,-0.66
2018-01-04 00:14:00,1.01674585387789,0.00950305231330171,0,0,0,0,-5.4,172.448,1.4,70.158,-0.68
2018-01-04 00:15:00,1.01661770305555,0.0095193399242319,0,0,0,0,-5.4,172.54,1.4,70.26,-0.7
2018-01-04 00:16:00,1.01648955223321,0.00926527044233398,0,0,0,0,-5.4,172.602,1.4,70.26,-0.7
2018-01-04 00:17:00,1.01636140141087,0.00901120096043605,0,0,0,0,-5.4,172.664,1.4,70.26,-0.7
2018-01-04 00:18:00,1.01623325058854,0.00875713147853813,0,0,0,0,-5.4,172.726,1.4,70.26,-0.7
2018-01-04 00:19:00,1.0161050997662,0.00850306199664021,0,0,0,0,-5.4,172.788,1.4,70.26,-0.7
2018-01-04 00:20:00,1.01597694894386,0.00824899251474228,0,0,0,0,-5.4,172.85,1.4,70.26,-0.7
2018-01-04 00:21:00,1.01584879812152,0.00838985447441065,0,0,0,0,-5.4,172.878,1.4,70.26,-0.7
2018-01-04 00:22:00,1.01572064729918,0.00853071643407903,0,0,0,0,-5.4,172.906,1.4,70.26,-0.7
2018-01-04 00:23:00,1.01559249647684,0.0086715783937474,0,0,0,0,-5.4,172.934,1.4,70.26,-0.7
2018-01-04 00:24:00,1.0154643456545,0.00881244035341577,0,0,0,0,-5.4,172.962,1.4,70.26,-0.7
2018-01-04 00:25:00,1.01533619483216,0.00895330231308414,0,0,0,0,-5.4,172.99,1.4,70.26,-0.7
2018-01-04 00:26:00,1.01520804400982,0.00889910709853454,0,0,0,0,-5.4,172.982,1.4,70.364,-0.72
2018-01-04 00:27:00,1.01507989318748,0.00884491188398495,0,0,0,0,-5.4,172.974,1.4,70.468,-0.74
2018-01-04 00:28:00,1.01495174236515,0.00879071666943535,0,0,0,0,-5.4,172.966,1.4,70.572,-0.76
2018-01-04 00:29:00,1.01482359154281,0.00873652145488576,0,0,0,0,-5.4,172.958,1.4,70.676,-0.78
2018-01-04 00:30:00,1.01469544072047,0.00868232624033616,0,0,0,0,-5.4,172.95,1.4,70.78,-0.8
2018-01-04 00:31:00,1.01456728989813,0.00903987917427874,0,0,0,0,-5.4,172.908,1.4,70.848,-0.8
2018-01-04 00:32:00,1.01443913907579,0.00939743210822132,0,0,0,0,-5.4,172.866,1.4,70.916,-0.8
2018-01-04 00:33:00,1.01431098825345,0.00975498504216391,0,0,0,0,-5.4,172.824,1.4,70.984,-0.8
2018-01-04 00:34:00,1.01418283743111,0.0101125379761065,0,0,0,0,-5.4,172.782,1.4,71.052,-0.8
2018-01-04 00:35:00,1.01405468660877,0.0104700909100491,0,0,0,0,-5.4,172.74,1.4,71.12,-0.8
2018-01-04 00:36:00,1.01392653578643,0.0102456469317733,0,0,0,0,-5.4,172.666,1.4,71.224,-0.82
2018-01-04 00:37:00,1.01379838496409,0.0100212029534975,0,0,0,0,-5.4,172.592,1.4,71.328,-0.84
2018-01-04 00:38:00,1.01367023414176,0.00979675897522174,0,0,0,0,-5.4,172.518,1.4,71.432,-0.86
2018-01-04 00:39:00,1.01354208331942,0.00957231499694597,0,0,0,0,-5.4,172.444,1.4,71.536,-0.88
2018-01-04 00:40:00,1.01341393249708,0.00934787101867019,0,0,0,0,-5.4,172.37,1.4,71.64,-0.9
2018-01-04 00:41:00,1.01328578167474,0.0092489066982103,0,0,0,0,-5.4,172.268,1.4,71.64,-0.9
2018-01-04 00:42:00,1.0131576308524,0.00914994237775041,0,0,0,0,-5.4,172.166,1.4,71.64,-0.9
2018-01-04 00:43:00,1.01302948003006,0.00905097805729052,0,0,0,0,-5.4,172.064,1.4,71.64,-0.9
2018-01-04 00:44:00,1.01290132920772,0.00895201373683063,0,0,0,0,-5.4,171.962,1.4,71.64,-0.9
2018-01-04 00:45:00,1.01277317838538,0.00885304941637074,0,0,0,0,-5.4,171.86,1.4,71.64,-0.9
2018-01-04 00:46:00,1.01264502756304,0.00875178768430885,0,0,0,0,-5.4,171.736,1.4,71.64,-0.9
2018-01-04 00:47:00,1.0125168767407,0.00865052595224696,0,0,0,0,-5.4,171.612,1.4,71.64,-0.9
2018-01-04 00:48:00,1.01238872591837,0.00854926422018507,0,0,0,0,-5.4,171.488,1.4,71.64,-0.9
2018-01-04 00:49:00,1.01226057509603,0.00844800248812319,0,0,0,0,-5.4,171.364,1.4,71.64,-0.9
2018-01-04 00:50:00,1.01213242427369,0.0083467407560613,0,0,0,0,-5.4,171.24,1.4,71.64,-0.9
2018-01-04 00:51:00,1.01200427345135,0.00864813444191691,0,0,0,0,-5.4,171.096,1.4,71.746,-0.92
2018-01-04 00:52:00,1.01187612262901,0.00894952812777252,0,0,0,0,-5.4,170.952,1.4,71.852,-0.94
2018-01-04 00:53:00,1.01174797180667,0.00925092181362813,0,0,0,0,-5.4,170.808,1.4,71.958,-0.96
2018-01-04 00:54:00,1.01161982098433,0.00955231549948374,0,0,0,0,-5.4,170.664,1.4,72.064,-0.98
2018-01-04 00:55:00,1.01149167016199,0.00985370918533935,0,0,0,0,-5.4,170.52,1.4,72.17,-1
2018-01-04 00:56:00,1.01136351933965,0.00967124646851229,0,0,0,0,-5.4,170.362,1.4,72.17,-1
2018-01-04 00:57:00,1.01123536851731,0.00948878375168524,0,0,0,0,-5.4,170.204,1.4,72.17,-1
2018-01-04 00:58:00,1.01110721769498,0.00930632103485819,0,0,0,0,-5.4,170.046,1.4,72.17,-1
2018-01-04 00:59:00,1.01097906687264,0.00912385831803113,0,0,0,0,-5.4,169.888,1.4,72.17,-1
2018-01-04 01:00:00,1.0108509160503,0.00894139560120408,0,0,0,0,-5.4,169.73,1.4,72.17,-1
2018-01-04 01:01:00,1.01086748084893,0.00875586570668836,0,0,0,0,-5.4,169.562,1.4,72.17,-1
2018-01-04 01:02:00,1.01088404564756,0.00857033581217264,0,0,0,0,-5.4,169.394,1.4,72.17,-1
2018-01-04 01:03:00,1.01090061044619,0.00838480591765691,0,0,0,0,-5.4,169.226,1.4,72.17,-1
2018-01-04 01:04:00,1.01091717524482,0.00819927602314119,0,0,0,0,-5.4,169.058,1.4,72.17,-1
2018-01-04 01:05:00,1.01093374004345,0.00801374612862547,0,0,0,0,-5.4,168.89,1.4,72.17,-1
2018-01-04 01:06:00,1.01095030484207,0.00823516447443399,0,0,0,0,-5.4,168.712,1.4,72.274,-1.02
2018-01-04 01:07:00,1.0109668696407,0.00845658282024251,0,0,0,0,-5.4,168.534,1.4,72.378,-1.04
2018-01-04 01:08:00,1.01098343443933,0.00867800116605103,0,0,0,0,-5.4,168.356,1.4,72.482,-1.06
2018-01-04 01:09:00,1.01099999923796,0.00889941951185954,0,0,0,0,-5.4,168.178,1.4,72.586,-1.08
2018-01-04 01:10:00,1.01101656403659,0.00912083785766806,0,0,0,0,-5.4,168,1.4,72.69,-1.1
2018-01-04 01:11:00,1.01103312883522,0.0091606788257479,0,0,0,0,-5.4,167.814,1.4,72.69,-1.1
2018-01-04 01:12:00,1.01104969363385,0.00920051979382773,0,0,0,0,-5.4,167.628,1.4,72.69,-1.1
2018-01-04 01:13:00,1.01106625843248,0.00924036076190757,0,0,0,0,-5.4,167.442,1.4,72.69,-1.1
2018-01-04 01:14:00,1.01108282323111,0.00928020172998741,0,0,0,0,-5.4,167.256,1.4,72.69,-1.1
2018-01-04 01:15:00,1.01109938802974,0.00932004269806724,0,0,0,0,-5.4,167.07,1.4,72.69,-1.1
2018-01-04 01:16:00,1.01111595282837,0.00931455570823571,0,0,0,0,-5.4,166.88,1.4,72.69,-1.1
2018-01-04 01:17:00,1.011132517627,0.00930906871840419,0,0,0,0,-5.4,166.69,1.4,72.69,-1.1
2018-01-04 01:18:00,1.01114908242563,0.00930358172857266,0,0,0,0,-5.4,166.5,1.4,72.69,-1.1
2018-01-04 01:19:00,1.01116564722426,0.00929809473874113,0,0,0,0,-5.4,166.31,1.4,72.69,-1.1
2018-01-04 01:20:00,1.01118221202289,0.0092926077489096,0,0,0,0,-5.4,166.12,1.4,72.69,-1.1
2018-01-04 01:21:00,1.01119877682152,0.00927394317158476,0,0,0,0,-5.4,165.924,1.4,72.798,-1.12
2018-01-04 01:22:00,1.01121534162015,0.00925527859425992,0,0,0,0,-5.4,165.728,1.4,72.906,-1.14
2018-01-04 01:23:00,1.01123190641878,0.00923661401693508,0,0,0,0,-5.4,165.532,1.4,73.014,-1.16
2018-01-04 01:24:00,1.01124847121741,0.00921794943961023,0,0,0,0,-5.4,165.336,1.4,73.122,-1.18
2018-01-04 01:25:00,1.01126503601604,0.00919928486228539,0,0,0,0,-5.4,165.14,1.4,73.23,-1.2
2018-01-04 01:26:00,1.01128160081467,0.00931327910280401,0,0,0,0,-5.4,164.942,1.4,73.23,-1.2
2018-01-04 01:27:00,1.0112981656133,0.00942727334332264,0,0,0,0,-5.4,164.744,1.4,73.23,-1.2
2018-01-04 01:28:00,1.01131473041193,0.00954126758384126,0,0,0,0,-5.4,164.546,1.4,73.23,-1.2
2018-01-04 01:29:00,1.01133129521056,0.00965526182435989,0,0,0,0,-5.4,164.348,1.4,73.23,-1.2
2018-01-04 01:30:00,1.01134786000918,0.00976925606487851,0,0,0,0,-5.4,164.15,1.4,73.23,-1.2
2018-01-04 01:31:00,1.01136442480781,0.0096560669552834,0,0,0,0,-5.38,163.948,1.4,73.286,-1.2
2018-01-04 01:32:00,1.01138098960644,0.0095428778456883,0,0,0,0,-5.36,163.746,1.4,73.342,-1.2
2018-01-04 01:33:00,1.01139755440507,0.00942968873609318,0,0,0,0,-5.34,163.544,1.4,73.398,-1.2
2018-01-04 01:34:00,1.0114141192037,0.00931649962649808,0,0,0,0,-5.32,163.342,1.4,73.454,-1.2
2018-01-04 01:35:00,1.01143068400233,0.00920331051690297,0,0,0,0,-5.3,163.14,1.4,73.51,-1.2
2018-01-04 01:36:00,1.01144724880096,0.00926734547635745,0,0,0,0,-5.3,162.936,1.4,73.51,-1.2
2018-01-04 01:37:00,1.01146381359959,0.00933138043581193,0,0,0,0,-5.3,162.732,1.4,73.51,-1.2
2018-01-04 01:38:00,1.01148037839822,0.00939541539526641,0,0,0,0,-5.3,162.528,1.4,73.51,-1.2
2018-01-04 01:39:00,1.01149694319685,0.00945945035472089,0,0,0,0,-5.3,162.324,1.4,73.51,-1.2
2018-01-04 01:40:00,1.01151350799548,0.00952348531417538,0,0,0,0,-5.3,162.12,1.4,73.51,-1.2
2018-01-04 01:41:00,1.01153007279411,0.00951829220325885,0,0,0,0,-5.3,161.912,1.4,73.618,-1.22
2018-01-04 01:42:00,1.01154663759274,0.00951309909234232,0,0,0,0,-5.3,161.704,1.4,73.726,-1.24
2018-01-04 01:43:00,1.01156320239137,0.0095079059814258,0,0,0,0,-5.3,161.496,1.4,73.834,-1.26
2018-01-04 01:44:00,1.01157976719,0.00950271287050928,0,0,0,0,-5.3,161.288,1.4,73.942,-1.28
2018-01-04 01:45:00,1.01159633198863,0.00949751975959275,0,0,0,0,-5.3,161.08,1.4,74.05,-1.3
2018-01-04 01:46:00,1.01161289678726,0.00948390350687946,0,0,0,0,-5.3,160.872,1.4,74.05,-1.3
2018-01-04 01:47:00,1.01162946158589,0.00947028725416617,0,0,0,0,-5.3,160.664,1.4,74.05,-1.3
2018-01-04 01:48:00,1.01164602638452,0.00945667100145288,0,0,0,0,-5.3,160.456,1.4,74.05,-1.3
2018-01-04 01:49:00,1.01166259118315,0.00944305474873959,0,0,0,0,-5.3,160.248,1.4,74.05,-1.3
2018-01-04 01:50:00,1.01167915598178,0.00942943849602629,0,0,0,0,-5.3,160.04,1.4,74.05,-1.3
2018-01-04 01:51:00,1.01169572078041,0.0092257282867704,0,0,0,0,-5.3,159.83,1.4,74.05,-1.3
2018-01-04 01:52:00,1.01171228557904,0.0090220180775145,0,0,0,0,-5.3,159.62,1.4,74.05,-1.3
2018-01-04 01:53:00,1.01172885037766,0.00881830786825861,0,0,0,0,-5.3,159.41,1.4,74.05,-1.3
2018-01-04 01:54:00,1.01174541517629,0.00861459765900271,0,0,0,0,-5.3,159.2,1.4,74.05,-1.3
2018-01-04 01:55:00,1.01176197997492,0.00841088744974682,0,0,0,0,-5.3,158.99,1.4,74.05,-1.3
2018-01-04 01:56:00,1.01177854477355,0.00844115054066446,0,0,0,0,-5.3,158.78,1.4,74.16,-1.32
2018-01-04 01:57:00,1.01179510957218,0.00847141363158211,0,0,0,0,-5.3,158.57,1.4,74.27,-1.34
2018-01-04 01:58:00,1.01181167437081,0.00850167672249977,0,0,0,0,-5.3,158.36,1.4,74.38,-1.36
2018-01-04 01:59:00,1.01182823916944,0.00853193981341741,0,0,0,0,-5.3,158.15,1.4,74.49,-1.38
2018-01-04 02:00:00,1.01184480396807,0.00856220290433506,0,0,0,0,-5.3,157.94,1.4,74.6,-1.4
2018-01-04 02:01:00,1.01202213424988,0.00848394576124998,0,0,0,0,-5.3,157.728,1.4,74.6,-1.4
2018-01-04 02:02:00,1.01219946453169,0.00840568861816491,0,0,0,0,-5.3,157.516,1.4,74.6,-1.4
2018-01-04 02:03:00,1.01237679481349,0.00832743147507983,0,0,0,0,-5.3,157.304,1.4,74.6,-1.4
2018-01-04 02:04:00,1.0125541250953,0.00824917433199475,0,0,0,0,-5.3,157.092,1.4,74.6,-1.4
2018-01-04 02:05:00,1.01273145537711,0.00817091718890967,0,0,0,0,-5.3,156.88,1.4,74.6,-1.4
2018-01-04 02:06:00,1.01290878565891,0.00843339244933601,0,0,0,0,-5.3,156.668,1.4,74.6,-1.4
2018-01-04 02:07:00,1.01308611594072,0.00869586770976234,0,0,0,0,-5.3,156.456,1.4,74.6,-1.4
2018-01-04 02:08:00,1.01326344622253,0.00895834297018867,0,0,0,0,-5.3,156.244,1.4,74.6,-1.4
2018-01-04 02:09:00,1.01344077650433,0.00922081823061501,0,0,0,0,-5.3,156.032,1.4,74.6,-1.4
2018-01-04 02:10:00,1.01361810678614,0.00948329349104134,0,0,0,0,-5.3,155.82,1.4,74.6,-1.4
2018-01-04 02:11:00,1.01379543706795,0.00926343691598493,0,0,0,0,-5.3,155.606,1.4,74.6,-1.4
2018-01-04 02:12:00,1.01397276734975,0.00904358034092852,0,0,0,0,-5.3,155.392,1.4,74.6,-1.4
2018-01-04 02:13:00,1.01415009763156,0.0088237237658721,0,0,0,0,-5.3,155.178,1.4,74.6,-1.4
2018-01-04 02:14:00,1.01432742791337,0.00860386719081569,0,0,0,0,-5.3,154.964,1.4,74.6,-1.4
2018-01-04 02:15:00,1.01450475819517,0.00838401061575928,0,0,0,0,-5.3,154.75,1.4,74.6,-1.4
2018-01-04 02:16:00,1.01468208847698,0.00859728571750825,0,0,0,0,-5.3,154.536,1.4,74.6,-1.4
2018-01-04 02:17:00,1.01485941875879,0.00881056081925723,0,0,0,0,-5.3,154.322,1.4,74.6,-1.4
2018-01-04 02:18:00,1.0150367490406,0.00902383592100621,0,0,0,0,-5.3,154.108,1.4,74.6,-1.4
2018-01-04 02:19:00,1.0152140793224,0.00923711102275519,0,0,0,0,-5.3,153.894,1.4,74.6,-1.4
2018-01-04 02:20:00,1.01539140960421,0.00945038612450416,0,0,0,0,-5.3,153.68,1.4,74.6,-1.4
2018-01-04 02:21:00,1.01556873988602,0.00948495438126056,0,0,0,0,-5.3,153.464,1.4,74.6,-1.4
2018-01-04 02:22:00,1.01574607016782,0.00951952263801696,0,0,0,0,-5.3,153.248,1.4,74.6,-1.4
2018-01-04 02:23:00,1.01592340044963,0.00955409089477336,0,0,0,0,-5.3,153.032,1.4,74.6,-1.4
2018-01-04 02:24:00,1.01610073073144,0.00958865915152976,0,0,0,0,-5.3,152.816,1.4,74.6,-1.4
2018-01-04 02:25:00,1.01627806101324,0.00962322740828616,0,0,0,0,-5.3,152.6,1.4,74.6,-1.4
2018-01-04 02:26:00,1.01645539129505,0.00945515876749775,0,0,0,0,-5.3,152.386,1.4,74.71,-1.42
2018-01-04 02:27:00,1.01663272157686,0.00928709012670933,0,0,0,0,-5.3,152.172,1.4,74.82,-1.44
2018-01-04 02:28:00,1.01681005185866,0.00911902148592091,0,0,0,0,-5.3,151.958,1.4,74.93,-1.46
2018-01-04 02:29:00,1.01698738214047,0.0089509528451325,0,0,0,0,-5.3,151.744,1.4,75.04,-1.48
2018-01-04 02:30:00,1.01716471242228,0.00878288420434408,0,0,0,0,-5.3,151.53,1.4,75.15,-1.5
2018-01-04 02:31:00,1.01734204270408,0.00860270245857767,0,0,0,0,-5.3,151.314,1.4,75.234,-1.5
2018-01-04 02:32:00,1.01751937298589,0.00842252071281125,0,0,0,0,-5.3,151.098,1.4,75.318,-1.5
2018-01-04 02:33:00,1.0176967032677,0.00824233896704484,0,0,0,0,-5.3,150.882,1.4,75.402,-1.5
2018-01-04 02:34:00,1.01787403354951,0.00806215722127842,0,0,0,0,-5.3,150.666,1.4,75.486,-1.5
2018-01-04 02:35:00,1.01805136383131,0.00788197547551201,0,0,0,0,-5.3,150.45,1.4,75.57,-1.5
2018-01-04 02:36:00,1.01822869411312,0.0083765559829034,0,0,0,0,-5.3,150.234,1.4,75.57,-1.5
2018-01-04 02:37:00,1.01840602439493,0.00887113649029479,0,0,0,0,-5.3,150.018,1.4,75.57,-1.5
2018-01-04 02:38:00,1.01858335467673,0.00936571699768618,0,0,0,0,-5.3,149.802,1.4,75.57,-1.5
2018-01-04 02:39:00,1.01876068495854,0.00986029750507757,0,0,0,0,-5.3,149.586,1.4,75.57,-1.5
2018-01-04 02:40:00,1.01893801524035,0.010354878012469,0,0,0,0,-5.3,149.37,1.4,75.57,-1.5
2018-01-04 02:41:00,1.01911534552215,0.00964563726690247,0,0,0,0,-5.3,149.154,1.38,75.57,-1.5
2018-01-04 02:42:00,1.01929267580396,0.00893639652133598,0,0,0,0,-5.3,148.938,1.36,75.57,-1.5
2018-01-04 02:43:00,1.01947000608577,0.00822715577576949,0,0,0,0,-5.3,148.722,1.34,75.57,-1.5
2018-01-04 02:44:00,1.01964733636757,0.007517915030203,0,0,0,0,-5.3,148.506,1.32,75.57,-1.5
2018-01-04 02:45:00,1.01982466664938,0.00680867428463651,0,0,0,0,-5.3,148.29,1.3,75.57,-1.5
2018-01-04 02:46:00,1.02000199693119,0.00700734313427715,0,0,0,0,-5.3,148.072,1.3,75.57,-1.5
2018-01-04 02:47:00,1.02017932721299,0.00720601198391779,0,0,0,0,-5.3,147.854,1.3,75.57,-1.5
2018-01-04 02:48:00,1.0203566574948,0.00740468083355843,0,0,0,0,-5.3,147.636,1.3,75.57,-1.5
2018-01-04 02:49:00,1.02053398777661,0.00760334968319907,0,0,0,0,-5.3,147.418,1.3,75.57,-1.5
2018-01-04 02:50:00,1.02071131805841,0.00780201853283971,0,0,0,0,-5.3,147.2,1.3,75.57,-1.5
2018-01-04 02:51:00,1.02088864834022,0.0077588546790842,0,0,0,0,-5.3,146.984,1.3,75.682,-1.52
2018-01-04 02:52:00,1.02106597862203,0.00771569082532868,0,0,0,0,-5.3,146.768,1.3,75.794,-1.54
2018-01-04 02:53:00,1.02124330890384,0.00767252697157317,0,0,0,0,-5.3,146.552,1.3,75.906,-1.56
2018-01-04 02:54:00,1.02142063918564,0.00762936311781766,0,0,0,0,-5.3,146.336,1.3,76.018,-1.58
2018-01-04 02:55:00,1.02159796946745,0.00758619926406214,0,0,0,0,-5.3,146.12,1.3,76.13,-1.6
2018-01-04 02:56:00,1.02177529974926,0.00761182725009325,0,0,0,0,-5.3,145.904,1.3,76.13,-1.6
2018-01-04 02:57:00,1.02195263003106,0.00763745523612436,0,0,0,0,-5.3,145.688,1.3,76.13,-1.6
2018-01-04 02:58:00,1.02212996031287,0.00766308322215547,0,0,0,0,-5.3,145.472,1.3,76.13,-1.6
2018-01-04 02:59:00,1.02230729059468,0.00768871120818658,0,0,0,0,-5.3,145.256,1.3,76.13,-1.6
2018-01-04 03:00:00,1.02248462087648,0.00771433919421769,0,0,0,0,-5.3,145.04,1.3,76.13,-1.6
2018-01-04 03:01:00,1.02291635695012,0.00765263938332577,0,0,0,0,-5.3,144.822,1.3,76.13,-1.6
2018-01-04 03:02:00,1.02334809302376,0.00759093957243385,0,0,0,0,-5.3,144.604,1.3,76.13,-1.6
2018-01-04 03:03:00,1.0237798290974,0.00752923976154194,0,0,0,0,-5.3,144.386,1.3,76.13,-1.6
2018-01-04 03:04:00,1.02421156517103,0.00746753995065002,0,0,0,0,-5.3,144.168,1.3,76.13,-1.6
2018-01-04 03:05:00,1.02464330124467,0.0074058401397581,0,0,0,0,-5.3,143.95,1.3,76.13,-1.6
2018-01-04 03:06:00,1.02507503731831,0.00761631563349782,0,0,0,0,-5.3,143.734,1.3,76.13,-1.6
2018-01-04 03:07:00,1.02550677339195,0.00782679112723753,0,0,0,0,-5.3,143.518,1.3,76.13,-1.6
2018-01-04 03:08:00,1.02593850946559,0.00803726662097724,0,0,0,0,-5.3,143.302,1.3,76.13,-1.6
2018-01-04 03:09:00,1.02637024553922,0.00824774211471696,0,0,0,0,-5.3,143.086,1.3,76.13,-1.6
2018-01-04 03:10:00,1.02680198161286,0.00845821760845667,0,0,0,0,-5.3,142.87,1.3,76.13,-1.6
2018-01-04 03:11:00,1.0272337176865,0.00799870322543151,0,0,0,0,-5.3,142.652,1.3,76.242,-1.62
2018-01-04 03:12:00,1.02766545376014,0.00753918884240635,0,0,0,0,-5.3,142.434,1.3,76.354,-1.64
2018-01-04 03:13:00,1.02809718983377,0.00707967445938119,0,0,0,0,-5.3,142.216,1.3,76.466,-1.66
2018-01-04 03:14:00,1.02852892590741,0.00662016007635603,0,0,0,0,-5.3,141.998,1.3,76.578,-1.68
2018-01-04 03:15:00,1.02896066198105,0.00616064569333087,0,0,0,0,-5.3,141.78,1.3,76.69,-1.7
2018-01-04 03:16:00,1.02939239805469,0.0063786472247029,0,0,0,0,-5.3,141.564,1.3,76.69,-1.7
2018-01-04 03:17:00,1.02982413412833,0.00659664875607492,0,0,0,0,-5.3,141.348,1.3,76.69,-1.7
2018-01-04 03:18:00,1.03025587020196,0.00681465028744695,0,0,0,0,-5.3,141.132,1.3,76.69,-1.7
2018-01-04 03:19:00,1.0306876062756,0.00703265181881897,0,0,0,0,-5.3,140.916,1.3,76.69,-1.7
2018-01-04 03:20:00,1.03111934234924,0.007250653350191,0,0,0,0,-5.3,140.7,1.3,76.69,-1.7
2018-01-04 03:21:00,1.03155107842288,0.00748985592377543,0,0,0,0,-5.3,140.482,1.3,76.69,-1.7
2018-01-04 03:22:00,1.03198281449651,0.00772905849735985,0,0,0,0,-5.3,140.264,1.3,76.69,-1.7
2018-01-04 03:23:00,1.03241455057015,0.00796826107094428,0,0,0,0,-5.3,140.046,1.3,76.69,-1.7
2018-01-04 03:24:00,1.03284628664379,0.00820746364452871,0,0,0,0,-5.3,139.828,1.3,76.69,-1.7
2018-01-04 03:25:00,1.03327802271743,0.00844666621811314,0,0,0,0,-5.3,139.61,1.3,76.69,-1.7
2018-01-04 03:26:00,1.03370975879107,0.00836390241563007,0,0,0,0,-5.3,139.394,1.3,76.69,-1.7
2018-01-04 03:27:00,1.0341414948647,0.00828113861314699,0,0,0,0,-5.3,139.178,1.3,76.69,-1.7
2018-01-04 03:28:00,1.03457323093834,0.00819837481066392,0,0,0,0,-5.3,138.962,1.3,76.69,-1.7
2018-01-04 03:29:00,1.03500496701198,0.00811561100818085,0,0,0,0,-5.3,138.746,1.3,76.69,-1.7
2018-01-04 03:30:00,1.03543670308562,0.00803284720569778,0,0,0,0,-5.3,138.53,1.3,76.69,-1.7
2018-01-04 03:31:00,1.03586843915925,0.00800126579752565,0,0,0,0,-5.28,138.312,1.3,76.9,-1.72
2018-01-04 03:32:00,1.03630017523289,0.00796968438935352,0,0,0,0,-5.26,138.094,1.3,77.11,-1.74
2018-01-04 03:33:00,1.03673191130653,0.00793810298118139,0,0,0,0,-5.24,137.876,1.3,77.32,-1.76
2018-01-04 03:34:00,1.03716364738017,0.00790652157300926,0,0,0,0,-5.22,137.658,1.3,77.53,-1.78
2018-01-04 03:35:00,1.03759538345381,0.00787494016483713,0,0,0,0,-5.2,137.44,1.3,77.74,-1.8
2018-01-04 03:36:00,1.03802711952744,0.00764641833296344,0,0,0,0,-5.2,137.224,1.3,77.74,-1.8
2018-01-04 03:37:00,1.03845885560108,0.00741789650108975,0,0,0,0,-5.2,137.008,1.3,77.74,-1.8
2018-01-04 03:38:00,1.03889059167472,0.00718937466921607,0,0,0,0,-5.2,136.792,1.3,77.74,-1.8
2018-01-04 03:39:00,1.03932232774836,0.00696085283734239,0,0,0,0,-5.2,136.576,1.3,77.74,-1.8
2018-01-04 03:40:00,1.03975406382199,0.0067323310054687,0,0,0,0,-5.2,136.36,1.3,77.74,-1.8
2018-01-04 03:41:00,1.04018579989563,0.00686556980261926,0,0,0,0,-5.2,136.142,1.3,77.74,-1.8
2018-01-04 03:42:00,1.04061753596927,0.00699880859976981,0,0,0,0,-5.2,135.924,1.3,77.74,-1.8
2018-01-04 03:43:00,1.04104927204291,0.00713204739692037,0,0,0,0,-5.2,135.706,1.3,77.74,-1.8
2018-01-04 03:44:00,1.04148100811655,0.00726528619407092,0,0,0,0,-5.2,135.488,1.3,77.74,-1.8
2018-01-04 03:45:00,1.04191274419018,0.00739852499122148,0,0,0,0,-5.2,135.27,1.3,77.74,-1.8
2018-01-04 03:46:00,1.04234448026382,0.00733933889055441,0,0,0,0,-5.2,135.054,1.3,77.856,-1.82
2018-01-04 03:47:00,1.04277621633746,0.00728015278988735,0,0,0,0,-5.2,134.838,1.3,77.972,-1.84
2018-01-04 03:48:00,1.0432079524111,0.00722096668922028,0,0,0,0,-5.2,134.622,1.3,78.088,-1.86
2018-01-04 03:49:00,1.04363968848473,0.00716178058855321,0,0,0,0,-5.2,134.406,1.3,78.204,-1.88
2018-01-04 03:50:00,1.04407142455837,0.00710259448788615,0,0,0,0,-5.2,134.19,1.3,78.32,-1.9
2018-01-04 03:51:00,1.04450316063201,0.00701209824302663,0,0,0,0,-5.2,133.974,1.3,78.32,-1.9
2018-01-04 03:52:00,1.04493489670565,0.00692160199816711,0,0,0,0,-5.2,133.758,1.3,78.32,-1.9
2018-01-04 03:53:00,1.04536663277929,0.00683110575330759,0,0,0,0,-5.2,133.542,1.3,78.32,-1.9
2018-01-04 03:54:00,1.04579836885292,0.00674060950844807,0,0,0,0,-5.2,133.326,1.3,78.32,-1.9
2018-01-04 03:55:00,1.04623010492656,0.00665011326358856,0,0,0,0,-5.2,133.11,1.3,78.32,-1.9
2018-01-04 03:56:00,1.0466618410002,0.00669715613665939,0,0,0,0,-5.2,132.892,1.3,78.32,-1.9
2018-01-04 03:57:00,1.04709357707384,0.00674419900973022,0,0,0,0,-5.2,132.674,1.3,78.32,-1.9
2018-01-04 03:58:00,1.04752531314747,0.00679124188280105,0,0,0,0,-5.2,132.456,1.3,78.32,-1.9
2018-01-04 03:59:00,1.04795704922111,0.00683828475587188,0,0,0,0,-5.2,132.238,1.3,78.32,-1.9
2018-01-04 04:00:00,1.04838878529475,0.00688532762894272,0,0,0,0,-5.2,132.02,1.3,78.32,-1.9
2018-01-04 04:01:00,1.04928556997615,0.007022378531634,0,0,0,0,-5.2,131.804,1.3,78.32,-1.9
2018-01-04 04:02:00,1.05018235465755,0.00715942943432527,0,0,0,0,-5.2,131.588,1.3,78.32,-1.9
2018-01-04 04:03:00,1.05107913933895,0.00729648033701655,0,0,0,0,-5.2,131.372,1.3,78.32,-1.9
2018-01-04 04:04:00,1.05197592402035,0.00743353123970783,0,0,0,0,-5.2,131.156,1.3,78.32,-1.9
2018-01-04 04:05:00,1.05287270870175,0.00757058214239911,0,0,0,0,-5.2,130.94,1.3,78.32,-1.9
2018-01-04 04:06:00,1.05376949338315,0.00759970220487951,0,0,0,0,-5.2,130.724,1.3,78.436,-1.92
2018-01-04 04:07:00,1.05466627806455,0.00762882226735991,0,0,0,0,-5.2,130.508,1.3,78.552,-1.94
2018-01-04 04:08:00,1.05556306274595,0.00765794232984031,0,0,0,0,-5.2,130.292,1.3,78.668,-1.96
2018-01-04 04:09:00,1.05645984742735,0.00768706239232071,0,0,0,0,-5.2,130.076,1.3,78.784,-1.98
2018-01-04 04:10:00,1.05735663210875,0.00771618245480111,0,0,0,0,-5.2,129.86,1.3,78.9,-2
2018-01-04 04:11:00,1.05825341679016,0.00773574918710443,0,0,0,0,-5.2,129.644,1.3,78.9,-2
2018-01-04 04:12:00,1.05915020147156,0.00775531591940775,0,0,0,0,-5.2,129.428,1.3,78.9,-2
2018-01-04 04:13:00,1.06004698615296,0.00777488265171107,0,0,0,0,-5.2,129.212,1.3,78.9,-2
2018-01-04 04:14:00,1.06094377083436,0.00779444938401439,0,0,0,0,-5.2,128.996,1.3,78.9,-2
2018-01-04 04:15:00,1.06184055551576,0.00781401611631771,0,0,0,0,-5.2,128.78,1.3,78.9,-2
2018-01-04 04:16:00,1.06273734019716,0.00763428266505785,0,0,0,0,-5.2,128.566,1.3,78.9,-2
2018-01-04 04:17:00,1.06363412487856,0.007454549213798,0,0,0,0,-5.2,128.352,1.3,78.9,-2
2018-01-04 04:18:00,1.06453090955996,0.00727481576253815,0,0,0,0,-5.2,128.138,1.3,78.9,-2
2018-01-04 04:19:00,1.06542769424136,0.0070950823112783,0,0,0,0,-5.2,127.924,1.3,78.9,-2
2018-01-04 04:20:00,1.06632447892276,0.00691534886001845,0,0,0,0,-5.2,127.71,1.3,78.9,-2
2018-01-04 04:21:00,1.06722126360416,0.00691262978568469,0,0,0,0,-5.2,127.494,1.3,79.016,-2.02
2018-01-04 04:22:00,1.06811804828556,0.00690991071135094,0,0,0,0,-5.2,127.278,1.3,79.132,-2.04
2018-01-04 04:23:00,1.06901483296696,0.00690719163701718,0,0,0,0,-5.2,127.062,1.3,79.248,-2.06
2018-01-04 04:24:00,1.06991161764836,0.00690447256268342,0,0,0,0,-5.2,126.846,1.3,79.364,-2.08
2018-01-04 04:25:00,1.07080840232976,0.00690175348834966,0,0,0,0,-5.2,126.63,1.3,79.48,-2.1
2018-01-04 04:26:00,1.07170518701116,0.0071848423101969,0,0,0,0,-5.2,126.414,1.3,79.48,-2.1
2018-01-04 04:27:00,1.07260197169256,0.00746793113204413,0,0,0,0,-5.2,126.198,1.3,79.48,-2.1
2018-01-04 04:28:00,1.07349875637396,0.00775101995389136,0,0,0,0,-5.2,125.982,1.3,79.48,-2.1
2018-01-04 04:29:00,1.07439554105537,0.00803410877573859,0,0,0,0,-5.2,125.766,1.3,79.48,-2.1
2018-01-04 04:30:00,1.07529232573677,0.00831719759758583,0,0,0,0,-5.2,125.55,1.3,79.48,-2.1
2018-01-04 04:31:00,1.07618911041817,0.00813961324195785,0,0,0,0,-5.18,125.336,1.3,79.558,-2.1
2018-01-04 04:32:00,1.07708589509957,0.00796202888632987,0,0,0,0,-5.16,125.122,1.3,79.636,-2.1
2018-01-04 04:33:00,1.07798267978097,0.00778444453070189,0,0,0,0,-5.14,124.908,1.3,79.714,-2.1
2018-01-04 04:34:00,1.07887946446237,0.00760686017507392,0,0,0,0,-5.12,124.694,1.3,79.792,-2.1
2018-01-04 04:35:00,1.07977624914377,0.00742927581944594,0,0,0,0,-5.1,124.48,1.3,79.87,-2.1
2018-01-04 04:36:00,1.08067303382517,0.00727140826449857,0,0,0,0,-5.1,124.266,1.3,79.988,-2.12
2018-01-04 04:37:00,1.08156981850657,0.0071135407095512,0,0,0,0,-5.1,124.052,1.3,80.106,-2.14
2018-01-04 04:38:00,1.08246660318797,0.00695567315460383,0,0,0,0,-5.1,123.838,1.3,80.224,-2.16
2018-01-04 04:39:00,1.08336338786937,0.00679780559965646,0,0,0,0,-5.1,123.624,1.3,80.342,-2.18
2018-01-04 04:40:00,1.08426017255077,0.00663993804470909,0,0,0,0,-5.1,123.41,1.3,80.46,-2.2
2018-01-04 04:41:00,1.08515695723217,0.00691679393251486,0,0,0,0,-5.1,123.194,1.3,80.46,-2.2
2018-01-04 04:42:00,1.08605374191357,0.00719364982032063,0,0,0,0,-5.1,122.978,1.3,80.46,-2.2
2018-01-04 04:43:00,1.08695052659497,0.0074705057081264,0,0,0,0,-5.1,122.762,1.3,80.46,-2.2
2018-01-04 04:44:00,1.08784731127637,0.00774736159593217,0,0,0,0,-5.1,122.546,1.3,80.46,-2.2
2018-01-04 04:45:00,1.08874409595777,0.00802421748373794,0,0,0,0,-5.1,122.33,1.3,80.46,-2.2
2018-01-04 04:46:00,1.08964088063917,0.0078085785264068,0,0,0,0,-5.1,122.118,1.3,80.46,-2.2
2018-01-04 04:47:00,1.09053766532057,0.00759293956907565,0,0,0,0,-5.1,121.906,1.3,80.46,-2.2
2018-01-04 04:48:00,1.09143445000198,0.00737730061174451,0,0,0,0,-5.1,121.694,1.3,80.46,-2.2
2018-01-04 04:49:00,1.09233123468338,0.00716166165441336,0,0,0,0,-5.1,121.482,1.3,80.46,-2.2
2018-01-04 04:50:00,1.09322801936478,0.00694602269708222,0,0,0,0,-5.1,121.27,1.3,80.46,-2.2
2018-01-04 04:51:00,1.09412480404618,0.00704537468589725,0,0,0,0,-5.1,121.056,1.3,80.58,-2.22
2018-01-04 04:52:00,1.09502158872758,0.00714472667471228,0,0,0,0,-5.1,120.842,1.3,80.7,-2.24
2018-01-04 04:53:00,1.09591837340898,0.00724407866352731,0,0,0,0,-5.1,120.628,1.3,80.82,-2.26
2018-01-04 04:54:00,1.09681515809038,0.00734343065234234,0,0,0,0,-5.1,120.414,1.3,80.94,-2.28
2018-01-04 04:55:00,1.09771194277178,0.00744278264115737,0,0,0,0,-5.1,120.2,1.3,81.06,-2.3
2018-01-04 04:56:00,1.09860872745318,0.00751972749714697,0,0,0,0,-5.1,119.986,1.3,81.06,-2.3
2018-01-04 04:57:00,1.09950551213458,0.00759667235313656,0,0,0,0,-5.1,119.772,1.3,81.06,-2.3
2018-01-04 04:58:00,1.10040229681598,0.00767361720912616,0,0,0,0,-5.1,119.558,1.3,81.06,-2.3
2018-01-04 04:59:00,1.10129908149738,0.00775056206511575,0,0,0,0,-5.1,119.344,1.3,81.06,-2.3
2018-01-04 05:00:00,1.10219586617878,0.00782750692110535,0,0,0,0,-5.1,119.13,1.3,81.06,-2.3
2018-01-04 05:01:00,1.1032416356469,0.00761765490274368,0,0,0,0,-5.1,118.918,1.3,81.06,-2.3
2018-01-04 05:02:00,1.10428740511502,0.00740780288438202,0,0,0,0,-5.1,118.706,1.3,81.06,-2.3
2018-01-04 05:03:00,1.10533317458313,0.00719795086602035,0,0,0,0,-5.1,118.494,1.3,81.06,-2.3
2018-01-04 05:04:00,1.10637894405125,0.00698809884765869,0,0,0,0,-5.1,118.282,1.3,81.06,-2.3
2018-01-04 05:05:00,1.10742471351937,0.00677824682929702,0,0,0,0,-5.1,118.07,1.3,81.06,-2.3
2018-01-04 05:06:00,1.10847048298749,0.00688055033244727,0,0,0,0,-5.1,117.856,1.3,81.06,-2.3
2018-01-04 05:07:00,1.10951625245561,0.00698285383559753,0,0,0,0,-5.1,117.642,1.3,81.06,-2.3
2018-01-04 05:08:00,1.11056202192372,0.00708515733874778,0,0,0,0,-5.1,117.428,1.3,81.06,-2.3
2018-01-04 05:09:00,1.11160779139184,0.00718746084189804,0,0,0,0,-5.1,117.214,1.3,81.06,-2.3
2018-01-04 05:10:00,1.11265356085996,0.00728976434504829,0,0,0,0,-5.1,117,1.3,81.06,-2.3
2018-01-04 05:11:00,1.11369933032808,0.0073862490007613,0,0,0,0,-5.1,116.788,1.3,81.18,-2.32
2018-01-04 05:12:00,1.11474509979619,0.0074827336564743,0,0,0,0,-5.1,116.576,1.3,81.3,-2.34
2018-01-04 05:13:00,1.11579086926431,0.0075792183121873,0,0,0,0,-5.1,116.364,1.3,81.42,-2.36
2018-01-04 05:14:00,1.11683663873243,0.0076757029679003,0,0,0,0,-5.1,116.152,1.3,81.54,-2.38
2018-01-04 05:15:00,1.11788240820055,0.00777218762361331,0,0,0,0,-5.1,115.94,1.3,81.66,-2.4
2018-01-04 05:16:00,1.11892817766866,0.00763711333250719,0,0,0,0,-5.1,115.728,1.3,81.66,-2.4
2018-01-04 05:17:00,1.11997394713678,0.00750203904140107,0,0,0,0,-5.1,115.516,1.3,81.66,-2.4
2018-01-04 05:18:00,1.1210197166049,0.00736696475029495,0,0,0,0,-5.1,115.304,1.3,81.66,-2.4
2018-01-04 05:19:00,1.12206548607302,0.00723189045918884,0,0,0,0,-5.1,115.092,1.3,81.66,-2.4
2018-01-04 05:20:00,1.12311125554114,0.00709681616808272,0,0,0,0,-5.1,114.88,1.3,81.66,-2.4
2018-01-04 05:21:00,1.12415702500925,0.00750001459177682,0,0,0,0,-5.1,114.67,1.3,81.66,-2.4
2018-01-04 05:22:00,1.12520279447737,0.00790321301547092,0,0,0,0,-5.1,114.46,1.3,81.66,-2.4
2018-01-04 05:23:00,1.12624856394549,0.00830641143916502,0,0,0,0,-5.1,114.25,1.3,81.66,-2.4
2018-01-04 05:24:00,1.12729433341361,0.00870960986285912,0,0,0,0,-5.1,114.04,1.3,81.66,-2.4
2018-01-04 05:25:00,1.12834010288172,0.00911280828655322,0,0,0,0,-5.1,113.83,1.3,81.66,-2.4
2018-01-04 05:26:00,1.12938587234984,0.00905745958155893,0,0,0,0,-5.1,113.618,1.3,81.78,-2.42
2018-01-04 05:27:00,1.13043164181796,0.00900211087656464,0,0,0,0,-5.1,113.406,1.3,81.9,-2.44
2018-01-04 05:28:00,1.13147741128608,0.00894676217157034,0,0,0,0,-5.1,113.194,1.3,82.02,-2.46
2018-01-04 05:29:00,1.13252318075419,0.00889141346657605,0,0,0,0,-5.1,112.982,1.3,82.14,-2.48
2018-01-04 05:30:00,1.13356895022231,0.00883606476158176,0,0,0,0,-5.1,112.77,1.3,82.26,-2.5
2018-01-04 05:31:00,1.13461471969043,0.00861738147116549,0,0,0,0,-5.1,112.56,1.3,82.3,-2.5
2018-01-04 05:32:00,1.13566048915855,0.00839869818074923,0,0,0,0,-5.1,112.35,1.3,82.34,-2.5
2018-01-04 05:33:00,1.13670625862666,0.00818001489033296,0,0,0,0,-5.1,112.14,1.3,82.38,-2.5
2018-01-04 05:34:00,1.13775202809478,0.00796133159991669,0,0,0,0,-5.1,111.93,1.3,82.42,-2.5
2018-01-04 05:35:00,1.1387977975629,0.00774264830950043,0,0,0,0,-5.1,111.72,1.3,82.46,-2.5
2018-01-04 05:36:00,1.13984356703102,0.00776602441551075,0,0,0,0,-5.1,111.51,1.3,82.46,-2.5
2018-01-04 05:37:00,1.14088933649914,0.00778940052152107,0,0,0,0,-5.1,111.3,1.3,82.46,-2.5
2018-01-04 05:38:00,1.14193510596725,0.00781277662753139,0,0,0,0,-5.1,111.09,1.3,82.46,-2.5
2018-01-04 05:39:00,1.14298087543537,0.00783615273354171,0,0,0,0,-5.1,110.88,1.3,82.46,-2.5
2018-01-04 05:40:00,1.14402664490349,0.00785952883955203,0,0,0,0,-5.1,110.67,1.3,82.46,-2.5
2018-01-04 05:41:00,1.14507241437161,0.00787273090098507,0,0,0,0,-5.1,110.462,1.3,82.46,-2.5
2018-01-04 05:42:00,1.14611818383972,0.00788593296241812,0,0,0,0,-5.1,110.254,1.3,82.46,-2.5
2018-01-04 05:43:00,1.14716395330784,0.00789913502385116,0,0,0,0,-5.1,110.046,1.3,82.46,-2.5
2018-01-04 05:44:00,1.14820972277596,0.00791233708528421,0,0,0,0,-5.1,109.838,1.3,82.46,-2.5
2018-01-04 05:45:00,1.14925549224408,0.00792553914671725,0,0,0,0,-5.1,109.63,1.3,82.46,-2.5
2018-01-04 05:46:00,1.15030126171219,0.00776753256999136,0,0,0,0,-5.1,109.42,1.3,82.582,-2.52
2018-01-04 05:47:00,1.15134703118031,0.00760952599326547,0,0,0,0,-5.1,109.21,1.3,82.704,-2.54
2018-01-04 05:48:00,1.15239280064843,0.00745151941653957,0,0,0,0,-5.1,109,1.3,82.826,-2.56
2018-01-04 05:49:00,1.15343857011655,0.00729351283981368,0,0,0,0,-5.1,108.79,1.3,82.948,-2.58
2018-01-04 05:50:00,1.15448433958467,0.00713550626308778,0,0,0,0,-5.1,108.58,1.3,83.07,-2.6
2018-01-04 05:51:00,1.15553010905278,0.00723389536790191,0,0,0,0,-5.1,108.372,1.3,83.07,-2.6
2018-01-04 05:52:00,1.1565758785209,0.00733228447271604,0,0,0,0,-5.1,108.164,1.3,83.07,-2.6
2018-01-04 05:53:00,1.15762164798902,0.00743067357753016,0,0,0,0,-5.1,107.956,1.3,83.07,-2.6
2018-01-04 05:54:00,1.15866741745714,0.00752906268234429,0,0,0,0,-5.1,107.748,1.3,83.07,-2.6
2018-01-04 05:55:00,1.15971318692525,0.00762745178715842,0,0,0,0,-5.1,107.54,1.3,83.07,-2.6
2018-01-04 05:56:00,1.16075895639337,0.00749588339659234,0,0,0,0,-5.1,107.332,1.3,83.07,-2.6
2018-01-04 05:57:00,1.16180472586149,0.00736431500602626,0,0,0,0,-5.1,107.124,1.3,83.07,-2.6
2018-01-04 05:58:00,1.16285049532961,0.00723274661546018,0,0,0,0,-5.1,106.916,1.3,83.07,-2.6
2018-01-04 05:59:00,1.16389626479772,0.0071011782248941,0,0,0,0,-5.1,106.708,1.3,83.07,-2.6
2018-01-04 06:00:00,1.16494203426584,0.00696960983432803,0,0,0,0,-5.1,106.5,1.3,83.07,-2.6
2018-01-04 06:01:00,1.16521238692444,0.00692541498331099,0,0,0,0,-5.1,106.292,1.3,83.07,-2.6
2018-01-04 06:02:00,1.16548273958304,0.00688122013229395,0,0,0,0,-5.1,106.084,1.3,83.07,-2.6
2018-01-04 06:03:00,1.16575309224164,0.00683702528127691,0,0,0,0,-5.1,105.876,1.3,83.07,-2.6
2018-01-04 06:04:00,1.16602344490024,0.00679283043025988,0,0,0,0,-5.1,105.668,1.3,83.07,-2.6
2018-01-04 06:05:00,1.16629379755884,0.00674863557924284,0,0,0,0,-5.1,105.46,1.3,83.07,-2.6
2018-01-04 06:06:00,1.16656415021744,0.00699883135735153,0,0,0,0,-5.1,105.254,1.3,83.07,-2.6
2018-01-04 06:07:00,1.16683450287604,0.00724902713546023,0,0,0,0,-5.1,105.048,1.3,83.07,-2.6
2018-01-04 06:08:00,1.16710485553464,0.00749922291356892,0,0,0,0,-5.1,104.842,1.3,83.07,-2.6
2018-01-04 06:09:00,1.16737520819324,0.00774941869167762,0,0,0,0,-5.1,104.636,1.3,83.07,-2.6
2018-01-04 06:10:00,1.16764556085184,0.00799961446978631,0,0,0,0,-5.1,104.43,1.3,83.07,-2.6
2018-01-04 06:11:00,1.16791591351044,0.0081487381087799,0,0,0,0,-5.1,104.224,1.3,82.948,-2.58
2018-01-04 06:12:00,1.16818626616904,0.0082978617477735,0,0,0,0,-5.1,104.018,1.3,82.826,-2.56
2018-01-04 06:13:00,1.16845661882764,0.00844698538676709,0,0,0,0,-5.1,103.812,1.3,82.704,-2.54
2018-01-04 06:14:00,1.16872697148624,0.00859610902576068,0,0,0,0,-5.1,103.606,1.3,82.582,-2.52
2018-01-04 06:15:00,1.16899732414484,0.00874523266475427,0,0,0,0,-5.1,103.4,1.3,82.46,-2.5
2018-01-04 06:16:00,1.16926767680344,0.00855170456760658,0,0,0,0,-5.1,103.196,1.3,82.46,-2.5
2018-01-04 06:17:00,1.16953802946203,0.00835817647045889,0,0,0,0,-5.1,102.992,1.3,82.46,-2.5
2018-01-04 06:18:00,1.16980838212063,0.00816464837331119,0,0,0,0,-5.1,102.788,1.3,82.46,-2.5
2018-01-04 06:19:00,1.17007873477923,0.0079711202761635,0,0,0,0,-5.1,102.584,1.3,82.46,-2.5
2018-01-04 06:20:00,1.17034908743783,0.00777759217901581,0,0,0,0,-5.1,102.38,1.3,82.46,-2.5
2018-01-04 06:21:00,1.17061944009643,0.0075498408339687,0,0,0,0,-5.1,102.174,1.3,82.338,-2.48
2018-01-04 06:22:00,1.17088979275503,0.00732208948892158,0,0,0,0,-5.1,101.968,1.3,82.216,-2.46
2018-01-04 06:23:00,1.17116014541363,0.00709433814387447,0,0,0,0,-5.1,101.762,1.3,82.094,-2.44
2018-01-04 06:24:00,1.17143049807223,0.00686658679882735,0,0,0,0,-5.1,101.556,1.3,81.972,-2.42
2018-01-04 06:25:00,1.17170085073083,0.00663883545378024,0,0,0,0,-5.1,101.35,1.3,81.85,-2.4
2018-01-04 06:26:00,1.17197120338943,0.00695645037772997,0,0,0,0,-5.1,101.146,1.3,81.85,-2.4
2018-01-04 06:27:00,1.17224155604803,0.00727406530167971,0,0,0,0,-5.1,100.942,1.3,81.85,-2.4
2018-01-04 06:28:00,1.17251190870663,0.00759168022562944,0,0,0,0,-5.1,100.738,1.3,81.85,-2.4
2018-01-04 06:29:00,1.17278226136523,0.00790929514957918,0,0,0,0,-5.1,100.534,1.3,81.85,-2.4
2018-01-04 06:30:00,1.17305261402383,0.00822691007352891,0,0,0,0,-5.1,100.33,1.3,81.85,-2.4
2018-01-04 06:31:00,1.17332296668243,0.00805188432611483,0,0,0,0,-5,100.128,1.3,82.49,-2.4
2018-01-04 06:32:00,1.17359331934103,0.00787685857870075,0,0,0,0,-4.9,99.926,1.3,83.13,-2.4
2018-01-04 06:33:00,1.17386367199963,0.00770183283128667,0,0,0,0,-4.8,99.724,1.3,83.77,-2.4
2018-01-04 06:34:00,1.17413402465823,0.00752680708387259,0,0,0,0,-4.7,99.522,1.3,84.41,-2.4
2018-01-04 06:35:00,1.17440437731683,0.00735178133645851,0,0,0,0,-4.6,99.32,1.3,85.05,-2.4
2018-01-04 06:36:00,1.17467472997543,0.00710570755441108,0,0,0,0,-4.6,99.116,1.3,84.924,-2.38
2018-01-04 06:37:00,1.17494508263403,0.00685963377236366,0,0,0,0,-4.6,98.912,1.3,84.798,-2.36
2018-01-04 06:38:00,1.17521543529263,0.00661355999031623,0,0,0,0,-4.6,98.708,1.3,84.672,-2.34
2018-01-04 06:39:00,1.17548578795123,0.0063674862082688,0,0,0,0,-4.6,98.504,1.3,84.546,-2.32
2018-01-04 06:40:00,1.17575614060982,0.00612141242622138,0,0,0,0,-4.6,98.3,1.3,84.42,-2.3
2018-01-04 06:41:00,1.17602649326842,0.00642451137037056,0,0,0,0,-4.6,98.1,1.3,84.42,-2.3
2018-01-04 06:42:00,1.17629684592702,0.00672761031451975,0,0,0,0,-4.6,97.9,1.3,84.42,-2.3
2018-01-04 06:43:00,1.17656719858562,0.00703070925866893,0,0,0,0,-4.6,97.7,1.3,84.42,-2.3
2018-01-04 06:44:00,1.17683755124422,0.00733380820281812,0,0,0,0,-4.6,97.5,1.3,84.42,-2.3
2018-01-04 06:45:00,1.17710790390282,0.0076369071469673,0,0,0,0,-4.6,97.3,1.3,84.42,-2.3
2018-01-04 06:46:00,1.17737825656142,0.00761672693640661,0,0,0,0,-4.6,97.098,1.3,84.42,-2.3
2018-01-04 06:47:00,1.17764860922002,0.00759654672584592,0,0,0,0,-4.6,96.896,1.3,84.42,-2.3
2018-01-04 06:48:00,1.17791896187862,0.00757636651528524,0,0,0,0,-4.6,96.694,1.3,84.42,-2.3
2018-01-04 06:49:00,1.17818931453722,0.00755618630472455,0,0,0,0,-4.6,96.492,1.3,84.42,-2.3
2018-01-04 06:50:00,1.17845966719582,0.00753600609416386,0,0,0,0,-4.6,96.29,1.3,84.42,-2.3
2018-01-04 06:51:00,1.17873001985442,0.00757622452638346,0,0,0,0,-4.6,96.09,1.3,84.296,-2.28
2018-01-04 06:52:00,1.17900037251302,0.00761644295860306,0,0,0,0,-4.6,95.89,1.3,84.172,-2.26
2018-01-04 06:53:00,1.17927072517162,0.00765666139082266,0,0,0,0,-4.6,95.69,1.3,84.048,-2.24
2018-01-04 06:54:00,1.17954107783022,0.00769687982304226,0,0,0,0,-4.6,95.49,1.3,83.924,-2.22
2018-01-04 06:55:00,1.17981143048882,0.00773709825526185,0,0,0,0,-4.6,95.29,1.3,83.8,-2.2
2018-01-04 06:56:00,1.18008178314742,0.00778005703988449,0,0,0,0,-4.6,95.092,1.3,83.8,-2.2
2018-01-04 06:57:00,1.18035213580602,0.00782301582450712,0,0,0,0,-4.6,94.894,1.3,83.8,-2.2
2018-01-04 06:58:00,1.18062248846462,0.00786597460912975,0,0,0,0,-4.6,94.696,1.3,83.8,-2.2
2018-01-04 06:59:00,1.18089284112322,0.00790893339375239,0,0,0,0,-4.6,94.498,1.3,83.8,-2.2
2018-01-04 07:00:00,1.18116319378182,0.00795189217837502,0,0,0,0,-4.6,94.3,1.3,83.8,-2.2
2018-01-04 07:01:00,1.18077756048982,0.0077538447887859,0,0,0,0,-4.6,94.1,1.3,83.45,-2.14
2018-01-04 07:02:00,1.18039192719782,0.00755579739919677,0,0,0,0,-4.6,93.9,1.3,83.1,-2.08
2018-01-04 07:03:00,1.18000629390582,0.00735775000960764,0,0,0,0,-4.6,93.7,1.3,82.75,-2.02
2018-01-04 07:04:00,1.17962066061382,0.00715970262001852,0,0,0,0,-4.6,93.5,1.3,82.4,-1.96
2018-01-04 07:05:00,1.17923502732182,0.00696165523042939,0,0,0,0,-4.6,93.3,1.3,82.05,-1.9
2018-01-04 07:06:00,1.17884939402983,0.00753836617879513,0,0,0,0,-4.6,93.104,1.32,81.81,-1.86
2018-01-04 07:07:00,1.17846376073783,0.00811507712716086,0,0,0,0,-4.6,92.908,1.34,81.57,-1.82
2018-01-04 07:08:00,1.17807812744583,0.00869178807552659,0,0,0,0,-4.6,92.712,1.36,81.33,-1.78
2018-01-04 07:09:00,1.17769249415383,0.00926849902389233,0,0,0,0,-4.6,92.516,1.38,81.09,-1.74
2018-01-04 07:10:00,1.17730686086183,0.00984520997225806,0,0,0,0,-4.6,92.32,1.4,80.85,-1.7
2018-01-04 07:11:00,1.17692122756983,0.00994705594574508,0,0,0,0,-4.6,92.124,1.42,80.498,-1.64
2018-01-04 07:12:00,1.17653559427784,0.0100489019192321,0,0,0,0,-4.6,91.928,1.44,80.146,-1.58
2018-01-04 07:13:00,1.17614996098584,0.0101507478927191,0,0,0,0,-4.6,91.732,1.46,79.794,-1.52
2018-01-04 07:14:00,1.17576432769384,0.0102525938662061,0,0,0,0,-4.6,91.536,1.48,79.442,-1.46
2018-01-04 07:15:00,1.17537869440184,0.0103544398396932,0,0,0,0,-4.6,91.34,1.5,79.09,-1.4
2018-01-04 07:16:00,1.17499306110984,0.0104165984251718,0,0,0,0,-4.6,91.03,1.52,78.86,-1.36
2018-01-04 07:17:00,1.17460742781784,0.0104787570106505,0,0,0,0,-4.6,90.72,1.54,78.63,-1.32
2018-01-04 07:18:00,1.17422179452585,0.0105409155961291,0,0,0,0,-4.6,90.41,1.56,78.4,-1.28
2018-01-04 07:19:00,1.17383616123385,0.0106030741816078,0,0,0,0,-4.6,90.1,1.58,78.17,-1.24
2018-01-04 07:20:00,1.17345052794185,0.0106652327670865,0,0,0,0,-4.6,89.79,1.6,77.94,-1.2
2018-01-04 07:21:00,1.17306489464985,0.0109620976839869,0,2.2,44.2,3,-4.6,89.624,1.6,77.602,-1.14
2018-01-04 07:22:00,1.17267926135785,0.0112589626008873,0,4.4,88.4,6,-4.6,89.458,1.6,77.264,-1.08
2018-01-04 07:23:00,1.17229362806585,0.0115558275177878,0,6.6,132.6,9,-4.6,89.292,1.6,76.926,-1.02
2018-01-04 07:24:00,1.17190799477386,0.0118526924346882,0,8.8,176.8,12,-4.6,89.126,1.6,76.588,-0.96
2018-01-04 07:25:00,1.17152236148186,0.0121495573515886,0,11,221,15,-4.6,88.96,1.6,76.25,-0.9
2018-01-04 07:26:00,1.17113672818986,0.0123951615505149,0,11.6,234.8,16.8,-4.6,88.786,1.62,75.92,-0.84
2018-01-04 07:27:00,1.17075109489786,0.0126407657494412,0,12.2,248.6,18.6,-4.6,88.612,1.64,75.59,-0.78
2018-01-04 07:28:00,1.17036546160586,0.0128863699483675,0,12.8,262.4,20.4,-4.6,88.438,1.66,75.26,-0.72
2018-01-04 07:29:00,1.16997982831387,0.0131319741472938,0,13.4,276.2,22.2,-4.6,88.264,1.68,74.93,-0.66
2018-01-04 07:30:00,1.16959419502187,0.0133775783462201,0,14,290,24,-4.6,88.09,1.7,74.6,-0.6
2018-01-04 07:31:00,1.16920856172987,0.0142956626676407,0,14.8,301.8,26.2,-4.42,87.912,1.72,75.328,-0.56
2018-01-04 07:32:00,1.16882292843787,0.0152137469890614,0,15.6,313.6,28.4,-4.24,87.734,1.74,76.056,-0.52
2018-01-04 07:33:00,1.16843729514587,0.016131831310482,0,16.4,325.4,30.6,-4.06,87.556,1.76,76.784,-0.48
2018-01-04 07:34:00,1.16805166185387,0.0170499156319026,0,17.2,337.2,32.8,-3.88,87.378,1.78,77.512,-0.44
2018-01-04 07:35:00,1.16766602856188,0.0179679999533233,0,18,349,35,-3.7,87.2,1.8,78.24,-0.4
2018-01-04 07:36:00,1.16728039526988,0.0177029928035006,0.0061848,18.6,360,37.4,-3.7,87.018,1.8,77.902,-0.34
2018-01-04 07:37:00,1.16689476197788,0.017437985653678,0.0123696,19.2,371,39.8,-3.7,86.836,1.8,77.564,-0.28
2018-01-04 07:38:00,1.16650912868588,0.0171729785038554,0.0185544,19.8,382,42.2,-3.7,86.654,1.8,77.226,-0.22
2018-01-04 07:39:00,1.16612349539388,0.0169079713540328,0.0247392,20.4,393,44.6,-3.7,86.472,1.8,76.888,-0.16
2018-01-04 07:40:00,1.16573786210188,0.0166429642042101,0.030924,21,404,47,-3.7,86.29,1.8,76.55,-0.1
2018-01-04 07:41:00,1.16535222880989,0.0170152804830766,0.0396643,21.6,414,49.8,-3.7,86.106,1.82,76.33,-0.06
2018-01-04 07:42:00,1.16496659551789,0.0173875967619431,0.0484046,22.2,424,52.6,-3.7,85.922,1.84,76.11,-0.02
2018-01-04 07:43:00,1.16458096222589,0.0177599130408096,0.0571449,22.8,434,55.4,-3.7,85.738,1.86,75.89,0.02
2018-01-04 07:44:00,1.16419532893389,0.0181322293196762,0.0658852,23.4,444,58.2,-3.7,85.554,1.88,75.67,0.06
2018-01-04 07:45:00,1.16380969564189,0.0185045455985427,0.0746255,24,454,61,-3.7,85.37,1.9,75.45,0.1
2018-01-04 07:46:00,1.16342406234989,0.0189567602037944,0.0816492,24.6,462.6,63.8,-3.7,85.186,1.92,75.126,0.16
2018-01-04 07:47:00,1.1630384290579,0.0194089748090461,0.0886729,25.2,471.2,66.6,-3.7,85.002,1.94,74.802,0.22
2018-01-04 07:48:00,1.1626527957659,0.0198611894142978,0.0956966,25.8,479.8,69.4,-3.7,84.818,1.96,74.478,0.28
2018-01-04 07:49:00,1.1622671624739,0.0203134040195496,0.1027203,26.4,488.4,72.2,-3.7,84.634,1.98,74.154,0.34
2018-01-04 07:50:00,1.1618815291819,0.0207656186248013,0.109744,27,497,75,-3.7,84.45,2,73.83,0.4
2018-01-04 07:51:00,1.1614958958899,0.0217162645688155,0.1160626,27.6,505,78,-3.7,84.266,2.02,73.514,0.46
2018-01-04 07:52:00,1.1611102625979,0.0226669105128297,0.1223812,28.2,513,81,-3.7,84.082,2.04,73.198,0.52
2018-01-04 07:53:00,1.16072462930591,0.0236175564568439,0.1286998,28.8,521,84,-3.7,83.898,2.06,72.882,0.58
2018-01-04 07:54:00,1.16033899601391,0.0245682024008581,0.1350184,29.4,529,87,-3.7,83.714,2.08,72.566,0.64
2018-01-04 07:55:00,1.15995336272191,0.0255188483448723,0.141337,30,537,90,-3.7,83.53,2.1,72.25,0.7
2018-01-04 07:56:00,1.15956772942991,0.0253377515541151,0.14579645,30.4,544,93.2,-3.7,83.348,2.1,72.044,0.74
2018-01-04 07:57:00,1.15918209613791,0.0251566547633579,0.1502559,30.8,551,96.4,-3.7,83.166,2.1,71.838,0.78
2018-01-04 07:58:00,1.15879646284591,0.0249755579726006,0.15471535,31.2,558,99.6,-3.7,82.984,2.1,71.632,0.82
2018-01-04 07:59:00,1.15841082955392,0.0247944611818434,0.1591748,31.6,565,102.8,-3.7,82.802,2.1,71.426,0.86
2018-01-04 08:00:00,1.15802519626192,0.0246133643910862,0.16363425,32,572,106,-3.7,82.62,2.1,71.22,0.9
2018-01-04 08:01:00,1.15736421403338,0.0249137093510279,0.16801465,32.4,578.4,109,-3.7,82.438,2.1,71.016,0.94
2018-01-04 08:02:00,1.15670323180484,0.0252140543109696,0.17239505,32.8,584.8,112,-3.7,82.256,2.1,70.812,0.98
2018-01-04 08:03:00,1.1560422495763,0.0255143992709113,0.17677545,33.2,591.2,115,-3.7,82.074,2.1,70.608,1.02
2018-01-04 08:04:00,1.15538126734776,0.025814744230853,0.18115585,33.6,597.6,118,-3.7,81.892,2.1,70.404,1.06
2018-01-04 08:05:00,1.15472028511922,0.0261150891907947,0.18553625,34,604,121,-3.7,81.71,2.1,70.2,1.1
2018-01-04 08:06:00,1.15405930289068,0.0262765145248971,0.190012,34.6,609.6,124.4,-3.7,81.528,2.1,70,1.14
2018-01-04 08:07:00,1.15339832066214,0.0264379398589995,0.19448775,35.2,615.2,127.8,-3.7,81.346,2.1,69.8,1.18
2018-01-04 08:08:00,1.1527373384336,0.0265993651931019,0.1989635,35.8,620.8,131.2,-3.7,81.164,2.1,69.6,1.22
2018-01-04 08:09:00,1.15207635620506,0.0267607905272043,0.20343925,36.4,626.4,134.6,-3.7,80.982,2.1,69.4,1.26
2018-01-04 08:10:00,1.15141537397653,0.0269222158613067,0.207915,37,632,138,-3.7,80.8,2.1,69.2,1.3
2018-01-04 08:11:00,1.15075439174799,0.0259858269978308,0.21228315,37.4,637.4,141.2,-3.7,80.62,2.08,69.004,1.34
2018-01-04 08:12:00,1.15009340951945,0.0250494381343549,0.2166513,37.8,642.8,144.4,-3.7,80.44,2.06,68.808,1.38
2018-01-04 08:13:00,1.14943242729091,0.024113049270879,0.22101945,38.2,648.2,147.6,-3.7,80.26,2.04,68.612,1.42
2018-01-04 08:14:00,1.14877144506237,0.0231766604074031,0.2253876,38.6,653.6,150.8,-3.7,80.08,2.02,68.416,1.46
2018-01-04 08:15:00,1.14811046283383,0.0222402715439272,0.22975575,39,659,154,-3.7,79.9,2,68.22,1.5
2018-01-04 08:16:00,1.14744948060529,0.0222322124782458,0.2340046,39.4,663.6,157.4,-3.7,79.722,2,68.026,1.54
2018-01-04 08:17:00,1.14678849837675,0.0222241534125644,0.23825345,39.8,668.2,160.8,-3.7,79.544,2,67.832,1.58
2018-01-04 08:18:00,1.14612751614821,0.022216094346883,0.2425023,40.2,672.8,164.2,-3.7,79.366,2,67.638,1.62
2018-01-04 08:19:00,1.14546653391967,0.0222080352812016,0.24675115,40.6,677.4,167.6,-3.7,79.188,2,67.444,1.66
2018-01-04 08:20:00,1.14480555169113,0.0221999762155202,0.251,41,682,171,-3.7,79.01,2,67.25,1.7
2018-01-04 08:21:00,1.14414456946259,0.0224527454120783,0.2550895,41.2,686.4,174.2,-3.7,78.832,2,67.058,1.74
2018-01-04 08:22:00,1.14348358723405,0.0227055146086364,0.259179,41.4,690.8,177.4,-3.7,78.654,2,66.866,1.78
2018-01-04 08:23:00,1.14282260500552,0.0229582838051946,0.2632685,41.6,695.2,180.6,-3.7,78.476,2,66.674,1.82
2018-01-04 08:24:00,1.14216162277698,0.0232110530017527,0.267358,41.8,699.6,183.8,-3.7,78.298,2,66.482,1.86
2018-01-04 08:25:00,1.14150064054844,0.0234638221983108,0.2714475,42,704,187,-3.7,78.12,2,66.29,1.9
2018-01-04 08:26:00,1.1408396583199,0.0225351342216847,0.2757125,42.4,708.2,190.4,-3.7,77.944,1.98,66.104,1.94
2018-01-04 08:27:00,1.14017867609136,0.0216064462450585,0.2799775,42.8,712.4,193.8,-3.7,77.768,1.96,65.918,1.98
2018-01-04 08:28:00,1.13951769386282,0.0206777582684323,0.2842425,43.2,716.6,197.2,-3.7,77.592,1.94,65.732,2.02
2018-01-04 08:29:00,1.13885671163428,0.0197490702918062,0.2885075,43.6,720.8,200.6,-3.7,77.416,1.92,65.546,2.06
2018-01-04 08:30:00,1.13819572940574,0.01882038231518,0.2927725,44,725,204,-3.7,77.24,1.9,65.36,2.1
2018-01-04 08:31:00,1.1375347471772,0.0189393790471279,0.296675,44.4,728,207.2,-3.56,77.066,1.9,65.86,2.14
2018-01-04 08:32:00,1.13687376494866,0.0190583757790758,0.3005775,44.8,731,210.4,-3.42,76.892,1.9,66.36,2.18
2018-01-04 08:33:00,1.13621278272012,0.0191773725110238,0.30448,45.2,734,213.6,-3.28,76.718,1.9,66.86,2.22
2018-01-04 08:34:00,1.13555180049158,0.0192963692429717,0.3083825,45.6,737,216.8,-3.14,76.544,1.9,67.36,2.26
2018-01-04 08:35:00,1.13489081826304,0.0194153659749196,0.312285,46,740,220,-3,76.37,1.9,67.86,2.3
2018-01-04 08:36:00,1.1342298360345,0.0189894294268197,0.31624,46.2,743.6,223.4,-3,76.196,1.9,67.67,2.34
2018-01-04 08:37:00,1.13356885380597,0.0185634928787197,0.320195,46.4,747.2,226.8,-3,76.022,1.9,67.48,2.38
2018-01-04 08:38:00,1.13290787157743,0.0181375563306198,0.32415,46.6,750.8,230.2,-3,75.848,1.9,67.29,2.42
2018-01-04 08:39:00,1.13224688934889,0.0177116197825198,0.328105,46.8,754.4,233.6,-3,75.674,1.9,67.1,2.46
2018-01-04 08:40:00,1.13158590712035,0.0172856832344199,0.33206,47,758,237,-3,75.5,1.9,66.91,2.5
2018-01-04 08:41:00,1.13092492489181,0.0168835714581817,0.3359785,47.4,761,240.4,-3,75.33,1.88,66.72,2.54
2018-01-04 08:42:00,1.13026394266327,0.0164814596819434,0.339897,47.8,764,243.8,-3,75.16,1.86,66.53,2.58
2018-01-04 08:43:00,1.12960296043473,0.0160793479057052,0.3438155,48.2,767,247.2,-3,74.99,1.84,66.34,2.62
2018-01-04 08:44:00,1.12894197820619,0.015677236129467,0.347734,48.6,770,250.6,-3,74.82,1.82,66.15,2.66
2018-01-04 08:45:00,1.12828099597765,0.0152751243532287,0.3516525,49,773,254,-3,74.65,1.8,65.96,2.7
2018-01-04 08:46:00,1.12762001374911,0.0156163212290958,0.355408,49.2,776,257.2,-3,74.48,1.8,65.868,2.72
2018-01-04 08:47:00,1.12695903152057,0.015957518104963,0.3591635,49.4,779,260.4,-3,74.31,1.8,65.776,2.74
2018-01-04 08:48:00,1.12629804929203,0.0162987149808301,0.362919,49.6,782,263.6,-3,74.14,1.8,65.684,2.76
2018-01-04 08:49:00,1.12563706706349,0.0166399118566972,0.3666745,49.8,785,266.8,-3,73.97,1.8,65.592,2.78
2018-01-04 08:50:00,1.12497608483496,0.0169811087325643,0.37043,50,788,270,-3,73.8,1.8,65.5,2.8
2018-01-04 08:51:00,1.12431510260642,0.0168289125039189,0.3741045,50.2,790.8,273.2,-3,73.632,1.8,65.316,2.84
2018-01-04 08:52:00,1.12365412037788,0.0166767162752736,0.377779,50.4,793.6,276.4,-3,73.464,1.8,65.132,2.88
2018-01-04 08:53:00,1.12299313814934,0.0165245200466282,0.3814535,50.6,796.4,279.6,-3,73.296,1.8,64.948,2.92
2018-01-04 08:54:00,1.1223321559208,0.0163723238179828,0.385128,50.8,799.2,282.8,-3,73.128,1.8,64.764,2.96
2018-01-04 08:55:00,1.12167117369226,0.0162201275893374,0.3888025,51,802,286,-3,72.96,1.8,64.58,3
2018-01-04 08:56:00,1.12101019146372,0.0158245580379163,0.3925435,51.4,804.6,289.4,-3,72.794,1.78,64.398,3.04
2018-01-04 08:57:00,1.12034920923518,0.0154289884864953,0.3962845,51.8,807.2,292.8,-3,72.628,1.76,64.216,3.08
2018-01-04 08:58:00,1.11968822700664,0.0150334189350742,0.4000255,52.2,809.8,296.2,-3,72.462,1.74,64.034,3.12
2018-01-04 08:59:00,1.1190272447781,0.0146378493836531,0.4037665,52.6,812.4,299.6,-3,72.296,1.72,63.852,3.16
2018-01-04 09:00:00,1.11836626254956,0.014242279832232,0.4075075,53,815,303,-3,72.13,1.7,63.67,3.2
2018-01-04 09:01:00,1.11766109160708,0.0147068866740006,0.410985,53.2,817.4,306,-3,71.968,1.72,63.404,3.26
2018-01-04 09:02:00,1.11695592066459,0.0151714935157693,0.4144625,53.4,819.8,309,-3,71.806,1.74,63.138,3.32
2018-01-04 09:03:00,1.11625074972211,0.0156361003575379,0.41794,53.6,822.2,312,-3,71.644,1.76,62.872,3.38
2018-01-04 09:04:00,1.11554557877962,0.0161007071993066,0.4214175,53.8,824.6,315,-3,71.482,1.78,62.606,3.44
2018-01-04 09:05:00,1.11484040783714,0.0165653140410752,0.424895,54,827,318,-3,71.32,1.8,62.34,3.5
2018-01-04 09:06:00,1.11413523689465,0.0165854377671832,0.4282635,54.2,829.2,321.2,-3,71.158,1.8,62.166,3.54
2018-01-04 09:07:00,1.11343006595216,0.0166055614932912,0.431632,54.4,831.4,324.4,-3,70.996,1.8,61.992,3.58
2018-01-04 09:08:00,1.11272489500968,0.0166256852193992,0.4350005,54.6,833.6,327.6,-3,70.834,1.8,61.818,3.62
2018-01-04 09:09:00,1.11201972406719,0.0166458089455072,0.438369,54.8,835.8,330.8,-3,70.672,1.8,61.644,3.66
2018-01-04 09:10:00,1.11131455312471,0.0166659326716152,0.4417375,55,838,334,-3,70.51,1.8,61.47,3.7
2018-01-04 09:11:00,1.11060938218222,0.0170935549650244,0.44445,55.2,840,337.2,-3,70.35,1.8,61.214,3.76
2018-01-04 09:12:00,1.10990421123974,0.0175211772584336,0.4471625,55.4,842,340.4,-3,70.19,1.8,60.958,3.82
2018-01-04 09:13:00,1.10919904029725,0.0179487995518427,0.449875,55.6,844,343.6,-3,70.03,1.8,60.702,3.88
2018-01-04 09:14:00,1.10849386935477,0.0183764218452519,0.4525875,55.8,846,346.8,-3,69.87,1.8,60.446,3.94
2018-01-04 09:15:00,1.10778869841228,0.0188040441386611,0.4553,56,848,350,-3,69.71,1.8,60.19,4
2018-01-04 09:16:00,1.1070835274698,0.0185450772364572,0.4585065,56.2,850,353,-3,69.554,1.8,60.022,4.04
2018-01-04 09:17:00,1.10637835652731,0.0182861103342534,0.461713,56.4,852,356,-3,69.398,1.8,59.854,4.08
2018-01-04 09:18:00,1.10567318558482,0.0180271434320495,0.4649195,56.6,854,359,-3,69.242,1.8,59.686,4.12
2018-01-04 09:19:00,1.10496801464234,0.0177681765298456,0.468126,56.8,856,362,-3,69.086,1.8,59.518,4.16
2018-01-04 09:20:00,1.10426284369985,0.0175092096276417,0.4713325,57,858,365,-3,68.93,1.8,59.35,4.2
2018-01-04 09:21:00,1.10355767275737,0.017669131563297,0.4743905,57.2,859.8,368,-3,68.776,1.8,59.104,4.26
2018-01-04 09:22:00,1.10285250181488,0.0178290534989523,0.4774485,57.4,861.6,371,-3,68.622,1.8,58.858,4.32
2018-01-04 09:23:00,1.1021473308724,0.0179889754346075,0.4805065,57.6,863.4,374,-3,68.468,1.8,58.612,4.38
2018-01-04 09:24:00,1.10144215992991,0.0181488973702628,0.4835645,57.8,865.2,377,-3,68.314,1.8,58.366,4.44
2018-01-04 09:25:00,1.10073698898743,0.0183088193059181,0.4866225,58,867,380,-3,68.16,1.8,58.12,4.5
2018-01-04 09:26:00,1.10003181804494,0.0177436964666114,0.4896345,58.2,868.8,383,-3,68.008,1.8,57.88,4.56
2018-01-04 09:27:00,1.09932664710246,0.0171785736273047,0.4926465,58.4,870.6,386,-3,67.856,1.8,57.64,4.62
2018-01-04 09:28:00,1.09862147615997,0.016613450787998,0.4956585,58.6,872.4,389,-3,67.704,1.8,57.4,4.68
2018-01-04 09:29:00,1.09791630521748,0.0160483279486913,0.4986705,58.8,874.2,392,-3,67.552,1.8,57.16,4.74
2018-01-04 09:30:00,1.097211134275,0.0154832051093846,0.5016825,59,876,395,-3,67.4,1.8,56.92,4.8
2018-01-04 09:31:00,1.09650596333251,0.0158373227918683,0.5042645,59.2,877,397.8,-3.34,67.25,1.8,55.474,4.84
2018-01-04 09:32:00,1.09580079239003,0.0161914404743519,0.5068465,59.4,878,400.6,-3.68,67.1,1.8,54.028,4.88
2018-01-04 09:33:00,1.09509562144754,0.0165455581568355,0.5094285,59.6,879,403.4,-4.02,66.95,1.8,52.582,4.92
2018-01-04 09:34:00,1.09439045050506,0.0168996758393191,0.5120105,59.8,880,406.2,-4.36,66.8,1.8,51.136,4.96
2018-01-04 09:35:00,1.09368527956257,0.0172537935218027,0.5145925,60,881,409,-4.7,66.65,1.8,49.69,5
2018-01-04 09:36:00,1.09298010862009,0.0174073269265095,0.5174255,60.2,882.6,412,-4.7,66.502,1.8,49.484,5.06
2018-01-04 09:37:00,1.0922749376776,0.0175608603312162,0.5202585,60.4,884.2,415,-4.7,66.354,1.8,49.278,5.12
2018-01-04 09:38:00,1.09156976673512,0.017714393735923,0.5230915,60.6,885.8,418,-4.7,66.206,1.8,49.072,5.18
2018-01-04 09:39:00,1.09086459579263,0.0178679271406298,0.5259245,60.8,887.4,421,-4.7,66.058,1.8,48.866,5.24
2018-01-04 09:40:00,1.09015942485014,0.0180214605453366,0.5287575,61,889,424,-4.7,65.91,1.8,48.66,5.3
2018-01-04 09:41:00,1.08945425390766,0.0176818573921201,0.5314515,61.2,890.4,426.8,-4.7,65.766,1.8,48.526,5.34
2018-01-04 09:42:00,1.08874908296517,0.0173422542389037,0.5341455,61.4,891.8,429.6,-4.7,65.622,1.8,48.392,5.38
2018-01-04 09:43:00,1.08804391202269,0.0170026510856872,0.5368395,61.6,893.2,432.4,-4.7,65.478,1.8,48.258,5.42
2018-01-04 09:44:00,1.0873387410802,0.0166630479324708,0.5395335,61.8,894.6,435.2,-4.7,65.334,1.8,48.124,5.46
2018-01-04 09:45:00,1.08663357013772,0.0163234447792543,0.5422275,62,896,438,-4.7,65.19,1.8,47.99,5.5
2018-01-04 09:46:00,1.08592839919523,0.0165978642950852,0.516431,75.8,821.4,421.8,-4.7,65.05,1.8,47.794,5.56
2018-01-04 09:47:00,1.08522322825275,0.0168722838109161,0.4906345,89.6,746.8,405.6,-4.7,64.91,1.8,47.598,5.62
2018-01-04 09:48:00,1.08451805731026,0.0171467033267469,0.464838,103.4,672.2,389.4,-4.7,64.77,1.8,47.402,5.68
2018-01-04 09:49:00,1.08381288636778,0.0174211228425778,0.4390415,117.2,597.6,373.2,-4.7,64.63,1.8,47.206,5.74
2018-01-04 09:50:00,1.08310771542529,0.0176955423584087,0.413245,131,523,357,-4.7,64.49,1.8,47.01,5.8
2018-01-04 09:51:00,1.08240254448281,0.0170810552858609,0.413891,133,518.2,358,-4.7,64.35,1.8,46.88,5.84
2018-01-04 09:52:00,1.08169737354032,0.0164665682133132,0.414537,135,513.4,359,-4.7,64.21,1.8,46.75,5.88
2018-01-04 09:53:00,1.08099220259783,0.0158520811407655,0.415183,137,508.6,360,-4.7,64.07,1.8,46.62,5.92
2018-01-04 09:54:00,1.08028703165535,0.0152375940682178,0.415829,139,503.8,361,-4.7,63.93,1.8,46.49,5.96
2018-01-04 09:55:00,1.07958186071286,0.0146231069956701,0.416475,141,499,362,-4.7,63.79,1.8,46.36,6
2018-01-04 09:56:00,1.07887668977038,0.0151976866083686,0.421701,140.2,507.4,365.8,-4.7,63.656,1.8,46.172,6.06
2018-01-04 09:57:00,1.07817151882789,0.0157722662210672,0.426927,139.4,515.8,369.6,-4.7,63.522,1.8,45.984,6.12
2018-01-04 09:58:00,1.07746634788541,0.0163468458337657,0.432153,138.6,524.2,373.4,-4.7,63.388,1.8,45.796,6.18
2018-01-04 09:59:00,1.07676117694292,0.0169214254464642,0.437379,137.8,532.6,377.2,-4.7,63.254,1.8,45.608,6.24
2018-01-04 10:00:00,1.07605600600044,0.0174960050591628,0.442605,137,541,381,-4.7,63.12,1.8,45.42,6.3
2018-01-04 10:01:00,1.07529262815759,0.0170635773006851,0.473354,122.6,617,403,-4.7,62.986,1.8,45.356,6.32
2018-01-04 10:02:00,1.07452925031473,0.0166311495422074,0.504103,108.2,693,425,-4.7,62.852,1.8,45.292,6.34
2018-01-04 10:03:00,1.07376587247188,0.0161987217837298,0.534852,93.8,769,447,-4.7,62.718,1.8,45.228,6.36
2018-01-04 10:04:00,1.07300249462903,0.0157662940252521,0.565601,79.4,845,469,-4.7,62.584,1.8,45.164,6.38
2018-01-04 10:05:00,1.07223911678618,0.0153338662667744,0.59635,65,921,491,-4.7,62.45,1.8,45.1,6.4
2018-01-04 10:06:00,1.07147573894333,0.0157165584675518,0.597558,65,922,493.4,-4.7,62.322,1.8,44.978,6.44
2018-01-04 10:07:00,1.07071236110048,0.0160992506683292,0.598766,65,923,495.8,-4.7,62.194,1.8,44.856,6.48
2018-01-04 10:08:00,1.06994898325763,0.0164819428691066,0.599974,65,924,498.2,-4.7,62.066,1.8,44.734,6.52
2018-01-04 10:09:00,1.06918560541478,0.016864635069884,0.601182,65,925,500.6,-4.7,61.938,1.8,44.612,6.56
2018-01-04 10:10:00,1.06842222757193,0.0172473272706614,0.60239,65,926,503,-4.7,61.81,1.8,44.49,6.6
2018-01-04 10:11:00,1.06765884972908,0.0177094113721019,0.5700705,84.8,837,481.4,-4.7,61.684,1.8,44.428,6.62
2018-01-04 10:12:00,1.06689547188623,0.0181714954735424,0.537751,104.6,748,459.8,-4.7,61.558,1.8,44.366,6.64
2018-01-04 10:13:00,1.06613209404338,0.0186335795749829,0.5054315,124.4,659,438.2,-4.7,61.432,1.8,44.304,6.66
2018-01-04 10:14:00,1.06536871620053,0.0190956636764234,0.473112,144.2,570,416.6,-4.7,61.306,1.8,44.242,6.68
2018-01-04 10:15:00,1.06460533835768,0.0195577477778639,0.4407925,164,481,395,-4.7,61.18,1.8,44.18,6.7
2018-01-04 10:16:00,1.06384196051483,0.0189457466533317,0.4775995,144.4,572,421.2,-4.7,61.058,1.8,44.06,6.74
2018-01-04 10:17:00,1.06307858267198,0.0183337455287996,0.5144065,124.8,663,447.4,-4.7,60.936,1.8,43.94,6.78
2018-01-04 10:18:00,1.06231520482913,0.0177217444042674,0.5512135,105.2,754,473.6,-4.7,60.814,1.8,43.82,6.82
2018-01-04 10:19:00,1.06155182698628,0.0171097432797352,0.5880205,85.6,845,499.8,-4.7,60.692,1.8,43.7,6.86
2018-01-04 10:20:00,1.06078844914343,0.016497742155203,0.6248275,66,936,526,-4.7,60.57,1.8,43.58,6.9
2018-01-04 10:21:00,1.06002507130057,0.0165508430296846,0.625414,66.2,935.6,527.6,-4.7,60.45,1.8,43.522,6.92
2018-01-04 10:22:00,1.05926169345772,0.0166039439041662,0.6260005,66.4,935.2,529.2,-4.7,60.33,1.8,43.464,6.94
2018-01-04 10:23:00,1.05849831561487,0.0166570447786478,0.626587,66.6,934.8,530.8,-4.7,60.21,1.8,43.406,6.96
2018-01-04 10:24:00,1.05773493777202,0.0167101456531294,0.6271735,66.8,934.4,532.4,-4.7,60.09,1.8,43.348,6.98
2018-01-04 10:25:00,1.05697155992917,0.016763246527611,0.62776,67,934,534,-4.7,59.97,1.8,43.29,7
2018-01-04 10:26:00,1.05620818208632,0.0164128511955789,0.5967035,87.4,849.2,513,-4.7,59.856,1.78,43.172,7.04
2018-01-04 10:27:00,1.05544480424347,0.0160624558635468,0.565647,107.8,764.4,492,-4.7,59.742,1.76,43.054,7.08
2018-01-04 10:28:00,1.05468142640062,0.0157120605315146,0.5345905,128.2,679.6,471,-4.7,59.628,1.74,42.936,7.12
2018-01-04 10:29:00,1.05391804855777,0.0153616651994825,0.503534,148.6,594.8,450,-4.7,59.514,1.72,42.818,7.16
2018-01-04 10:30:00,1.05315467071492,0.0150112698674504,0.4724775,169,510,429,-4.7,59.4,1.7,42.7,7.2
2018-01-04 10:31:00,1.05239129287207,0.0151268802829301,0.507341,149,595.8,454.2,-4.78,59.288,1.7,42.34,7.22
2018-01-04 10:32:00,1.05162791502922,0.0152424906984099,0.5422045,129,681.6,479.4,-4.86,59.176,1.7,41.98,7.24
2018-01-04 10:33:00,1.05086453718637,0.0153581011138896,0.577068,109,767.4,504.6,-4.94,59.064,1.7,41.62,7.26
2018-01-04 10:34:00,1.05010115934352,0.0154737115293694,0.6119315,89,853.2,529.8,-5.02,58.952,1.7,41.26,7.28
2018-01-04 10:35:00,1.04933778150067,0.0155893219448491,0.646795,69,939,555,-5.1,58.84,1.7,40.9,7.3
2018-01-04 10:36:00,1.04857440365782,0.0151927613208533,0.6477195,69,939.8,557,-5.1,58.732,1.7,40.782,7.34
2018-01-04 10:37:00,1.04781102581497,0.0147962006968576,0.648644,69,940.6,559,-5.1,58.624,1.7,40.664,7.38
2018-01-04 10:38:00,1.04704764797211,0.0143996400728618,0.6495685,69,941.4,561,-5.1,58.516,1.7,40.546,7.42
2018-01-04 10:39:00,1.04628427012926,0.0140030794488661,0.650493,69,942.2,563,-5.1,58.408,1.7,40.428,7.46
2018-01-04 10:40:00,1.04552089228641,0.0136065188248703,0.6514175,69,943,565,-5.1,58.3,1.7,40.31,7.5
2018-01-04 10:41:00,1.04475751444356,0.0139560441066332,0.6528195,69.2,943.8,566.8,-5.1,58.198,1.7,40.254,7.52
2018-01-04 10:42:00,1.04399413660071,0.014305569388396,0.6542215,69.4,944.6,568.6,-5.1,58.096,1.7,40.198,7.54
2018-01-04 10:43:00,1.04323075875786,0.0146550946701589,0.6556235,69.6,945.4,570.4,-5.1,57.994,1.7,40.142,7.56
2018-01-04 10:44:00,1.04246738091501,0.0150046199519217,0.6570255,69.8,946.2,572.2,-5.1,57.892,1.7,40.086,7.58
2018-01-04 10:45:00,1.04170400307216,0.0153541452336846,0.6584275,70,947,574,-5.1,57.79,1.7,40.03,7.6
2018-01-04 10:46:00,1.04094062522931,0.0150229744979159,0.659609,70,947.6,575.8,-5.1,57.69,1.7,39.922,7.64
2018-01-04 10:47:00,1.04017724738646,0.0146918037621471,0.6607905,70,948.2,577.6,-5.1,57.59,1.7,39.814,7.68
2018-01-04 10:48:00,1.03941386954361,0.0143606330263784,0.661972,70,948.8,579.4,-5.1,57.49,1.7,39.706,7.72
2018-01-04 10:49:00,1.03865049170076,0.0140294622906097,0.6631535,70,949.4,581.2,-5.1,57.39,1.7,39.598,7.76
2018-01-04 10:50:00,1.03788711385791,0.0136982915548409,0.664335,70,950,583,-5.1,57.29,1.7,39.49,7.8
2018-01-04 10:51:00,1.03712373601506,0.0134016071906163,0.665749,70.2,950.6,585,-5.1,57.194,1.7,39.438,7.82
2018-01-04 10:52:00,1.03636035817221,0.0131049228263916,0.667163,70.4,951.2,587,-5.1,57.098,1.7,39.386,7.84
2018-01-04 10:53:00,1.03559698032936,0.012808238462167,0.668577,70.6,951.8,589,-5.1,57.002,1.7,39.334,7.86
2018-01-04 10:54:00,1.03483360248651,0.0125115540979423,0.669991,70.8,952.4,591,-5.1,56.906,1.7,39.282,7.88
2018-01-04 10:55:00,1.03407022464366,0.0122148697337177,0.671405,71,953,593,-5.1,56.81,1.7,39.23,7.9
2018-01-04 10:56:00,1.0333068468008,0.012604351708054,0.6726,71,953.6,594.6,-5.1,56.72,1.7,39.124,7.94
2018-01-04 10:57:00,1.03254346895795,0.0129938336823904,0.673795,71,954.2,596.2,-5.1,56.63,1.7,39.018,7.98
2018-01-04 10:58:00,1.0317800911151,0.0133833156567268,0.67499,71,954.8,597.8,-5.1,56.54,1.7,38.912,8.02
2018-01-04 10:59:00,1.03101671327225,0.0137727976310631,0.676185,71,955.4,599.4,-5.1,56.45,1.7,38.806,8.06
2018-01-04 11:00:00,1.0302533354294,0.0141622796053995,0.67738,71,956,601,-5.1,56.36,1.7,38.7,8.1
2018-01-04 11:01:00,1.02954705653491,0.0141815721174636,0.678745,71.2,956.6,602.6,-5.1,56.272,1.7,38.648,8.12
2018-01-04 11:02:00,1.02884077764043,0.0142008646295276,0.68011,71.4,957.2,604.2,-5.1,56.184,1.7,38.596,8.14
2018-01-04 11:03:00,1.02813449874594,0.0142201571415917,0.681475,71.6,957.8,605.8,-5.1,56.096,1.7,38.544,8.16
2018-01-04 11:04:00,1.02742821985145,0.0142394496536558,0.68284,71.8,958.4,607.4,-5.1,56.008,1.7,38.492,8.18
2018-01-04 11:05:00,1.02672194095696,0.0142587421657199,0.684205,72,959,609,-5.1,55.92,1.7,38.44,8.2
2018-01-04 11:06:00,1.02601566206247,0.0142281844962684,0.685224,72,959.4,610.4,-5.1,55.838,1.7,38.388,8.22
2018-01-04 11:07:00,1.02530938316798,0.0141976268268168,0.686243,72,959.8,611.8,-5.1,55.756,1.7,38.336,8.24
2018-01-04 11:08:00,1.02460310427349,0.0141670691573653,0.687262,72,960.2,613.2,-5.1,55.674,1.7,38.284,8.26
2018-01-04 11:09:00,1.023896825379,0.0141365114879137,0.688281,72,960.6,614.6,-5.1,55.592,1.7,38.232,8.28
2018-01-04 11:10:00,1.02319054648451,0.0141059538184622,0.6893,72,961,616,-5.1,55.51,1.7,38.18,8.3
2018-01-04 11:11:00,1.02248426759003,0.0144845041325024,0.690282,72,961.4,617.4,-5.1,55.434,1.7,38.128,8.32
2018-01-04 11:12:00,1.02177798869554,0.0148630544465426,0.691264,72,961.8,618.8,-5.1,55.358,1.7,38.076,8.34
2018-01-04 11:13:00,1.02107170980105,0.0152416047605828,0.692246,72,962.2,620.2,-5.1,55.282,1.7,38.024,8.36
2018-01-04 11:14:00,1.02036543090656,0.0156201550746231,0.693228,72,962.6,621.6,-5.1,55.206,1.7,37.972,8.38
2018-01-04 11:15:00,1.01965915201207,0.0159987053886633,0.69421,72,963,623,-5.1,55.13,1.7,37.92,8.4
2018-01-04 11:16:00,1.01895287311758,0.0154837074960002,0.695272,72,963.6,624.4,-5.1,55.056,1.7,37.868,8.42
2018-01-04 11:17:00,1.01824659422309,0.0149687096033371,0.696334,72,964.2,625.8,-5.1,54.982,1.7,37.816,8.44
2018-01-04 11:18:00,1.0175403153286,0.014453711710674,0.697396,72,964.8,627.2,-5.1,54.908,1.7,37.764,8.46
2018-01-04 11:19:00,1.01683403643412,0.0139387138180109,0.698458,72,965.4,628.6,-5.1,54.834,1.7,37.712,8.48
2018-01-04 11:20:00,1.01612775753963,0.0134237159253478,0.69952,72,966,630,-5.1,54.76,1.7,37.66,8.5
2018-01-04 11:21:00,1.01542147864514,0.0138193860666805,0.700468,72.2,966.4,631.2,-5.1,54.692,1.68,37.61,8.52
2018-01-04 11:22:00,1.01471519975065,0.0142150562080132,0.701416,72.4,966.8,632.4,-5.1,54.624,1.66,37.56,8.54
2018-01-04 11:23:00,1.01400892085616,0.0146107263493459,0.702364,72.6,967.2,633.6,-5.1,54.556,1.64,37.51,8.56
2018-01-04 11:24:00,1.01330264196167,0.0150063964906786,0.703312,72.8,967.6,634.8,-5.1,54.488,1.62,37.46,8.58
2018-01-04 11:25:00,1.01259636306718,0.0154020666320113,0.70426,73,968,636,-5.1,54.42,1.6,37.41,8.6
2018-01-04 11:26:00,1.01189008417269,0.0146669823942257,0.7049025,73,968.2,637,-5.1,54.358,1.6,37.36,8.62
2018-01-04 11:27:00,1.01118380527821,0.0139318981564401,0.705545,73,968.4,638,-5.1,54.296,1.6,37.31,8.64
2018-01-04 11:28:00,1.01047752638372,0.0131968139186545,0.7061875,73,968.6,639,-5.1,54.234,1.6,37.26,8.66
2018-01-04 11:29:00,1.00977124748923,0.0124617296808689,0.70683,73,968.8,640,-5.1,54.172,1.6,37.21,8.68
2018-01-04 11:30:00,1.00906496859474,0.0117266454430833,0.7074725,73,969,641,-5.1,54.11,1.6,37.16,8.7
2018-01-04 11:31:00,1.00835868970025,0.0121606336841026,0.7076435,74.2,966.8,641.8,-5,54.052,1.6,37.402,8.72
2018-01-04 11:32:00,1.00765241080576,0.0125946219251218,0.7078145,75.4,964.6,642.6,-4.9,53.994,1.6,37.644,8.74
2018-01-04 11:33:00,1.00694613191127,0.0130286101661411,0.7079855,76.6,962.4,643.4,-4.8,53.936,1.6,37.886,8.76
2018-01-04 11:34:00,1.00623985301678,0.0134625984071604,0.7081565,77.8,960.2,644.2,-4.7,53.878,1.6,38.128,8.78
2018-01-04 11:35:00,1.00553357412229,0.0138965866481797,0.7083275,79,958,645,-4.6,53.82,1.6,38.37,8.8
2018-01-04 11:36:00,1.00482729522781,0.01342030404065,0.709054,79,958.4,646,-4.6,53.766,1.6,38.312,8.82
2018-01-04 11:37:00,1.00412101633332,0.0129440214331204,0.7097805,79,958.8,647,-4.6,53.712,1.6,38.254,8.84
2018-01-04 11:38:00,1.00341473743883,0.0124677388255908,0.710507,79,959.2,648,-4.6,53.658,1.6,38.196,8.86
2018-01-04 11:39:00,1.00270845854434,0.0119914562180611,0.7112335,79,959.6,649,-4.6,53.604,1.6,38.138,8.88
2018-01-04 11:40:00,1.00200217964985,0.0115151736105315,0.71196,79,960,650,-4.6,53.55,1.6,38.08,8.9
2018-01-04 11:41:00,1.00129590075536,0.011600601572636,0.7126765,79.2,960.2,650.8,-4.6,53.504,1.6,38.028,8.92
2018-01-04 11:42:00,1.00058962186087,0.0116860295347406,0.713393,79.4,960.4,651.6,-4.6,53.458,1.6,37.976,8.94
2018-01-04 11:43:00,0.999883342966384,0.0117714574968452,0.7141095,79.6,960.6,652.4,-4.6,53.412,1.6,37.924,8.96
2018-01-04 11:44:00,0.999177064071896,0.0118568854589497,0.714826,79.8,960.8,653.2,-4.6,53.366,1.6,37.872,8.98
2018-01-04 11:45:00,0.998470785177407,0.0119423134210543,0.7155425,80,961,654,-4.6,53.32,1.6,37.82,9
2018-01-04 11:46:00,0.997764506282918,0.0121660749131821,0.7160225,80,961.2,654.8,-4.6,53.276,1.6,37.77,9.02
2018-01-04 11:47:00,0.997058227388429,0.01238983640531,0.7165025,80,961.4,655.6,-4.6,53.232,1.6,37.72,9.04
2018-01-04 11:48:00,0.996351948493941,0.0126135978974378,0.7169825,80,961.6,656.4,-4.6,53.188,1.6,37.67,9.06
2018-01-04 11:49:00,0.995645669599452,0.0128373593895657,0.7174625,80,961.8,657.2,-4.6,53.144,1.6,37.62,9.08
2018-01-04 11:50:00,0.994939390704963,0.0130611208816935,0.7179425,80,962,658,-4.6,53.1,1.6,37.57,9.1
2018-01-04 11:51:00,0.994233111810474,0.0133734857960493,0.718373,80,962.2,658.6,-4.6,53.064,1.6,37.52,9.12
2018-01-04 11:52:00,0.993526832915985,0.013685850710405,0.7188035,80,962.4,659.2,-4.6,53.028,1.6,37.47,9.14
2018-01-04 11:53:00,0.992820554021497,0.0139982156247608,0.719234,80,962.6,659.8,-4.6,52.992,1.6,37.42,9.16
2018-01-04 11:54:00,0.992114275127008,0.0143105805391165,0.7196645,80,962.8,660.4,-4.6,52.956,1.6,37.37,9.18
2018-01-04 11:55:00,0.991407996232519,0.0146229454534723,0.720095,80,963,661,-4.6,52.92,1.6,37.32,9.2
2018-01-04 11:56:00,0.99070171733803,0.0143600807898926,0.7204725,80,963.2,661.6,-4.6,52.888,1.6,37.27,9.22
2018-01-04 11:57:00,0.989995438443541,0.014097216126313,0.72085,80,963.4,662.2,-4.6,52.856,1.6,37.22,9.24
2018-01-04 11:58:00,0.989289159549053,0.0138343514627334,0.7212275,80,963.6,662.8,-4.6,52.824,1.6,37.17,9.26
2018-01-04 11:59:00,0.988582880654564,0.0135714867991538,0.721605,80,963.8,663.4,-4.6,52.792,1.6,37.12,9.28
2018-01-04 12:00:00,0.987876601760075,0.0133086221355741,0.7219825,80,964,664,-4.6,52.76,1.6,37.07,9.3
2018-01-04 12:01:00,0.987314492571302,0.013371050622042,0.7223065,80,964.2,664.4,-4.6,52.732,1.6,37.02,9.32
2018-01-04 12:02:00,0.98675238338253,0.0134334791085099,0.7226305,80,964.4,664.8,-4.6,52.704,1.6,36.97,9.34
2018-01-04 12:03:00,0.986190274193757,0.0134959075949778,0.7229545,80,964.6,665.2,-4.6,52.676,1.6,36.92,9.36
2018-01-04 12:04:00,0.985628165004984,0.0135583360814457,0.7232785,80,964.8,665.6,-4.6,52.648,1.6,36.87,9.38
2018-01-04 12:05:00,0.985066055816211,0.0136207645679136,0.7236025,80,965,666,-4.6,52.62,1.6,36.82,9.4
2018-01-04 12:06:00,0.984503946627438,0.0131592643192257,0.723872,80,965.2,666.4,-4.6,52.6,1.6,36.77,9.42
2018-01-04 12:07:00,0.983941837438666,0.0126977640705378,0.7241415,80,965.4,666.8,-4.6,52.58,1.6,36.72,9.44
2018-01-04 12:08:00,0.983379728249893,0.0122362638218499,0.724411,80,965.6,667.2,-4.6,52.56,1.6,36.67,9.46
2018-01-04 12:09:00,0.98281761906112,0.011774763573162,0.7246805,80,965.8,667.6,-4.6,52.54,1.6,36.62,9.48
2018-01-04 12:10:00,0.982255509872347,0.0113132633244741,0.72495,80,966,668,-4.6,52.52,1.6,36.57,9.5
2018-01-04 12:11:00,0.981693400683574,0.0115636384190963,0.7252115,80.2,966,668.2,-4.6,52.504,1.6,36.522,9.52
2018-01-04 12:12:00,0.981131291494802,0.0118140135137186,0.725473,80.4,966,668.4,-4.6,52.488,1.6,36.474,9.54
2018-01-04 12:13:00,0.980569182306029,0.0120643886083409,0.7257345,80.6,966,668.6,-4.6,52.472,1.6,36.426,9.56
2018-01-04 12:14:00,0.980007073117256,0.0123147637029631,0.725996,80.8,966,668.8,-4.6,52.456,1.6,36.378,9.58
2018-01-04 12:15:00,0.979444963928483,0.0125651387975854,0.7262575,81,966,669,-4.6,52.44,1.6,36.33,9.6
2018-01-04 12:16:00,0.97888285473971,0.01274988537215,0.726314,81,966,669.2,-4.6,52.43,1.6,36.33,9.6
2018-01-04 12:17:00,0.978320745550938,0.0129346319467147,0.7263705,81,966,669.4,-4.6,52.42,1.6,36.33,9.6
2018-01-04 12:18:00,0.977758636362165,0.0131193785212793,0.726427,81,966,669.6,-4.6,52.41,1.6,36.33,9.6
2018-01-04 12:19:00,0.977196527173392,0.0133041250958439,0.7264835,81,966,669.8,-4.6,52.4,1.6,36.33,9.6
2018-01-04 12:20:00,0.976634417984619,0.0134888716704086,0.72654,81,966,670,-4.6,52.39,1.6,36.33,9.6
2018-01-04 12:21:00,0.976072308795846,0.0133009454659016,0.7265325,81,966,670.2,-4.6,52.384,1.6,36.282,9.62
2018-01-04 12:22:00,0.975510199607074,0.0131130192613946,0.726525,81,966,670.4,-4.6,52.378,1.6,36.234,9.64
2018-01-04 12:23:00,0.974948090418301,0.0129250930568876,0.7265175,81,966,670.6,-4.6,52.372,1.6,36.186,9.66
2018-01-04 12:24:00,0.974385981229528,0.0127371668523807,0.72651,81,966,670.8,-4.6,52.366,1.6,36.138,9.68
2018-01-04 12:25:00,0.973823872040755,0.0125492406478737,0.7265025,81,966,671,-4.6,52.36,1.6,36.09,9.7
2018-01-04 12:26:00,0.973261762851982,0.0130512467176182,0.7264365,81,966,671,-4.6,52.362,1.6,36.042,9.72
2018-01-04 12:27:00,0.97269965366321,0.0135532527873627,0.7263705,81,966,671,-4.6,52.364,1.6,35.994,9.74
2018-01-04 12:28:00,0.972137544474437,0.0140552588571072,0.7263045,81,966,671,-4.6,52.366,1.6,35.946,9.76
2018-01-04 12:29:00,0.971575435285664,0.0145572649268517,0.7262385,81,966,671,-4.6,52.368,1.6,35.898,9.78
2018-01-04 12:30:00,0.971013326096891,0.0150592709965962,0.7261725,81,966,671,-4.6,52.37,1.6,35.85,9.8
2018-01-04 12:31:00,0.970451216908118,0.0147969831840215,0.725967,81.2,965.6,670.8,-4.5,52.376,1.6,36.102,9.82
2018-01-04 12:32:00,0.969889107719346,0.0145346953714468,0.7257615,81.4,965.2,670.6,-4.4,52.382,1.6,36.354,9.84
2018-01-04 12:33:00,0.969326998530573,0.0142724075588721,0.725556,81.6,964.8,670.4,-4.3,52.388,1.6,36.606,9.86
2018-01-04 12:34:00,0.9687648893418,0.0140101197462974,0.7253505,81.8,964.4,670.2,-4.2,52.394,1.6,36.858,9.88
2018-01-04 12:35:00,0.968202780153027,0.0137478319337227,0.725145,82,964,670,-4.1,52.4,1.6,37.11,9.9
2018-01-04 12:36:00,0.967640670964254,0.0138071311347865,0.7248415,82,963.8,669.8,-4.1,52.412,1.6,37.054,9.92
2018-01-04 12:37:00,0.967078561775482,0.0138664303358502,0.724538,82,963.6,669.6,-4.1,52.424,1.6,36.998,9.94
2018-01-04 12:38:00,0.966516452586709,0.013925729536914,0.7242345,82,963.4,669.4,-4.1,52.436,1.6,36.942,9.96
2018-01-04 12:39:00,0.965954343397936,0.0139850287379778,0.723931,82,963.2,669.2,-4.1,52.448,1.6,36.886,9.98
2018-01-04 12:40:00,0.965392234209163,0.0140443279390415,0.7236275,82,963,669,-4.1,52.46,1.6,36.83,10
2018-01-04 12:41:00,0.96483012502039,0.0137055841700751,0.7234285,82,963,668.6,-4.1,52.476,1.6,36.83,10
2018-01-04 12:42:00,0.964268015831618,0.0133668404011087,0.7232295,82,963,668.2,-4.1,52.492,1.6,36.83,10
2018-01-04 12:43:00,0.963705906642845,0.0130280966321423,0.7230305,82,963,667.8,-4.1,52.508,1.6,36.83,10
2018-01-04 12:44:00,0.963143797454072,0.0126893528631759,0.7228315,82,963,667.4,-4.1,52.524,1.6,36.83,10
2018-01-04 12:45:00,0.962581688265299,0.0123506090942095,0.7226325,82,963,667,-4.1,52.54,1.6,36.83,10
2018-01-04 12:46:00,0.962019579076526,0.0125085866570075,0.722057,81.8,962.8,666.6,-4.1,52.564,1.6,36.78,10.02
2018-01-04 12:47:00,0.961457469887754,0.0126665642198055,0.7214815,81.6,962.6,666.2,-4.1,52.588,1.6,36.73,10.04
2018-01-04 12:48:00,0.960895360698981,0.0128245417826035,0.720906,81.4,962.4,665.8,-4.1,52.612,1.6,36.68,10.06
2018-01-04 12:49:00,0.960333251510208,0.0129825193454015,0.7203305,81.2,962.2,665.4,-4.1,52.636,1.6,36.63,10.08
2018-01-04 12:50:00,0.959771142321435,0.0131404969081995,0.719755,81,962,665,-4.1,52.66,1.6,36.58,10.1
2018-01-04 12:51:00,0.959209033132662,0.0130385887886889,0.698656,94.2,909.8,646.2,-4.1,52.688,1.6,36.532,10.12
2018-01-04 12:52:00,0.95864692394389,0.0129366806691783,0.677557,107.4,857.6,627.4,-4.1,52.716,1.6,36.484,10.14
2018-01-04 12:53:00,0.958084814755117,0.0128347725496677,0.656458,120.6,805.4,608.6,-4.1,52.744,1.6,36.436,10.16
2018-01-04 12:54:00,0.957522705566344,0.012732864430157,0.635359,133.8,753.2,589.8,-4.1,52.772,1.6,36.388,10.18
2018-01-04 12:55:00,0.956960596377571,0.0126309563106464,0.61426,147,701,571,-4.1,52.8,1.6,36.34,10.2
2018-01-04 12:56:00,0.956398487188799,0.0123442834267012,0.635341,133.8,753,588.8,-4.1,52.834,1.6,36.292,10.22
2018-01-04 12:57:00,0.955836378000026,0.0120576105427559,0.656422,120.6,805,606.6,-4.1,52.868,1.6,36.244,10.24
2018-01-04 12:58:00,0.955274268811253,0.0117709376588107,0.677503,107.4,857,624.4,-4.1,52.902,1.6,36.196,10.26
2018-01-04 12:59:00,0.95471215962248,0.0114842647748654,0.698584,94.2,909,642.2,-4.1,52.936,1.6,36.148,10.28
2018-01-04 13:00:00,0.954150050433707,0.0111975918909201,0.719665,81,961,660,-4.1,52.97,1.6,36.1,10.3
2018-01-04 13:01:00,0.953638657099494,0.0113128224024509,0.7186895,81,960.8,659.2,-4.1,53.008,1.6,36.1,10.3
2018-01-04 13:02:00,0.95312726376528,0.0114280529139818,0.717714,81,960.6,658.4,-4.1,53.046,1.6,36.1,10.3
2018-01-04 13:03:00,0.952615870431066,0.0115432834255126,0.7167385,81,960.4,657.6,-4.1,53.084,1.6,36.1,10.3
2018-01-04 13:04:00,0.952104477096852,0.0116585139370434,0.715763,81,960.2,656.8,-4.1,53.122,1.6,36.1,10.3
2018-01-04 13:05:00,0.951593083762638,0.0117737444485742,0.7147875,81,960,656,-4.1,53.16,1.6,36.1,10.3
2018-01-04 13:06:00,0.951081690428424,0.0119903574502362,0.7138745,81,959.6,655.2,-4.1,53.204,1.6,36.1,10.3
2018-01-04 13:07:00,0.95057029709421,0.0122069704518983,0.7129615,81,959.2,654.4,-4.1,53.248,1.6,36.1,10.3
2018-01-04 13:08:00,0.950058903759996,0.0124235834535603,0.7120485,81,958.8,653.6,-4.1,53.292,1.6,36.1,10.3
2018-01-04 13:09:00,0.949547510425782,0.0126401964552223,0.7111355,81,958.4,652.8,-4.1,53.336,1.6,36.1,10.3
2018-01-04 13:10:00,0.949036117091569,0.0128568094568843,0.7102225,81,958,652,-4.1,53.38,1.6,36.1,10.3
2018-01-04 13:11:00,0.948524723757355,0.0126694044899649,0.709476,81,957.8,651.2,-4.1,53.43,1.6,36.052,10.32
2018-01-04 13:12:00,0.948013330423141,0.0124819995230454,0.7087295,81,957.6,650.4,-4.1,53.48,1.6,36.004,10.34
2018-01-04 13:13:00,0.947501937088927,0.012294594556126,0.707983,81,957.4,649.6,-4.1,53.53,1.6,35.956,10.36
2018-01-04 13:14:00,0.946990543754713,0.0121071895892065,0.7072365,81,957.2,648.8,-4.1,53.58,1.6,35.908,10.38
2018-01-04 13:15:00,0.946479150420499,0.0119197846222871,0.70649,81,957,648,-4.1,53.63,1.6,35.86,10.4
2018-01-04 13:16:00,0.945967757086285,0.012072330764007,0.705453,80.8,956.6,647,-4.1,53.684,1.6,35.86,10.4
2018-01-04 13:17:00,0.945456363752072,0.012224876905727,0.704416,80.6,956.2,646,-4.1,53.738,1.6,35.86,10.4
2018-01-04 13:18:00,0.944944970417858,0.012377423047447,0.703379,80.4,955.8,645,-4.1,53.792,1.6,35.86,10.4
2018-01-04 13:19:00,0.944433577083644,0.0125299691891669,0.702342,80.2,955.4,644,-4.1,53.846,1.6,35.86,10.4
2018-01-04 13:20:00,0.94392218374943,0.0126825153308869,0.701305,80,955,643,-4.1,53.9,1.6,35.86,10.4
2018-01-04 13:21:00,0.943410790415216,0.0128062745173087,0.6653395,105.2,864.8,614.6,-4.1,53.96,1.6,35.812,10.42
2018-01-04 13:22:00,0.942899397081002,0.0129300337037305,0.629374,130.4,774.6,586.2,-4.1,54.02,1.6,35.764,10.44
2018-01-04 13:23:00,0.942388003746788,0.0130537928901523,0.5934085,155.6,684.4,557.8,-4.1,54.08,1.6,35.716,10.46
2018-01-04 13:24:00,0.941876610412574,0.0131775520765741,0.557443,180.8,594.2,529.4,-4.1,54.14,1.6,35.668,10.48
2018-01-04 13:25:00,0.94136521707836,0.0133013112629958,0.5214775,206,504,501,-4.1,54.2,1.6,35.62,10.5
2018-01-04 13:26:00,0.940853823744147,0.0130520276496846,0.531966,196.4,530.4,506.4,-4.1,54.264,1.6,35.62,10.5
2018-01-04 13:27:00,0.940342430409933,0.0128027440363733,0.5424545,186.8,556.8,511.8,-4.1,54.328,1.6,35.62,10.5
2018-01-04 13:28:00,0.939831037075719,0.0125534604230621,0.552943,177.2,583.2,517.2,-4.1,54.392,1.6,35.62,10.5
2018-01-04 13:29:00,0.939319643741505,0.0123041768097508,0.5634315,167.6,609.6,522.6,-4.1,54.456,1.6,35.62,10.5
2018-01-04 13:30:00,0.938808250407291,0.0120548931964395,0.57392,158,636,528,-4.1,54.52,1.6,35.62,10.5
2018-01-04 13:31:00,0.938296857073077,0.0122695510690393,0.5978465,142.6,697.8,547.4,-4.02,54.59,1.6,35.82,10.5
2018-01-04 13:32:00,0.937785463738864,0.0124842089416391,0.621773,127.2,759.6,566.8,-3.94,54.66,1.6,36.02,10.5
2018-01-04 13:33:00,0.93727407040465,0.0126988668142389,0.6456995,111.8,821.4,586.2,-3.86,54.73,1.6,36.22,10.5
2018-01-04 13:34:00,0.936762677070436,0.0129135246868387,0.669626,96.4,883.2,605.6,-3.78,54.8,1.6,36.42,10.5
2018-01-04 13:35:00,0.936251283736222,0.0131281825594385,0.6935525,81,945,625,-3.7,54.87,1.6,36.62,10.5
2018-01-04 13:36:00,0.935739890402008,0.0130979538305938,0.667228,96,882.2,603.2,-3.7,54.944,1.62,36.572,10.52
2018-01-04 13:37:00,0.935228497067794,0.0130677251017491,0.6409035,111,819.4,581.4,-3.7,55.018,1.64,36.524,10.54
2018-01-04 13:38:00,0.93471710373358,0.0130374963729045,0.614579,126,756.6,559.6,-3.7,55.092,1.66,36.476,10.56
2018-01-04 13:39:00,0.934205710399366,0.0130072676440598,0.5882545,141,693.8,537.8,-3.7,55.166,1.68,36.428,10.58
2018-01-04 13:40:00,0.933694317065152,0.0129770389152152,0.56193,156,631,516,-3.7,55.24,1.7,36.38,10.6
2018-01-04 13:41:00,0.933182923730939,0.0129698184705715,0.585903,141,692.8,535,-3.7,55.318,1.7,36.38,10.6
2018-01-04 13:42:00,0.932671530396725,0.0129625980259279,0.609876,126,754.6,554,-3.7,55.396,1.7,36.38,10.6
2018-01-04 13:43:00,0.932160137062511,0.0129553775812843,0.633849,111,816.4,573,-3.7,55.474,1.7,36.38,10.6
2018-01-04 13:44:00,0.931648743728297,0.0129481571366407,0.657822,96,878.2,592,-3.7,55.552,1.7,36.38,10.6
2018-01-04 13:45:00,0.931137350394083,0.012940936691997,0.681795,81,940,611,-3.7,55.63,1.7,36.38,10.6
2018-01-04 13:46:00,0.930625957059869,0.013292220591759,0.679735,80.8,939.4,609.6,-3.7,55.714,1.7,36.332,10.62
2018-01-04 13:47:00,0.930114563725655,0.013643504491521,0.677675,80.6,938.8,608.2,-3.7,55.798,1.7,36.284,10.64
2018-01-04 13:48:00,0.929603170391441,0.013994788391283,0.675615,80.4,938.2,606.8,-3.7,55.882,1.7,36.236,10.66
2018-01-04 13:49:00,0.929091777057228,0.014346072291045,0.673555,80.2,937.6,605.4,-3.7,55.966,1.7,36.188,10.68
2018-01-04 13:50:00,0.928580383723014,0.0146973561908069,0.671495,80,937,604,-3.7,56.05,1.7,36.14,10.7
2018-01-04 13:51:00,0.9280689903888,0.0148965545712204,0.67005,80,936.6,602.4,-3.7,56.138,1.7,36.14,10.7
2018-01-04 13:52:00,0.927557597054586,0.0150957529516339,0.668605,80,936.2,600.8,-3.7,56.226,1.7,36.14,10.7
2018-01-04 13:53:00,0.927046203720372,0.0152949513320474,0.66716,80,935.8,599.2,-3.7,56.314,1.7,36.14,10.7
2018-01-04 13:54:00,0.926534810386158,0.0154941497124608,0.665715,80,935.4,597.6,-3.7,56.402,1.7,36.14,10.7
2018-01-04 13:55:00,0.926023417051944,0.0156933480928743,0.66427,80,935,596,-3.7,56.49,1.7,36.14,10.7
2018-01-04 13:56:00,0.92551202371773,0.0153314588145672,0.662513,79.8,934.2,594.2,-3.7,56.582,1.7,36.14,10.7
2018-01-04 13:57:00,0.925000630383516,0.0149695695362602,0.660756,79.6,933.4,592.4,-3.7,56.674,1.7,36.14,10.7
2018-01-04 13:58:00,0.924489237049303,0.0146076802579531,0.658999,79.4,932.6,590.6,-3.7,56.766,1.7,36.14,10.7
2018-01-04 13:59:00,0.923977843715089,0.014245790979646,0.657242,79.2,931.8,588.8,-3.7,56.858,1.7,36.14,10.7
2018-01-04 14:00:00,0.923466450380875,0.0138839017013389,0.655485,79,931,587,-3.7,56.95,1.7,36.14,10.7
2018-01-04 14:01:00,0.92325127242166,0.0139248958132813,0.6540685,79,930.4,585.4,-3.7,57.046,1.7,36.14,10.7
2018-01-04 14:02:00,0.923036094462446,0.0139658899252237,0.652652,79,929.8,583.8,-3.7,57.142,1.7,36.14,10.7
2018-01-04 14:03:00,0.922820916503231,0.0140068840371661,0.6512355,79,929.2,582.2,-3.7,57.238,1.7,36.14,10.7
2018-01-04 14:04:00,0.922605738544017,0.0140478781491085,0.649819,79,928.6,580.6,-3.7,57.334,1.7,36.14,10.7
2018-01-04 14:05:00,0.922390560584802,0.0140888722610509,0.6484025,79,928,579,-3.7,57.43,1.7,36.14,10.7
2018-01-04 14:06:00,0.922175382625588,0.014095004951969,0.646789,78.8,927.4,577,-3.7,57.53,1.7,36.14,10.7
2018-01-04 14:07:00,0.921960204666373,0.014101137642887,0.6451755,78.6,926.8,575,-3.7,57.63,1.7,36.14,10.7
2018-01-04 14:08:00,0.921745026707159,0.0141072703338051,0.643562,78.4,926.2,573,-3.7,57.73,1.7,36.14,10.7
2018-01-04 14:09:00,0.921529848747944,0.0141134030247232,0.6419485,78.2,925.6,571,-3.7,57.83,1.7,36.14,10.7
2018-01-04 14:10:00,0.92131467078873,0.0141195357156412,0.640335,78,925,569,-3.7,57.93,1.7,36.14,10.7
2018-01-04 14:11:00,0.921099492829515,0.0144054264848422,0.638757,78,924.2,567.2,-3.7,58.036,1.7,36.14,10.7
2018-01-04 14:12:00,0.920884314870301,0.0146913172540433,0.637179,78,923.4,565.4,-3.7,58.142,1.7,36.14,10.7
2018-01-04 14:13:00,0.920669136911086,0.0149772080232443,0.635601,78,922.6,563.6,-3.7,58.248,1.7,36.14,10.7
2018-01-04 14:14:00,0.920453958951872,0.0152630987924453,0.634023,78,921.8,561.8,-3.7,58.354,1.7,36.14,10.7
2018-01-04 14:15:00,0.920238780992657,0.0155489895616463,0.632445,78,921,560,-3.7,58.46,1.7,36.14,10.7
2018-01-04 14:16:00,0.920023603033443,0.0155304308651422,0.6306495,77.8,920.2,558,-3.7,58.568,1.7,36.14,10.7
2018-01-04 14:17:00,0.919808425074228,0.015511872168638,0.628854,77.6,919.4,556,-3.7,58.676,1.7,36.14,10.7
2018-01-04 14:18:00,0.919593247115014,0.0154933134721339,0.6270585,77.4,918.6,554,-3.7,58.784,1.7,36.14,10.7
2018-01-04 14:19:00,0.919378069155799,0.0154747547756297,0.625263,77.2,917.8,552,-3.7,58.892,1.7,36.14,10.7
2018-01-04 14:20:00,0.919162891196585,0.0154561960791256,0.6234675,77,917,550,-3.7,59,1.7,36.14,10.7
2018-01-04 14:21:00,0.91894771323737,0.014651837418656,0.6216115,77,916,547.8,-3.7,59.112,1.68,36.14,10.7
2018-01-04 14:22:00,0.918732535278156,0.0138474787581864,0.6197555,77,915,545.6,-3.7,59.224,1.66,36.14,10.7
2018-01-04 14:23:00,0.918517357318941,0.0130431200977168,0.6178995,77,914,543.4,-3.7,59.336,1.64,36.14,10.7
2018-01-04 14:24:00,0.918302179359727,0.0122387614372473,0.6160435,77,913,541.2,-3.7,59.448,1.62,36.14,10.7
2018-01-04 14:25:00,0.918087001400512,0.0114344027767777,0.6141875,77,912,539,-3.7,59.56,1.6,36.14,10.7
2018-01-04 14:26:00,0.917871823441298,0.0116040831138934,0.612298,76.8,911.2,536.8,-3.7,59.678,1.6,36.188,10.68
2018-01-04 14:27:00,0.917656645482083,0.0117737634510091,0.6104085,76.6,910.4,534.6,-3.7,59.796,1.6,36.236,10.66
2018-01-04 14:28:00,0.917441467522869,0.0119434437881248,0.608519,76.4,909.6,532.4,-3.7,59.914,1.6,36.284,10.64
2018-01-04 14:29:00,0.917226289563654,0.0121131241252405,0.6066295,76.2,908.8,530.2,-3.7,60.032,1.6,36.332,10.62
2018-01-04 14:30:00,0.91701111160444,0.0122828044623562,0.60474,76,908,528,-3.7,60.15,1.6,36.38,10.6
2018-01-04 14:31:00,0.916795933645225,0.0125063376984398,0.6030445,76.6,905,525.4,-3.62,60.27,1.6,36.638,10.6
2018-01-04 14:32:00,0.916580755686011,0.0127298709345235,0.601349,77.2,902,522.8,-3.54,60.39,1.6,36.896,10.6
2018-01-04 14:33:00,0.916365577726796,0.0129534041706071,0.5996535,77.8,899,520.2,-3.46,60.51,1.6,37.154,10.6
2018-01-04 14:34:00,0.916150399767582,0.0131769374066907,0.597958,78.4,896,517.6,-3.38,60.63,1.6,37.412,10.6
2018-01-04 14:35:00,0.915935221808367,0.0134004706427743,0.5962625,79,893,515,-3.3,60.75,1.6,37.67,10.6
2018-01-04 14:36:00,0.915720043849153,0.0136938087384277,0.593527,78.8,890.8,512.2,-3.3,60.872,1.6,37.67,10.6
2018-01-04 14:37:00,0.915504865889938,0.013987146834081,0.5907915,78.6,888.6,509.4,-3.3,60.994,1.6,37.67,10.6
2018-01-04 14:38:00,0.915289687930724,0.0142804849297344,0.588056,78.4,886.4,506.6,-3.3,61.116,1.6,37.67,10.6
2018-01-04 14:39:00,0.915074509971509,0.0145738230253878,0.5853205,78.2,884.2,503.8,-3.3,61.238,1.6,37.67,10.6
2018-01-04 14:40:00,0.914859332012295,0.0148671611210411,0.582585,78,882,501,-3.3,61.36,1.6,37.67,10.6
2018-01-04 14:41:00,0.91464415405308,0.0145608555723838,0.5805115,77.8,881,498.6,-3.3,61.488,1.6,37.67,10.6
2018-01-04 14:42:00,0.914428976093866,0.0142545500237264,0.578438,77.6,880,496.2,-3.3,61.616,1.6,37.67,10.6
2018-01-04 14:43:00,0.914213798134651,0.013948244475069,0.5763645,77.4,879,493.8,-3.3,61.744,1.6,37.67,10.6
2018-01-04 14:44:00,0.913998620175437,0.0136419389264117,0.574291,77.2,878,491.4,-3.3,61.872,1.6,37.67,10.6
2018-01-04 14:45:00,0.913783442216222,0.0133356333777543,0.5722175,77,877,489,-3.3,62,1.6,37.67,10.6
2018-01-04 14:46:00,0.913568264257008,0.0129005801347133,0.56999,76.8,875.8,486.4,-3.3,62.13,1.6,37.67,10.6
2018-01-04 14:47:00,0.913353086297793,0.0124655268916723,0.5677625,76.6,874.6,483.8,-3.3,62.26,1.6,37.67,10.6
2018-01-04 14:48:00,0.913137908338579,0.0120304736486314,0.565535,76.4,873.4,481.2,-3.3,62.39,1.6,37.67,10.6
2018-01-04 14:49:00,0.912922730379364,0.0115954204055904,0.5633075,76.2,872.2,478.6,-3.3,62.52,1.6,37.67,10.6
2018-01-04 14:50:00,0.91270755242015,0.0111603671625494,0.56108,76,871,476,-3.3,62.65,1.6,37.67,10.6
2018-01-04 14:51:00,0.912492374460935,0.011653846657605,0.5588165,75.8,869.8,473.6,-3.3,62.782,1.6,37.67,10.6
2018-01-04 14:52:00,0.912277196501721,0.0121473261526607,0.556553,75.6,868.6,471.2,-3.3,62.914,1.6,37.67,10.6
2018-01-04 14:53:00,0.912062018542506,0.0126408056477163,0.5542895,75.4,867.4,468.8,-3.3,63.046,1.6,37.67,10.6
2018-01-04 14:54:00,0.911846840583292,0.013134285142772,0.552026,75.2,866.2,466.4,-3.3,63.178,1.6,37.67,10.6
2018-01-04 14:55:00,0.911631662624077,0.0136277646378276,0.5497625,75,865,464,-3.3,63.31,1.6,37.67,10.6
2018-01-04 14:56:00,0.911416484664862,0.0133728163683774,0.5191605,88.8,788.6,442.2,-3.3,63.446,1.6,37.72,10.58
2018-01-04 14:57:00,0.911201306705648,0.0131178680989272,0.4885585,102.6,712.2,420.4,-3.3,63.582,1.6,37.77,10.56
2018-01-04 14:58:00,0.910986128746434,0.012862919829477,0.4579565,116.4,635.8,398.6,-3.3,63.718,1.6,37.82,10.54
2018-01-04 14:59:00,0.910770950787219,0.0126079715600267,0.4273545,130.2,559.4,376.8,-3.3,63.854,1.6,37.87,10.52
2018-01-04 15:00:00,0.910555772828004,0.0123530232905765,0.3967525,144,483,355,-3.3,63.99,1.6,37.92,10.5
2018-01-04 15:01:00,0.910641080524178,0.0121279023194418,0.4019815,139.4,500,356.6,-3.3,64.13,1.6,37.972,10.48
2018-01-04 15:02:00,0.910726388220351,0.0119027813483071,0.4072105,134.8,517,358.2,-3.3,64.27,1.6,38.024,10.46
2018-01-04 15:03:00,0.910811695916524,0.0116776603771723,0.4124395,130.2,534,359.8,-3.3,64.41,1.6,38.076,10.44
2018-01-04 15:04:00,0.910897003612697,0.0114525394060376,0.4176685,125.6,551,361.4,-3.3,64.55,1.6,38.128,10.42
2018-01-04 15:05:00,0.910982311308871,0.0112274184349029,0.4228975,121,568,363,-3.3,64.69,1.6,38.18,10.4
2018-01-04 15:06:00,0.911067619005044,0.0111240928526947,0.428674,114,592.8,365.4,-3.3,64.832,1.58,38.23,10.38
2018-01-04 15:07:00,0.911152926701217,0.0110207672704865,0.4344505,107,617.6,367.8,-3.3,64.974,1.56,38.28,10.36
2018-01-04 15:08:00,0.91123823439739,0.0109174416882783,0.440227,100,642.4,370.2,-3.3,65.116,1.54,38.33,10.34
2018-01-04 15:09:00,0.911323542093564,0.0108141161060701,0.4460035,93,667.2,372.6,-3.3,65.258,1.52,38.38,10.32
2018-01-04 15:10:00,0.911408849789737,0.0107107905238619,0.45178,86,692,375,-3.3,65.4,1.5,38.43,10.3
2018-01-04 15:11:00,0.91149415748591,0.0104192142981744,0.4617675,83.2,720.6,382,-3.3,65.546,1.48,38.482,10.28
2018-01-04 15:12:00,0.911579465182084,0.0101276380724868,0.471755,80.4,749.2,389,-3.3,65.692,1.46,38.534,10.26
2018-01-04 15:13:00,0.911664772878257,0.00983606184679929,0.4817425,77.6,777.8,396,-3.3,65.838,1.44,38.586,10.24
2018-01-04 15:14:00,0.91175008057443,0.00954448562111175,0.49173,74.8,806.4,403,-3.3,65.984,1.42,38.638,10.22
2018-01-04 15:15:00,0.911835388270603,0.00925290939542421,0.5017175,72,835,410,-3.3,66.13,1.4,38.69,10.2
2018-01-04 15:16:00,0.911920695966777,0.00906260507181971,0.4984485,71.8,833.2,407,-3.3,66.278,1.4,38.794,10.16
2018-01-04 15:17:00,0.91200600366295,0.00887230074821521,0.4951795,71.6,831.4,404,-3.3,66.426,1.4,38.898,10.12
2018-01-04 15:18:00,0.912091311359123,0.00868199642461071,0.4919105,71.4,829.6,401,-3.3,66.574,1.4,39.002,10.08
2018-01-04 15:19:00,0.912176619055297,0.00849169210100621,0.4886415,71.2,827.8,398,-3.3,66.722,1.4,39.106,10.04
2018-01-04 15:20:00,0.91226192675147,0.00830138777740171,0.4853725,71,826,395,-3.3,66.87,1.4,39.21,10
2018-01-04 15:21:00,0.912347234447643,0.00795988528881397,0.4527895,83.4,741,373,-3.3,67.02,1.38,39.262,9.98
2018-01-04 15:22:00,0.912432542143816,0.00761838280022622,0.4202065,95.8,656,351,-3.3,67.17,1.36,39.314,9.96
2018-01-04 15:23:00,0.91251784983999,0.00727688031163848,0.3876235,108.2,571,329,-3.3,67.32,1.34,39.366,9.94
2018-01-04 15:24:00,0.912603157536163,0.00693537782305074,0.3550405,120.6,486,307,-3.3,67.47,1.32,39.418,9.92
2018-01-04 15:25:00,0.912688465232336,0.006593875334463,0.3224575,133,401,285,-3.3,67.62,1.3,39.47,9.9
2018-01-04 15:26:00,0.912773772928509,0.00671976639273927,0.3495925,120.2,482.4,301.2,-3.3,67.772,1.3,39.524,9.88
2018-01-04 15:27:00,0.912859080624683,0.00684565745101554,0.3767275,107.4,563.8,317.4,-3.3,67.924,1.3,39.578,9.86
2018-01-04 15:28:00,0.912944388320856,0.0069715485092918,0.4038625,94.6,645.2,333.6,-3.3,68.076,1.3,39.632,9.84
2018-01-04 15:29:00,0.913029696017029,0.00709743956756807,0.4309975,81.8,726.6,349.8,-3.3,68.228,1.3,39.686,9.82
2018-01-04 15:30:00,0.913115003713202,0.00722333062584433,0.4581325,69,808,366,-3.3,68.38,1.3,39.74,9.8
2018-01-04 15:31:00,0.913200311409376,0.00728914353155406,0.454196,69,804.6,362.8,-2.38,68.536,1.28,43.064,9.76
2018-01-04 15:32:00,0.913285619105549,0.00735495643726378,0.4502595,69,801.2,359.6,-1.46,68.692,1.26,46.388,9.72
2018-01-04 15:33:00,0.913370926801722,0.0074207693429735,0.446323,69,797.8,356.4,-0.54,68.848,1.24,49.712,9.68
2018-01-04 15:34:00,0.913456234497896,0.00748658224868322,0.4423865,69,794.4,353.2,0.38,69.004,1.22,53.036,9.64
2018-01-04 15:35:00,0.913541542194069,0.00755239515439295,0.43845,69,791,350,1.3,69.16,1.2,56.36,9.6
2018-01-04 15:36:00,0.913626849890242,0.00712814406066699,0.435077,68.8,788.8,347,1.3,69.318,1.18,56.436,9.58
2018-01-04 15:37:00,0.913712157586415,0.00670389296694103,0.431704,68.6,786.6,344,1.3,69.476,1.16,56.512,9.56
2018-01-04 15:38:00,0.913797465282588,0.00627964187321507,0.428331,68.4,784.4,341,1.3,69.634,1.14,56.588,9.54
2018-01-04 15:39:00,0.913882772978762,0.00585539077948911,0.424958,68.2,782.2,338,1.3,69.792,1.12,56.664,9.52
2018-01-04 15:40:00,0.913968080674935,0.00543113968576315,0.421585,68,780,335,1.3,69.95,1.1,56.74,9.5
2018-01-04 15:41:00,0.914053388371108,0.00545730522471159,0.4181615,67.6,777.8,332,1.3,70.11,1.1,56.816,9.48
2018-01-04 15:42:00,0.914138696067282,0.00548347076366003,0.414738,67.2,775.6,329,1.3,70.27,1.1,56.892,9.46
2018-01-04 15:43:00,0.914224003763455,0.00550963630260847,0.4113145,66.8,773.4,326,1.3,70.43,1.1,56.968,9.44
2018-01-04 15:44:00,0.914309311459628,0.00553580184155691,0.407891,66.4,771.2,323,1.3,70.59,1.1,57.044,9.42
2018-01-04 15:45:00,0.914394619155801,0.00556196738050535,0.4044675,66,769,320,1.3,70.75,1.1,57.12,9.4
2018-01-04 15:46:00,0.914479926851975,0.00520101564364313,0.4010655,65.8,766.4,316.8,1.3,70.912,1.08,57.276,9.36
2018-01-04 15:47:00,0.914565234548148,0.0048400639067809,0.3976635,65.6,763.8,313.6,1.3,71.074,1.06,57.432,9.32
2018-01-04 15:48:00,0.914650542244321,0.00447911216991868,0.3942615,65.4,761.2,310.4,1.3,71.236,1.04,57.588,9.28
2018-01-04 15:49:00,0.914735849940495,0.00411816043305646,0.3908595,65.2,758.6,307.2,1.3,71.398,1.02,57.744,9.24
2018-01-04 15:50:00,0.914821157636668,0.00375720869619423,0.3874575,65,756,304,1.3,71.56,1,57.9,9.2
2018-01-04 15:51:00,0.914906465332841,0.00389336069087821,0.3838515,64.6,753.2,300.8,1.3,71.724,1,57.978,9.18
2018-01-04 15:52:00,0.914991773029014,0.00402951268556218,0.3802455,64.2,750.4,297.6,1.3,71.888,1,58.056,9.16
2018-01-04 15:53:00,0.915077080725188,0.00416566468024615,0.3766395,63.8,747.6,294.4,1.3,72.052,1,58.134,9.14
2018-01-04 15:54:00,0.915162388421361,0.00430181667493013,0.3730335,63.4,744.8,291.2,1.3,72.216,1,58.212,9.12
2018-01-04 15:55:00,0.915247696117534,0.0044379686696141,0.3694275,63,742,288,1.3,72.38,1,58.29,9.1
2018-01-04 15:56:00,0.915333003813707,0.00431398638537837,0.365977,62.8,739.2,284.8,1.3,72.546,0.98,58.368,9.08
2018-01-04 15:57:00,0.915418311509881,0.00419000410114263,0.3625265,62.6,736.4,281.6,1.3,72.712,0.96,58.446,9.06
2018-01-04 15:58:00,0.915503619206054,0.0040660218169069,0.359076,62.4,733.6,278.4,1.3,72.878,0.94,58.524,9.04
2018-01-04 15:59:00,0.915588926902227,0.00394203953267116,0.3556255,62.2,730.8,275.2,1.3,73.044,0.92,58.602,9.02
2018-01-04 16:00:00,0.9156742345984,0.00381805724843543,0.352175,62,728,272,1.3,73.21,0.9,58.68,9
2018-01-04 16:01:00,0.916480185783795,0.00377539199282806,0.348528,61.6,725,268.8,1.3,73.378,0.9,58.84,8.96
2018-01-04 16:02:00,0.91728613696919,0.0037327267372207,0.344881,61.2,722,265.6,1.3,73.546,0.9,59,8.92
2018-01-04 16:03:00,0.918092088154585,0.00369006148161333,0.341234,60.8,719,262.4,1.3,73.714,0.9,59.16,8.88
2018-01-04 16:04:00,0.91889803933998,0.00364739622600597,0.337587,60.4,716,259.2,1.3,73.882,0.9,59.32,8.84
2018-01-04 16:05:00,0.919703990525375,0.0036047309703986,0.33394,60,713,256,1.3,74.05,0.9,59.48,8.8
2018-01-04 16:06:00,0.92050994171077,0.00354423743160979,0.3210485,60.6,681.2,246.4,1.3,74.22,0.9,59.64,8.76
2018-01-04 16:07:00,0.921315892896165,0.00348374389282097,0.308157,61.2,649.4,236.8,1.3,74.39,0.9,59.8,8.72
2018-01-04 16:08:00,0.92212184408156,0.00342325035403216,0.2952655,61.8,617.6,227.2,1.3,74.56,0.9,59.96,8.68
2018-01-04 16:09:00,0.922927795266955,0.00336275681524335,0.282374,62.4,585.8,217.6,1.3,74.73,0.9,60.12,8.64
2018-01-04 16:10:00,0.92373374645235,0.00330226327645453,0.2694825,63,554,208,1.3,74.9,0.9,60.28,8.6
2018-01-04 16:11:00,0.924539697637744,0.00337847080217967,0.266523,62.6,551.2,205.2,1.3,75.07,0.9,60.362,8.58
2018-01-04 16:12:00,0.92534564882314,0.0034546783279048,0.2635635,62.2,548.4,202.4,1.3,75.24,0.9,60.444,8.56
2018-01-04 16:13:00,0.926151600008534,0.00353088585362993,0.260604,61.8,545.6,199.6,1.3,75.41,0.9,60.526,8.54
2018-01-04 16:14:00,0.926957551193929,0.00360709337935506,0.2576445,61.4,542.8,196.8,1.3,75.58,0.9,60.608,8.52
2018-01-04 16:15:00,0.927763502379324,0.0036833009050802,0.254685,61,540,194,1.3,75.75,0.9,60.69,8.5
2018-01-04 16:16:00,0.928569453564719,0.00380463058693867,0.2513889,60.4,536.8,191,1.3,75.924,0.92,60.856,8.46
2018-01-04 16:17:00,0.929375404750114,0.00392596026879715,0.2480928,59.8,533.6,188,1.3,76.098,0.94,61.022,8.42
2018-01-04 16:18:00,0.930181355935509,0.00404728995065563,0.2447967,59.2,530.4,185,1.3,76.272,0.96,61.188,8.38
2018-01-04 16:19:00,0.930987307120904,0.0041686196325141,0.2415006,58.6,527.2,182,1.3,76.446,0.98,61.354,8.34
2018-01-04 16:20:00,0.931793258306299,0.00428994931437258,0.2382045,58,524,179,1.3,76.62,1,61.52,8.3
2018-01-04 16:21:00,0.932599209491694,0.00416930111447411,0.2348363,57.4,520.6,176.2,1.3,76.796,1,61.688,8.26
2018-01-04 16:22:00,0.933405160677089,0.00404865291457565,0.2314681,56.8,517.2,173.4,1.3,76.972,1,61.856,8.22
2018-01-04 16:23:00,0.934211111862484,0.00392800471467718,0.2280999,56.2,513.8,170.6,1.3,77.148,1,62.024,8.18
2018-01-04 16:24:00,0.935017063047878,0.00380735651477872,0.2247317,55.6,510.4,167.8,1.3,77.324,1,62.192,8.14
2018-01-04 16:25:00,0.935823014233273,0.00368670831488025,0.2213635,55,507,165,1.3,77.5,1,62.36,8.1
2018-01-04 16:26:00,0.936628965418668,0.00374716966785893,0.2179625,54.4,503.4,162.2,1.3,77.676,1,62.53,8.06
2018-01-04 16:27:00,0.937434916604063,0.0038076310208376,0.2145615,53.8,499.8,159.4,1.3,77.852,1,62.7,8.02
2018-01-04 16:28:00,0.938240867789458,0.00386809237381627,0.2111605,53.2,496.2,156.6,1.3,78.028,1,62.87,7.98
2018-01-04 16:29:00,0.939046818974853,0.00392855372679494,0.2077595,52.6,492.6,153.8,1.3,78.204,1,63.04,7.94
2018-01-04 16:30:00,0.939852770160248,0.00398901507977362,0.2043585,52,489,151,1.3,78.38,1,63.21,7.9
2018-01-04 16:31:00,0.940658721345643,0.00410513106341413,0.20100445,51.4,485.4,148.2,1.18,78.558,1,62.758,7.88
2018-01-04 16:32:00,0.941464672531038,0.00422124704705463,0.1976504,50.8,481.8,145.4,1.06,78.736,1,62.306,7.86
2018-01-04 16:33:00,0.942270623716433,0.00433736303069514,0.19429635,50.2,478.2,142.6,0.94,78.914,1,61.854,7.84
2018-01-04 16:34:00,0.943076574901828,0.00445347901433565,0.1909423,49.6,474.6,139.8,0.82,79.092,1,61.402,7.82
2018-01-04 16:35:00,0.943882526087223,0.00456959499797615,0.18758825,49,471,137,0.7,79.27,1,60.95,7.8
2018-01-04 16:36:00,0.944688477272617,0.0045410165893313,0.1841396,48.4,466.8,134.2,0.7,79.45,1,61.116,7.76
2018-01-04 16:37:00,0.945494428458012,0.00451243818068645,0.18069095,47.8,462.6,131.4,0.7,79.63,1,61.282,7.72
2018-01-04 16:38:00,0.946300379643407,0.00448385977204159,0.1772423,47.2,458.4,128.6,0.7,79.81,1,61.448,7.68
2018-01-04 16:39:00,0.947106330828802,0.00445528136339674,0.17379365,46.6,454.2,125.8,0.7,79.99,1,61.614,7.64
2018-01-04 16:40:00,0.947912282014197,0.00442670295475188,0.170345,46,450,123,0.7,80.17,1,61.78,7.6
2018-01-04 16:41:00,0.948718233199592,0.0045495687035974,0.16694125,45.4,445.6,120.4,0.7,80.35,1,61.95,7.56
2018-01-04 16:42:00,0.949524184384987,0.00467243445244292,0.1635375,44.8,441.2,117.8,0.7,80.53,1,62.12,7.52
2018-01-04 16:43:00,0.950330135570382,0.00479530020128844,0.16013375,44.2,436.8,115.2,0.7,80.71,1,62.29,7.48
2018-01-04 16:44:00,0.951136086755777,0.00491816595013396,0.15673,43.6,432.4,112.6,0.7,80.89,1,62.46,7.44
2018-01-04 16:45:00,0.951942037941172,0.00504103169897948,0.15332625,43,428,110,0.7,81.07,1,62.63,7.4
2018-01-04 16:46:00,0.952747989126567,0.00490180168503471,0.14992665,42.4,423.2,107.2,0.7,81.252,1,62.802,7.36
2018-01-04 16:47:00,0.953553940311962,0.00476257167108994,0.14652705,41.8,418.4,104.4,0.7,81.434,1,62.974,7.32
2018-01-04 16:48:00,0.954359891497356,0.00462334165714517,0.14312745,41.2,413.6,101.6,0.7,81.616,1,63.146,7.28
2018-01-04 16:49:00,0.955165842682751,0.0044841116432004,0.13972785,40.6,408.8,98.8,0.7,81.798,1,63.318,7.24
2018-01-04 16:50:00,0.955971793868146,0.00434488162925563,0.13632825,40,404,96,0.7,81.98,1,63.49,7.2
2018-01-04 16:51:00,0.956777745053541,0.00437457327544557,0.1328798,39.4,398.6,93.4,0.7,82.162,1,63.578,7.18
2018-01-04 16:52:00,0.957583696238936,0.00440426492163551,0.12943135,38.8,393.2,90.8,0.7,82.344,1,63.666,7.16
2018-01-04 16:53:00,0.958389647424331,0.00443395656782545,0.1259829,38.2,387.8,88.2,0.7,82.526,1,63.754,7.14
2018-01-04 16:54:00,0.959195598609726,0.0044636482140154,0.12253445,37.6,382.4,85.6,0.7,82.708,1,63.842,7.12
2018-01-04 16:55:00,0.960001549795121,0.00449333986020534,0.119086,37,377,83,0.7,82.89,1,63.93,7.1
2018-01-04 16:56:00,0.960807500980516,0.00446323543810381,0.11861555,36.4,387,82.4,0.7,83.074,1,64.106,7.06
2018-01-04 16:57:00,0.961613452165911,0.00443313101600228,0.1181451,35.8,397,81.8,0.7,83.258,1,64.282,7.02
2018-01-04 16:58:00,0.962419403351306,0.00440302659390075,0.11767465,35.2,407,81.2,0.7,83.442,1,64.458,6.98
2018-01-04 16:59:00,0.963225354536701,0.00437292217179922,0.1172042,34.6,417,80.6,0.7,83.626,1,64.634,6.94
2018-01-04 17:00:00,0.964031305722096,0.00434281774969769,0.11673375,34,427,80,0.7,83.81,1,64.81,6.9
2018-01-04 17:01:00,0.964761656147537,0.00441443075133627,0.10224025,33.8,361.8,72.4,0.7,83.992,1,64.81,6.9
2018-01-04 17:02:00,0.965492006572978,0.00448604375297485,0.08774675,33.6,296.6,64.8,0.7,84.174,1,64.81,6.9
2018-01-04 17:03:00,0.96622235699842,0.00455765675461343,0.07325325,33.4,231.4,57.2,0.7,84.356,1,64.81,6.9
2018-01-04 17:04:00,0.966952707423861,0.00462926975625202,0.05875975,33.2,166.2,49.6,0.7,84.538,1,64.81,6.9
2018-01-04 17:05:00,0.967683057849302,0.0047008827578906,0.04426625,33,101,42,0.7,84.72,1,64.81,6.9
2018-01-04 17:06:00,0.968413408274744,0.00467253273825261,0.0405722,31.8,94.6,40,0.7,84.904,1,64.81,6.9
2018-01-04 17:07:00,0.969143758700185,0.00464418271861462,0.03687815,30.6,88.2,38,0.7,85.088,1,64.81,6.9
2018-01-04 17:08:00,0.969874109125626,0.00461583269897664,0.0331841,29.4,81.8,36,0.7,85.272,1,64.81,6.9
2018-01-04 17:09:00,0.970604459551068,0.00458748267933865,0.02949005,28.2,75.4,34,0.7,85.456,1,64.81,6.9
2018-01-04 17:10:00,0.971334809976509,0.00455913265970066,0.025796,27,69,32,0.7,85.64,1,64.81,6.9
2018-01-04 17:11:00,0.97206516040195,0.00450961664988403,0.02117877,26,61,30.4,0.7,85.824,1,64.81,6.9
2018-01-04 17:12:00,0.972795510827392,0.00446010064006741,0.01656154,25,53,28.8,0.7,86.008,1,64.81,6.9
2018-01-04 17:13:00,0.973525861252833,0.00441058463025078,0.01194431,24,45,27.2,0.7,86.192,1,64.81,6.9
2018-01-04 17:14:00,0.974256211678274,0.00436106862043415,0.00732708,23,37,25.6,0.7,86.376,1,64.81,6.9
2018-01-04 17:15:00,0.974986562103716,0.00431155261061752,0.00270985,22,29,24,0.7,86.56,1,64.81,6.9
2018-01-04 17:16:00,0.975716912529157,0.00438945599933209,0.00216788,21,54.8,24,0.7,86.742,1,64.81,6.9
2018-01-04 17:17:00,0.976447262954598,0.00446735938804665,0.00162591,20,80.6,24,0.7,86.924,1,64.81,6.9
2018-01-04 17:18:00,0.97717761338004,0.00454526277676122,0.00108394,19,106.4,24,0.7,87.106,1,64.81,6.9
2018-01-04 17:19:00,0.977907963805481,0.00462316616547579,0.00054197,18,132.2,24,0.7,87.288,1,64.81,6.9
2018-01-04 17:20:00,0.978638314230923,0.00470106955419035,0,17,158,24,0.7,87.47,1,64.81,6.9
2018-01-04 17:21:00,0.979368664656364,0.00472346848665825,0,16.4,159.6,23,0.7,87.648,1,64.81,6.9
2018-01-04 17:22:00,0.980099015081805,0.00474586741912614,0,15.8,161.2,22,0.7,87.826,1,64.81,6.9
2018-01-04 17:23:00,0.980829365507247,0.00476826635159403,0,15.2,162.8,21,0.7,88.004,1,64.81,6.9
2018-01-04 17:24:00,0.981559715932688,0.00479066528406193,0,14.6,164.4,20,0.7,88.182,1,64.81,6.9
2018-01-04 17:25:00,0.982290066358129,0.00481306421652982,0,14,166,19,0.7,88.36,1,64.81,6.9
2018-01-04 17:26:00,0.983020416783571,0.00469058893229669,0,11.2,132.8,15.2,0.7,88.532,1,64.81,6.9
2018-01-04 17:27:00,0.983750767209012,0.00456811364806356,0,8.4,99.6,11.4,0.7,88.704,1,64.81,6.9
2018-01-04 17:28:00,0.984481117634454,0.00444563836383044,0,5.6,66.4,7.6,0.7,88.876,1,64.81,6.9
2018-01-04 17:29:00,0.985211468059895,0.00432316307959731,0,2.8,33.2,3.8,0.7,89.048,1,64.81,6.9
2018-01-04 17:30:00,0.985941818485336,0.00420068779536418,0,0,0,0,0.7,89.22,1,64.81,6.9
2018-01-04 17:31:00,0.986672168910778,0.00421576720578704,0,0,0,0,0.7,89.384,1,64.81,6.9
2018-01-04 17:32:00,0.987402519336219,0.00423084661620989,0,0,0,0,0.7,89.548,1,64.81,6.9
2018-01-04 17:33:00,0.98813286976166,0.00424592602663275,0,0,0,0,0.7,89.712,1,64.81,6.9
2018-01-04 17:34:00,0.988863220187102,0.0042610054370556,0,0,0,0,0.7,89.876,1,64.81,6.9
2018-01-04 17:35:00,0.989593570612543,0.00427608484747846,0,0,0,0,0.7,90.04,1,64.81,6.9
2018-01-04 17:36:00,0.990323921037984,0.00431608779404084,0,0,0,0,0.7,90.356,1,64.81,6.9
2018-01-04 17:37:00,0.991054271463426,0.00435609074060323,0,0,0,0,0.7,90.672,1,64.81,6.9
2018-01-04 17:38:00,0.991784621888867,0.00439609368716561,0,0,0,0,0.7,90.988,1,64.81,6.9
2018-01-04 17:39:00,0.992514972314308,0.00443609663372799,0,0,0,0,0.7,91.304,1,64.81,6.9
2018-01-04 17:40:00,0.99324532273975,0.00447609958029038,0,0,0,0,0.7,91.62,1,64.81,6.9
2018-01-04 17:41:00,0.993975673165191,0.00435766583525551,0,0,0,0,0.7,91.818,1,64.81,6.9
2018-01-04 17:42:00,0.994706023590632,0.00423923209022064,0,0,0,0,0.7,92.016,1,64.81,6.9
2018-01-04 17:43:00,0.995436374016074,0.00412079834518577,0,0,0,0,0.7,92.214,1,64.81,6.9
2018-01-04 17:44:00,0.996166724441515,0.0040023646001509,0,0,0,0,0.7,92.412,1,64.81,6.9
2018-01-04 17:45:00,0.996897074866957,0.00388393085511603,0,0,0,0,0.7,92.61,1,64.81,6.9
2018-01-04 17:46:00,0.997627425292398,0.00427938203386438,0,0,0,0,0.7,92.806,1,64.81,6.9
2018-01-04 17:47:00,0.998357775717839,0.00467483321261274,0,0,0,0,0.7,93.002,1,64.81,6.9
2018-01-04 17:48:00,0.999088126143281,0.0050702843913611,0,0,0,0,0.7,93.198,1,64.81,6.9
2018-01-04 17:49:00,0.999818476568722,0.00546573557010945,0,0,0,0,0.7,93.394,1,64.81,6.9
2018-01-04 17:50:00,1.00054882699416,0.00586118674885781,0,0,0,0,0.7,93.59,1,64.81,6.9
2018-01-04 17:51:00,1.0012791774196,0.00561673289859335,0,0,0,0,0.7,93.79,1,64.81,6.9
2018-01-04 17:52:00,1.00200952784505,0.00537227904832889,0,0,0,0,0.7,93.99,1,64.81,6.9
2018-01-04 17:53:00,1.00273987827049,0.00512782519806443,0,0,0,0,0.7,94.19,1,64.81,6.9
2018-01-04 17:54:00,1.00347022869593,0.00488337134779997,0,0,0,0,0.7,94.39,1,64.81,6.9
2018-01-04 17:55:00,1.00420057912137,0.00463891749753551,0,0,0,0,0.7,94.59,1,64.81,6.9
2018-01-04 17:56:00,1.00493092954681,0.00471108031390336,0,0,0,0,0.66,94.788,1.02,65.01,6.8
2018-01-04 17:57:00,1.00566127997225,0.00478324313027121,0,0,0,0,0.62,94.986,1.04,65.21,6.7
2018-01-04 17:58:00,1.00639163039769,0.00485540594663906,0,0,0,0,0.58,95.184,1.06,65.41,6.6
2018-01-04 17:59:00,1.00712198082314,0.00492756876300692,0,0,0,0,0.54,95.382,1.08,65.61,6.5
2018-01-04 18:00:00,1.00785233124858,0.00499973157937477,0,0,0,0,0.5,95.58,1.1,65.81,6.4
2018-01-04 18:01:00,1.00788580584046,0.00496514426378268,0,0,0,0,0.5,95.782,1.1,65.9,6.38
2018-01-04 18:02:00,1.00791928043234,0.00493055694819058,0,0,0,0,0.5,95.984,1.1,65.99,6.36
2018-01-04 18:03:00,1.00795275502423,0.00489596963259849,0,0,0,0,0.5,96.186,1.1,66.08,6.34
2018-01-04 18:04:00,1.00798622961611,0.0048613823170064,0,0,0,0,0.5,96.388,1.1,66.17,6.32
2018-01-04 18:05:00,1.00801970420799,0.00482679500141431,0,0,0,0,0.5,96.59,1.1,66.26,6.3
2018-01-04 18:06:00,1.00805317879988,0.00483263559419512,0,0,0,0,0.5,96.79,1.1,66.26,6.3
2018-01-04 18:07:00,1.00808665339176,0.00483847618697592,0,0,0,0,0.5,96.99,1.1,66.26,6.3
2018-01-04 18:08:00,1.00812012798365,0.00484431677975673,0,0,0,0,0.5,97.19,1.1,66.26,6.3
2018-01-04 18:09:00,1.00815360257553,0.00485015737253753,0,0,0,0,0.5,97.39,1.1,66.26,6.3
2018-01-04 18:10:00,1.00818707716741,0.00485599796531834,0,0,0,0,0.5,97.59,1.1,66.26,6.3
2018-01-04 18:11:00,1.0082205517593,0.00508785953523316,0,0,0,0,0.5,97.792,1.1,66.26,6.3
2018-01-04 18:12:00,1.00825402635118,0.00531972110514798,0,0,0,0,0.5,97.994,1.1,66.26,6.3
2018-01-04 18:13:00,1.00828750094306,0.0055515826750628,0,0,0,0,0.5,98.196,1.1,66.26,6.3
2018-01-04 18:14:00,1.00832097553495,0.00578344424497763,0,0,0,0,0.5,98.398,1.1,66.26,6.3
2018-01-04 18:15:00,1.00835445012683,0.00601530581489245,0,0,0,0,0.5,98.6,1.1,66.26,6.3
2018-01-04 18:16:00,1.00838792471871,0.00578466301856751,0,0,0,0,0.5,98.802,1.1,66.274,6.3
2018-01-04 18:17:00,1.0084213993106,0.00555402022224256,0,0,0,0,0.5,99.004,1.1,66.288,6.3
2018-01-04 18:18:00,1.00845487390248,0.00532337742591762,0,0,0,0,0.5,99.206,1.1,66.302,6.3
2018-01-04 18:19:00,1.00848834849436,0.00509273462959268,0,0,0,0,0.5,99.408,1.1,66.316,6.3
2018-01-04 18:20:00,1.00852182308625,0.00486209183326774,0,0,0,0,0.5,99.61,1.1,66.33,6.3
2018-01-04 18:21:00,1.00855529767813,0.0048528693887596,0,0,0,0,0.5,99.814,1.1,66.422,6.28
2018-01-04 18:22:00,1.00858877227001,0.00484364694425146,0,0,0,0,0.5,100.018,1.1,66.514,6.26
2018-01-04 18:23:00,1.0086222468619,0.00483442449974331,0,0,0,0,0.5,100.222,1.1,66.606,6.24
2018-01-04 18:24:00,1.00865572145378,0.00482520205523517,0,0,0,0,0.5,100.426,1.1,66.698,6.22
2018-01-04 18:25:00,1.00868919604567,0.00481597961072703,0,0,0,0,0.5,100.63,1.1,66.79,6.2
2018-01-04 18:26:00,1.00872267063755,0.00514488747624318,0,0,0,0,0.5,100.834,1.1,66.79,6.2
2018-01-04 18:27:00,1.00875614522943,0.00547379534175933,0,0,0,0,0.5,101.038,1.1,66.79,6.2
2018-01-04 18:28:00,1.00878961982132,0.00580270320727548,0,0,0,0,0.5,101.242,1.1,66.79,6.2
2018-01-04 18:29:00,1.0088230944132,0.00613161107279163,0,0,0,0,0.5,101.446,1.1,66.79,6.2
2018-01-04 18:30:00,1.00885656900508,0.00646051893830778,0,0,0,0,0.5,101.65,1.1,66.79,6.2
2018-01-04 18:31:00,1.00889004359697,0.00617778420820088,0,0,0,0,0.5,101.856,1.1,66.778,6.2
2018-01-04 18:32:00,1.00892351818885,0.00589504947809398,0,0,0,0,0.5,102.062,1.1,66.766,6.2
2018-01-04 18:33:00,1.00895699278073,0.00561231474798708,0,0,0,0,0.5,102.268,1.1,66.754,6.2
2018-01-04 18:34:00,1.00899046737262,0.00532958001788018,0,0,0,0,0.5,102.474,1.1,66.742,6.2
2018-01-04 18:35:00,1.0090239419645,0.00504684528777328,0,0,0,0,0.5,102.68,1.1,66.73,6.2
2018-01-04 18:36:00,1.00905741655638,0.00508497447550076,0,0,0,0,0.5,102.884,1.1,66.73,6.2
2018-01-04 18:37:00,1.00909089114827,0.00512310366322824,0,0,0,0,0.5,103.088,1.1,66.73,6.2
2018-01-04 18:38:00,1.00912436574015,0.00516123285095572,0,0,0,0,0.5,103.292,1.1,66.73,6.2
2018-01-04 18:39:00,1.00915784033203,0.0051993620386832,0,0,0,0,0.5,103.496,1.1,66.73,6.2
2018-01-04 18:40:00,1.00919131492392,0.00523749122641068,0,0,0,0,0.5,103.7,1.1,66.73,6.2
2018-01-04 18:41:00,1.0092247895158,0.00511970888812005,0,0,0,0,0.5,103.906,1.1,66.822,6.18
2018-01-04 18:42:00,1.00925826410769,0.00500192654982941,0,0,0,0,0.5,104.112,1.1,66.914,6.16
2018-01-04 18:43:00,1.00929173869957,0.00488414421153878,0,0,0,0,0.5,104.318,1.1,67.006,6.14
2018-01-04 18:44:00,1.00932521329145,0.00476636187324815,0,0,0,0,0.5,104.524,1.1,67.098,6.12
2018-01-04 18:45:00,1.00935868788334,0.00464857953495751,0,0,0,0,0.5,104.73,1.1,67.19,6.1
2018-01-04 18:46:00,1.00939216247522,0.00489335011091371,0,0,0,0,0.5,104.938,1.1,67.19,6.1
2018-01-04 18:47:00,1.0094256370671,0.00513812068686991,0,0,0,0,0.5,105.146,1.1,67.19,6.1
2018-01-04 18:48:00,1.00945911165899,0.00538289126282611,0,0,0,0,0.5,105.354,1.1,67.19,6.1
2018-01-04 18:49:00,1.00949258625087,0.00562766183878231,0,0,0,0,0.5,105.562,1.1,67.19,6.1
2018-01-04 18:50:00,1.00952606084275,0.00587243241473851,0,0,0,0,0.5,105.77,1.1,67.19,6.1
2018-01-04 18:51:00,1.00955953543464,0.00596125683370471,0,0,0,0,0.5,105.976,1.1,67.19,6.1
2018-01-04 18:52:00,1.00959301002652,0.00605008125267092,0,0,0,0,0.5,106.182,1.1,67.19,6.1
2018-01-04 18:53:00,1.0096264846184,0.00613890567163712,0,0,0,0,0.5,106.388,1.1,67.19,6.1
2018-01-04 18:54:00,1.00965995921029,0.00622773009060332,0,0,0,0,0.5,106.594,1.1,67.19,6.1
2018-01-04 18:55:00,1.00969343380217,0.00631655450956952,0,0,0,0,0.5,106.8,1.1,67.19,6.1
2018-01-04 18:56:00,1.00972690839405,0.00594173527408646,0,0,0,0,0.5,107.008,1.1,67.19,6.1
2018-01-04 18:57:00,1.00976038298594,0.0055669160386034,0,0,0,0,0.5,107.216,1.1,67.19,6.1
2018-01-04 18:58:00,1.00979385757782,0.00519209680312034,0,0,0,0,0.5,107.424,1.1,67.19,6.1
2018-01-04 18:59:00,1.00982733216971,0.00481727756763728,0,0,0,0,0.5,107.632,1.1,67.19,6.1
2018-01-04 19:00:00,1.00986080676159,0.00444245833215423,0,0,0,0,0.5,107.84,1.1,67.19,6.1
2018-01-04 19:01:00,1.00975985703905,0.0045014999665032,0,0,0,0,0.5,108.05,1.1,67.284,6.08
2018-01-04 19:02:00,1.00965890731651,0.00456054160085217,0,0,0,0,0.5,108.26,1.1,67.378,6.06
2018-01-04 19:03:00,1.00955795759397,0.00461958323520114,0,0,0,0,0.5,108.47,1.1,67.472,6.04
2018-01-04 19:04:00,1.00945700787144,0.00467862486955012,0,0,0,0,0.5,108.68,1.1,67.566,6.02
2018-01-04 19:05:00,1.0093560581489,0.00473766650389909,0,0,0,0,0.5,108.89,1.1,67.66,6
2018-01-04 19:06:00,1.00925510842636,0.00478885582982965,0,0,0,0,0.5,109.098,1.1,67.66,6
2018-01-04 19:07:00,1.00915415870382,0.00484004515576021,0,0,0,0,0.5,109.306,1.1,67.66,6
2018-01-04 19:08:00,1.00905320898128,0.00489123448169076,0,0,0,0,0.5,109.514,1.1,67.66,6
2018-01-04 19:09:00,1.00895225925875,0.00494242380762132,0,0,0,0,0.5,109.722,1.1,67.66,6
2018-01-04 19:10:00,1.00885130953621,0.00499361313355188,0,0,0,0,0.5,109.93,1.1,67.66,6
2018-01-04 19:11:00,1.00875035981367,0.00512721133504227,0,0,0,0,0.5,110.14,1.1,67.66,6
2018-01-04 19:12:00,1.00864941009113,0.00526080953653265,0,0,0,0,0.5,110.35,1.1,67.66,6
2018-01-04 19:13:00,1.00854846036859,0.00539440773802304,0,0,0,0,0.5,110.56,1.1,67.66,6
2018-01-04 19:14:00,1.00844751064605,0.00552800593951342,0,0,0,0,0.5,110.77,1.1,67.66,6
2018-01-04 19:15:00,1.00834656092352,0.00566160414100381,0,0,0,0,0.5,110.98,1.1,67.66,6
2018-01-04 19:16:00,1.00824561120098,0.00569759542033378,0,0,0,0,0.5,111.19,1.1,67.754,5.98
2018-01-04 19:17:00,1.00814466147844,0.00573358669966374,0,0,0,0,0.5,111.4,1.1,67.848,5.96
2018-01-04 19:18:00,1.0080437117559,0.0057695779789937,0,0,0,0,0.5,111.61,1.1,67.942,5.94
2018-01-04 19:19:00,1.00794276203336,0.00580556925832367,0,0,0,0,0.5,111.82,1.1,68.036,5.92
2018-01-04 19:20:00,1.00784181231083,0.00584156053765363,0,0,0,0,0.5,112.03,1.1,68.13,5.9
2018-01-04 19:21:00,1.00774086258829,0.00584924374147533,0,0,0,0,0.5,112.24,1.1,68.13,5.9
2018-01-04 19:22:00,1.00763991286575,0.00585692694529702,0,0,0,0,0.5,112.45,1.1,68.13,5.9
2018-01-04 19:23:00,1.00753896314321,0.00586461014911872,0,0,0,0,0.5,112.66,1.1,68.13,5.9
2018-01-04 19:24:00,1.00743801342067,0.00587229335294041,0,0,0,0,0.5,112.87,1.1,68.13,5.9
2018-01-04 19:25:00,1.00733706369813,0.00587997655676211,0,0,0,0,0.5,113.08,1.1,68.13,5.9
2018-01-04 19:26:00,1.0072361139756,0.00574830025004673,0,0,0,0,0.5,113.292,1.1,68.13,5.9
2018-01-04 19:27:00,1.00713516425306,0.00561662394333135,0,0,0,0,0.5,113.504,1.1,68.13,5.9
2018-01-04 19:28:00,1.00703421453052,0.00548494763661596,0,0,0,0,0.5,113.716,1.1,68.13,5.9
2018-01-04 19:29:00,1.00693326480798,0.00535327132990058,0,0,0,0,0.5,113.928,1.1,68.13,5.9
2018-01-04 19:30:00,1.00683231508544,0.0052215950231852,0,0,0,0,0.5,114.14,1.1,68.13,5.9
2018-01-04 19:31:00,1.0067313653629,0.00535276550372073,0,0,0,0,0.5,114.35,1.1,68.3,5.88
2018-01-04 19:32:00,1.00663041564037,0.00548393598425626,0,0,0,0,0.5,114.56,1.1,68.47,5.86
2018-01-04 19:33:00,1.00652946591783,0.00561510646479179,0,0,0,0,0.5,114.77,1.1,68.64,5.84
2018-01-04 19:34:00,1.00642851619529,0.00574627694532731,0,0,0,0,0.5,114.98,1.1,68.81,5.82
2018-01-04 19:35:00,1.00632756647275,0.00587744742586284,0,0,0,0,0.5,115.19,1.1,68.98,5.8
2018-01-04 19:36:00,1.00622661675021,0.00573923668053417,0,0,0,0,0.5,115.402,1.1,68.98,5.8
2018-01-04 19:37:00,1.00612566702768,0.0056010259352055,0,0,0,0,0.5,115.614,1.1,68.98,5.8
2018-01-04 19:38:00,1.00602471730514,0.00546281518987682,0,0,0,0,0.5,115.826,1.1,68.98,5.8
2018-01-04 19:39:00,1.0059237675826,0.00532460444454815,0,0,0,0,0.5,116.038,1.1,68.98,5.8
2018-01-04 19:40:00,1.00582281786006,0.00518639369921947,0,0,0,0,0.5,116.25,1.1,68.98,5.8
2018-01-04 19:41:00,1.00572186813752,0.0052557888274293,0,0,0,0,0.5,116.464,1.1,68.98,5.8
2018-01-04 19:42:00,1.00562091841498,0.00532518395563913,0,0,0,0,0.5,116.678,1.1,68.98,5.8
2018-01-04 19:43:00,1.00551996869245,0.00539457908384896,0,0,0,0,0.5,116.892,1.1,68.98,5.8
2018-01-04 19:44:00,1.00541901896991,0.00546397421205879,0,0,0,0,0.5,117.106,1.1,68.98,5.8
2018-01-04 19:45:00,1.00531806924737,0.00553336934026862,0,0,0,0,0.5,117.32,1.1,68.98,5.8
2018-01-04 19:46:00,1.00521711952483,0.00538671147813086,0,0,0,0,0.5,117.532,1.1,69.076,5.78
2018-01-04 19:47:00,1.00511616980229,0.00524005361599311,0,0,0,0,0.5,117.744,1.1,69.172,5.76
2018-01-04 19:48:00,1.00501522007976,0.00509339575385536,0,0,0,0,0.5,117.956,1.1,69.268,5.74
2018-01-04 19:49:00,1.00491427035722,0.0049467378917176,0,0,0,0,0.5,118.168,1.1,69.364,5.72
2018-01-04 19:50:00,1.00481332063468,0.00480008002957985,0,0,0,0,0.5,118.38,1.1,69.46,5.7
2018-01-04 19:51:00,1.00471237091214,0.00501783412279309,0,0,0,0,0.5,118.592,1.1,69.46,5.7
2018-01-04 19:52:00,1.0046114211896,0.00523558821600634,0,0,0,0,0.5,118.804,1.1,69.46,5.7
2018-01-04 19:53:00,1.00451047146706,0.00545334230921958,0,0,0,0,0.5,119.016,1.1,69.46,5.7
2018-01-04 19:54:00,1.00440952174453,0.00567109640243282,0,0,0,0,0.5,119.228,1.1,69.46,5.7
2018-01-04 19:55:00,1.00430857202199,0.00588885049564606,0,0,0,0,0.5,119.44,1.1,69.46,5.7
2018-01-04 19:56:00,1.00420762229945,0.0056349325219805,0,0,0,0,0.5,119.654,1.1,69.46,5.7
2018-01-04 19:57:00,1.00410667257691,0.00538101454831495,0,0,0,0,0.5,119.868,1.1,69.46,5.7
2018-01-04 19:58:00,1.00400572285437,0.00512709657464939,0,0,0,0,0.5,120.082,1.1,69.46,5.7
2018-01-04 19:59:00,1.00390477313184,0.00487317860098383,0,0,0,0,0.5,120.296,1.1,69.46,5.7
2018-01-04 20:00:00,1.0038038234093,0.00461926062731827,0,0,0,0,0.5,120.51,1.1,69.46,5.7
2018-01-04 20:01:00,1.00332112385434,0.00482516665981923,0,0,0,0,0.5,120.724,1.1,69.556,5.68
2018-01-04 20:02:00,1.00283842429939,0.00503107269232018,0,0,0,0,0.5,120.938,1.1,69.652,5.66
2018-01-04 20:03:00,1.00235572474444,0.00523697872482114,0,0,0,0,0.5,121.152,1.1,69.748,5.64
2018-01-04 20:04:00,1.00187302518949,0.0054428847573221,0,0,0,0,0.5,121.366,1.1,69.844,5.62
2018-01-04 20:05:00,1.00139032563453,0.00564879078982305,0,0,0,0,0.5,121.58,1.1,69.94,5.6
2018-01-04 20:06:00,1.00090762607958,0.00555847790544673,0,0,0,0,0.5,121.794,1.1,69.94,5.6
2018-01-04 20:07:00,1.00042492652463,0.00546816502107042,0,0,0,0,0.5,122.008,1.1,69.94,5.6
2018-01-04 20:08:00,0.999942226969674,0.0053778521366941,0,0,0,0,0.5,122.222,1.1,69.94,5.6
2018-01-04 20:09:00,0.999459527414721,0.00528753925231778,0,0,0,0,0.5,122.436,1.1,69.94,5.6
2018-01-04 20:10:00,0.998976827859768,0.00519722636794146,0,0,0,0,0.5,122.65,1.1,69.94,5.6
2018-01-04 20:11:00,0.998494128304816,0.00513738881736958,0,0,0,0,0.5,122.864,1.1,70.036,5.58
2018-01-04 20:12:00,0.998011428749863,0.00507755126679769,0,0,0,0,0.5,123.078,1.1,70.132,5.56
2018-01-04 20:13:00,0.99752872919491,0.0050177137162258,0,0,0,0,0.5,123.292,1.1,70.228,5.54
2018-01-04 20:14:00,0.997046029639957,0.00495787616565391,0,0,0,0,0.5,123.506,1.1,70.324,5.52
2018-01-04 20:15:00,0.996563330085004,0.00489803861508203,0,0,0,0,0.5,123.72,1.1,70.42,5.5
2018-01-04 20:16:00,0.996080630530051,0.00499433222184442,0,0,0,0,0.5,123.934,1.1,70.42,5.5
2018-01-04 20:17:00,0.995597930975098,0.00509062582860682,0,0,0,0,0.5,124.148,1.1,70.42,5.5
2018-01-04 20:18:00,0.995115231420145,0.00518691943536921,0,0,0,0,0.5,124.362,1.1,70.42,5.5
2018-01-04 20:19:00,0.994632531865192,0.00528321304213161,0,0,0,0,0.5,124.576,1.1,70.42,5.5
2018-01-04 20:20:00,0.99414983231024,0.005379506648894,0,0,0,0,0.5,124.79,1.1,70.42,5.5
2018-01-04 20:21:00,0.993667132755286,0.00529603839506251,0,0,0,0,0.5,125.006,1.1,70.518,5.48
2018-01-04 20:22:00,0.993184433200334,0.00521257014123101,0,0,0,0,0.5,125.222,1.1,70.616,5.46
2018-01-04 20:23:00,0.992701733645381,0.00512910188739952,0,0,0,0,0.5,125.438,1.1,70.714,5.44
2018-01-04 20:24:00,0.992219034090428,0.00504563363356802,0,0,0,0,0.5,125.654,1.1,70.812,5.42
2018-01-04 20:25:00,0.991736334535475,0.00496216537973652,0,0,0,0,0.5,125.87,1.1,70.91,5.4
2018-01-04 20:26:00,0.991253634980522,0.00495377062227798,0,0,0,0,0.5,126.084,1.1,70.91,5.4
2018-01-04 20:27:00,0.990770935425569,0.00494537586481944,0,0,0,0,0.5,126.298,1.1,70.91,5.4
2018-01-04 20:28:00,0.990288235870616,0.0049369811073609,0,0,0,0,0.5,126.512,1.1,70.91,5.4
2018-01-04 20:29:00,0.989805536315663,0.00492858634990236,0,0,0,0,0.5,126.726,1.1,70.91,5.4
2018-01-04 20:30:00,0.98932283676071,0.00492019159244382,0,0,0,0,0.5,126.94,1.1,70.91,5.4
2018-01-04 20:31:00,0.988840137205758,0.00508382151535061,0,0,0,0,0.54,127.156,1.1,71.192,5.38
2018-01-04 20:32:00,0.988357437650805,0.0052474514382574,0,0,0,0,0.58,127.372,1.1,71.474,5.36
2018-01-04 20:33:00,0.987874738095852,0.0054110813611642,0,0,0,0,0.62,127.588,1.1,71.756,5.34
2018-01-04 20:34:00,0.987392038540899,0.00557471128407099,0,0,0,0,0.66,127.804,1.1,72.038,5.32
2018-01-04 20:35:00,0.986909338985946,0.00573834120697778,0,0,0,0,0.7,128.02,1.1,72.32,5.3
2018-01-04 20:36:00,0.986426639430993,0.00559138799442496,0,0,0,0,0.7,128.236,1.1,72.32,5.3
2018-01-04 20:37:00,0.98594393987604,0.00544443478187214,0,0,0,0,0.7,128.452,1.1,72.32,5.3
2018-01-04 20:38:00,0.985461240321087,0.00529748156931932,0,0,0,0,0.7,128.668,1.1,72.32,5.3
2018-01-04 20:39:00,0.984978540766134,0.0051505283567665,0,0,0,0,0.7,128.884,1.1,72.32,5.3
2018-01-04 20:40:00,0.984495841211181,0.00500357514421368,0,0,0,0,0.7,129.1,1.1,72.32,5.3
2018-01-04 20:41:00,0.984013141656228,0.0049301891091941,0,0,0,0,0.7,129.316,1.1,72.42,5.28
2018-01-04 20:42:00,0.983530442101276,0.00485680307417452,0,0,0,0,0.7,129.532,1.1,72.52,5.26
2018-01-04 20:43:00,0.983047742546323,0.00478341703915494,0,0,0,0,0.7,129.748,1.1,72.62,5.24
2018-01-04 20:44:00,0.98256504299137,0.00471003100413536,0,0,0,0,0.7,129.964,1.1,72.72,5.22
2018-01-04 20:45:00,0.982082343436417,0.00463664496911578,0,0,0,0,0.7,130.18,1.1,72.82,5.2
2018-01-04 20:46:00,0.981599643881464,0.00470710048971316,0,0,0,0,0.7,130.396,1.1,72.82,5.2
2018-01-04 20:47:00,0.981116944326511,0.00477755601031055,0,0,0,0,0.7,130.612,1.1,72.82,5.2
2018-01-04 20:48:00,0.980634244771558,0.00484801153090793,0,0,0,0,0.7,130.828,1.1,72.82,5.2
2018-01-04 20:49:00,0.980151545216605,0.00491846705150532,0,0,0,0,0.7,131.044,1.1,72.82,5.2
2018-01-04 20:50:00,0.979668845661652,0.0049889225721027,0,0,0,0,0.7,131.26,1.1,72.82,5.2
2018-01-04 20:51:00,0.979186146106699,0.00492699592997861,0,0,0,0,0.7,131.476,1.1,72.922,5.18
2018-01-04 20:52:00,0.978703446551746,0.00486506928785452,0,0,0,0,0.7,131.692,1.1,73.024,5.16
2018-01-04 20:53:00,0.978220746996794,0.00480314264573043,0,0,0,0,0.7,131.908,1.1,73.126,5.14
2018-01-04 20:54:00,0.977738047441841,0.00474121600360634,0,0,0,0,0.7,132.124,1.1,73.228,5.12
2018-01-04 20:55:00,0.977255347886888,0.00467928936148225,0,0,0,0,0.7,132.34,1.1,73.33,5.1
2018-01-04 20:56:00,0.976772648331935,0.00520222736474432,0,0,0,0,0.7,132.556,1.1,73.33,5.1
2018-01-04 20:57:00,0.976289948776982,0.00572516536800638,0,0,0,0,0.7,132.772,1.1,73.33,5.1
2018-01-04 20:58:00,0.975807249222029,0.00624810337126845,0,0,0,0,0.7,132.988,1.1,73.33,5.1
2018-01-04 20:59:00,0.975324549667076,0.00677104137453051,0,0,0,0,0.7,133.204,1.1,73.33,5.1
2018-01-04 21:00:00,0.974841850112123,0.00729397937779257,0,0,0,0,0.7,133.42,1.1,73.33,5.1
2018-01-04 21:01:00,0.974154110043425,0.00678350180693179,0,0,0,0,0.7,133.638,1.1,73.33,5.1
2018-01-04 21:02:00,0.973466369974727,0.00627302423607101,0,0,0,0,0.7,133.856,1.1,73.33,5.1
2018-01-04 21:03:00,0.972778629906028,0.00576254666521022,0,0,0,0,0.7,134.074,1.1,73.33,5.1
2018-01-04 21:04:00,0.97209088983733,0.00525206909434944,0,0,0,0,0.7,134.292,1.1,73.33,5.1
2018-01-04 21:05:00,0.971403149768632,0.00474159152348865,0,0,0,0,0.7,134.51,1.1,73.33,5.1
2018-01-04 21:06:00,0.970715409699933,0.00496474777106306,0,0,0,0,0.7,134.726,1.1,73.432,5.08
2018-01-04 21:07:00,0.970027669631235,0.00518790401863746,0,0,0,0,0.7,134.942,1.1,73.534,5.06
2018-01-04 21:08:00,0.969339929562536,0.00541106026621187,0,0,0,0,0.7,135.158,1.1,73.636,5.04
2018-01-04 21:09:00,0.968652189493838,0.00563421651378628,0,0,0,0,0.7,135.374,1.1,73.738,5.02
2018-01-04 21:10:00,0.96796444942514,0.00585737276136068,0,0,0,0,0.7,135.59,1.1,73.84,5
2018-01-04 21:11:00,0.967276709356442,0.00575188046416867,0,0,0,0,0.7,135.806,1.1,73.84,5
2018-01-04 21:12:00,0.966588969287743,0.00564638816697667,0,0,0,0,0.7,136.022,1.1,73.84,5
2018-01-04 21:13:00,0.965901229219045,0.00554089586978466,0,0,0,0,0.7,136.238,1.1,73.84,5
2018-01-04 21:14:00,0.965213489150347,0.00543540357259265,0,0,0,0,0.7,136.454,1.1,73.84,5
2018-01-04 21:15:00,0.964525749081648,0.00532991127540064,0,0,0,0,0.7,136.67,1.1,73.84,5
2018-01-04 21:16:00,0.96383800901295,0.00527409522694002,0,0,0,0,0.7,136.888,1.1,73.84,5
2018-01-04 21:17:00,0.963150268944252,0.00521827917847941,0,0,0,0,0.7,137.106,1.1,73.84,5
2018-01-04 21:18:00,0.962462528875553,0.00516246313001879,0,0,0,0,0.7,137.324,1.1,73.84,5
2018-01-04 21:19:00,0.961774788806855,0.00510664708155818,0,0,0,0,0.7,137.542,1.1,73.84,5
2018-01-04 21:20:00,0.961087048738156,0.00505083103309756,0,0,0,0,0.7,137.76,1.1,73.84,5
2018-01-04 21:21:00,0.960399308669458,0.00494065867457833,0,0,0,0,0.7,137.976,1.08,73.944,4.98
2018-01-04 21:22:00,0.95971156860076,0.0048304863160591,0,0,0,0,0.7,138.192,1.06,74.048,4.96
2018-01-04 21:23:00,0.959023828532062,0.00472031395753988,0,0,0,0,0.7,138.408,1.04,74.152,4.94
2018-01-04 21:24:00,0.958336088463363,0.00461014159902065,0,0,0,0,0.7,138.624,1.02,74.256,4.92
2018-01-04 21:25:00,0.957648348394665,0.00449996924050142,0,0,0,0,0.7,138.84,1,74.36,4.9
2018-01-04 21:26:00,0.956960608325966,0.00461959551283462,0,0,0,0,0.7,139.058,1,74.36,4.9
2018-01-04 21:27:00,0.956272868257268,0.00473922178516783,0,0,0,0,0.7,139.276,1,74.36,4.9
2018-01-04 21:28:00,0.95558512818857,0.00485884805750103,0,0,0,0,0.7,139.494,1,74.36,4.9
2018-01-04 21:29:00,0.954897388119872,0.00497847432983424,0,0,0,0,0.7,139.712,1,74.36,4.9
2018-01-04 21:30:00,0.954209648051173,0.00509810060216744,0,0,0,0,0.7,139.93,1,74.36,4.9
2018-01-04 21:31:00,0.953521907982475,0.00491329963418375,0,0,0,0,0.7,140.146,1,74.374,4.9
2018-01-04 21:32:00,0.952834167913777,0.00472849866620006,0,0,0,0,0.7,140.362,1,74.388,4.9
2018-01-04 21:33:00,0.952146427845078,0.00454369769821638,0,0,0,0,0.7,140.578,1,74.402,4.9
2018-01-04 21:34:00,0.95145868777638,0.00435889673023269,0,0,0,0,0.7,140.794,1,74.416,4.9
2018-01-04 21:35:00,0.950770947707682,0.004174095762249,0,0,0,0,0.7,141.01,1,74.43,4.9
2018-01-04 21:36:00,0.950083207638983,0.00420338229506883,0,0,0,0,0.7,141.228,1,74.43,4.9
2018-01-04 21:37:00,0.949395467570285,0.00423266882788867,0,0,0,0,0.7,141.446,1,74.43,4.9
2018-01-04 21:38:00,0.948707727501587,0.0042619553607085,0,0,0,0,0.7,141.664,1,74.43,4.9
2018-01-04 21:39:00,0.948019987432888,0.00429124189352834,0,0,0,0,0.7,141.882,1,74.43,4.9
2018-01-04 21:40:00,0.94733224736419,0.00432052842634817,0,0,0,0,0.7,142.1,1,74.43,4.9
2018-01-04 21:41:00,0.946644507295492,0.00435522628676521,0,0,0,0,0.7,142.316,1,74.534,4.88
2018-01-04 21:42:00,0.945956767226793,0.00438992414718225,0,0,0,0,0.7,142.532,1,74.638,4.86
2018-01-04 21:43:00,0.945269027158095,0.00442462200759929,0,0,0,0,0.7,142.748,1,74.742,4.84
2018-01-04 21:44:00,0.944581287089397,0.00445931986801632,0,0,0,0,0.7,142.964,1,74.846,4.82
2018-01-04 21:45:00,0.943893547020698,0.00449401772843336,0,0,0,0,0.7,143.18,1,74.95,4.8
2018-01-04 21:46:00,0.943205806952,0.00436660937517185,0,0,0,0,0.7,143.398,1,74.95,4.8
2018-01-04 21:47:00,0.942518066883302,0.00423920102191034,0,0,0,0,0.7,143.616,1,74.95,4.8
2018-01-04 21:48:00,0.941830326814603,0.00411179266864883,0,0,0,0,0.7,143.834,1,74.95,4.8
2018-01-04 21:49:00,0.941142586745905,0.00398438431538732,0,0,0,0,0.7,144.052,1,74.95,4.8
2018-01-04 21:50:00,0.940454846677207,0.00385697596212581,0,0,0,0,0.7,144.27,1,74.95,4.8
2018-01-04 21:51:00,0.939767106608508,0.00406280292762023,0,0,0,0,0.7,144.486,1,74.95,4.8
2018-01-04 21:52:00,0.93907936653981,0.00426862989311466,0,0,0,0,0.7,144.702,1,74.95,4.8
2018-01-04 21:53:00,0.938391626471112,0.00447445685860908,0,0,0,0,0.7,144.918,1,74.95,4.8
2018-01-04 21:54:00,0.937703886402413,0.0046802838241035,0,0,0,0,0.7,145.134,1,74.95,4.8
2018-01-04 21:55:00,0.937016146333715,0.00488611078959792,0,0,0,0,0.7,145.35,1,74.95,4.8
2018-01-04 21:56:00,0.936328406265017,0.00472050980491291,0,0,0,0,0.7,145.566,1,75.054,4.78
2018-01-04 21:57:00,0.935640666196318,0.00455490882022789,0,0,0,0,0.7,145.782,1,75.158,4.76
2018-01-04 21:58:00,0.93495292612762,0.00438930783554288,0,0,0,0,0.7,145.998,1,75.262,4.74
2018-01-04 21:59:00,0.934265186058922,0.00422370685085786,0,0,0,0,0.7,146.214,1,75.366,4.72
2018-01-04 22:00:00,0.933577445990223,0.00405810586617285,0,0,0,0,0.7,146.43,1,75.47,4.7
2018-01-04 22:01:00,0.933013408651234,0.00421034602593975,0,0,0,0,0.7,146.648,1,75.47,4.7
2018-01-04 22:02:00,0.932449371312246,0.00436258618570665,0,0,0,0,0.7,146.866,1,75.47,4.7
2018-01-04 22:03:00,0.931885333973256,0.00451482634547355,0,0,0,0,0.7,147.084,1,75.47,4.7
2018-01-04 22:04:00,0.931321296634268,0.00466706650524045,0,0,0,0,0.7,147.302,1,75.47,4.7
2018-01-04 22:05:00,0.930757259295278,0.00481930666500735,0,0,0,0,0.7,147.52,1,75.47,4.7
2018-01-04 22:06:00,0.93019322195629,0.0048606471630558,0,0,0,0,0.7,147.736,1,75.47,4.7
2018-01-04 22:07:00,0.929629184617301,0.00490198766110425,0,0,0,0,0.7,147.952,1,75.47,4.7
2018-01-04 22:08:00,0.929065147278312,0.00494332815915269,0,0,0,0,0.7,148.168,1,75.47,4.7
2018-01-04 22:09:00,0.928501109939323,0.00498466865720114,0,0,0,0,0.7,148.384,1,75.47,4.7
2018-01-04 22:10:00,0.927937072600334,0.00502600915524958,0,0,0,0,0.7,148.6,1,75.47,4.7
2018-01-04 22:11:00,0.927373035261345,0.00493298230016772,0,0,0,0,0.7,148.816,1,75.47,4.7
2018-01-04 22:12:00,0.926808997922356,0.00483995544508586,0,0,0,0,0.7,149.032,1,75.47,4.7
2018-01-04 22:13:00,0.926244960583367,0.004746928590004,0,0,0,0,0.7,149.248,1,75.47,4.7
2018-01-04 22:14:00,0.925680923244378,0.00465390173492214,0,0,0,0,0.7,149.464,1,75.47,4.7
2018-01-04 22:15:00,0.925116885905389,0.00456087487984027,0,0,0,0,0.7,149.68,1,75.47,4.7
2018-01-04 22:16:00,0.9245528485664,0.00450094698160408,0,0,0,0,0.7,149.896,1,75.47,4.7
2018-01-04 22:17:00,0.923988811227411,0.00444101908336789,0,0,0,0,0.7,150.112,1,75.47,4.7
2018-01-04 22:18:00,0.923424773888422,0.0043810911851317,0,0,0,0,0.7,150.328,1,75.47,4.7
2018-01-04 22:19:00,0.922860736549433,0.00432116328689551,0,0,0,0,0.7,150.544,1,75.47,4.7
2018-01-04 22:20:00,0.922296699210444,0.00426123538865932,0,0,0,0,0.7,150.76,1,75.47,4.7
2018-01-04 22:21:00,0.921732661871455,0.00428091095114007,0,0,0,0,0.7,150.976,1,75.576,4.68
2018-01-04 22:22:00,0.921168624532466,0.00430058651362082,0,0,0,0,0.7,151.192,1,75.682,4.66
2018-01-04 22:23:00,0.920604587193478,0.00432026207610156,0,0,0,0,0.7,151.408,1,75.788,4.64
2018-01-04 22:24:00,0.920040549854489,0.00433993763858231,0,0,0,0,0.7,151.624,1,75.894,4.62
2018-01-04 22:25:00,0.9194765125155,0.00435961320106306,0,0,0,0,0.7,151.84,1,76,4.6
2018-01-04 22:26:00,0.918912475176511,0.00427781348645057,0,0,0,0,0.7,152.054,1,76,4.6
2018-01-04 22:27:00,0.918348437837522,0.00419601377183808,0,0,0,0,0.7,152.268,1,76,4.6
2018-01-04 22:28:00,0.917784400498533,0.0041142140572256,0,0,0,0,0.7,152.482,1,76,4.6
2018-01-04 22:29:00,0.917220363159544,0.00403241434261311,0,0,0,0,0.7,152.696,1,76,4.6
2018-01-04 22:30:00,0.916656325820555,0.00395061462800062,0,0,0,0,0.7,152.91,1,76,4.6
2018-01-04 22:31:00,0.916092288481566,0.00403870459997097,0,0,0,0,0.7,153.124,1,76.012,4.6
2018-01-04 22:32:00,0.915528251142577,0.00412679457194132,0,0,0,0,0.7,153.338,1,76.024,4.6
2018-01-04 22:33:00,0.914964213803588,0.00421488454391167,0,0,0,0,0.7,153.552,1,76.036,4.6
2018-01-04 22:34:00,0.914400176464599,0.00430297451588202,0,0,0,0,0.7,153.766,1,76.048,4.6
2018-01-04 22:35:00,0.91383613912561,0.00439106448785237,0,0,0,0,0.7,153.98,1,76.06,4.6
2018-01-04 22:36:00,0.913272101786621,0.00438723680294727,0,0,0,0,0.7,154.194,1,76.06,4.6
2018-01-04 22:37:00,0.912708064447632,0.00438340911804217,0,0,0,0,0.7,154.408,1,76.06,4.6
2018-01-04 22:38:00,0.912144027108643,0.00437958143313707,0,0,0,0,0.7,154.622,1,76.06,4.6
2018-01-04 22:39:00,0.911579989769654,0.00437575374823198,0,0,0,0,0.7,154.836,1,76.06,4.6
2018-01-04 22:40:00,0.911015952430665,0.00437192606332688,0,0,0,0,0.7,155.05,1,76.06,4.6
2018-01-04 22:41:00,0.910451915091676,0.00443729777531708,0,0,0,0,0.7,155.264,1,76.06,4.6
2018-01-04 22:42:00,0.909887877752687,0.00450266948730728,0,0,0,0,0.7,155.478,1,76.06,4.6
2018-01-04 22:43:00,0.909323840413698,0.00456804119929748,0,0,0,0,0.7,155.692,1,76.06,4.6
2018-01-04 22:44:00,0.90875980307471,0.00463341291128768,0,0,0,0,0.7,155.906,1,76.06,4.6
2018-01-04 22:45:00,0.908195765735721,0.00469878462327788,0,0,0,0,0.7,156.12,1,76.06,4.6
2018-01-04 22:46:00,0.907631728396732,0.00466297166637309,0,0,0,0,0.7,156.332,1,76.166,4.58
2018-01-04 22:47:00,0.907067691057743,0.0046271587094683,0,0,0,0,0.7,156.544,1,76.272,4.56
2018-01-04 22:48:00,0.906503653718754,0.00459134575256351,0,0,0,0,0.7,156.756,1,76.378,4.54
2018-01-04 22:49:00,0.905939616379765,0.00455553279565872,0,0,0,0,0.7,156.968,1,76.484,4.52
2018-01-04 22:50:00,0.905375579040776,0.00451971983875394,0,0,0,0,0.7,157.18,1,76.59,4.5
2018-01-04 22:51:00,0.904811541701787,0.00451859253321464,0,0,0,0,0.7,157.392,1,76.59,4.5
2018-01-04 22:52:00,0.904247504362798,0.00451746522767535,0,0,0,0,0.7,157.604,1,76.59,4.5
2018-01-04 22:53:00,0.903683467023809,0.00451633792213605,0,0,0,0,0.7,157.816,1,76.59,4.5
2018-01-04 22:54:00,0.90311942968482,0.00451521061659675,0,0,0,0,0.7,158.028,1,76.59,4.5
2018-01-04 22:55:00,0.902555392345831,0.00451408331105746,0,0,0,0,0.7,158.24,1,76.59,4.5
2018-01-04 22:56:00,0.901991355006842,0.0045582983195731,0,0,0,0,0.7,158.45,1,76.59,4.5
2018-01-04 22:57:00,0.901427317667853,0.00460251332808875,0,0,0,0,0.7,158.66,1,76.59,4.5
2018-01-04 22:58:00,0.900863280328864,0.00464672833660439,0,0,0,0,0.7,158.87,1,76.59,4.5
2018-01-04 22:59:00,0.900299242989875,0.00469094334512003,0,0,0,0,0.7,159.08,1,76.59,4.5
2018-01-04 23:00:00,0.899735205650886,0.00473515835363567,0,0,0,0,0.7,159.29,1,76.59,4.5
2018-01-04 23:01:00,0.899334464367346,0.00461047823108574,0,0,0,0,0.7,159.498,1,76.59,4.5
2018-01-04 23:02:00,0.898933723083806,0.0044857981085358,0,0,0,0,0.7,159.706,1,76.59,4.5
2018-01-04 23:03:00,0.898532981800266,0.00436111798598586,0,0,0,0,0.7,159.914,1,76.59,4.5
2018-01-04 23:04:00,0.898132240516726,0.00423643786343592,0,0,0,0,0.7,160.122,1,76.59,4.5
2018-01-04 23:05:00,0.897731499233186,0.00411175774088599,0,0,0,0,0.7,160.33,1,76.59,4.5
2018-01-04 23:06:00,0.897330757949645,0.00408735833810996,0,0,0,0,0.7,160.538,1,76.698,4.48
2018-01-04 23:07:00,0.896930016666105,0.00406295893533394,0,0,0,0,0.7,160.746,1,76.806,4.46
2018-01-04 23:08:00,0.896529275382565,0.00403855953255791,0,0,0,0,0.7,160.954,1,76.914,4.44
2018-01-04 23:09:00,0.896128534099025,0.00401416012978188,0,0,0,0,0.7,161.162,1,77.022,4.42
2018-01-04 23:10:00,0.895727792815485,0.00398976072700586,0,0,0,0,0.7,161.37,1,77.13,4.4
2018-01-04 23:11:00,0.895327051531944,0.00389124657158721,0,0,0,0,0.7,161.576,1,77.13,4.4
2018-01-04 23:12:00,0.894926310248404,0.00379273241616856,0,0,0,0,0.7,161.782,1,77.13,4.4
2018-01-04 23:13:00,0.894525568964864,0.00369421826074992,0,0,0,0,0.7,161.988,1,77.13,4.4
2018-01-04 23:14:00,0.894124827681324,0.00359570410533127,0,0,0,0,0.7,162.194,1,77.13,4.4
2018-01-04 23:15:00,0.893724086397783,0.00349718994991262,0,0,0,0,0.7,162.4,1,77.13,4.4
2018-01-04 23:16:00,0.893323345114243,0.00351702873853954,0,0,0,0,0.7,162.602,1,77.238,4.38
2018-01-04 23:17:00,0.892922603830703,0.00353686752716647,0,0,0,0,0.7,162.804,1,77.346,4.36
2018-01-04 23:18:00,0.892521862547163,0.00355670631579339,0,0,0,0,0.7,163.006,1,77.454,4.34
2018-01-04 23:19:00,0.892121121263623,0.00357654510442031,0,0,0,0,0.7,163.208,1,77.562,4.32
2018-01-04 23:20:00,0.891720379980082,0.00359638389304723,0,0,0,0,0.7,163.41,1,77.67,4.3
2018-01-04 23:21:00,0.891319638696542,0.00378503262153675,0,0,0,0,0.7,163.612,1,77.67,4.3
2018-01-04 23:22:00,0.890918897413002,0.00397368135002627,0,0,0,0,0.7,163.814,1,77.67,4.3
2018-01-04 23:23:00,0.890518156129462,0.0041623300785158,0,0,0,0,0.7,164.016,1,77.67,4.3
2018-01-04 23:24:00,0.890117414845922,0.00435097880700532,0,0,0,0,0.7,164.218,1,77.67,4.3
2018-01-04 23:25:00,0.889716673562381,0.00453962753549484,0,0,0,0,0.7,164.42,1,77.67,4.3
2018-01-04 23:26:00,0.889315932278841,0.00451154099979268,0,0,0,0,0.7,164.616,1,77.67,4.3
2018-01-04 23:27:00,0.888915190995301,0.00448345446409051,0,0,0,0,0.7,164.812,1,77.67,4.3
2018-01-04 23:28:00,0.888514449711761,0.00445536792838835,0,0,0,0,0.7,165.008,1,77.67,4.3
2018-01-04 23:29:00,0.888113708428221,0.00442728139268619,0,0,0,0,0.7,165.204,1,77.67,4.3
2018-01-04 23:30:00,0.88771296714468,0.00439919485698403,0,0,0,0,0.7,165.4,1,77.67,4.3
2018-01-04 23:31:00,0.88731222586114,0.00438695169186589,0,0,0,0,0.72,165.594,1,77.888,4.28
2018-01-04 23:32:00,0.8869114845776,0.00437470852674775,0,0,0,0,0.74,165.788,1,78.106,4.26
2018-01-04 23:33:00,0.88651074329406,0.00436246536162961,0,0,0,0,0.76,165.982,1,78.324,4.24
2018-01-04 23:34:00,0.88611000201052,0.00435022219651147,0,0,0,0,0.78,166.176,1,78.542,4.22
2018-01-04 23:35:00,0.885709260726979,0.00433797903139334,0,0,0,0,0.8,166.37,1,78.76,4.2
2018-01-04 23:36:00,0.885308519443439,0.00433749492783632,0,0,0,0,0.8,166.558,1,78.76,4.2
2018-01-04 23:37:00,0.884907778159899,0.0043370108242793,0,0,0,0,0.8,166.746,1,78.76,4.2
2018-01-04 23:38:00,0.884507036876359,0.00433652672072229,0,0,0,0,0.8,166.934,1,78.76,4.2
2018-01-04 23:39:00,0.884106295592819,0.00433604261716527,0,0,0,0,0.8,167.122,1,78.76,4.2
2018-01-04 23:40:00,0.883705554309278,0.00433555851360825,0,0,0,0,0.8,167.31,1,78.76,4.2
2018-01-04 23:41:00,0.883304813025738,0.00429612092377178,0,0,0,0,0.8,167.492,1,78.76,4.2
2018-01-04 23:42:00,0.882904071742198,0.00425668333393531,0,0,0,0,0.8,167.674,1,78.76,4.2
2018-01-04 23:43:00,0.882503330458658,0.00421724574409884,0,0,0,0,0.8,167.856,1,78.76,4.2
2018-01-04 23:44:00,0.882102589175118,0.00417780815426236,0,0,0,0,0.8,168.038,1,78.76,4.2
2018-01-04 23:45:00,0.881701847891577,0.00413837056442589,0,0,0,0,0.8,168.22,1,78.76,4.2
2018-01-04 23:46:00,0.881301106608037,0.00418244441159199,0,0,0,0,0.8,168.394,1,78.87,4.18
2018-01-04 23:47:00,0.880900365324497,0.00422651825875808,0,0,0,0,0.8,168.568,1,78.98,4.16
2018-01-04 23:48:00,0.880499624040957,0.00427059210592418,0,0,0,0,0.8,168.742,1,79.09,4.14
2018-01-04 23:49:00,0.880098882757417,0.00431466595309028,0,0,0,0,0.8,168.916,1,79.2,4.12
2018-01-04 23:50:00,0.879698141473876,0.00435873980025637,0,0,0,0,0.8,169.09,1,79.31,4.1
2018-01-04 23:51:00,0.879297400190336,0.00448272598692222,0,0,0,0,0.8,169.254,1,79.31,4.1
2018-01-04 23:52:00,0.878896658906796,0.00460671217358807,0,0,0,0,0.8,169.418,1,79.31,4.1
2018-01-04 23:53:00,0.878495917623256,0.00473069836025392,0,0,0,0,0.8,169.582,1,79.31,4.1
2018-01-04 23:54:00,0.878095176339715,0.00485468454691977,0,0,0,0,0.8,169.746,1,79.31,4.1
2018-01-04 23:55:00,0.877694435056175,0.00497867073358562,0,0,0,0,0.8,169.91,1,79.31,4.1
2018-01-04 23:56:00,0.877293693772635,0.0049339985154461,0,0,0,0,0.8,170.064,1,79.31,4.1
2018-01-04 23:57:00,0.876892952489095,0.00488932629730659,0,0,0,0,0.8,170.218,1,79.31,4.1
2018-01-04 23:58:00,0.876492211205555,0.00484465407916707,0,0,0,0,0.8,170.372,1,79.31,4.1
2018-01-04 23:59:00,0.876091469922014,0.00479998186102756,0,0,0,0,0.8,170.526,1,79.31,4.1
2018-01-05 00:00:00,0.875690728638474,0.00475530964288804,0,0,0,0,0.8,170.68,1,79.31,4.1
2018-01-05 00:01:00,0.87545150618512,0.00460915949299445,0,0,0,0,0.8,170.816,1,79.422,4.08
2018-01-05 00:02:00,0.875212283731766,0.00446300934310085,0,0,0,0,0.8,170.952,1,79.534,4.06
2018-01-05 00:03:00,0.874973061278411,0.00431685919320726,0,0,0,0,0.8,171.088,1,79.646,4.04
2018-01-05 00:04:00,0.874733838825057,0.00417070904331367,0,0,0,0,0.8,171.224,1,79.758,4.02
2018-01-05 00:05:00,0.874494616371703,0.00402455889342007,0,0,0,0,0.8,171.36,1,79.87,4
2018-01-05 00:06:00,0.874255393918348,0.00403691661265892,0,0,0,0,0.8,171.476,1,79.87,4
2018-01-05 00:07:00,0.874016171464994,0.00404927433189776,0,0,0,0,0.8,171.592,1,79.87,4
2018-01-05 00:08:00,0.87377694901164,0.00406163205113661,0,0,0,0,0.8,171.708,1,79.87,4
2018-01-05 00:09:00,0.873537726558285,0.00407398977037545,0,0,0,0,0.8,171.824,1,79.87,4
2018-01-05 00:10:00,0.873298504104931,0.0040863474896143,0,0,0,0,0.8,171.94,1,79.87,4
2018-01-05 00:11:00,0.873059281651577,0.0041384055340433,0,0,0,0,0.8,172.032,1,79.87,4
2018-01-05 00:12:00,0.872820059198222,0.0041904635784723,0,0,0,0,0.8,172.124,1,79.87,4
2018-01-05 00:13:00,0.872580836744868,0.0042425216229013,0,0,0,0,0.8,172.216,1,79.87,4
2018-01-05 00:14:00,0.872341614291514,0.0042945796673303,0,0,0,0,0.8,172.308,1,79.87,4
2018-01-05 00:15:00,0.87210239183816,0.0043466377117593,0,0,0,0,0.8,172.4,1,79.87,4
2018-01-05 00:16:00,0.871863169384805,0.00421441204233507,0,0,0,0,0.8,172.464,1,79.87,4
2018-01-05 00:17:00,0.871623946931451,0.00408218637291084,0,0,0,0,0.8,172.528,1,79.87,4
2018-01-05 00:18:00,0.871384724478097,0.0039499607034866,0,0,0,0,0.8,172.592,1,79.87,4
2018-01-05 00:19:00,0.871145502024742,0.00381773503406237,0,0,0,0,0.8,172.656,1,79.87,4
2018-01-05 00:20:00,0.870906279571388,0.00368550936463814,0,0,0,0,0.8,172.72,1,79.87,4
2018-01-05 00:21:00,0.870667057118034,0.00384511502838951,0,0,0,0,0.8,172.75,1,79.982,3.98
2018-01-05 00:22:00,0.870427834664679,0.00400472069214088,0,0,0,0,0.8,172.78,1,80.094,3.96
2018-01-05 00:23:00,0.870188612211325,0.00416432635589225,0,0,0,0,0.8,172.81,1,80.206,3.94
2018-01-05 00:24:00,0.869949389757971,0.00432393201964362,0,0,0,0,0.8,172.84,1,80.318,3.92
2018-01-05 00:25:00,0.869710167304616,0.00448353768339499,0,0,0,0,0.8,172.87,1,80.43,3.9
2018-01-05 00:26:00,0.869470944851262,0.004420640062148,0,0,0,0,0.8,172.866,1,80.43,3.9
2018-01-05 00:27:00,0.869231722397908,0.004357742440901,0,0,0,0,0.8,172.862,1,80.43,3.9
2018-01-05 00:28:00,0.868992499944553,0.00429484481965401,0,0,0,0,0.8,172.858,1,80.43,3.9
2018-01-05 00:29:00,0.868753277491199,0.00423194719840702,0,0,0,0,0.8,172.854,1,80.43,3.9
2018-01-05 00:30:00,0.868514055037845,0.00416904957716003,0,0,0,0,0.8,172.85,1,80.43,3.9
2018-01-05 00:31:00,0.868274832584491,0.00406321845337585,0,0,0,0,0.82,172.812,1,80.514,3.9
2018-01-05 00:32:00,0.868035610131136,0.00395738732959167,0,0,0,0,0.84,172.774,1,80.598,3.9
2018-01-05 00:33:00,0.867796387677782,0.0038515562058075,0,0,0,0,0.86,172.736,1,80.682,3.9
2018-01-05 00:34:00,0.867557165224428,0.00374572508202332,0,0,0,0,0.88,172.698,1,80.766,3.9
2018-01-05 00:35:00,0.867317942771073,0.00363989395823915,0,0,0,0,0.9,172.66,1,80.85,3.9
2018-01-05 00:36:00,0.867078720317719,0.00371384432508208,0,0,0,0,0.9,172.59,1,80.964,3.88
2018-01-05 00:37:00,0.866839497864365,0.00378779469192501,0,0,0,0,0.9,172.52,1,81.078,3.86
2018-01-05 00:38:00,0.86660027541101,0.00386174505876794,0,0,0,0,0.9,172.45,1,81.192,3.84
2018-01-05 00:39:00,0.866361052957656,0.00393569542561087,0,0,0,0,0.9,172.38,1,81.306,3.82
2018-01-05 00:40:00,0.866121830504302,0.0040096457924538,0,0,0,0,0.9,172.31,1,81.42,3.8
2018-01-05 00:41:00,0.865882608050947,0.00417410530739309,0,0,0,0,0.9,172.21,1,81.42,3.8
2018-01-05 00:42:00,0.865643385597593,0.00433856482233238,0,0,0,0,0.9,172.11,1,81.42,3.8
2018-01-05 00:43:00,0.865404163144239,0.00450302433727168,0,0,0,0,0.9,172.01,1,81.42,3.8
2018-01-05 00:44:00,0.865164940690885,0.00466748385221097,0,0,0,0,0.9,171.91,1,81.42,3.8
2018-01-05 00:45:00,0.86492571823753,0.00483194336715026,0,0,0,0,0.9,171.81,1,81.42,3.8
2018-01-05 00:46:00,0.864686495784176,0.00478422893432572,0,0,0,0,0.9,171.69,1,81.42,3.8
2018-01-05 00:47:00,0.864447273330822,0.00473651450150118,0,0,0,0,0.9,171.57,1,81.42,3.8
2018-01-05 00:48:00,0.864208050877467,0.00468880006867664,0,0,0,0,0.9,171.45,1,81.42,3.8
2018-01-05 00:49:00,0.863968828424113,0.0046410856358521,0,0,0,0,0.9,171.33,1,81.42,3.8
2018-01-05 00:50:00,0.863729605970759,0.00459337120302756,0,0,0,0,0.9,171.21,1,81.42,3.8
2018-01-05 00:51:00,0.863490383517404,0.00452660180099814,0,0,0,0,0.9,171.068,1,81.42,3.8
2018-01-05 00:52:00,0.86325116106405,0.00445983239896873,0,0,0,0,0.9,170.926,1,81.42,3.8
2018-01-05 00:53:00,0.863011938610696,0.00439306299693931,0,0,0,0,0.9,170.784,1,81.42,3.8
2018-01-05 00:54:00,0.862772716157341,0.0043262935949099,0,0,0,0,0.9,170.642,1,81.42,3.8
2018-01-05 00:55:00,0.862533493703987,0.00425952419288048,0,0,0,0,0.9,170.5,1,81.42,3.8
2018-01-05 00:56:00,0.862294271250633,0.00433274099425014,0,0,0,0,0.9,170.346,1,81.536,3.78
2018-01-05 00:57:00,0.862055048797278,0.00440595779561979,0,0,0,0,0.9,170.192,1,81.652,3.76
2018-01-05 00:58:00,0.861815826343924,0.00447917459698945,0,0,0,0,0.9,170.038,1,81.768,3.74
2018-01-05 00:59:00,0.86157660389057,0.0045523913983591,0,0,0,0,0.9,169.884,1,81.884,3.72
2018-01-05 01:00:00,0.861337381437215,0.00462560819972876,0,0,0,0,0.9,169.73,1,82,3.7
2018-01-05 01:01:00,0.861242439351564,0.0047289305177076,0,0,0,0,0.9,169.562,1,82,3.7
2018-01-05 01:02:00,0.861147497265913,0.00483225283568644,0,0,0,0,0.9,169.394,1,82,3.7
2018-01-05 01:03:00,0.861052555180262,0.00493557515366528,0,0,0,0,0.9,169.226,1,82,3.7
2018-01-05 01:04:00,0.860957613094611,0.00503889747164413,0,0,0,0,0.9,169.058,1,82,3.7
2018-01-05 01:05:00,0.86086267100896,0.00514221978962297,0,0,0,0,0.9,168.89,1,82,3.7
2018-01-05 01:06:00,0.860767728923309,0.00490906315062127,0,0,0,0,0.9,168.714,1,82,3.7
2018-01-05 01:07:00,0.860672786837658,0.00467590651161957,0,0,0,0,0.9,168.538,1,82,3.7
2018-01-05 01:08:00,0.860577844752007,0.00444274987261787,0,0,0,0,0.9,168.362,1,82,3.7
2018-01-05 01:09:00,0.860482902666356,0.00420959323361617,0,0,0,0,0.9,168.186,1,82,3.7
2018-01-05 01:10:00,0.860387960580705,0.00397643659461446,0,0,0,0,0.9,168.01,1,82,3.7
2018-01-05 01:11:00,0.860293018495054,0.00406007704788207,0,0,0,0,0.9,167.826,1,82,3.7
2018-01-05 01:12:00,0.860198076409403,0.00414371750114967,0,0,0,0,0.9,167.642,1,82,3.7
2018-01-05 01:13:00,0.860103134323752,0.00422735795441728,0,0,0,0,0.9,167.458,1,82,3.7
2018-01-05 01:14:00,0.860008192238101,0.00431099840768488,0,0,0,0,0.9,167.274,1,82,3.7
2018-01-05 01:15:00,0.85991325015245,0.00439463886095249,0,0,0,0,0.9,167.09,1,82,3.7
2018-01-05 01:16:00,0.859818308066799,0.00434431174659562,0,0,0,0,0.9,166.902,1,82,3.7
2018-01-05 01:17:00,0.859723365981148,0.00429398463223875,0,0,0,0,0.9,166.714,1,82,3.7
2018-01-05 01:18:00,0.859628423895497,0.00424365751788188,0,0,0,0,0.9,166.526,1,82,3.7
2018-01-05 01:19:00,0.859533481809846,0.00419333040352501,0,0,0,0,0.9,166.338,1,82,3.7
2018-01-05 01:20:00,0.859438539724195,0.00414300328916814,0,0,0,0,0.9,166.15,1,82,3.7
2018-01-05 01:21:00,0.859343597638544,0.00414599070218891,0,0,0,0,0.9,165.956,1,82.116,3.68
2018-01-05 01:22:00,0.859248655552893,0.00414897811520967,0,0,0,0,0.9,165.762,1,82.232,3.66
2018-01-05 01:23:00,0.859153713467241,0.00415196552823044,0,0,0,0,0.9,165.568,1,82.348,3.64
2018-01-05 01:24:00,0.859058771381591,0.0041549529412512,0,0,0,0,0.9,165.374,1,82.464,3.62
2018-01-05 01:25:00,0.85896382929594,0.00415794035427196,0,0,0,0,0.9,165.18,1,82.58,3.6
2018-01-05 01:26:00,0.858868887210288,0.00438090317821937,0,0,0,0,0.9,164.98,1,82.58,3.6
2018-01-05 01:27:00,0.858773945124637,0.00460386600216678,0,0,0,0,0.9,164.78,1,82.58,3.6
2018-01-05 01:28:00,0.858679003038986,0.00482682882611418,0,0,0,0,0.9,164.58,1,82.58,3.6
2018-01-05 01:29:00,0.858584060953335,0.00504979165006159,0,0,0,0,0.9,164.38,1,82.58,3.6
2018-01-05 01:30:00,0.858489118867684,0.005272754474009,0,0,0,0,0.9,164.18,1,82.58,3.6
2018-01-05 01:31:00,0.858394176782033,0.00511720910191386,0,0,0,0,0.92,163.98,1,82.646,3.6
2018-01-05 01:32:00,0.858299234696382,0.00496166372981873,0,0,0,0,0.94,163.78,1,82.712,3.6
2018-01-05 01:33:00,0.858204292610731,0.00480611835772359,0,0,0,0,0.96,163.58,1,82.778,3.6
2018-01-05 01:34:00,0.85810935052508,0.00465057298562846,0,0,0,0,0.98,163.38,1,82.844,3.6
2018-01-05 01:35:00,0.858014408439429,0.00449502761353332,0,0,0,0,1,163.18,1,82.91,3.6
2018-01-05 01:36:00,0.857919466353778,0.00434440022681138,0,0,0,0,1,162.976,1,82.91,3.6
2018-01-05 01:37:00,0.857824524268127,0.00419377284008944,0,0,0,0,1,162.772,1,82.91,3.6
2018-01-05 01:38:00,0.857729582182476,0.0040431454533675,0,0,0,0,1,162.568,1,82.91,3.6
2018-01-05 01:39:00,0.857634640096825,0.00389251806664556,0,0,0,0,1,162.364,1,82.91,3.6
2018-01-05 01:40:00,0.857539698011174,0.00374189067992362,0,0,0,0,1,162.16,1,82.91,3.6
2018-01-05 01:41:00,0.857444755925523,0.00388205376506996,0,0,0,0,1,161.954,1,82.91,3.6
2018-01-05 01:42:00,0.857349813839872,0.00402221685021631,0,0,0,0,1,161.748,1,82.91,3.6
2018-01-05 01:43:00,0.857254871754221,0.00416237993536265,0,0,0,0,1,161.542,1,82.91,3.6
2018-01-05 01:44:00,0.85715992966857,0.004302543020509,0,0,0,0,1,161.336,1,82.91,3.6
2018-01-05 01:45:00,0.857064987582919,0.00444270610565535,0,0,0,0,1,161.13,1,82.91,3.6
2018-01-05 01:46:00,0.856970045497268,0.00445181900349819,0,0,0,0,1,160.922,1,83.028,3.58
2018-01-05 01:47:00,0.856875103411617,0.00446093190134103,0,0,0,0,1,160.714,1,83.146,3.56
2018-01-05 01:48:00,0.856780161325966,0.00447004479918387,0,0,0,0,1,160.506,1,83.264,3.54
2018-01-05 01:49:00,0.856685219240314,0.00447915769702671,0,0,0,0,1,160.298,1,83.382,3.52
2018-01-05 01:50:00,0.856590277154664,0.00448827059486955,0,0,0,0,1,160.09,1,83.5,3.5
2018-01-05 01:51:00,0.856495335069012,0.00447261948052848,0,0,0,0,1,159.88,1,83.5,3.5
2018-01-05 01:52:00,0.856400392983361,0.0044569683661874,0,0,0,0,1,159.67,1,83.5,3.5
2018-01-05 01:53:00,0.85630545089771,0.00444131725184633,0,0,0,0,1,159.46,1,83.5,3.5
2018-01-05 01:54:00,0.856210508812059,0.00442566613750526,0,0,0,0,1,159.25,1,83.5,3.5
2018-01-05 01:55:00,0.856115566726408,0.00441001502316419,0,0,0,0,1,159.04,1,83.5,3.5
2018-01-05 01:56:00,0.856020624640757,0.00440783173235074,0,0,0,0,1,158.83,1,83.5,3.5
2018-01-05 01:57:00,0.855925682555106,0.00440564844153728,0,0,0,0,1,158.62,1,83.5,3.5
2018-01-05 01:58:00,0.855830740469455,0.00440346515072383,0,0,0,0,1,158.41,1,83.5,3.5
2018-01-05 01:59:00,0.855735798383804,0.00440128185991037,0,0,0,0,1,158.2,1,83.5,3.5
2018-01-05 02:00:00,0.855640856298153,0.00439909856909692,0,0,0,0,1,157.99,1,83.5,3.5
2018-01-05 02:01:00,0.855714790100629,0.00442116762179812,0,0,0,0,1,157.778,1,83.5,3.5
2018-01-05 02:02:00,0.855788723903105,0.00444323667449932,0,0,0,0,1,157.566,1,83.5,3.5
2018-01-05 02:03:00,0.855862657705581,0.00446530572720053,0,0,0,0,1,157.354,1,83.5,3.5
2018-01-05 02:04:00,0.855936591508057,0.00448737477990173,0,0,0,0,1,157.142,1,83.5,3.5
2018-01-05 02:05:00,0.856010525310534,0.00450944383260293,0,0,0,0,1,156.93,1,83.5,3.5
2018-01-05 02:06:00,0.85608445911301,0.00442096298009948,0,0,0,0,1,156.718,1,83.5,3.5
2018-01-05 02:07:00,0.856158392915486,0.00433248212759602,0,0,0,0,1,156.506,1,83.5,3.5
2018-01-05 02:08:00,0.856232326717962,0.00424400127509257,0,0,0,0,1,156.294,1,83.5,3.5
2018-01-05 02:09:00,0.856306260520438,0.00415552042258911,0,0,0,0,1,156.082,1,83.5,3.5
2018-01-05 02:10:00,0.856380194322914,0.00406703957008566,0,0,0,0,1,155.87,1,83.5,3.5
2018-01-05 02:11:00,0.85645412812539,0.00415805304845114,0,0,0,0,1,155.656,1,83.5,3.5
2018-01-05 02:12:00,0.856528061927866,0.00424906652681661,0,0,0,0,1,155.442,1,83.5,3.5
2018-01-05 02:13:00,0.856601995730342,0.00434008000518208,0,0,0,0,1,155.228,1,83.5,3.5
2018-01-05 02:14:00,0.856675929532818,0.00443109348354756,0,0,0,0,1,155.014,1,83.5,3.5
2018-01-05 02:15:00,0.856749863335294,0.00452210696191303,0,0,0,0,1,154.8,1,83.5,3.5
2018-01-05 02:16:00,0.85682379713777,0.00447654372041937,0,0,0,0,1,154.586,1,83.5,3.5
2018-01-05 02:17:00,0.856897730940246,0.00443098047892571,0,0,0,0,1,154.372,1,83.5,3.5
2018-01-05 02:18:00,0.856971664742723,0.00438541723743205,0,0,0,0,1,154.158,1,83.5,3.5
2018-01-05 02:19:00,0.857045598545199,0.00433985399593839,0,0,0,0,1,153.944,1,83.5,3.5
2018-01-05 02:20:00,0.857119532347675,0.00429429075444473,0,0,0,0,1,153.73,1,83.5,3.5
2018-01-05 02:21:00,0.857193466150151,0.00424658967533766,0,0,0,0,1,153.516,1,83.618,3.48
2018-01-05 02:22:00,0.857267399952627,0.0041988885962306,0,0,0,0,1,153.302,1,83.736,3.46
2018-01-05 02:23:00,0.857341333755103,0.00415118751712354,0,0,0,0,1,153.088,1,83.854,3.44
2018-01-05 02:24:00,0.857415267557579,0.00410348643801648,0,0,0,0,1,152.874,1,83.972,3.42
2018-01-05 02:25:00,0.857489201360055,0.00405578535890942,0,0,0,0,1,152.66,1,84.09,3.4
2018-01-05 02:26:00,0.857563135162531,0.00409359949831418,0,0,0,0,1,152.444,1,84.09,3.4
2018-01-05 02:27:00,0.857637068965007,0.00413141363771895,0,0,0,0,1,152.228,1,84.09,3.4
2018-01-05 02:28:00,0.857711002767483,0.00416922777712371,0,0,0,0,1,152.012,1,84.09,3.4
2018-01-05 02:29:00,0.85778493656996,0.00420704191652848,0,0,0,0,1,151.796,1,84.09,3.4
2018-01-05 02:30:00,0.857858870372436,0.00424485605593324,0,0,0,0,1,151.58,1,84.09,3.4
2018-01-05 02:31:00,0.857932804174912,0.00419721667391542,0,0,0,0,1,151.366,1,84.128,3.4
2018-01-05 02:32:00,0.858006737977388,0.00414957729189759,0,0,0,0,1,151.152,1,84.166,3.4
2018-01-05 02:33:00,0.858080671779864,0.00410193790987976,0,0,0,0,1,150.938,1,84.204,3.4
2018-01-05 02:34:00,0.85815460558234,0.00405429852786193,0,0,0,0,1,150.724,1,84.242,3.4
2018-01-05 02:35:00,0.858228539384816,0.0040066591458441,0,0,0,0,1,150.51,1,84.28,3.4
2018-01-05 02:36:00,0.858302473187292,0.00398883992466185,0,0,0,0,1,150.294,1,84.28,3.4
2018-01-05 02:37:00,0.858376406989768,0.0039710207034796,0,0,0,0,1,150.078,1,84.28,3.4
2018-01-05 02:38:00,0.858450340792244,0.00395320148229735,0,0,0,0,1,149.862,1,84.28,3.4
2018-01-05 02:39:00,0.85852427459472,0.0039353822611151,0,0,0,0,1,149.646,1,84.28,3.4
2018-01-05 02:40:00,0.858598208397196,0.00391756303993285,0,0,0,0,1,149.43,1,84.28,3.4
2018-01-05 02:41:00,0.858672142199672,0.00396836518898799,0,0,0,0,1,149.212,1,84.28,3.4
2018-01-05 02:42:00,0.858746076002148,0.00401916733804313,0,0,0,0,1,148.994,1,84.28,3.4
2018-01-05 02:43:00,0.858820009804625,0.00406996948709827,0,0,0,0,1,148.776,1,84.28,3.4
2018-01-05 02:44:00,0.858893943607101,0.00412077163615342,0,0,0,0,1,148.558,1,84.28,3.4
2018-01-05 02:45:00,0.858967877409577,0.00417157378520856,0,0,0,0,1,148.34,1,84.28,3.4
2018-01-05 02:46:00,0.859041811212053,0.00424729099031875,0,0,0,0,1,148.124,1,84.28,3.4
2018-01-05 02:47:00,0.859115745014529,0.00432300819542893,0,0,0,0,1,147.908,1,84.28,3.4
2018-01-05 02:48:00,0.859189678817005,0.00439872540053912,0,0,0,0,1,147.692,1,84.28,3.4
2018-01-05 02:49:00,0.859263612619481,0.00447444260564931,0,0,0,0,1,147.476,1,84.28,3.4
2018-01-05 02:50:00,0.859337546421957,0.0045501598107595,0,0,0,0,1,147.26,1,84.28,3.4
2018-01-05 02:51:00,0.859411480224433,0.00443639633593437,0,0,0,0,1,147.044,1,84.28,3.4
2018-01-05 02:52:00,0.859485414026909,0.00432263286110925,0,0,0,0,1,146.828,1,84.28,3.4
2018-01-05 02:53:00,0.859559347829386,0.00420886938628412,0,0,0,0,1,146.612,1,84.28,3.4
2018-01-05 02:54:00,0.859633281631862,0.00409510591145899,0,0,0,0,1,146.396,1,84.28,3.4
2018-01-05 02:55:00,0.859707215434338,0.00398134243663386,0,0,0,0,1,146.18,1,84.28,3.4
2018-01-05 02:56:00,0.859781149236814,0.00425187635644511,0,0,0,0,1,145.964,1.02,84.28,3.4
2018-01-05 02:57:00,0.85985508303929,0.00452241027625636,0,0,0,0,1,145.748,1.04,84.28,3.4
2018-01-05 02:58:00,0.859929016841766,0.00479294419606761,0,0,0,0,1,145.532,1.06,84.28,3.4
2018-01-05 02:59:00,0.860002950644242,0.00506347811587886,0,0,0,0,1,145.316,1.08,84.28,3.4
2018-01-05 03:00:00,0.860076884446718,0.00533401203569011,0,0,0,0,1,145.1,1.1,84.28,3.4
2018-01-05 03:01:00,0.860401787008292,0.00537714274943907,0,0,0,0,1,144.882,1.1,84.28,3.4
2018-01-05 03:02:00,0.860726689569865,0.00542027346318802,0,0,0,0,1,144.664,1.1,84.28,3.4
2018-01-05 03:03:00,0.861051592131438,0.00546340417693698,0,0,0,0,1,144.446,1.1,84.28,3.4
2018-01-05 03:04:00,0.861376494693012,0.00550653489068594,0,0,0,0,1,144.228,1.1,84.28,3.4
2018-01-05 03:05:00,0.861701397254585,0.0055496656044349,0,0,0,0,1,144.01,1.1,84.28,3.4
2018-01-05 03:06:00,0.862026299816159,0.00568229816087368,0,0,0,0,1,143.794,1.1,84.4,3.38
2018-01-05 03:07:00,0.862351202377732,0.00581493071731247,0,0,0,0,1,143.578,1.1,84.52,3.36
2018-01-05 03:08:00,0.862676104939306,0.00594756327375126,0,0,0,0,1,143.362,1.1,84.64,3.34
2018-01-05 03:09:00,0.863001007500879,0.00608019583019005,0,0,0,0,1,143.146,1.1,84.76,3.32
2018-01-05 03:10:00,0.863325910062453,0.00621282838662884,0,0,0,0,1,142.93,1.1,84.88,3.3
2018-01-05 03:11:00,0.863650812624026,0.00610004218697202,0,0,0,0,1,142.712,1.1,84.88,3.3
2018-01-05 03:12:00,0.8639757151856,0.0059872559873152,0,0,0,0,1,142.494,1.1,84.88,3.3
2018-01-05 03:13:00,0.864300617747173,0.00587446978765838,0,0,0,0,1,142.276,1.1,84.88,3.3
2018-01-05 03:14:00,0.864625520308747,0.00576168358800155,0,0,0,0,1,142.058,1.1,84.88,3.3
2018-01-05 03:15:00,0.86495042287032,0.00564889738834473,0,0,0,0,1,141.84,1.1,84.88,3.3
2018-01-05 03:16:00,0.865275325431893,0.00568731644041031,0,0,0,0,1,141.624,1.1,84.88,3.3
2018-01-05 03:17:00,0.865600227993467,0.00572573549247589,0,0,0,0,1,141.408,1.1,84.88,3.3
2018-01-05 03:18:00,0.86592513055504,0.00576415454454147,0,0,0,0,1,141.192,1.1,84.88,3.3
2018-01-05 03:19:00,0.866250033116614,0.00580257359660705,0,0,0,0,1,140.976,1.1,84.88,3.3
2018-01-05 03:20:00,0.866574935678187,0.00584099264867263,0,0,0,0,1,140.76,1.1,84.88,3.3
2018-01-05 03:21:00,0.866899838239761,0.00562794568306502,0,0,0,0,1,140.542,1.1,84.88,3.3
2018-01-05 03:22:00,0.867224740801334,0.00541489871745741,0,0,0,0,1,140.324,1.1,84.88,3.3
2018-01-05 03:23:00,0.867549643362908,0.0052018517518498,0,0,0,0,1,140.106,1.1,84.88,3.3
2018-01-05 03:24:00,0.867874545924481,0.00498880478624218,0,0,0,0,1,139.888,1.1,84.88,3.3
2018-01-05 03:25:00,0.868199448486055,0.00477575782063457,0,0,0,0,1,139.67,1.1,84.88,3.3
2018-01-05 03:26:00,0.868524351047628,0.00512321174697707,0,0,0,0,1,139.454,1.1,84.88,3.3
2018-01-05 03:27:00,0.868849253609202,0.00547066567331956,0,0,0,0,1,139.238,1.1,84.88,3.3
2018-01-05 03:28:00,0.869174156170775,0.00581811959966205,0,0,0,0,1,139.022,1.1,84.88,3.3
2018-01-05 03:29:00,0.869499058732348,0.00616557352600455,0,0,0,0,1,138.806,1.1,84.88,3.3
2018-01-05 03:30:00,0.869823961293922,0.00651302745234704,0,0,0,0,1,138.59,1.1,84.88,3.3
2018-01-05 03:31:00,0.870148863855495,0.00624710580959596,0,0,0,0,1,138.372,1.1,84.9,3.3
2018-01-05 03:32:00,0.870473766417069,0.00598118416684489,0,0,0,0,1,138.154,1.1,84.92,3.3
2018-01-05 03:33:00,0.870798668978642,0.00571526252409381,0,0,0,0,1,137.936,1.1,84.94,3.3
2018-01-05 03:34:00,0.871123571540216,0.00544934088134274,0,0,0,0,1,137.718,1.1,84.96,3.3
2018-01-05 03:35:00,0.871448474101789,0.00518341923859166,0,0,0,0,1,137.5,1.1,84.98,3.3
2018-01-05 03:36:00,0.871773376663363,0.00531574640170707,0,0,0,0,1,137.284,1.1,84.98,3.3
2018-01-05 03:37:00,0.872098279224936,0.00544807356482248,0,0,0,0,1,137.068,1.1,84.98,3.3
2018-01-05 03:38:00,0.872423181786509,0.00558040072793789,0,0,0,0,1,136.852,1.1,84.98,3.3
2018-01-05 03:39:00,0.872748084348083,0.00571272789105331,0,0,0,0,1,136.636,1.1,84.98,3.3
2018-01-05 03:40:00,0.873072986909656,0.00584505505416872,0,0,0,0,1,136.42,1.1,84.98,3.3
2018-01-05 03:41:00,0.87339788947123,0.00569106413287096,0,0,0,0,1,136.202,1.1,84.98,3.3
2018-01-05 03:42:00,0.873722792032803,0.0055370732115732,0,0,0,0,1,135.984,1.1,84.98,3.3
2018-01-05 03:43:00,0.874047694594377,0.00538308229027544,0,0,0,0,1,135.766,1.1,84.98,3.3
2018-01-05 03:44:00,0.87437259715595,0.00522909136897768,0,0,0,0,1,135.548,1.1,84.98,3.3
2018-01-05 03:45:00,0.874697499717524,0.00507510044767993,0,0,0,0,1,135.33,1.1,84.98,3.3
2018-01-05 03:46:00,0.875022402279097,0.00494602727583007,0,0,0,0,1,135.114,1.1,84.98,3.3
2018-01-05 03:47:00,0.875347304840671,0.00481695410398021,0,0,0,0,1,134.898,1.1,84.98,3.3
2018-01-05 03:48:00,0.875672207402244,0.00468788093213036,0,0,0,0,1,134.682,1.1,84.98,3.3
2018-01-05 03:49:00,0.875997109963818,0.0045588077602805,0,0,0,0,1,134.466,1.1,84.98,3.3
2018-01-05 03:50:00,0.876322012525391,0.00442973458843065,0,0,0,0,1,134.25,1.1,84.98,3.3
2018-01-05 03:51:00,0.876646915086965,0.00467973824616349,0,0,0,0,1,134.034,1.1,84.98,3.3
2018-01-05 03:52:00,0.876971817648538,0.00492974190389633,0,0,0,0,1,133.818,1.1,84.98,3.3
2018-01-05 03:53:00,0.877296720210111,0.00517974556162917,0,0,0,0,1,133.602,1.1,84.98,3.3
2018-01-05 03:54:00,0.877621622771685,0.00542974921936201,0,0,0,0,1,133.386,1.1,84.98,3.3
2018-01-05 03:55:00,0.877946525333258,0.00567975287709485,0,0,0,0,1,133.17,1.1,84.98,3.3
2018-01-05 03:56:00,0.878271427894832,0.00568848203695453,0,0,0,0,1,132.952,1.1,84.98,3.3
2018-01-05 03:57:00,0.878596330456405,0.00569721119681422,0,0,0,0,1,132.734,1.1,84.98,3.3
2018-01-05 03:58:00,0.878921233017979,0.0057059403566739,0,0,0,0,1,132.516,1.1,84.98,3.3
2018-01-05 03:59:00,0.879246135579552,0.00571466951653358,0,0,0,0,1,132.298,1.1,84.98,3.3
2018-01-05 04:00:00,0.879571038141126,0.00572339867639327,0,0,0,0,1,132.08,1.1,84.98,3.3
2018-01-05 04:01:00,0.880349364418903,0.00566740155419999,0,0,0,0,1,131.864,1.1,84.98,3.3
2018-01-05 04:02:00,0.88112769069668,0.00561140443200671,0,0,0,0,1,131.648,1.1,84.98,3.3
2018-01-05 04:03:00,0.881906016974457,0.00555540730981344,0,0,0,0,1,131.432,1.1,84.98,3.3
2018-01-05 04:04:00,0.882684343252234,0.00549941018762016,0,0,0,0,1,131.216,1.1,84.98,3.3
2018-01-05 04:05:00,0.883462669530011,0.00544341306542689,0,0,0,0,1,131,1.1,84.98,3.3
2018-01-05 04:06:00,0.884240995807787,0.00543293234719795,0,0,0,0,1,130.784,1.1,84.98,3.3
2018-01-05 04:07:00,0.885019322085565,0.00542245162896901,0,0,0,0,1,130.568,1.1,84.98,3.3
2018-01-05 04:08:00,0.885797648363341,0.00541197091074008,0,0,0,0,1,130.352,1.1,84.98,3.3
2018-01-05 04:09:00,0.886575974641118,0.00540149019251115,0,0,0,0,1,130.136,1.1,84.98,3.3
2018-01-05 04:10:00,0.887354300918895,0.00539100947428221,0,0,0,0,1,129.92,1.1,84.98,3.3
2018-01-05 04:11:00,0.888132627196672,0.00523675837378922,0,0,0,0,1,129.704,1.1,84.98,3.3
2018-01-05 04:12:00,0.888910953474449,0.00508250727329623,0,0,0,0,1,129.488,1.1,84.98,3.3
2018-01-05 04:13:00,0.889689279752226,0.00492825617280324,0,0,0,0,1,129.272,1.1,84.98,3.3
2018-01-05 04:14:00,0.890467606030003,0.00477400507231025,0,0,0,0,1,129.056,1.1,84.98,3.3
2018-01-05 04:15:00,0.89124593230778,0.00461975397181726,0,0,0,0,1,128.84,1.1,84.98,3.3
2018-01-05 04:16:00,0.892024258585557,0.00474144005072934,0,0,0,0,1,128.624,1.1,84.98,3.3
2018-01-05 04:17:00,0.892802584863334,0.00486312612964141,0,0,0,0,1,128.408,1.1,84.98,3.3
2018-01-05 04:18:00,0.893580911141111,0.00498481220855349,0,0,0,0,1,128.192,1.1,84.98,3.3
2018-01-05 04:19:00,0.894359237418888,0.00510649828746557,0,0,0,0,1,127.976,1.1,84.98,3.3
2018-01-05 04:20:00,0.895137563696665,0.00522818436637764,0,0,0,0,1,127.76,1.1,84.98,3.3
2018-01-05 04:21:00,0.895915889974442,0.00524702303715061,0,0,0,0,1,127.546,1.1,84.98,3.3
2018-01-05 04:22:00,0.896694216252219,0.00526586170792357,0,0,0,0,1,127.332,1.1,84.98,3.3
2018-01-05 04:23:00,0.897472542529996,0.00528470037869653,0,0,0,0,1,127.118,1.1,84.98,3.3
2018-01-05 04:24:00,0.898250868807773,0.00530353904946949,0,0,0,0,1,126.904,1.1,84.98,3.3
2018-01-05 04:25:00,0.89902919508555,0.00532237772024245,0,0,0,0,1,126.69,1.1,84.98,3.3
2018-01-05 04:26:00,0.899807521363327,0.00540650659123584,0,0,0,0,1,126.474,1.12,84.98,3.3
2018-01-05 04:27:00,0.900585847641104,0.00549063546222924,0,0,0,0,1,126.258,1.14,84.98,3.3
2018-01-05 04:28:00,0.901364173918881,0.00557476433322263,0,0,0,0,1,126.042,1.16,84.98,3.3
2018-01-05 04:29:00,0.902142500196658,0.00565889320421602,0,0,0,0,1,125.826,1.18,84.98,3.3
2018-01-05 04:30:00,0.902920826474435,0.00574302207520942,0,0,0,0,1,125.61,1.2,84.98,3.3
2018-01-05 04:31:00,0.903699152752212,0.00574869252617097,0,0,0,0,1.02,125.394,1.2,85.032,3.3
2018-01-05 04:32:00,0.904477479029989,0.00575436297713252,0,0,0,0,1.04,125.178,1.2,85.084,3.3
2018-01-05 04:33:00,0.905255805307766,0.00576003342809408,0,0,0,0,1.06,124.962,1.2,85.136,3.3
2018-01-05 04:34:00,0.906034131585543,0.00576570387905563,0,0,0,0,1.08,124.746,1.2,85.188,3.3
2018-01-05 04:35:00,0.906812457863319,0.00577137433001719,0,0,0,0,1.1,124.53,1.2,85.24,3.3
2018-01-05 04:36:00,0.907590784141096,0.00589757996994413,0,0,0,0,1.1,124.316,1.2,85.24,3.3
2018-01-05 04:37:00,0.908369110418873,0.00602378560987107,0,0,0,0,1.1,124.102,1.2,85.24,3.3
2018-01-05 04:38:00,0.90914743669665,0.00614999124979802,0,0,0,0,1.1,123.888,1.2,85.24,3.3
2018-01-05 04:39:00,0.909925762974427,0.00627619688972496,0,0,0,0,1.1,123.674,1.2,85.24,3.3
2018-01-05 04:40:00,0.910704089252204,0.0064024025296519,0,0,0,0,1.1,123.46,1.2,85.24,3.3
2018-01-05 04:41:00,0.911482415529981,0.00632458750876926,0,0,0,0,1.1,123.246,1.2,85.24,3.3
2018-01-05 04:42:00,0.912260741807758,0.00624677248788662,0,0,0,0,1.1,123.032,1.2,85.24,3.3
2018-01-05 04:43:00,0.913039068085535,0.00616895746700398,0,0,0,0,1.1,122.818,1.2,85.24,3.3
2018-01-05 04:44:00,0.913817394363312,0.00609114244612134,0,0,0,0,1.1,122.604,1.2,85.24,3.3
2018-01-05 04:45:00,0.914595720641089,0.0060133274252387,0,0,0,0,1.1,122.39,1.2,85.24,3.3
2018-01-05 04:46:00,0.915374046918866,0.00607686073828857,0,0,0,0,1.1,122.176,1.2,85.24,3.3
2018-01-05 04:47:00,0.916152373196643,0.00614039405133845,0,0,0,0,1.1,121.962,1.2,85.24,3.3
2018-01-05 04:48:00,0.91693069947442,0.00620392736438832,0,0,0,0,1.1,121.748,1.2,85.24,3.3
2018-01-05 04:49:00,0.917709025752197,0.00626746067743819,0,0,0,0,1.1,121.534,1.2,85.24,3.3
2018-01-05 04:50:00,0.918487352029974,0.00633099399048807,0,0,0,0,1.1,121.32,1.2,85.24,3.3
2018-01-05 04:51:00,0.919265678307751,0.00640214694559405,0,0,0,0,1.1,121.106,1.2,85.24,3.3
2018-01-05 04:52:00,0.920044004585528,0.00647329990070003,0,0,0,0,1.1,120.892,1.2,85.24,3.3
2018-01-05 04:53:00,0.920822330863305,0.00654445285580601,0,0,0,0,1.1,120.678,1.2,85.24,3.3
2018-01-05 04:54:00,0.921600657141082,0.00661560581091199,0,0,0,0,1.1,120.464,1.2,85.24,3.3
2018-01-05 04:55:00,0.922378983418859,0.00668675876601798,0,0,0,0,1.1,120.25,1.2,85.24,3.3
2018-01-05 04:56:00,0.923157309696636,0.00669396211639595,0,0,0,0,1.1,120.036,1.2,85.24,3.3
2018-01-05 04:57:00,0.923935635974413,0.00670116546677391,0,0,0,0,1.1,119.822,1.2,85.24,3.3
2018-01-05 04:58:00,0.92471396225219,0.00670836881715189,0,0,0,0,1.1,119.608,1.2,85.24,3.3
2018-01-05 04:59:00,0.925492288529967,0.00671557216752985,0,0,0,0,1.1,119.394,1.2,85.24,3.3
2018-01-05 05:00:00,0.926270614807744,0.00672277551790783,0,0,0,0,1.1,119.18,1.2,85.24,3.3
2018-01-05 05:01:00,0.92721483660342,0.00648790412779112,0,0,0,0,1.1,118.968,1.2,85.24,3.3
2018-01-05 05:02:00,0.928159058399097,0.00625303273767442,0,0,0,0,1.1,118.756,1.2,85.24,3.3
2018-01-05 05:03:00,0.929103280194774,0.00601816134755772,0,0,0,0,1.1,118.544,1.2,85.24,3.3
2018-01-05 05:04:00,0.93004750199045,0.00578328995744102,0,0,0,0,1.1,118.332,1.2,85.24,3.3
2018-01-05 05:05:00,0.930991723786127,0.00554841856732431,0,0,0,0,1.1,118.12,1.2,85.24,3.3
2018-01-05 05:06:00,0.931935945581804,0.00574782852920744,0,0,0,0,1.1,117.908,1.2,85.24,3.3
2018-01-05 05:07:00,0.93288016737748,0.00594723849109057,0,0,0,0,1.1,117.696,1.2,85.24,3.3
2018-01-05 05:08:00,0.933824389173157,0.0061466484529737,0,0,0,0,1.1,117.484,1.2,85.24,3.3
2018-01-05 05:09:00,0.934768610968834,0.00634605841485682,0,0,0,0,1.1,117.272,1.2,85.24,3.3
2018-01-05 05:10:00,0.935712832764511,0.00654546837673995,0,0,0,0,1.1,117.06,1.2,85.24,3.3
2018-01-05 05:11:00,0.936657054560187,0.00652871567589023,0,0,0,0,1.1,116.846,1.2,85.256,3.3
2018-01-05 05:12:00,0.937601276355864,0.00651196297504051,0,0,0,0,1.1,116.632,1.2,85.272,3.3
2018-01-05 05:13:00,0.938545498151541,0.00649521027419079,0,0,0,0,1.1,116.418,1.2,85.288,3.3
2018-01-05 05:14:00,0.939489719947218,0.00647845757334107,0,0,0,0,1.1,116.204,1.2,85.304,3.3
2018-01-05 05:15:00,0.940433941742894,0.00646170487249135,0,0,0,0,1.1,115.99,1.2,85.32,3.3
2018-01-05 05:16:00,0.941378163538571,0.0063526349400057,0,0,0,0,1.1,115.778,1.2,85.32,3.3
2018-01-05 05:17:00,0.942322385334248,0.00624356500752005,0,0,0,0,1.1,115.566,1.2,85.32,3.3
2018-01-05 05:18:00,0.943266607129924,0.0061344950750344,0,0,0,0,1.1,115.354,1.2,85.32,3.3
2018-01-05 05:19:00,0.944210828925601,0.00602542514254875,0,0,0,0,1.1,115.142,1.2,85.32,3.3
2018-01-05 05:20:00,0.945155050721278,0.0059163552100631,0,0,0,0,1.1,114.93,1.2,85.32,3.3
2018-01-05 05:21:00,0.946099272516954,0.005860346520381,0,0,0,0,1.1,114.72,1.2,85.32,3.3
2018-01-05 05:22:00,0.947043494312631,0.0058043378306989,0,0,0,0,1.1,114.51,1.2,85.32,3.3
2018-01-05 05:23:00,0.947987716108308,0.0057483291410168,0,0,0,0,1.1,114.3,1.2,85.32,3.3
2018-01-05 05:24:00,0.948931937903985,0.0056923204513347,0,0,0,0,1.1,114.09,1.2,85.32,3.3
2018-01-05 05:25:00,0.949876159699661,0.00563631176165259,0,0,0,0,1.1,113.88,1.2,85.32,3.3
2018-01-05 05:26:00,0.950820381495338,0.00570665000073616,0,0,0,0,1.1,113.668,1.2,85.32,3.3
2018-01-05 05:27:00,0.951764603291015,0.00577698823981972,0,0,0,0,1.1,113.456,1.2,85.32,3.3
2018-01-05 05:28:00,0.952708825086691,0.00584732647890329,0,0,0,0,1.1,113.244,1.2,85.32,3.3
2018-01-05 05:29:00,0.953653046882368,0.00591766471798685,0,0,0,0,1.1,113.032,1.2,85.32,3.3
2018-01-05 05:30:00,0.954597268678045,0.00598800295707041,0,0,0,0,1.1,112.82,1.2,85.32,3.3
2018-01-05 05:31:00,0.955541490473722,0.00612607794551253,0,0,0,0,1.12,112.61,1.2,85.504,3.3
2018-01-05 05:32:00,0.956485712269398,0.00626415293395464,0,0,0,0,1.14,112.4,1.2,85.688,3.3
2018-01-05 05:33:00,0.957429934065075,0.00640222792239675,0,0,0,0,1.16,112.19,1.2,85.872,3.3
2018-01-05 05:34:00,0.958374155860752,0.00654030291083886,0,0,0,0,1.18,111.98,1.2,86.056,3.3
2018-01-05 05:35:00,0.959318377656428,0.00667837789928098,0,0,0,0,1.2,111.77,1.2,86.24,3.3
2018-01-05 05:36:00,0.960262599452105,0.00674254931731822,0,0,0,0,1.2,111.56,1.2,86.24,3.3
2018-01-05 05:37:00,0.961206821247782,0.00680672073535547,0,0,0,0,1.2,111.35,1.2,86.24,3.3
2018-01-05 05:38:00,0.962151043043458,0.00687089215339271,0,0,0,0,1.2,111.14,1.2,86.24,3.3
2018-01-05 05:39:00,0.963095264839135,0.00693506357142996,0,0,0,0,1.2,110.93,1.2,86.24,3.3
2018-01-05 05:40:00,0.964039486634812,0.00699923498946721,0,0,0,0,1.2,110.72,1.2,86.24,3.3
2018-01-05 05:41:00,0.964983708430489,0.00671107295676536,0,0,0,0,1.2,110.51,1.2,86.24,3.3
2018-01-05 05:42:00,0.965927930226165,0.00642291092406351,0,0,0,0,1.2,110.3,1.2,86.24,3.3
2018-01-05 05:43:00,0.966872152021842,0.00613474889136166,0,0,0,0,1.2,110.09,1.2,86.24,3.3
2018-01-05 05:44:00,0.967816373817519,0.00584658685865982,0,0,0,0,1.2,109.88,1.2,86.24,3.3
2018-01-05 05:45:00,0.968760595613195,0.00555842482595797,0,0,0,0,1.2,109.67,1.2,86.24,3.3
2018-01-05 05:46:00,0.969704817408872,0.00557567675774765,0,0,0,0,1.2,109.462,1.2,86.24,3.3
2018-01-05 05:47:00,0.970649039204549,0.00559292868953733,0,0,0,0,1.2,109.254,1.2,86.24,3.3
2018-01-05 05:48:00,0.971593261000226,0.00561018062132701,0,0,0,0,1.2,109.046,1.2,86.24,3.3
2018-01-05 05:49:00,0.972537482795902,0.00562743255311669,0,0,0,0,1.2,108.838,1.2,86.24,3.3
2018-01-05 05:50:00,0.973481704591579,0.00564468448490638,0,0,0,0,1.2,108.63,1.2,86.24,3.3
2018-01-05 05:51:00,0.974425926387256,0.00599585846942686,0,0,0,0,1.2,108.42,1.2,86.24,3.3
2018-01-05 05:52:00,0.975370148182932,0.00634703245394735,0,0,0,0,1.2,108.21,1.2,86.24,3.3
2018-01-05 05:53:00,0.976314369978609,0.00669820643846784,0,0,0,0,1.2,108,1.2,86.24,3.3
2018-01-05 05:54:00,0.977258591774286,0.00704938042298833,0,0,0,0,1.2,107.79,1.2,86.24,3.3
2018-01-05 05:55:00,0.978202813569962,0.00740055440750882,0,0,0,0,1.2,107.58,1.2,86.24,3.3
2018-01-05 05:56:00,0.979147035365639,0.0071461930877421,0,0,0,0,1.2,107.372,1.2,86.24,3.3
2018-01-05 05:57:00,0.980091257161316,0.00689183176797539,0,0,0,0,1.2,107.164,1.2,86.24,3.3
2018-01-05 05:58:00,0.981035478956993,0.00663747044820868,0,0,0,0,1.2,106.956,1.2,86.24,3.3
2018-01-05 05:59:00,0.981979700752669,0.00638310912844196,0,0,0,0,1.2,106.748,1.2,86.24,3.3
2018-01-05 06:00:00,0.982923922548346,0.00612874780867525,0,0,0,0,1.2,106.54,1.2,86.24,3.3
2018-01-05 06:01:00,0.983312991228304,0.00609034892541427,0,0,0,0,1.2,106.334,1.2,86.24,3.3
2018-01-05 06:02:00,0.983702059908263,0.00605195004215329,0,0,0,0,1.2,106.128,1.2,86.24,3.3
2018-01-05 06:03:00,0.984091128588221,0.00601355115889231,0,0,0,0,1.2,105.922,1.2,86.24,3.3
2018-01-05 06:04:00,0.98448019726818,0.00597515227563133,0,0,0,0,1.2,105.716,1.2,86.24,3.3
2018-01-05 06:05:00,0.984869265948138,0.00593675339237034,0,0,0,0,1.2,105.51,1.2,86.24,3.3
2018-01-05 06:06:00,0.985258334628096,0.00570944819481998,0,0,0,0,1.2,105.302,1.2,86.12,3.32
2018-01-05 06:07:00,0.985647403308055,0.00548214299726961,0,0,0,0,1.2,105.094,1.2,86,3.34
2018-01-05 06:08:00,0.986036471988013,0.00525483779971925,0,0,0,0,1.2,104.886,1.2,85.88,3.36
2018-01-05 06:09:00,0.986425540667972,0.00502753260216888,0,0,0,0,1.2,104.678,1.2,85.76,3.38
2018-01-05 06:10:00,0.98681460934793,0.00480022740461852,0,0,0,0,1.2,104.47,1.2,85.64,3.4
2018-01-05 06:11:00,0.987203678027889,0.00509815190243474,0,0,0,0,1.2,104.264,1.2,85.64,3.4
2018-01-05 06:12:00,0.987592746707847,0.00539607640025097,0,0,0,0,1.2,104.058,1.2,85.64,3.4
2018-01-05 06:13:00,0.987981815387806,0.00569400089806719,0,0,0,0,1.2,103.852,1.2,85.64,3.4
2018-01-05 06:14:00,0.988370884067764,0.00599192539588341,0,0,0,0,1.2,103.646,1.2,85.64,3.4
2018-01-05 06:15:00,0.988759952747722,0.00628984989369964,0,0,0,0,1.2,103.44,1.2,85.64,3.4
2018-01-05 06:16:00,0.989149021427681,0.00638128752315463,0,0,0,0,1.2,103.236,1.2,85.64,3.4
2018-01-05 06:17:00,0.989538090107639,0.00647272515260963,0,0,0,0,1.2,103.032,1.2,85.64,3.4
2018-01-05 06:18:00,0.989927158787598,0.00656416278206462,0,0,0,0,1.2,102.828,1.2,85.64,3.4
2018-01-05 06:19:00,0.990316227467556,0.00665560041151962,0,0,0,0,1.2,102.624,1.2,85.64,3.4
2018-01-05 06:20:00,0.990705296147514,0.00674703804097461,0,0,0,0,1.2,102.42,1.2,85.64,3.4
2018-01-05 06:21:00,0.991094364827473,0.00656932078295216,0,0,0,0,1.2,102.214,1.2,85.64,3.4
2018-01-05 06:22:00,0.991483433507431,0.00639160352492971,0,0,0,0,1.2,102.008,1.2,85.64,3.4
2018-01-05 06:23:00,0.99187250218739,0.00621388626690725,0,0,0,0,1.2,101.802,1.2,85.64,3.4
2018-01-05 06:24:00,0.992261570867348,0.0060361690088848,0,0,0,0,1.2,101.596,1.2,85.64,3.4
2018-01-05 06:25:00,0.992650639547306,0.00585845175086235,0,0,0,0,1.2,101.39,1.2,85.64,3.4
2018-01-05 06:26:00,0.993039708227265,0.00605533729734031,0,0,0,0,1.2,101.186,1.2,85.52,3.42
2018-01-05 06:27:00,0.993428776907223,0.00625222284381827,0,0,0,0,1.2,100.982,1.2,85.4,3.44
2018-01-05 06:28:00,0.993817845587182,0.00644910839029623,0,0,0,0,1.2,100.778,1.2,85.28,3.46
2018-01-05 06:29:00,0.99420691426714,0.00664599393677419,0,0,0,0,1.2,100.574,1.2,85.16,3.48
2018-01-05 06:30:00,0.994595982947099,0.00684287948325216,0,0,0,0,1.2,100.37,1.2,85.04,3.5
2018-01-05 06:31:00,0.994985051627057,0.00682018542509181,0,0,0,0,1.26,100.166,1.2,85.43,3.5
2018-01-05 06:32:00,0.995374120307016,0.00679749136693146,0,0,0,0,1.32,99.962,1.2,85.82,3.5
2018-01-05 06:33:00,0.995763188986974,0.00677479730877112,0,0,0,0,1.38,99.758,1.2,86.21,3.5
2018-01-05 06:34:00,0.996152257666932,0.00675210325061077,0,0,0,0,1.44,99.554,1.2,86.6,3.5
2018-01-05 06:35:00,0.996541326346891,0.00672940919245043,0,0,0,0,1.5,99.35,1.2,86.99,3.5
2018-01-05 06:36:00,0.996930395026849,0.00682529793857241,0,0,0,0,1.5,99.148,1.2,86.99,3.5
2018-01-05 06:37:00,0.997319463706808,0.00692118668469439,0,0,0,0,1.5,98.946,1.2,86.99,3.5
2018-01-05 06:38:00,0.997708532386766,0.00701707543081637,0,0,0,0,1.5,98.744,1.2,86.99,3.5
2018-01-05 06:39:00,0.998097601066724,0.00711296417693835,0,0,0,0,1.5,98.542,1.2,86.99,3.5
2018-01-05 06:40:00,0.998486669746683,0.00720885292306033,0,0,0,0,1.5,98.34,1.2,86.99,3.5
2018-01-05 06:41:00,0.998875738426641,0.00701752738810499,0,0,0,0,1.5,98.138,1.2,86.99,3.5
2018-01-05 06:42:00,0.9992648071066,0.00682620185314964,0,0,0,0,1.5,97.936,1.2,86.99,3.5
2018-01-05 06:43:00,0.999653875786558,0.0066348763181943,0,0,0,0,1.5,97.734,1.2,86.99,3.5
2018-01-05 06:44:00,1.00004294446652,0.00644355078323896,0,0,0,0,1.5,97.532,1.2,86.99,3.5
2018-01-05 06:45:00,1.00043201314648,0.00625222524828362,0,0,0,0,1.5,97.33,1.2,86.99,3.5
2018-01-05 06:46:00,1.00082108182643,0.00622646624989725,0,0,0,0,1.5,97.13,1.2,86.868,3.52
2018-01-05 06:47:00,1.00121015050639,0.00620070725151088,0,0,0,0,1.5,96.93,1.2,86.746,3.54
2018-01-05 06:48:00,1.00159921918635,0.00617494825312451,0,0,0,0,1.5,96.73,1.2,86.624,3.56
2018-01-05 06:49:00,1.00198828786631,0.00614918925473814,0,0,0,0,1.5,96.53,1.2,86.502,3.58
2018-01-05 06:50:00,1.00237735654627,0.00612343025635176,0,0,0,0,1.5,96.33,1.2,86.38,3.6
2018-01-05 06:51:00,1.00276642522623,0.00603731334222245,0,0,0,0,1.5,96.13,1.2,86.38,3.6
2018-01-05 06:52:00,1.00315549390618,0.00595119642809314,0,0,0,0,1.5,95.93,1.2,86.38,3.6
2018-01-05 06:53:00,1.00354456258614,0.00586507951396382,0,0,0,0,1.5,95.73,1.2,86.38,3.6
2018-01-05 06:54:00,1.0039336312661,0.00577896259983451,0,0,0,0,1.5,95.53,1.2,86.38,3.6
2018-01-05 06:55:00,1.00432269994606,0.0056928456857052,0,0,0,0,1.5,95.33,1.2,86.38,3.6
2018-01-05 06:56:00,1.00471176862602,0.00561990877697023,0,0,0,0,1.5,95.13,1.2,86.38,3.6
2018-01-05 06:57:00,1.00510083730598,0.00554697186823526,0,0,0,0,1.5,94.93,1.2,86.38,3.6
2018-01-05 06:58:00,1.00548990598593,0.0054740349595003,0,0,0,0,1.5,94.73,1.2,86.38,3.6
2018-01-05 06:59:00,1.00587897466589,0.00540109805076534,0,0,0,0,1.5,94.53,1.2,86.38,3.6
2018-01-05 07:00:00,1.00626804334585,0.00532816114203037,0,0,0,0,1.5,94.33,1.2,86.38,3.6
2018-01-05 07:01:00,1.00626639370607,0.00578260553956431,0,0,0,0,1.5,94.132,1.2,86.258,3.62
2018-01-05 07:02:00,1.00626474406629,0.00623704993709825,0,0,0,0,1.5,93.934,1.2,86.136,3.64
2018-01-05 07:03:00,1.00626309442651,0.00669149433463218,0,0,0,0,1.5,93.736,1.2,86.014,3.66
2018-01-05 07:04:00,1.00626144478673,0.00714593873216612,0,0,0,0,1.5,93.538,1.2,85.892,3.68
2018-01-05 07:05:00,1.00625979514695,0.00760038312970006,0,0,0,0,1.5,93.34,1.2,85.77,3.7
2018-01-05 07:06:00,1.00625814550717,0.00734854428920962,0,0,0,0,1.5,93.142,1.2,85.532,3.74
2018-01-05 07:07:00,1.00625649586739,0.00709670544871918,0,0,0,0,1.5,92.944,1.2,85.294,3.78
2018-01-05 07:08:00,1.00625484622761,0.00684486660822874,0,0,0,0,1.5,92.746,1.2,85.056,3.82
2018-01-05 07:09:00,1.00625319658783,0.0065930277677383,0,0,0,0,1.5,92.548,1.2,84.818,3.86
2018-01-05 07:10:00,1.00625154694805,0.00634118892724786,0,0,0,0,1.5,92.35,1.2,84.58,3.9
2018-01-05 07:11:00,1.00624989730827,0.0065764401233597,0,0,0,0,1.5,92.154,1.22,84.462,3.92
2018-01-05 07:12:00,1.00624824766849,0.00681169131947155,0,0,0,0,1.5,91.958,1.24,84.344,3.94
2018-01-05 07:13:00,1.00624659802871,0.00704694251558339,0,0,0,0,1.5,91.762,1.26,84.226,3.96
2018-01-05 07:14:00,1.00624494838893,0.00728219371169524,0,0,0,0,1.5,91.566,1.28,84.108,3.98
2018-01-05 07:15:00,1.00624329874915,0.00751744490780708,0,0,0,0,1.5,91.37,1.3,83.99,4
2018-01-05 07:16:00,1.00624164910936,0.00738446036747983,0,0,0,0,1.5,91.06,1.3,83.756,4.04
2018-01-05 07:17:00,1.00623999946958,0.00725147582715258,0,0,0,0,1.5,90.75,1.3,83.522,4.08
2018-01-05 07:18:00,1.0062383498298,0.00711849128682533,0,0,0,0,1.5,90.44,1.3,83.288,4.12
2018-01-05 07:19:00,1.00623670019002,0.00698550674649807,0,0,0,0,1.5,90.13,1.3,83.054,4.16
2018-01-05 07:20:00,1.00623505055024,0.00685252220617082,0,0,0,0,1.5,89.82,1.3,82.82,4.2
2018-01-05 07:21:00,1.00623340091046,0.00728263371143592,0,2.2,14,2.4,1.52,89.654,1.32,82.72,4.22
2018-01-05 07:22:00,1.00623175127068,0.00771274521670102,0,4.4,28,4.8,1.54,89.488,1.34,82.62,4.24
2018-01-05 07:23:00,1.0062301016309,0.00814285672196611,0,6.6,42,7.2,1.56,89.322,1.36,82.52,4.26
2018-01-05 07:24:00,1.00622845199112,0.00857296822723121,0,8.8,56,9.6,1.58,89.156,1.38,82.42,4.28
2018-01-05 07:25:00,1.00622680235134,0.00900307973249631,0,11,70,12,1.6,88.99,1.4,82.32,4.3
2018-01-05 07:26:00,1.00622515271156,0.00892256007528375,0,10.2,56,11,1.6,88.816,1.4,82.206,4.32
2018-01-05 07:27:00,1.00622350307178,0.00884204041807119,0,9.4,42,10,1.6,88.642,1.4,82.092,4.34
2018-01-05 07:28:00,1.006221853432,0.00876152076085863,0,8.6,28,9,1.6,88.468,1.4,81.978,4.36
2018-01-05 07:29:00,1.00622020379222,0.00868100110364608,0,7.8,14,8,1.6,88.294,1.4,81.864,4.38
2018-01-05 07:30:00,1.00621855415244,0.00860048144643352,0,7,0,7,1.6,88.12,1.4,81.75,4.4
2018-01-05 07:31:00,1.00621690451266,0.00842180242605912,0,7.8,0,7.8,1.68,87.94,1.4,81.994,4.44
2018-01-05 07:32:00,1.00621525487288,0.00824312340568473,0,8.6,0,8.6,1.76,87.76,1.4,82.238,4.48
2018-01-05 07:33:00,1.0062136052331,0.00806444438531033,0,9.4,0,9.4,1.84,87.58,1.4,82.482,4.52
2018-01-05 07:34:00,1.00621195559332,0.00788576536493593,0,10.2,0,10.2,1.92,87.4,1.4,82.726,4.56
2018-01-05 07:35:00,1.00621030595354,0.00770708634456154,0,11,0,11,2,87.22,1.4,82.97,4.6
2018-01-05 07:36:00,1.00620865631376,0.00814677686165955,0.0002382565,12,0,12,2,87.038,1.42,82.856,4.62
2018-01-05 07:37:00,1.00620700667398,0.00858646737875756,0.000476513,13,0,13,2,86.856,1.44,82.742,4.64
2018-01-05 07:38:00,1.0062053570342,0.00902615789585557,0.0007147695,14,0,14,2,86.674,1.46,82.628,4.66
2018-01-05 07:39:00,1.00620370739442,0.00946584841295359,0.000953026,15,0,15,2,86.492,1.48,82.514,4.68
2018-01-05 07:40:00,1.00620205775464,0.0099055389300516,0.0011912825,16,0,16,2,86.31,1.5,82.4,4.7
2018-01-05 07:41:00,1.00620040811485,0.0100521399356152,0.002692576,17,0,17,2,86.126,1.5,82.172,4.74
2018-01-05 07:42:00,1.00619875847507,0.0101987409411787,0.0041938695,18,0,18,2,85.942,1.5,81.944,4.78
2018-01-05 07:43:00,1.00619710883529,0.0103453419467423,0.005695163,19,0,19,2,85.758,1.5,81.716,4.82
2018-01-05 07:44:00,1.00619545919551,0.0104919429523059,0.0071964565,20,0,20,2,85.574,1.5,81.488,4.86
2018-01-05 07:45:00,1.00619380955573,0.0106385439578694,0.00869775,21,0,21,2,85.39,1.5,81.26,4.9
2018-01-05 07:46:00,1.00619215991595,0.0104033250654846,0.009850325,22,0,22,2,85.206,1.5,81.148,4.92
2018-01-05 07:47:00,1.00619051027617,0.0101681061730998,0.0110029,23,0,23,2,85.022,1.5,81.036,4.94
2018-01-05 07:48:00,1.00618886063639,0.00993288728071496,0.012155475,24,0,24,2,84.838,1.5,80.924,4.96
2018-01-05 07:49:00,1.00618721099661,0.00969766838833014,0.01330805,25,0,25,2,84.654,1.5,80.812,4.98
2018-01-05 07:50:00,1.00618556135683,0.00946244949594531,0.014460625,26,0,26,2,84.47,1.5,80.7,5
2018-01-05 07:51:00,1.00618391171705,0.0101558037760444,0.01564196,27.2,0,27.2,2,84.286,1.52,80.588,5.02
2018-01-05 07:52:00,1.00618226207727,0.0108491580561435,0.016823295,28.4,0,28.4,2,84.102,1.54,80.476,5.04
2018-01-05 07:53:00,1.00618061243749,0.0115425123362426,0.01800463,29.6,0,29.6,2,83.918,1.56,80.364,5.06
2018-01-05 07:54:00,1.00617896279771,0.0122358666163417,0.019185965,30.8,0,30.8,2,83.734,1.58,80.252,5.08
2018-01-05 07:55:00,1.00617731315793,0.0129292208964408,0.0203673,32,0,32,2,83.55,1.6,80.14,5.1
2018-01-05 07:56:00,1.00617566351815,0.0125042250144374,0.02288449,34.4,1,34.6,2,83.368,1.6,79.918,5.14
2018-01-05 07:57:00,1.00617401387837,0.0120792291324339,0.02540168,36.8,2,37.2,2,83.186,1.6,79.696,5.18
2018-01-05 07:58:00,1.00617236423859,0.0116542332504305,0.02791887,39.2,3,39.8,2,83.004,1.6,79.474,5.22
2018-01-05 07:59:00,1.00617071459881,0.0112292373684271,0.03043606,41.6,4,42.4,2,82.822,1.6,79.252,5.26
2018-01-05 08:00:00,1.00616906495903,0.0108042414864237,0.03295325,44,5,45,2,82.64,1.6,79.03,5.3
2018-01-05 08:01:00,1.00609398139196,0.011309377211225,0.03426025,45.2,5.8,46.2,2,82.456,1.62,78.922,5.32
2018-01-05 08:02:00,1.00601889782489,0.0118145129360264,0.03556725,46.4,6.6,47.4,2,82.272,1.64,78.814,5.34
2018-01-05 08:03:00,1.00594381425783,0.0123196486608277,0.03687425,47.6,7.4,48.6,2,82.088,1.66,78.706,5.36
2018-01-05 08:04:00,1.00586873069076,0.012824784385629,0.03818125,48.8,8.2,49.8,2,81.904,1.68,78.598,5.38
2018-01-05 08:05:00,1.00579364712369,0.0133299201104304,0.03948825,50,9,51,2,81.72,1.7,78.49,5.4
2018-01-05 08:06:00,1.00571856355663,0.0138056539283789,0.0393242,50.4,7.2,51.2,2,81.54,1.7,78.274,5.44
2018-01-05 08:07:00,1.00564347998956,0.0142813877463275,0.03916015,50.8,5.4,51.4,2,81.36,1.7,78.058,5.48
2018-01-05 08:08:00,1.00556839642249,0.014757121564276,0.0389961,51.2,3.6,51.6,2,81.18,1.7,77.842,5.52
2018-01-05 08:09:00,1.00549331285543,0.0152328553822246,0.03883205,51.6,1.8,51.8,2,81,1.7,77.626,5.56
2018-01-05 08:10:00,1.00541822928836,0.0157085892001731,0.038668,52,0,52,2,80.82,1.7,77.41,5.6
2018-01-05 08:11:00,1.00534314572129,0.0155461249981131,0.03992765,53.4,0,53.4,2,80.638,1.7,77.196,5.64
2018-01-05 08:12:00,1.00526806215423,0.0153836607960531,0.0411873,54.8,0,54.8,2,80.456,1.7,76.982,5.68
2018-01-05 08:13:00,1.00519297858716,0.0152211965939931,0.04244695,56.2,0,56.2,2,80.274,1.7,76.768,5.72
2018-01-05 08:14:00,1.00511789502009,0.0150587323919331,0.0437066,57.6,0,57.6,2,80.092,1.7,76.554,5.76
2018-01-05 08:15:00,1.00504281145303,0.0148962681898731,0.04496625,59,0,59,2,79.91,1.7,76.34,5.8
2018-01-05 08:16:00,1.00496772788596,0.0155931492472495,0.0487261,61,4.4,61.8,2,79.732,1.72,76.236,5.82
2018-01-05 08:17:00,1.00489264431889,0.0162900303046259,0.05248595,63,8.8,64.6,2,79.554,1.74,76.132,5.84
2018-01-05 08:18:00,1.00481756075183,0.0169869113620023,0.0562458,65,13.2,67.4,2,79.376,1.76,76.028,5.86
2018-01-05 08:19:00,1.00474247718476,0.0176837924193787,0.06000565,67,17.6,70.2,2,79.198,1.78,75.924,5.88
2018-01-05 08:20:00,1.00466739361769,0.018380673476755,0.0637655,69,22,73,2,79.02,1.8,75.82,5.9
2018-01-05 08:21:00,1.00459231005063,0.0181390387261797,0.06295065,69.8,19,73.4,2,78.842,1.8,75.612,5.94
2018-01-05 08:22:00,1.00451722648356,0.0178974039756044,0.0621358,70.6,16,73.8,2,78.664,1.8,75.404,5.98
2018-01-05 08:23:00,1.00444214291649,0.0176557692250291,0.06132095,71.4,13,74.2,2,78.486,1.8,75.196,6.02
2018-01-05 08:24:00,1.00436705934943,0.0174141344744538,0.0605061,72.2,10,74.6,2,78.308,1.8,74.988,6.06
2018-01-05 08:25:00,1.00429197578236,0.0171724997238785,0.05969125,73,7,75,2,78.13,1.8,74.78,6.1
2018-01-05 08:26:00,1.00421689221529,0.0178685514527642,0.0636522,74.8,11.8,77.8,2,77.954,1.82,74.576,6.14
2018-01-05 08:27:00,1.00414180864823,0.01856460318165,0.06761315,76.6,16.6,80.6,2,77.778,1.84,74.372,6.18
2018-01-05 08:28:00,1.00406672508116,0.0192606549105357,0.0715741,78.4,21.4,83.4,2,77.602,1.86,74.168,6.22
2018-01-05 08:29:00,1.00399164151409,0.0199567066394215,0.07553505,80.2,26.2,86.2,2,77.426,1.88,73.964,6.26
2018-01-05 08:30:00,1.00391655794703,0.0206527583683072,0.079496,82,31,89,2,77.25,1.9,73.76,6.3
2018-01-05 08:31:00,1.00384147437996,0.0204102578423858,0.0812324,83.4,32,90.6,1.94,77.074,1.9,73.286,6.34
2018-01-05 08:32:00,1.00376639081289,0.0201677573164644,0.0829688,84.8,33,92.2,1.88,76.898,1.9,72.812,6.38
2018-01-05 08:33:00,1.00369130724583,0.019925256790543,0.0847052,86.2,34,93.8,1.82,76.722,1.9,72.338,6.42
2018-01-05 08:34:00,1.00361622367876,0.0196827562646216,0.0864416,87.6,35,95.4,1.76,76.546,1.9,71.864,6.46
2018-01-05 08:35:00,1.00354114011169,0.0194402557387002,0.088178,89,36,97,1.7,76.37,1.9,71.39,6.5
2018-01-05 08:36:00,1.00346605654463,0.0193368133461972,0.08994145,90.4,37,98.8,1.7,76.198,1.9,71.292,6.52
2018-01-05 08:37:00,1.00339097297756,0.0192333709536942,0.0917049,91.8,38,100.6,1.7,76.026,1.9,71.194,6.54
2018-01-05 08:38:00,1.00331588941049,0.0191299285611911,0.09346835,93.2,39,102.4,1.7,75.854,1.9,71.096,6.56
2018-01-05 08:39:00,1.00324080584343,0.0190264861686881,0.0952318,94.6,40,104.2,1.7,75.682,1.9,70.998,6.58
2018-01-05 08:40:00,1.00316572227636,0.0189230437761851,0.09699525,96,41,106,1.7,75.51,1.9,70.9,6.6
2018-01-05 08:41:00,1.00309063870929,0.019567459753526,0.1139392,97,76.6,116.6,1.7,75.338,1.92,70.706,6.64
2018-01-05 08:42:00,1.00301555514223,0.020211875730867,0.13088315,98,112.2,127.2,1.7,75.166,1.94,70.512,6.68
2018-01-05 08:43:00,1.00294047157516,0.0208562917082079,0.1478271,99,147.8,137.8,1.7,74.994,1.96,70.318,6.72
2018-01-05 08:44:00,1.00286538800809,0.0215007076855489,0.16477105,100,183.4,148.4,1.7,74.822,1.98,70.124,6.76
2018-01-05 08:45:00,1.00279030444103,0.0221451236628898,0.181715,101,219,159,1.7,74.65,2,69.93,6.8
2018-01-05 08:46:00,1.00271522087396,0.0215328358011468,0.1679073,102.6,185,151.6,1.7,74.48,2,69.74,6.84
2018-01-05 08:47:00,1.00264013730689,0.0209205479394038,0.1540996,104.2,151,144.2,1.7,74.31,2,69.55,6.88
2018-01-05 08:48:00,1.00256505373983,0.0203082600776607,0.1402919,105.8,117,136.8,1.7,74.14,2,69.36,6.92
2018-01-05 08:49:00,1.00248997017276,0.0196959722159177,0.1264842,107.4,83,129.4,1.7,73.97,2,69.17,6.96
2018-01-05 08:50:00,1.00241488660569,0.0190836843541747,0.1126765,109,49,122,1.7,73.8,2,68.98,7
2018-01-05 08:51:00,1.00233980303863,0.0200460058329081,0.1130291,110,47.4,122.8,1.7,73.632,2.02,68.886,7.02
2018-01-05 08:52:00,1.00226471947156,0.0210083273116416,0.1133817,111,45.8,123.6,1.7,73.464,2.04,68.792,7.04
2018-01-05 08:53:00,1.00218963590449,0.0219706487903751,0.1137343,112,44.2,124.4,1.7,73.296,2.06,68.698,7.06
2018-01-05 08:54:00,1.00211455233743,0.0229329702691086,0.1140869,113,42.6,125.2,1.7,73.128,2.08,68.604,7.08
2018-01-05 08:55:00,1.00203946877036,0.0238952917478421,0.1144395,114,41,126,1.7,72.96,2.1,68.51,7.1
2018-01-05 08:56:00,1.00196438520329,0.0243338111794509,0.1092743,113,33.4,122.6,1.7,72.794,2.1,68.324,7.14
2018-01-05 08:57:00,1.00188930163623,0.0247723306110598,0.1041091,112,25.8,119.2,1.7,72.628,2.1,68.138,7.18
2018-01-05 08:58:00,1.00181421806916,0.0252108500426687,0.0989439,111,18.2,115.8,1.7,72.462,2.1,67.952,7.22
2018-01-05 08:59:00,1.00173913450209,0.0256493694742775,0.0937787,110,10.6,112.4,1.7,72.296,2.1,67.766,7.26
2018-01-05 09:00:00,1.00166405093503,0.0260878889058864,0.0886135,109,3,109,1.7,72.13,2.1,67.58,7.3
2018-01-05 09:01:00,1.0013991595223,0.0259859836948965,0.10426685,113.4,23.8,120.2,1.7,71.966,2.1,67.398,7.34
2018-01-05 09:02:00,1.00113426810957,0.0258840784839066,0.1199202,117.8,44.6,131.4,1.7,71.802,2.1,67.216,7.38
2018-01-05 09:03:00,1.00086937669685,0.0257821732729168,0.13557355,122.2,65.4,142.6,1.7,71.638,2.1,67.034,7.42
2018-01-05 09:04:00,1.00060448528412,0.0256802680619269,0.1512269,126.6,86.2,153.8,1.7,71.474,2.1,66.852,7.46
2018-01-05 09:05:00,1.0003395938714,0.025578362850937,0.16688025,131,107,165,1.7,71.31,2.1,66.67,7.5
2018-01-05 09:06:00,1.00007470245867,0.0264031785156821,0.1516463,127.6,85.6,154.8,1.7,71.148,2.1,66.4,7.56
2018-01-05 09:07:00,0.999809811045944,0.0272279941804273,0.13641235,124.2,64.2,144.6,1.7,70.986,2.1,66.13,7.62
2018-01-05 09:08:00,0.999544919633218,0.0280528098451724,0.1211784,120.8,42.8,134.4,1.7,70.824,2.1,65.86,7.68
2018-01-05 09:09:00,0.999280028220492,0.0288776255099176,0.10594445,117.4,21.4,124.2,1.7,70.662,2.1,65.59,7.74
2018-01-05 09:10:00,0.999015136807766,0.0297024411746628,0.0907105,114,0,114,1.7,70.5,2.1,65.32,7.8
2018-01-05 09:11:00,0.998750245395041,0.0291789348074641,0.087418,110.4,0,110.4,1.7,70.34,2.1,65.144,7.84
2018-01-05 09:12:00,0.998485353982315,0.0286554284402655,0.0841255,106.8,0,106.8,1.7,70.18,2.1,64.968,7.88
2018-01-05 09:13:00,0.998220462569589,0.0281319220730668,0.080833,103.2,0,103.2,1.7,70.02,2.1,64.792,7.92
2018-01-05 09:14:00,0.997955571156863,0.0276084157058682,0.0775405,99.6,0,99.6,1.7,69.86,2.1,64.616,7.96
2018-01-05 09:15:00,0.997690679744137,0.0270849093386695,0.074248,96,0,96,1.7,69.7,2.1,64.44,8
2018-01-05 09:16:00,0.997425788331411,0.0275977195035166,0.07797325,100.2,0,100.2,1.7,69.544,2.12,64.266,8.04
2018-01-05 09:17:00,0.997160896918685,0.0281105296683637,0.0816985,104.4,0,104.4,1.7,69.388,2.14,64.092,8.08
2018-01-05 09:18:00,0.996896005505959,0.0286233398332108,0.08542375,108.6,0,108.6,1.7,69.232,2.16,63.918,8.12
2018-01-05 09:19:00,0.996631114093234,0.0291361499980579,0.089149,112.8,0,112.8,1.7,69.076,2.18,63.744,8.16
2018-01-05 09:20:00,0.996366222680508,0.029648960162905,0.09287425,117,0,117,1.7,68.92,2.2,63.57,8.2
2018-01-05 09:21:00,0.996101331267782,0.0293913971042631,0.09206885,116.2,0,116.2,1.7,68.764,2.2,63.314,8.26
2018-01-05 09:22:00,0.995836439855056,0.0291338340456212,0.09126345,115.4,0,115.4,1.7,68.608,2.2,63.058,8.32
2018-01-05 09:23:00,0.99557154844233,0.0288762709869792,0.09045805,114.6,0,114.6,1.7,68.452,2.2,62.802,8.38
2018-01-05 09:24:00,0.995306657029604,0.0286187079283373,0.08965265,113.8,0,113.8,1.7,68.296,2.2,62.546,8.44
2018-01-05 09:25:00,0.995041765616878,0.0283611448696954,0.08884725,113,0,113,1.7,68.14,2.2,62.29,8.5
2018-01-05 09:26:00,0.994776874204152,0.0288712942756427,0.0902038,114.6,0,114.6,1.7,67.988,2.2,62.124,8.54
2018-01-05 09:27:00,0.994511982791426,0.02938144368159,0.09156035,116.2,0,116.2,1.7,67.836,2.2,61.958,8.58
2018-01-05 09:28:00,0.9942470913787,0.0298915930875374,0.0929169,117.8,0,117.8,1.7,67.684,2.2,61.792,8.62
2018-01-05 09:29:00,0.993982199965975,0.0304017424934847,0.09427345,119.4,0,119.4,1.7,67.532,2.2,61.626,8.66
2018-01-05 09:30:00,0.993717308553249,0.0309118918994321,0.09563,121,0,121,1.7,67.38,2.2,61.46,8.7
2018-01-05 09:31:00,0.993452417140523,0.0302334446795187,0.10775605,128.4,8,131.6,1.46,67.23,2.2,60.328,8.74
2018-01-05 09:32:00,0.993187525727797,0.0295549974596053,0.1198821,135.8,16,142.2,1.22,67.08,2.2,59.196,8.78
2018-01-05 09:33:00,0.992922634315071,0.0288765502396919,0.13200815,143.2,24,152.8,0.98,66.93,2.2,58.064,8.82
2018-01-05 09:34:00,0.992657742902345,0.0281981030197784,0.1441342,150.6,32,163.4,0.74,66.78,2.2,56.932,8.86
2018-01-05 09:35:00,0.992392851489619,0.0275196557998651,0.15626025,158,40,174,0.5,66.63,2.2,55.8,8.9
2018-01-05 09:36:00,0.992127960076893,0.0274805217595574,0.1611825,160.4,45,178.6,0.5,66.482,2.2,55.576,8.96
2018-01-05 09:37:00,0.991863068664168,0.0274413877192497,0.16610475,162.8,50,183.2,0.5,66.334,2.2,55.352,9.02
2018-01-05 09:38:00,0.991598177251442,0.027402253678942,0.171027,165.2,55,187.8,0.5,66.186,2.2,55.128,9.08
2018-01-05 09:39:00,0.991333285838716,0.0273631196386343,0.17594925,167.6,60,192.4,0.5,66.038,2.2,54.904,9.14
2018-01-05 09:40:00,0.99106839442599,0.0273239855983266,0.1808715,170,65,197,0.5,65.89,2.2,54.68,9.2
2018-01-05 09:41:00,0.990803503013264,0.0270892268596315,0.17960485,170.4,62.2,196.4,0.5,65.746,2.2,54.534,9.24
2018-01-05 09:42:00,0.990538611600538,0.0268544681209364,0.1783382,170.8,59.4,195.8,0.5,65.602,2.2,54.388,9.28
2018-01-05 09:43:00,0.990273720187812,0.0266197093822413,0.17707155,171.2,56.6,195.2,0.5,65.458,2.2,54.242,9.32
2018-01-05 09:44:00,0.990008828775086,0.0263849506435461,0.1758049,171.6,53.8,194.6,0.5,65.314,2.2,54.096,9.36
2018-01-05 09:45:00,0.98974393736236,0.026150191904851,0.17453825,172,51,194,0.5,65.17,2.2,53.95,9.4
2018-01-05 09:46:00,0.989479045949634,0.0265679888631534,0.1830717,174.8,61.4,201.2,0.5,65.028,2.2,53.806,9.44
2018-01-05 09:47:00,0.989214154536908,0.0269857858214559,0.19160515,177.6,71.8,208.4,0.5,64.886,2.2,53.662,9.48
2018-01-05 09:48:00,0.988949263124182,0.0274035827797583,0.2001386,180.4,82.2,215.6,0.5,64.744,2.2,53.518,9.52
2018-01-05 09:49:00,0.988684371711457,0.0278213797380607,0.20867205,183.2,92.6,222.8,0.5,64.602,2.2,53.374,9.56
2018-01-05 09:50:00,0.988419480298731,0.0282391766963631,0.2172055,186,103,230,0.5,64.46,2.2,53.23,9.6
2018-01-05 09:51:00,0.988154588886005,0.0286881663674623,0.2219297,187.4,106.6,233.2,0.5,64.322,2.2,53.02,9.66
2018-01-05 09:52:00,0.987889697473279,0.0291371560385615,0.2266539,188.8,110.2,236.4,0.5,64.184,2.2,52.81,9.72
2018-01-05 09:53:00,0.987624806060553,0.0295861457096607,0.2313781,190.2,113.8,239.6,0.5,64.046,2.2,52.6,9.78
2018-01-05 09:54:00,0.987359914647827,0.0300351353807599,0.2361023,191.6,117.4,242.8,0.5,63.908,2.2,52.39,9.84
2018-01-05 09:55:00,0.987095023235101,0.0304841250518591,0.2408265,193,121,246,0.5,63.77,2.2,52.18,9.9
2018-01-05 09:56:00,0.986830131822375,0.0301804330100127,0.23451415,193.2,112.2,242.6,0.5,63.634,2.2,52.04,9.94
2018-01-05 09:57:00,0.98656524040965,0.0298767409681663,0.2282018,193.4,103.4,239.2,0.5,63.498,2.2,51.9,9.98
2018-01-05 09:58:00,0.986300348996924,0.0295730489263199,0.22188945,193.6,94.6,235.8,0.5,63.362,2.2,51.76,10.02
2018-01-05 09:59:00,0.986035457584198,0.0292693568844735,0.2155771,193.8,85.8,232.4,0.5,63.226,2.2,51.62,10.06
2018-01-05 10:00:00,0.985770566171472,0.0289656648426271,0.20926475,194,77,229,0.5,63.09,2.2,51.48,10.1
2018-01-05 10:01:00,0.985333816502196,0.0290935622826446,0.21331255,195.6,81.2,232.6,0.5,62.956,2.2,51.344,10.14
2018-01-05 10:02:00,0.98489706683292,0.0292214597226622,0.21736035,197.2,85.4,236.2,0.5,62.822,2.2,51.208,10.18
2018-01-05 10:03:00,0.984460317163643,0.0293493571626798,0.22140815,198.8,89.6,239.8,0.5,62.688,2.2,51.072,10.22
2018-01-05 10:04:00,0.984023567494367,0.0294772546026973,0.22545595,200.4,93.8,243.4,0.5,62.554,2.2,50.936,10.26
2018-01-05 10:05:00,0.983586817825091,0.0296051520427149,0.22950375,202,98,247,0.5,62.42,2.2,50.8,10.3
2018-01-05 10:06:00,0.983150068155815,0.0294806586494837,0.2464165,202.6,122.8,259.8,0.5,62.29,2.2,50.734,10.32
2018-01-05 10:07:00,0.982713318486538,0.0293561652562524,0.26332925,203.2,147.6,272.6,0.5,62.16,2.2,50.668,10.34
2018-01-05 10:08:00,0.982276568817262,0.0292316718630212,0.280242,203.8,172.4,285.4,0.5,62.03,2.2,50.602,10.36
2018-01-05 10:09:00,0.981839819147986,0.02910717846979,0.29715475,204.4,197.2,298.2,0.5,61.9,2.2,50.536,10.38
2018-01-05 10:10:00,0.98140306947871,0.0289826850765588,0.3140675,205,222,311,0.5,61.77,2.2,50.47,10.4
2018-01-05 10:11:00,0.980966319809434,0.0295857254899468,0.2972602,206.2,194.8,299.2,0.5,61.644,2.2,50.336,10.44
2018-01-05 10:12:00,0.980529570140157,0.0301887659033348,0.2804529,207.4,167.6,287.4,0.5,61.518,2.2,50.202,10.48
2018-01-05 10:13:00,0.980092820470881,0.0307918063167227,0.2636456,208.6,140.4,275.6,0.5,61.392,2.2,50.068,10.52
2018-01-05 10:14:00,0.979656070801605,0.0313948467301107,0.2468383,209.8,113.2,263.8,0.5,61.266,2.2,49.934,10.56
2018-01-05 10:15:00,0.979219321132329,0.0319978871434986,0.230031,211,86,252,0.5,61.14,2.2,49.8,10.6
2018-01-05 10:16:00,0.978782571463052,0.0312797284064871,0.2210598,208.2,75.6,244.2,0.5,61.018,2.18,49.734,10.62
2018-01-05 10:17:00,0.978345821793776,0.0305615696694755,0.2120886,205.4,65.2,236.4,0.5,60.896,2.16,49.668,10.64
2018-01-05 10:18:00,0.9779090721245,0.0298434109324639,0.2031174,202.6,54.8,228.6,0.5,60.774,2.14,49.602,10.66
2018-01-05 10:19:00,0.977472322455224,0.0291252521954523,0.1941462,199.8,44.4,220.8,0.5,60.652,2.12,49.536,10.68
2018-01-05 10:20:00,0.977035572785948,0.0284070934584407,0.185175,197,34,213,0.5,60.53,2.1,49.47,10.7
2018-01-05 10:21:00,0.976598823116672,0.0280595160988114,0.1893824,199.4,37,217.2,0.5,60.41,2.1,49.404,10.72
2018-01-05 10:22:00,0.976162073447395,0.0277119387391821,0.1935898,201.8,40,221.4,0.5,60.29,2.1,49.338,10.74
2018-01-05 10:23:00,0.975725323778119,0.0273643613795528,0.1977972,204.2,43,225.6,0.5,60.17,2.1,49.272,10.76
2018-01-05 10:24:00,0.975288574108843,0.0270167840199236,0.2020046,206.6,46,229.8,0.5,60.05,2.1,49.206,10.78
2018-01-05 10:25:00,0.974851824439567,0.0266692066602943,0.206212,209,49,234,0.5,59.93,2.1,49.14,10.8
2018-01-05 10:26:00,0.97441507477029,0.0260469733769437,0.2232656,213.2,67.2,247.4,0.5,59.814,2.1,49.012,10.84
2018-01-05 10:27:00,0.973978325101014,0.0254247400935931,0.2403192,217.4,85.4,260.8,0.5,59.698,2.1,48.884,10.88
2018-01-05 10:28:00,0.973541575431738,0.0248025068102426,0.2573728,221.6,103.6,274.2,0.5,59.582,2.1,48.756,10.92
2018-01-05 10:29:00,0.973104825762462,0.024180273526892,0.2744264,225.8,121.8,287.6,0.5,59.466,2.1,48.628,10.96
2018-01-05 10:30:00,0.972668076093186,0.0235580402435415,0.29148,230,140,301,0.5,59.35,2.1,48.5,11
2018-01-05 10:31:00,0.972231326423909,0.0241639737514032,0.281638,229.6,127.8,294.6,0.5,59.238,2.1,48.436,11.02
2018-01-05 10:32:00,0.971794576754633,0.024769907259265,0.271796,229.2,115.6,288.2,0.5,59.126,2.1,48.372,11.04
2018-01-05 10:33:00,0.971357827085357,0.0253758407671267,0.261954,228.8,103.4,281.8,0.5,59.014,2.1,48.308,11.06
2018-01-05 10:34:00,0.970921077416081,0.0259817742749885,0.252112,228.4,91.2,275.4,0.5,58.902,2.1,48.244,11.08
2018-01-05 10:35:00,0.970484327746804,0.0265877077828502,0.24227,228,79,269,0.5,58.79,2.1,48.18,11.1
2018-01-05 10:36:00,0.970047578077528,0.0256743715445746,0.2506525,230,86.6,275,0.5,58.682,2.08,48.052,11.14
2018-01-05 10:37:00,0.969610828408252,0.0247610353062989,0.259035,232,94.2,281,0.5,58.574,2.06,47.924,11.18
2018-01-05 10:38:00,0.969174078738976,0.0238476990680233,0.2674175,234,101.8,287,0.5,58.466,2.04,47.796,11.22
2018-01-05 10:39:00,0.9687373290697,0.0229343628297477,0.2758,236,109.4,293,0.5,58.358,2.02,47.668,11.26
2018-01-05 10:40:00,0.968300579400424,0.022021026591472,0.2841825,238,117,299,0.5,58.25,2,47.54,11.3
2018-01-05 10:41:00,0.967863829731147,0.0219617543986955,0.2850275,238.8,117.2,300.2,0.5,58.146,2,47.478,11.32
2018-01-05 10:42:00,0.967427080061871,0.021902482205919,0.2858725,239.6,117.4,301.4,0.5,58.042,2,47.416,11.34
2018-01-05 10:43:00,0.966990330392595,0.0218432100131425,0.2867175,240.4,117.6,302.6,0.5,57.938,2,47.354,11.36
2018-01-05 10:44:00,0.966553580723319,0.0217839378203659,0.2875625,241.2,117.8,303.8,0.5,57.834,2,47.292,11.38
2018-01-05 10:45:00,0.966116831054042,0.0217246656275894,0.2884075,242,118,305,0.5,57.73,2,47.23,11.4
2018-01-05 10:46:00,0.965680081384766,0.0215020676256918,0.2815515,241.6,110.6,301,0.5,57.63,2,47.106,11.44
2018-01-05 10:47:00,0.96524333171549,0.0212794696237942,0.2746955,241.2,103.2,297,0.5,57.53,2,46.982,11.48
2018-01-05 10:48:00,0.964806582046214,0.0210568716218965,0.2678395,240.8,95.8,293,0.5,57.43,2,46.858,11.52
2018-01-05 10:49:00,0.964369832376938,0.0208342736199989,0.2609835,240.4,88.4,289,0.5,57.33,2,46.734,11.56
2018-01-05 10:50:00,0.963933082707661,0.0206116756181013,0.2541275,240,81,285,0.5,57.23,2,46.61,11.6
2018-01-05 10:51:00,0.963496333038385,0.0209550685578897,0.24797325,238.2,74.2,279.2,0.5,57.134,2,46.55,11.62
2018-01-05 10:52:00,0.963059583369109,0.0212984614976781,0.241819,236.4,67.4,273.4,0.5,57.038,2,46.49,11.64
2018-01-05 10:53:00,0.962622833699833,0.0216418544374665,0.23566475,234.6,60.6,267.6,0.5,56.942,2,46.43,11.66
2018-01-05 10:54:00,0.962186084030557,0.0219852473772548,0.2295105,232.8,53.8,261.8,0.5,56.846,2,46.37,11.68
2018-01-05 10:55:00,0.96174933436128,0.0223286403170432,0.22335625,231,47,256,0.5,56.75,2,46.31,11.7
2018-01-05 10:56:00,0.961312584692004,0.0217475463022114,0.2455755,236,70.6,274.2,0.5,56.658,1.98,46.18,11.74
2018-01-05 10:57:00,0.960875835022728,0.0211664522873796,0.26779475,241,94.2,292.4,0.5,56.566,1.96,46.05,11.78
2018-01-05 10:58:00,0.960439085353452,0.0205853582725478,0.290014,246,117.8,310.6,0.5,56.474,1.94,45.92,11.82
2018-01-05 10:59:00,0.960002335684176,0.020004264257716,0.31223325,251,141.4,328.8,0.5,56.382,1.92,45.79,11.86
2018-01-05 11:00:00,0.959565586014899,0.0194231702428841,0.3344525,256,165,347,0.5,56.29,1.9,45.66,11.9
2018-01-05 11:01:00,0.959064206292387,0.0194808427159336,0.33454,256.6,164.6,347.8,0.5,56.204,1.9,45.6,11.92
2018-01-05 11:02:00,0.958562826569874,0.019538515188983,0.3346275,257.2,164.2,348.6,0.5,56.118,1.9,45.54,11.94
2018-01-05 11:03:00,0.958061446847361,0.0195961876620324,0.334715,257.8,163.8,349.4,0.5,56.032,1.9,45.48,11.96
2018-01-05 11:04:00,0.957560067124849,0.0196538601350819,0.3348025,258.4,163.4,350.2,0.5,55.946,1.9,45.42,11.98
2018-01-05 11:05:00,0.957058687402336,0.0197115326081313,0.33489,259,163,351,0.5,55.86,1.9,45.36,12
2018-01-05 11:06:00,0.956557307679823,0.0202087529384387,0.3299755,259.6,155,347.2,0.5,55.778,1.9,45.36,12
2018-01-05 11:07:00,0.956055927957311,0.0207059732687461,0.325061,260.2,147,343.4,0.5,55.696,1.9,45.36,12
2018-01-05 11:08:00,0.955554548234798,0.0212031935990534,0.3201465,260.8,139,339.6,0.5,55.614,1.9,45.36,12
2018-01-05 11:09:00,0.955053168512285,0.0217004139293608,0.315232,261.4,131,335.8,0.5,55.532,1.9,45.36,12
2018-01-05 11:10:00,0.954551788789773,0.0221976342596682,0.3103175,262,123,332,0.5,55.45,1.9,45.36,12
2018-01-05 11:11:00,0.95405040906726,0.0212217335357138,0.303348,261.4,116,327.6,0.5,55.372,1.88,45.3,12.02
2018-01-05 11:12:00,0.953549029344747,0.0202458328117594,0.2963785,260.8,109,323.2,0.5,55.294,1.86,45.24,12.04
2018-01-05 11:13:00,0.953047649622235,0.019269932087805,0.289409,260.2,102,318.8,0.5,55.216,1.84,45.18,12.06
2018-01-05 11:14:00,0.952546269899722,0.0182940313638506,0.2824395,259.6,95,314.4,0.5,55.138,1.82,45.12,12.08
2018-01-05 11:15:00,0.95204489017721,0.0173181306398962,0.27547,259,88,310,0.5,55.06,1.8,45.06,12.1
2018-01-05 11:16:00,0.951543510454697,0.016948373775735,0.284294,260.8,95.8,316.2,0.5,54.986,1.8,45.002,12.12
2018-01-05 11:17:00,0.951042130732184,0.0165786169115738,0.293118,262.6,103.6,322.4,0.5,54.912,1.8,44.944,12.14
2018-01-05 11:18:00,0.950540751009672,0.0162088600474126,0.301942,264.4,111.4,328.6,0.5,54.838,1.8,44.886,12.16
2018-01-05 11:19:00,0.950039371287159,0.0158391031832514,0.310766,266.2,119.2,334.8,0.5,54.764,1.8,44.828,12.18
2018-01-05 11:20:00,0.949537991564646,0.0154693463190902,0.31959,268,127,341,0.5,54.69,1.8,44.77,12.2
2018-01-05 11:21:00,0.949036611842134,0.0150753399126296,0.340869,266.4,157.6,357.4,0.5,54.622,1.78,44.71,12.22
2018-01-05 11:22:00,0.948535232119621,0.014681333506169,0.362148,264.8,188.2,373.8,0.5,54.554,1.76,44.65,12.24
2018-01-05 11:23:00,0.948033852397108,0.0142873270997084,0.383427,263.2,218.8,390.2,0.5,54.486,1.74,44.59,12.26
2018-01-05 11:24:00,0.947532472674596,0.0138933206932477,0.404706,261.6,249.4,406.6,0.5,54.418,1.72,44.53,12.28
2018-01-05 11:25:00,0.947031092952083,0.0134993142867871,0.425985,260,280,423,0.5,54.35,1.7,44.47,12.3
2018-01-05 11:26:00,0.94652971322957,0.0138421033933976,0.412973,262.8,260.4,414.6,0.5,54.286,1.7,44.412,12.32
2018-01-05 11:27:00,0.946028333507058,0.014184892500008,0.399961,265.6,240.8,406.2,0.5,54.222,1.7,44.354,12.34
2018-01-05 11:28:00,0.945526953784545,0.0145276816066185,0.386949,268.4,221.2,397.8,0.5,54.158,1.7,44.296,12.36
2018-01-05 11:29:00,0.945025574062032,0.0148704707132289,0.373937,271.2,201.6,389.4,0.5,54.094,1.7,44.238,12.38
2018-01-05 11:30:00,0.94452419433952,0.0152132598198394,0.360925,274,182,381,0.5,54.03,1.7,44.18,12.4
2018-01-05 11:31:00,0.944022814617007,0.0152837520110341,0.3567015,274.6,175,377.6,0.6,53.972,1.7,44.446,12.42
2018-01-05 11:32:00,0.943521434894494,0.0153542442022288,0.352478,275.2,168,374.2,0.7,53.914,1.7,44.712,12.44
2018-01-05 11:33:00,0.943020055171982,0.0154247363934236,0.3482545,275.8,161,370.8,0.8,53.856,1.7,44.978,12.46
2018-01-05 11:34:00,0.942518675449469,0.0154952285846183,0.344031,276.4,154,367.4,0.9,53.798,1.7,45.244,12.48
2018-01-05 11:35:00,0.942017295726957,0.0155657207758131,0.3398075,277,147,364,1,53.74,1.7,45.51,12.5
2018-01-05 11:36:00,0.941515916004444,0.0151126514881725,0.34181,277.4,149.2,365.8,1,53.686,1.68,45.51,12.5
2018-01-05 11:37:00,0.941014536281931,0.014659582200532,0.3438125,277.8,151.4,367.6,1,53.632,1.66,45.51,12.5
2018-01-05 11:38:00,0.940513156559419,0.0142065129128915,0.345815,278.2,153.6,369.4,1,53.578,1.64,45.51,12.5
2018-01-05 11:39:00,0.940011776836906,0.013753443625251,0.3478175,278.6,155.8,371.2,1,53.524,1.62,45.51,12.5
2018-01-05 11:40:00,0.939510397114393,0.0133003743376105,0.34982,279,158,373,1,53.47,1.6,45.51,12.5
2018-01-05 11:41:00,0.939009017391881,0.0129328060203389,0.3534365,279.4,162.6,376.2,1,53.422,1.6,45.45,12.52
2018-01-05 11:42:00,0.938507637669368,0.0125652377030673,0.357053,279.8,167.2,379.4,1,53.374,1.6,45.39,12.54
2018-01-05 11:43:00,0.938006257946855,0.0121976693857957,0.3606695,280.2,171.8,382.6,1,53.326,1.6,45.33,12.56
2018-01-05 11:44:00,0.937504878224343,0.0118301010685242,0.364286,280.6,176.4,385.8,1,53.278,1.6,45.27,12.58
2018-01-05 11:45:00,0.93700349850183,0.0114625327512526,0.3679025,281,181,389,1,53.23,1.6,45.21,12.6
2018-01-05 11:46:00,0.936502118779317,0.0113838772256483,0.3823815,278.6,202.4,399.8,1,53.186,1.58,45.152,12.62
2018-01-05 11:47:00,0.936000739056805,0.0113052217000441,0.3968605,276.2,223.8,410.6,1,53.142,1.56,45.094,12.64
2018-01-05 11:48:00,0.935499359334292,0.0112265661744398,0.4113395,273.8,245.2,421.4,1,53.098,1.54,45.036,12.66
2018-01-05 11:49:00,0.93499797961178,0.0111479106488356,0.4258185,271.4,266.6,432.2,1,53.054,1.52,44.978,12.68
2018-01-05 11:50:00,0.934496599889267,0.0110692551232313,0.4402975,269,288,443,1,53.01,1.5,44.92,12.7
2018-01-05 11:51:00,0.933995220166754,0.0109943008639188,0.4445925,267.6,296.4,446.8,1,52.972,1.5,44.862,12.72
2018-01-05 11:52:00,0.933493840444242,0.0109193466046063,0.4488875,266.2,304.8,450.6,1,52.934,1.5,44.804,12.74
2018-01-05 11:53:00,0.932992460721729,0.0108443923452937,0.4531825,264.8,313.2,454.4,1,52.896,1.5,44.746,12.76
2018-01-05 11:54:00,0.932491080999216,0.0107694380859812,0.4574775,263.4,321.6,458.2,1,52.858,1.5,44.688,12.78
2018-01-05 11:55:00,0.931989701276704,0.0106944838266687,0.4617725,262,330,462,1,52.82,1.5,44.63,12.8
2018-01-05 11:56:00,0.931488321554191,0.0107051741681078,0.4384285,266.8,293.2,444.4,1,52.788,1.5,44.572,12.82
2018-01-05 11:57:00,0.930986941831678,0.0107158645095468,0.4150845,271.6,256.4,426.8,1,52.756,1.5,44.514,12.84
2018-01-05 11:58:00,0.930485562109166,0.0107265548509859,0.3917405,276.4,219.6,409.2,1,52.724,1.5,44.456,12.86
2018-01-05 11:59:00,0.929984182386653,0.010737245192425,0.3683965,281.2,182.8,391.6,1,52.692,1.5,44.398,12.88
2018-01-05 12:00:00,0.92948280266414,0.0107479355338641,0.3450525,286,146,374,1,52.66,1.5,44.34,12.9
2018-01-05 12:01:00,0.929136174072892,0.0108675145979136,0.3525055,285.8,156.4,380.4,1,52.632,1.5,44.34,12.9
2018-01-05 12:02:00,0.928789545481645,0.010987093661963,0.3599585,285.6,166.8,386.8,1,52.604,1.5,44.34,12.9
2018-01-05 12:03:00,0.928442916890397,0.0111066727260125,0.3674115,285.4,177.2,393.2,1,52.576,1.5,44.34,12.9
2018-01-05 12:04:00,0.928096288299149,0.011226251790062,0.3748645,285.2,187.6,399.6,1,52.548,1.5,44.34,12.9
2018-01-05 12:05:00,0.927749659707901,0.0113458308541114,0.3823175,285,198,406,1,52.52,1.5,44.34,12.9
2018-01-05 12:06:00,0.927403031116653,0.0106520388559266,0.368588,285,181,395.6,1,52.498,1.48,44.282,12.92
2018-01-05 12:07:00,0.927056402525405,0.00995824685774173,0.3548585,285,164,385.2,1,52.476,1.46,44.224,12.94
2018-01-05 12:08:00,0.926709773934157,0.00926445485955688,0.341129,285,147,374.8,1,52.454,1.44,44.166,12.96
2018-01-05 12:09:00,0.926363145342909,0.00857066286137202,0.3273995,285,130,364.4,1,52.432,1.42,44.108,12.98
2018-01-05 12:10:00,0.926016516751661,0.00787687086318717,0.31367,285,113,354,1,52.41,1.4,44.05,13
2018-01-05 12:11:00,0.925669888160414,0.00824694590344551,0.307465,283.4,106,348.2,1,52.394,1.4,44.05,13
2018-01-05 12:12:00,0.925323259569166,0.00861702094370385,0.30126,281.8,99,342.4,1,52.378,1.4,44.05,13
2018-01-05 12:13:00,0.924976630977918,0.00898709598396219,0.295055,280.2,92,336.6,1,52.362,1.4,44.05,13
2018-01-05 12:14:00,0.92463000238667,0.00935717102422054,0.28885,278.6,85,330.8,1,52.346,1.4,44.05,13
2018-01-05 12:15:00,0.924283373795422,0.00972724606447888,0.282645,277,78,325,1,52.33,1.4,44.05,13
2018-01-05 12:16:00,0.923936745204174,0.00943271480195471,0.27198185,271.8,69.4,314.4,1,52.32,1.4,43.992,13.02
2018-01-05 12:17:00,0.923590116612926,0.00913818353943054,0.2613187,266.6,60.8,303.8,1,52.31,1.4,43.934,13.04
2018-01-05 12:18:00,0.923243488021678,0.00884365227690637,0.25065555,261.4,52.2,293.2,1,52.3,1.4,43.876,13.06
2018-01-05 12:19:00,0.92289685943043,0.00854912101438219,0.2399924,256.2,43.6,282.6,1,52.29,1.4,43.818,13.08
2018-01-05 12:20:00,0.922550230839182,0.00825458975185803,0.22932925,251,35,272,1,52.28,1.4,43.76,13.1
2018-01-05 12:21:00,0.922203602247934,0.00843295338195467,0.2361044,254.6,39.6,278.4,1,52.274,1.4,43.76,13.1
2018-01-05 12:22:00,0.921856973656686,0.00861131701205132,0.24287955,258.2,44.2,284.8,1,52.268,1.4,43.76,13.1
2018-01-05 12:23:00,0.921510345065439,0.00878968064214796,0.2496547,261.8,48.8,291.2,1,52.262,1.4,43.76,13.1
2018-01-05 12:24:00,0.921163716474191,0.00896804427224461,0.25642985,265.4,53.4,297.6,1,52.256,1.4,43.76,13.1
2018-01-05 12:25:00,0.920817087882943,0.00914640790234125,0.263205,269,58,304,1,52.25,1.4,43.76,13.1
2018-01-05 12:26:00,0.920470459291695,0.00905119001467295,0.27837,272.8,71.8,316.2,1,52.25,1.4,43.696,13.12
2018-01-05 12:27:00,0.920123830700447,0.00895597212700465,0.293535,276.6,85.6,328.4,1,52.25,1.4,43.632,13.14
2018-01-05 12:28:00,0.919777202109199,0.00886075423933635,0.3087,280.4,99.4,340.6,1,52.25,1.4,43.568,13.16
2018-01-05 12:29:00,0.919430573517951,0.00876553635166805,0.323865,284.2,113.2,352.8,1,52.25,1.4,43.504,13.18
2018-01-05 12:30:00,0.919083944926703,0.00867031846399974,0.33903,288,127,365,1,52.25,1.4,43.44,13.2
2018-01-05 12:31:00,0.918737316335455,0.00852138423247387,0.3381565,287.8,126.4,364.6,1.1,52.256,1.4,43.732,13.2
2018-01-05 12:32:00,0.918390687744207,0.00837245000094799,0.337283,287.6,125.8,364.2,1.2,52.262,1.4,44.024,13.2
2018-01-05 12:33:00,0.91804405915296,0.00822351576942212,0.3364095,287.4,125.2,363.8,1.3,52.268,1.4,44.316,13.2
2018-01-05 12:34:00,0.917697430561712,0.00807458153789624,0.335536,287.2,124.6,363.4,1.4,52.274,1.4,44.608,13.2
2018-01-05 12:35:00,0.917350801970464,0.00792564730637036,0.3346625,287,124,363,1.5,52.28,1.4,44.9,13.2
2018-01-05 12:36:00,0.917004173379216,0.00792254838972738,0.342474,287.2,135,370,1.5,52.292,1.38,44.842,13.22
2018-01-05 12:37:00,0.916657544787968,0.00791944947308439,0.3502855,287.4,146,377,1.5,52.304,1.36,44.784,13.24
2018-01-05 12:38:00,0.91631091619672,0.0079163505564414,0.358097,287.6,157,384,1.5,52.316,1.34,44.726,13.26
2018-01-05 12:39:00,0.915964287605472,0.00791325163979842,0.3659085,287.8,168,391,1.5,52.328,1.32,44.668,13.28
2018-01-05 12:40:00,0.915617659014224,0.00791015272315543,0.37372,288,179,398,1.5,52.34,1.3,44.61,13.3
2018-01-05 12:41:00,0.915271030422976,0.00786861047315766,0.37175,288,176.6,396.4,1.5,52.356,1.3,44.61,13.3
2018-01-05 12:42:00,0.914924401831728,0.00782706822315987,0.36978,288,174.2,394.8,1.5,52.372,1.3,44.61,13.3
2018-01-05 12:43:00,0.91457777324048,0.00778552597316209,0.36781,288,171.8,393.2,1.5,52.388,1.3,44.61,13.3
2018-01-05 12:44:00,0.914231144649232,0.00774398372316431,0.36584,288,169.4,391.6,1.5,52.404,1.3,44.61,13.3
2018-01-05 12:45:00,0.913884516057985,0.00770244147316653,0.36387,288,167,390,1.5,52.42,1.3,44.61,13.3
2018-01-05 12:46:00,0.913537887466737,0.00751946581030305,0.362709,287.8,165.8,389,1.5,52.444,1.3,44.552,13.32
2018-01-05 12:47:00,0.913191258875489,0.00733649014743956,0.361548,287.6,164.6,388,1.5,52.468,1.3,44.494,13.34
2018-01-05 12:48:00,0.912844630284241,0.00715351448457608,0.360387,287.4,163.4,387,1.5,52.492,1.3,44.436,13.36
2018-01-05 12:49:00,0.912498001692993,0.00697053882171259,0.359226,287.2,162.2,386,1.5,52.516,1.3,44.378,13.38
2018-01-05 12:50:00,0.912151373101745,0.00678756315884911,0.358065,287,161,385,1.5,52.54,1.3,44.32,13.4
2018-01-05 12:51:00,0.911804744510497,0.00703518617611444,0.3537035,286.6,155.4,381.2,1.5,52.566,1.3,44.32,13.4
2018-01-05 12:52:00,0.911458115919249,0.00728280919337977,0.349342,286.2,149.8,377.4,1.5,52.592,1.3,44.32,13.4
2018-01-05 12:53:00,0.911111487328001,0.0075304322106451,0.3449805,285.8,144.2,373.6,1.5,52.618,1.3,44.32,13.4
2018-01-05 12:54:00,0.910764858736753,0.00777805522791043,0.340619,285.4,138.6,369.8,1.5,52.644,1.3,44.32,13.4
2018-01-05 12:55:00,0.910418230145506,0.00802567824517576,0.3362575,285,133,366,1.5,52.67,1.3,44.32,13.4
2018-01-05 12:56:00,0.910071601554258,0.00794686952444367,0.336103,284.8,133,365.6,1.5,52.704,1.3,44.32,13.4
2018-01-05 12:57:00,0.90972497296301,0.00786806080371158,0.3359485,284.6,133,365.2,1.5,52.738,1.3,44.32,13.4
2018-01-05 12:58:00,0.909378344371762,0.00778925208297949,0.335794,284.4,133,364.8,1.5,52.772,1.3,44.32,13.4
2018-01-05 12:59:00,0.909031715780514,0.0077104433622474,0.3356395,284.2,133,364.4,1.5,52.806,1.3,44.32,13.4
2018-01-05 13:00:00,0.908685087189266,0.0076316346415153,0.335485,284,133,364,1.5,52.84,1.3,44.32,13.4
2018-01-05 13:01:00,0.908372113448913,0.00746096034694276,0.3329675,283.4,130.2,361.6,1.5,52.878,1.3,44.262,13.42
2018-01-05 13:02:00,0.90805913970856,0.00729028605237022,0.33045,282.8,127.4,359.2,1.5,52.916,1.3,44.204,13.44
2018-01-05 13:03:00,0.907746165968208,0.00711961175779768,0.3279325,282.2,124.6,356.8,1.5,52.954,1.3,44.146,13.46
2018-01-05 13:04:00,0.907433192227855,0.00694893746322514,0.325415,281.6,121.8,354.4,1.5,52.992,1.3,44.088,13.48
2018-01-05 13:05:00,0.907120218487502,0.00677826316865259,0.3228975,281,119,352,1.5,53.03,1.3,44.03,13.5
2018-01-05 13:06:00,0.906807244747149,0.00695584131860363,0.3176335,280,115.2,348.8,1.5,53.074,1.3,44.03,13.5
2018-01-05 13:07:00,0.906494271006796,0.00713341946855467,0.3123695,279,111.4,345.6,1.5,53.118,1.3,44.03,13.5
2018-01-05 13:08:00,0.906181297266444,0.00731099761850571,0.3071055,278,107.6,342.4,1.5,53.162,1.3,44.03,13.5
2018-01-05 13:09:00,0.905868323526091,0.00748857576845675,0.3018415,277,103.8,339.2,1.5,53.206,1.3,44.03,13.5
2018-01-05 13:10:00,0.905555349785738,0.00766615391840778,0.2965775,276,100,336,1.5,53.25,1.3,44.03,13.5
2018-01-05 13:11:00,0.905242376045385,0.00749575792784696,0.313937,276,122.4,349.2,1.5,53.3,1.3,44.03,13.5
2018-01-05 13:12:00,0.904929402305032,0.00732536193728612,0.3312965,276,144.8,362.4,1.5,53.35,1.3,44.03,13.5
2018-01-05 13:13:00,0.90461642856468,0.00715496594672529,0.348656,276,167.2,375.6,1.5,53.4,1.3,44.03,13.5
2018-01-05 13:14:00,0.904303454824327,0.00698456995616446,0.3660155,276,189.6,388.8,1.5,53.45,1.3,44.03,13.5
2018-01-05 13:15:00,0.903990481083974,0.00681417396560363,0.383375,276,212,402,1.5,53.5,1.3,44.03,13.5
2018-01-05 13:16:00,0.903677507343621,0.00686923447536252,0.375325,276.2,200.6,395.4,1.5,53.554,1.3,44.03,13.5
2018-01-05 13:17:00,0.903364533603269,0.00692429498512142,0.367275,276.4,189.2,388.8,1.5,53.608,1.3,44.03,13.5
2018-01-05 13:18:00,0.903051559862916,0.00697935549488031,0.359225,276.6,177.8,382.2,1.5,53.662,1.3,44.03,13.5
2018-01-05 13:19:00,0.902738586122563,0.00703441600463921,0.351175,276.8,166.4,375.6,1.5,53.716,1.3,44.03,13.5
2018-01-05 13:20:00,0.90242561238221,0.0070894765143981,0.343125,277,155,369,1.5,53.77,1.3,44.03,13.5
2018-01-05 13:21:00,0.902112638641857,0.00756818088929309,0.3456985,276.4,159.6,370.8,1.5,53.828,1.32,44.03,13.5
2018-01-05 13:22:00,0.901799664901504,0.00804688526418807,0.348272,275.8,164.2,372.6,1.5,53.886,1.34,44.03,13.5
2018-01-05 13:23:00,0.901486691161152,0.00852558963908306,0.3508455,275.2,168.8,374.4,1.5,53.944,1.36,44.03,13.5
2018-01-05 13:24:00,0.901173717420799,0.00900429401397805,0.353419,274.6,173.4,376.2,1.5,54.002,1.38,44.03,13.5
2018-01-05 13:25:00,0.900860743680446,0.00948299838887303,0.3559925,274,178,378,1.5,54.06,1.4,44.03,13.5
2018-01-05 13:26:00,0.900547769940094,0.00951360544589998,0.3622875,272.4,189.6,383.2,1.5,54.124,1.4,43.972,13.52
2018-01-05 13:27:00,0.900234796199741,0.00954421250292693,0.3685825,270.8,201.2,388.4,1.5,54.188,1.4,43.914,13.54
2018-01-05 13:28:00,0.899921822459388,0.00957481955995387,0.3748775,269.2,212.8,393.6,1.5,54.252,1.4,43.856,13.56
2018-01-05 13:29:00,0.899608848719035,0.00960542661698082,0.3811725,267.6,224.4,398.8,1.5,54.316,1.4,43.798,13.58
2018-01-05 13:30:00,0.899295874978682,0.00963603367400777,0.3874675,266,236,404,1.5,54.38,1.4,43.74,13.6
2018-01-05 13:31:00,0.898982901238329,0.00944786782603864,0.3861185,265.6,235,402.6,1.58,54.45,1.4,43.992,13.6
2018-01-05 13:32:00,0.898669927497977,0.00925970197806952,0.3847695,265.2,234,401.2,1.66,54.52,1.4,44.244,13.6
2018-01-05 13:33:00,0.898356953757624,0.0090715361301004,0.3834205,264.8,233,399.8,1.74,54.59,1.4,44.496,13.6
2018-01-05 13:34:00,0.898043980017271,0.00888337028213128,0.3820715,264.4,232,398.4,1.82,54.66,1.4,44.748,13.6
2018-01-05 13:35:00,0.897731006276918,0.00869520443416216,0.3807225,264,231,397,1.9,54.73,1.4,45,13.6
2018-01-05 13:36:00,0.897418032536566,0.00894911392947446,0.3890795,261,245.4,402.2,1.9,54.804,1.4,45,13.6
2018-01-05 13:37:00,0.897105058796213,0.00920302342478677,0.3974365,258,259.8,407.4,1.9,54.878,1.4,45,13.6
2018-01-05 13:38:00,0.89679208505586,0.00945693292009907,0.4057935,255,274.2,412.6,1.9,54.952,1.4,45,13.6
2018-01-05 13:39:00,0.896479111315507,0.00971084241541138,0.4141505,252,288.6,417.8,1.9,55.026,1.4,45,13.6
2018-01-05 13:40:00,0.896166137575154,0.00996475191072368,0.4225075,249,303,423,1.9,55.1,1.4,45,13.6
2018-01-05 13:41:00,0.895853163834802,0.00978809298969843,0.4247635,247.2,309.6,424.4,1.9,55.178,1.4,45,13.6
2018-01-05 13:42:00,0.895540190094449,0.00961143406867318,0.4270195,245.4,316.2,425.8,1.9,55.256,1.4,45,13.6
2018-01-05 13:43:00,0.895227216354096,0.00943477514764794,0.4292755,243.6,322.8,427.2,1.9,55.334,1.4,45,13.6
2018-01-05 13:44:00,0.894914242613743,0.00925811622662269,0.4315315,241.8,329.4,428.6,1.9,55.412,1.4,45,13.6
2018-01-05 13:45:00,0.894601268873391,0.00908145730559744,0.4337875,240,336,430,1.9,55.49,1.4,45,13.6
2018-01-05 13:46:00,0.894288295133038,0.00913088093907599,0.442263,235.4,353.6,434.8,1.9,55.574,1.4,44.992,13.6
2018-01-05 13:47:00,0.893975321392685,0.00918030457255455,0.4507385,230.8,371.2,439.6,1.9,55.658,1.4,44.984,13.6
2018-01-05 13:48:00,0.893662347652332,0.00922972820603311,0.459214,226.2,388.8,444.4,1.9,55.742,1.4,44.976,13.6
2018-01-05 13:49:00,0.893349373911979,0.00927915183951166,0.4676895,221.6,406.4,449.2,1.9,55.826,1.4,44.968,13.6
2018-01-05 13:50:00,0.893036400171627,0.00932857547299022,0.476165,217,424,454,1.9,55.91,1.4,44.96,13.6
2018-01-05 13:51:00,0.892723426431274,0.00925210672687148,0.509991,190.6,516.6,478.6,1.9,55.996,1.4,44.902,13.62
2018-01-05 13:52:00,0.892410452690921,0.00917563798075274,0.543817,164.2,609.2,503.2,1.9,56.082,1.4,44.844,13.64
2018-01-05 13:53:00,0.892097478950568,0.009099169234634,0.577643,137.8,701.8,527.8,1.9,56.168,1.4,44.786,13.66
2018-01-05 13:54:00,0.891784505210215,0.00902270048851525,0.611469,111.4,794.4,552.4,1.9,56.254,1.4,44.728,13.68
2018-01-05 13:55:00,0.891471531469863,0.00894623174239651,0.645295,85,887,577,1.9,56.34,1.4,44.67,13.7
2018-01-05 13:56:00,0.89115855772951,0.00930183952175049,0.642473,84.8,886.4,575.2,1.9,56.432,1.42,44.67,13.7
2018-01-05 13:57:00,0.890845583989157,0.00965744730110446,0.639651,84.6,885.8,573.4,1.9,56.524,1.44,44.67,13.7
2018-01-05 13:58:00,0.890532610248804,0.0100130550804584,0.636829,84.4,885.2,571.6,1.9,56.616,1.46,44.67,13.7
2018-01-05 13:59:00,0.890219636508452,0.0103686628598124,0.634007,84.2,884.6,569.8,1.9,56.708,1.48,44.67,13.7
2018-01-05 14:00:00,0.889906662768099,0.0107242706391664,0.631185,84,884,568,1.9,56.8,1.5,44.67,13.7
2018-01-05 14:01:00,0.889588285620806,0.0105742064657671,0.59076,110,785.2,539.4,1.9,56.898,1.5,44.728,13.68
2018-01-05 14:02:00,0.889269908473512,0.0104241422923677,0.550335,136,686.4,510.8,1.9,56.996,1.5,44.786,13.66
2018-01-05 14:03:00,0.888951531326219,0.0102740781189684,0.50991,162,587.6,482.2,1.9,57.094,1.5,44.844,13.64
2018-01-05 14:04:00,0.888633154178926,0.0101240139455691,0.469485,188,488.8,453.6,1.9,57.192,1.5,44.902,13.62
2018-01-05 14:05:00,0.888314777031633,0.00997394977216975,0.42906,214,390,425,1.9,57.29,1.5,44.96,13.6
2018-01-05 14:06:00,0.88799639988434,0.0102078975661951,0.418618,217.4,368,416,1.9,57.39,1.5,44.96,13.6
2018-01-05 14:07:00,0.887678022737047,0.0104418453602204,0.408176,220.8,346,407,1.9,57.49,1.5,44.96,13.6
2018-01-05 14:08:00,0.887359645589753,0.0106757931542457,0.397734,224.2,324,398,1.9,57.59,1.5,44.96,13.6
2018-01-05 14:09:00,0.88704126844246,0.010909740948271,0.387292,227.6,302,389,1.9,57.69,1.5,44.96,13.6
2018-01-05 14:10:00,0.886722891295167,0.0111436887422963,0.37685,231,280,380,1.9,57.79,1.5,44.96,13.6
2018-01-05 14:11:00,0.886404514147874,0.0109338385508772,0.3683055,232,267,373.6,1.9,57.894,1.5,44.96,13.6
2018-01-05 14:12:00,0.886086137000581,0.0107239883594581,0.359761,233,254,367.2,1.9,57.998,1.5,44.96,13.6
2018-01-05 14:13:00,0.885767759853287,0.010514138168039,0.3512165,234,241,360.8,1.9,58.102,1.5,44.96,13.6
2018-01-05 14:14:00,0.885449382705994,0.0103042879766199,0.342672,235,228,354.4,1.9,58.206,1.5,44.96,13.6
2018-01-05 14:15:00,0.885131005558701,0.0100944377852008,0.3341275,236,215,348,1.9,58.31,1.5,44.96,13.6
2018-01-05 14:16:00,0.884812628411408,0.0107628439750377,0.3264345,235.8,202.6,341.2,1.9,58.418,1.52,45.018,13.58
2018-01-05 14:17:00,0.884494251264115,0.0114312501648746,0.3187415,235.6,190.2,334.4,1.9,58.526,1.54,45.076,13.56
2018-01-05 14:18:00,0.884175874116822,0.0120996563547116,0.3110485,235.4,177.8,327.6,1.9,58.634,1.56,45.134,13.54
2018-01-05 14:19:00,0.883857496969528,0.0127680625445485,0.3033555,235.2,165.4,320.8,1.9,58.742,1.58,45.192,13.52
2018-01-05 14:20:00,0.883539119822235,0.0134364687343855,0.2956625,235,153,314,1.9,58.85,1.6,45.25,13.5
2018-01-05 14:21:00,0.883220742674942,0.0130197820235288,0.298161,233.8,158.6,315.4,1.9,58.964,1.6,45.25,13.5
2018-01-05 14:22:00,0.882902365527649,0.0126030953126722,0.3006595,232.6,164.2,316.8,1.9,59.078,1.6,45.25,13.5
2018-01-05 14:23:00,0.882583988380356,0.0121864086018156,0.303158,231.4,169.8,318.2,1.9,59.192,1.6,45.25,13.5
2018-01-05 14:24:00,0.882265611233063,0.0117697218909589,0.3056565,230.2,175.4,319.6,1.9,59.306,1.6,45.25,13.5
2018-01-05 14:25:00,0.881947234085769,0.0113530351801023,0.308155,229,181,321,1.9,59.42,1.6,45.25,13.5
2018-01-05 14:26:00,0.881628856938476,0.0113642205650944,0.310731,227.4,187.8,322.6,1.9,59.536,1.6,45.25,13.5
2018-01-05 14:27:00,0.881310479791183,0.0113754059500865,0.313307,225.8,194.6,324.2,1.9,59.652,1.6,45.25,13.5
2018-01-05 14:28:00,0.88099210264389,0.0113865913350786,0.315883,224.2,201.4,325.8,1.9,59.768,1.6,45.25,13.5
2018-01-05 14:29:00,0.880673725496597,0.0113977767200707,0.318459,222.6,208.2,327.4,1.9,59.884,1.6,45.25,13.5
2018-01-05 14:30:00,0.880355348349304,0.0114089621050628,0.321035,221,215,329,1.9,60,1.6,45.25,13.5
2018-01-05 14:31:00,0.88003697120201,0.011375975412562,0.317933,220.4,211.2,326,1.98,60.12,1.6,45.558,13.5
2018-01-05 14:32:00,0.879718594054717,0.0113429887200612,0.314831,219.8,207.4,323,2.06,60.24,1.6,45.866,13.5
2018-01-05 14:33:00,0.879400216907424,0.0113100020275604,0.311729,219.2,203.6,320,2.14,60.36,1.6,46.174,13.5
2018-01-05 14:34:00,0.879081839760131,0.0112770153350595,0.308627,218.6,199.8,317,2.22,60.48,1.6,46.482,13.5
2018-01-05 14:35:00,0.878763462612838,0.0112440286425587,0.305525,218,196,314,2.3,60.6,1.6,46.79,13.5
2018-01-05 14:36:00,0.878445085465544,0.0116403445061196,0.302237,217.2,192,311,2.3,60.722,1.62,46.85,13.48
2018-01-05 14:37:00,0.878126708318251,0.0120366603696805,0.298949,216.4,188,308,2.3,60.844,1.64,46.91,13.46
2018-01-05 14:38:00,0.877808331170958,0.0124329762332415,0.295661,215.6,184,305,2.3,60.966,1.66,46.97,13.44
2018-01-05 14:39:00,0.877489954023665,0.0128292920968024,0.292373,214.8,180,302,2.3,61.088,1.68,47.03,13.42
2018-01-05 14:40:00,0.877171576876372,0.0132256079603633,0.289085,214,176,299,2.3,61.21,1.7,47.09,13.4
2018-01-05 14:41:00,0.876853199729078,0.0139202599793222,0.299966,210.6,197.8,305.4,2.3,61.338,1.7,47.09,13.4
2018-01-05 14:42:00,0.876534822581785,0.0146149119982811,0.310847,207.2,219.6,311.8,2.3,61.466,1.7,47.09,13.4
2018-01-05 14:43:00,0.876216445434492,0.01530956401724,0.321728,203.8,241.4,318.2,2.3,61.594,1.7,47.09,13.4
2018-01-05 14:44:00,0.875898068287199,0.016004216036199,0.332609,200.4,263.2,324.6,2.3,61.722,1.7,47.09,13.4
2018-01-05 14:45:00,0.875579691139906,0.0166988680551579,0.34349,197,285,331,2.3,61.85,1.7,47.09,13.4
2018-01-05 14:46:00,0.875261313992613,0.0163527756262396,0.345747,194.4,294.2,332.2,2.3,61.98,1.7,47.09,13.4
2018-01-05 14:47:00,0.874942936845319,0.0160066831973213,0.348004,191.8,303.4,333.4,2.3,62.11,1.7,47.09,13.4
2018-01-05 14:48:00,0.874624559698026,0.015660590768403,0.350261,189.2,312.6,334.6,2.3,62.24,1.7,47.09,13.4
2018-01-05 14:49:00,0.874306182550733,0.0153144983394847,0.352518,186.6,321.8,335.8,2.3,62.37,1.7,47.09,13.4
2018-01-05 14:50:00,0.87398780540344,0.0149684059105663,0.354775,184,331,337,2.3,62.5,1.7,47.09,13.4
2018-01-05 14:51:00,0.873669428256147,0.0152413936844486,0.351459,183.6,327,334,2.3,62.632,1.7,47.152,13.38
2018-01-05 14:52:00,0.873351051108854,0.0155143814583308,0.348143,183.2,323,331,2.3,62.764,1.7,47.214,13.36
2018-01-05 14:53:00,0.87303267396156,0.015787369232213,0.344827,182.8,319,328,2.3,62.896,1.7,47.276,13.34
2018-01-05 14:54:00,0.872714296814267,0.0160603570060953,0.341511,182.4,315,325,2.3,63.028,1.7,47.338,13.32
2018-01-05 14:55:00,0.872395919666974,0.0163333447799775,0.338195,182,311,322,2.3,63.16,1.7,47.4,13.3
2018-01-05 14:56:00,0.872077542519681,0.0157652627504382,0.33132,182.6,298.6,316.6,2.3,63.296,1.7,47.4,13.3
2018-01-05 14:57:00,0.871759165372388,0.0151971807208988,0.324445,183.2,286.2,311.2,2.3,63.432,1.7,47.4,13.3
2018-01-05 14:58:00,0.871440788225095,0.0146290986913594,0.31757,183.8,273.8,305.8,2.3,63.568,1.7,47.4,13.3
2018-01-05 14:59:00,0.871122411077801,0.0140610166618201,0.310695,184.4,261.4,300.4,2.3,63.704,1.7,47.4,13.3
2018-01-05 15:00:00,0.870804033930508,0.0134929346322807,0.30382,185,249,295,2.3,63.84,1.7,47.4,13.3
2018-01-05 15:01:00,0.870729211121199,0.0139511018924415,0.306138,182.6,258,296,2.3,63.98,1.7,47.462,13.28
2018-01-05 15:02:00,0.870654388311889,0.0144092691526022,0.308456,180.2,267,297,2.3,64.12,1.7,47.524,13.26
2018-01-05 15:03:00,0.87057956550258,0.014867436412763,0.310774,177.8,276,298,2.3,64.26,1.7,47.586,13.24
2018-01-05 15:04:00,0.870504742693271,0.0153256036729237,0.313092,175.4,285,299,2.3,64.4,1.7,47.648,13.22
2018-01-05 15:05:00,0.870429919883961,0.0157837709330845,0.31541,173,294,300,2.3,64.54,1.7,47.71,13.2
2018-01-05 15:06:00,0.870355097074652,0.0154789236891361,0.3536945,153,398.6,323,2.3,64.682,1.7,47.834,13.16
2018-01-05 15:07:00,0.870280274265342,0.0151740764451876,0.391979,133,503.2,346,2.3,64.824,1.7,47.958,13.12
2018-01-05 15:08:00,0.870205451456033,0.0148692292012392,0.4302635,113,607.8,369,2.3,64.966,1.7,48.082,13.08
2018-01-05 15:09:00,0.870130628646724,0.0145643819572908,0.468548,93,712.4,392,2.3,65.108,1.7,48.206,13.04
2018-01-05 15:10:00,0.870055805837414,0.0142595347133424,0.5068325,73,817,415,2.3,65.25,1.7,48.33,13
2018-01-05 15:11:00,0.869980983028105,0.0144560261560651,0.4691485,89,724,391.2,2.3,65.394,1.7,48.394,12.98
2018-01-05 15:12:00,0.869906160218795,0.0146525175987878,0.4314645,105,631,367.4,2.3,65.538,1.7,48.458,12.96
2018-01-05 15:13:00,0.869831337409486,0.0148490090415105,0.3937805,121,538,343.6,2.3,65.682,1.7,48.522,12.94
2018-01-05 15:14:00,0.869756514600176,0.0150455004842332,0.3560965,137,445,319.8,2.3,65.826,1.7,48.586,12.92
2018-01-05 15:15:00,0.869681691790867,0.0152419919269559,0.3184125,153,352,296,2.3,65.97,1.7,48.65,12.9
2018-01-05 15:16:00,0.869606868981558,0.0153619721552925,0.3502855,136.6,442.4,314.6,2.3,66.118,1.7,48.714,12.88
2018-01-05 15:17:00,0.869532046172248,0.0154819523836291,0.3821585,120.2,532.8,333.2,2.3,66.266,1.7,48.778,12.86
2018-01-05 15:18:00,0.869457223362939,0.0156019326119657,0.4140315,103.8,623.2,351.8,2.3,66.414,1.7,48.842,12.84
2018-01-05 15:19:00,0.869382400553629,0.0157219128403023,0.4459045,87.4,713.6,370.4,2.3,66.562,1.7,48.906,12.82
2018-01-05 15:20:00,0.86930757774432,0.0158418930686389,0.4777775,71,804,389,2.3,66.71,1.7,48.97,12.8
2018-01-05 15:21:00,0.869232754935011,0.0150909258435658,0.4742625,70.8,802.2,386.2,2.3,66.862,1.68,49.098,12.76
2018-01-05 15:22:00,0.869157932125701,0.0143399586184927,0.4707475,70.6,800.4,383.4,2.3,67.014,1.66,49.226,12.72
2018-01-05 15:23:00,0.869083109316392,0.0135889913934196,0.4672325,70.4,798.6,380.6,2.3,67.166,1.64,49.354,12.68
2018-01-05 15:24:00,0.869008286507082,0.0128380241683466,0.4637175,70.2,796.8,377.8,2.3,67.318,1.62,49.482,12.64
2018-01-05 15:25:00,0.868933463697773,0.0120870569432735,0.4602025,70,795,375,2.3,67.47,1.6,49.61,12.6
2018-01-05 15:26:00,0.868858640888464,0.0121104377596421,0.4569425,69.8,793,372,2.3,67.622,1.6,49.676,12.58
2018-01-05 15:27:00,0.868783818079154,0.0121338185760107,0.4536825,69.6,791,369,2.3,67.774,1.6,49.742,12.56
2018-01-05 15:28:00,0.868708995269845,0.0121571993923793,0.4504225,69.4,789,366,2.3,67.926,1.6,49.808,12.54
2018-01-05 15:29:00,0.868634172460535,0.0121805802087479,0.4471625,69.2,787,363,2.3,68.078,1.6,49.874,12.52
2018-01-05 15:30:00,0.868559349651226,0.0122039610251164,0.4439025,69,785,360,2.3,68.23,1.6,49.94,12.5
2018-01-05 15:31:00,0.868484526841917,0.0122963941407811,0.4410815,68.6,784,357.2,2.72,68.386,1.6,51.622,12.48
2018-01-05 15:32:00,0.868409704032607,0.0123888272564457,0.4382605,68.2,783,354.4,3.14,68.542,1.6,53.304,12.46
2018-01-05 15:33:00,0.868334881223298,0.0124812603721104,0.4354395,67.8,782,351.6,3.56,68.698,1.6,54.986,12.44
2018-01-05 15:34:00,0.868260058413988,0.012573693487775,0.4326185,67.4,781,348.8,3.98,68.854,1.6,56.668,12.42
2018-01-05 15:35:00,0.868185235604679,0.0126661266034396,0.4297975,67,780,346,4.4,69.01,1.6,58.35,12.4
2018-01-05 15:36:00,0.868110412795369,0.0124600734746243,0.426663,66.8,777.8,343.2,4.4,69.166,1.6,58.504,12.36
2018-01-05 15:37:00,0.86803558998606,0.0122540203458089,0.4235285,66.6,775.6,340.4,4.4,69.322,1.6,58.658,12.32
2018-01-05 15:38:00,0.867960767176751,0.0120479672169935,0.420394,66.4,773.4,337.6,4.4,69.478,1.6,58.812,12.28
2018-01-05 15:39:00,0.867885944367441,0.0118419140881782,0.4172595,66.2,771.2,334.8,4.4,69.634,1.6,58.966,12.24
2018-01-05 15:40:00,0.867811121558132,0.0116358609593628,0.414125,66,769,332,4.4,69.79,1.6,59.12,12.2
2018-01-05 15:41:00,0.867736298748822,0.011140497222269,0.410793,65.6,766.8,328.8,4.4,69.95,1.58,59.198,12.18
2018-01-05 15:42:00,0.867661475939513,0.0106451334851752,0.407461,65.2,764.6,325.6,4.4,70.11,1.56,59.276,12.16
2018-01-05 15:43:00,0.867586653130204,0.0101497697480814,0.404129,64.8,762.4,322.4,4.4,70.27,1.54,59.354,12.14
2018-01-05 15:44:00,0.867511830320894,0.00965440601098757,0.400797,64.4,760.2,319.2,4.4,70.43,1.52,59.432,12.12
2018-01-05 15:45:00,0.867437007511585,0.00915904227389376,0.397465,64,758,316,4.4,70.59,1.5,59.51,12.1
2018-01-05 15:46:00,0.867362184702275,0.00956172133692118,0.3942495,63.8,755.6,313,4.4,70.752,1.5,59.588,12.08
2018-01-05 15:47:00,0.867287361892966,0.00996440039994861,0.391034,63.6,753.2,310,4.4,70.914,1.5,59.666,12.06
2018-01-05 15:48:00,0.867212539083657,0.010367079462976,0.3878185,63.4,750.8,307,4.4,71.076,1.5,59.744,12.04
2018-01-05 15:49:00,0.867137716274347,0.0107697585260034,0.384603,63.2,748.4,304,4.4,71.238,1.5,59.822,12.02
2018-01-05 15:50:00,0.867062893465038,0.0111724375890309,0.3813875,63,746,301,4.4,71.4,1.5,59.9,12
2018-01-05 15:51:00,0.866988070655728,0.0110807642459248,0.3780965,62.8,743.4,297.8,4.4,71.564,1.5,59.98,11.98
2018-01-05 15:52:00,0.866913247846419,0.0109890909028188,0.3748055,62.6,740.8,294.6,4.4,71.728,1.5,60.06,11.96
2018-01-05 15:53:00,0.86683842503711,0.0108974175597127,0.3715145,62.4,738.2,291.4,4.4,71.892,1.5,60.14,11.94
2018-01-05 15:54:00,0.8667636022278,0.0108057442166066,0.3682235,62.2,735.6,288.2,4.4,72.056,1.5,60.22,11.92
2018-01-05 15:55:00,0.866688779418491,0.0107140708735006,0.3649325,62,733,285,4.4,72.22,1.5,60.3,11.9
2018-01-05 15:56:00,0.866613956609181,0.0110412053232684,0.3614075,61.6,730.2,282,4.4,72.386,1.5,60.46,11.86
2018-01-05 15:57:00,0.866539133799872,0.0113683397730363,0.3578825,61.2,727.4,279,4.4,72.552,1.5,60.62,11.82
2018-01-05 15:58:00,0.866464310990563,0.0116954742228041,0.3543575,60.8,724.6,276,4.4,72.718,1.5,60.78,11.78
2018-01-05 15:59:00,0.866389488181253,0.0120226086725719,0.3508325,60.4,721.8,273,4.4,72.884,1.5,60.94,11.74
2018-01-05 16:00:00,0.866314665371944,0.0123497431223398,0.3473075,60,719,270,4.4,73.05,1.5,61.1,11.7
2018-01-05 16:01:00,0.866905277179244,0.0118376561700015,0.3438295,59.8,715.8,266.8,4.4,73.22,1.5,61.344,11.64
2018-01-05 16:02:00,0.867495888986545,0.0113255692176632,0.3403515,59.6,712.6,263.6,4.4,73.39,1.5,61.588,11.58
2018-01-05 16:03:00,0.868086500793846,0.0108134822653249,0.3368735,59.4,709.4,260.4,4.4,73.56,1.5,61.832,11.52
2018-01-05 16:04:00,0.868677112601147,0.0103013953129865,0.3333955,59.2,706.2,257.2,4.4,73.73,1.5,62.076,11.46
2018-01-05 16:05:00,0.869267724408448,0.00978930836064824,0.3299175,59,703,254,4.4,73.9,1.5,62.32,11.4
2018-01-05 16:06:00,0.869858336215748,0.00943670811825575,0.326275,58.6,699.8,250.8,4.4,74.07,1.48,62.654,11.32
2018-01-05 16:07:00,0.870448948023049,0.00908410787586325,0.3226325,58.2,696.6,247.6,4.4,74.24,1.46,62.988,11.24
2018-01-05 16:08:00,0.87103955983035,0.00873150763347076,0.31899,57.8,693.4,244.4,4.4,74.41,1.44,63.322,11.16
2018-01-05 16:09:00,0.871630171637651,0.00837890739107827,0.3153475,57.4,690.2,241.2,4.4,74.58,1.42,63.656,11.08
2018-01-05 16:10:00,0.872220783444952,0.00802630714868578,0.311705,57,687,238,4.4,74.75,1.4,63.99,11
2018-01-05 16:11:00,0.872811395252252,0.00842573833435511,0.3080245,56.6,683.6,234.8,4.4,74.92,1.4,64.246,10.94
2018-01-05 16:12:00,0.873402007059553,0.00882516952002443,0.304344,56.2,680.2,231.6,4.4,75.09,1.4,64.502,10.88
2018-01-05 16:13:00,0.873992618866854,0.00922460070569376,0.3006635,55.8,676.8,228.4,4.4,75.26,1.4,64.758,10.82
2018-01-05 16:14:00,0.874583230674155,0.00962403189136309,0.296983,55.4,673.4,225.2,4.4,75.43,1.4,65.014,10.76
2018-01-05 16:15:00,0.875173842481456,0.0100234630770324,0.2933025,55,670,222,4.4,75.6,1.4,65.27,10.7
2018-01-05 16:16:00,0.875764454288756,0.00977867198132212,0.2897895,54.6,667,218.8,4.4,75.774,1.4,65.534,10.64
2018-01-05 16:17:00,0.876355066096057,0.00953388088561184,0.2862765,54.2,664,215.6,4.4,75.948,1.4,65.798,10.58
2018-01-05 16:18:00,0.876945677903358,0.00928908978990155,0.2827635,53.8,661,212.4,4.4,76.122,1.4,66.062,10.52
2018-01-05 16:19:00,0.877536289710659,0.00904429869419126,0.2792505,53.4,658,209.2,4.4,76.296,1.4,66.326,10.46
2018-01-05 16:20:00,0.87812690151796,0.00879950759848097,0.2757375,53,655,206,4.4,76.47,1.4,66.59,10.4
2018-01-05 16:21:00,0.87871751332526,0.00899746582459832,0.272283,52.6,651,202.8,4.4,76.646,1.4,66.95,10.32
2018-01-05 16:22:00,0.879308125132561,0.00919542405071566,0.2688285,52.2,647,199.6,4.4,76.822,1.4,67.31,10.24
2018-01-05 16:23:00,0.879898736939862,0.00939338227683299,0.265374,51.8,643,196.4,4.4,76.998,1.4,67.67,10.16
2018-01-05 16:24:00,0.880489348747163,0.00959134050295034,0.2619195,51.4,639,193.2,4.4,77.174,1.4,68.03,10.08
2018-01-05 16:25:00,0.881079960554463,0.00978929872906768,0.258465,51,635,190,4.4,77.35,1.4,68.39,10
2018-01-05 16:26:00,0.881670572361764,0.00950481308677886,0.2545992,50.6,630.6,186.8,4.4,77.526,1.4,68.666,9.94
2018-01-05 16:27:00,0.882261184169065,0.00922032744449004,0.2507334,50.2,626.2,183.6,4.4,77.702,1.4,68.942,9.88
2018-01-05 16:28:00,0.882851795976366,0.00893584180220122,0.2468676,49.8,621.8,180.4,4.4,77.878,1.4,69.218,9.82
2018-01-05 16:29:00,0.883442407783667,0.00865135615991239,0.2430018,49.4,617.4,177.2,4.4,78.054,1.4,69.494,9.76
2018-01-05 16:30:00,0.884033019590967,0.00836687051762357,0.239136,49,613,174,4.4,78.23,1.4,69.77,9.7
2018-01-05 16:31:00,0.884623631398268,0.00824043410500526,0.2354045,48.4,609.4,171,4.38,78.408,1.4,70.03,9.62
2018-01-05 16:32:00,0.885214243205569,0.00811399769238694,0.231673,47.8,605.8,168,4.36,78.586,1.4,70.29,9.54
2018-01-05 16:33:00,0.88580485501287,0.00798756127976862,0.2279415,47.2,602.2,165,4.34,78.764,1.4,70.55,9.46
2018-01-05 16:34:00,0.886395466820171,0.0078611248671503,0.22421,46.6,598.6,162,4.32,78.942,1.4,70.81,9.38
2018-01-05 16:35:00,0.886986078627471,0.00773468845453198,0.2204785,46,595,159,4.3,79.12,1.4,71.07,9.3
2018-01-05 16:36:00,0.887576690434772,0.00748548957340607,0.216586,45.6,590,155.8,4.3,79.3,1.38,71.36,9.24
2018-01-05 16:37:00,0.888167302242073,0.00723629069228016,0.2126935,45.2,585,152.6,4.3,79.48,1.36,71.65,9.18
2018-01-05 16:38:00,0.888757914049374,0.00698709181115425,0.208801,44.8,580,149.4,4.3,79.66,1.34,71.94,9.12
2018-01-05 16:39:00,0.889348525856675,0.00673789293002834,0.2049085,44.4,575,146.2,4.3,79.84,1.32,72.23,9.06
2018-01-05 16:40:00,0.889939137663975,0.00648869404890243,0.201016,44,570,143,4.3,80.02,1.3,72.52,9
2018-01-05 16:41:00,0.890529749471276,0.00642087576166132,0.1969094,43.4,564.4,139.8,4.3,80.2,1.3,72.816,8.94
2018-01-05 16:42:00,0.891120361278577,0.00635305747442021,0.1928028,42.8,558.8,136.6,4.3,80.38,1.3,73.112,8.88
2018-01-05 16:43:00,0.891710973085878,0.0062852391871791,0.1886962,42.2,553.2,133.4,4.3,80.56,1.3,73.408,8.82
2018-01-05 16:44:00,0.892301584893179,0.006217420899938,0.1845896,41.6,547.6,130.2,4.3,80.74,1.3,73.704,8.76
2018-01-05 16:45:00,0.892892196700479,0.00614960261269689,0.180483,41,542,127,4.3,80.92,1.3,74,8.7
2018-01-05 16:46:00,0.89348280850778,0.00659798100873905,0.1765511,40.6,535.8,123.8,4.3,81.102,1.3,74.406,8.62
2018-01-05 16:47:00,0.894073420315081,0.00704635940478122,0.1726192,40.2,529.6,120.6,4.3,81.284,1.3,74.812,8.54
2018-01-05 16:48:00,0.894664032122382,0.00749473780082338,0.1686873,39.8,523.4,117.4,4.3,81.466,1.3,75.218,8.46
2018-01-05 16:49:00,0.895254643929683,0.00794311619686554,0.1647554,39.4,517.2,114.2,4.3,81.648,1.3,75.624,8.38
2018-01-05 16:50:00,0.895845255736983,0.0083914945929077,0.1608235,39,511,111,4.3,81.83,1.3,76.03,8.3
2018-01-05 16:51:00,0.896435867544284,0.00836899736954293,0.15675255,38.4,504.4,108,4.3,82.012,1.3,76.342,8.24
2018-01-05 16:52:00,0.897026479351585,0.00834650014617816,0.1526816,37.8,497.8,105,4.3,82.194,1.3,76.654,8.18
2018-01-05 16:53:00,0.897617091158886,0.00832400292281339,0.14861065,37.2,491.2,102,4.3,82.376,1.3,76.966,8.12
2018-01-05 16:54:00,0.898207702966187,0.00830150569944862,0.1445397,36.6,484.6,99,4.3,82.558,1.3,77.278,8.06
2018-01-05 16:55:00,0.898798314773487,0.00827900847608385,0.14046875,36,478,96,4.3,82.74,1.3,77.59,8
2018-01-05 16:56:00,0.899388926580788,0.00822648216863504,0.1362988,35.4,470.6,93,4.3,82.924,1.3,78.016,7.92
2018-01-05 16:57:00,0.899979538388089,0.00817395586118624,0.13212885,34.8,463.2,90,4.3,83.108,1.3,78.442,7.84
2018-01-05 16:58:00,0.90057015019539,0.00812142955373744,0.1279589,34.2,455.8,87,4.3,83.292,1.3,78.868,7.76
2018-01-05 16:59:00,0.90116076200269,0.00806890324628864,0.12378895,33.6,448.4,84,4.3,83.476,1.3,79.294,7.68
2018-01-05 17:00:00,0.901751373809991,0.00801637693883984,0.119619,33,441,81,4.3,83.66,1.3,79.72,7.6
2018-01-05 17:01:00,0.902368922017317,0.00772733428444207,0.11497515,32.2,432.8,78.2,4.3,83.844,1.3,79.72,7.6
2018-01-05 17:02:00,0.902986470224642,0.0074382916300443,0.1103313,31.4,424.6,75.4,4.3,84.028,1.3,79.72,7.6
2018-01-05 17:03:00,0.903604018431967,0.00714924897564653,0.10568745,30.6,416.4,72.6,4.3,84.212,1.3,79.72,7.6
2018-01-05 17:04:00,0.904221566639293,0.00686020632124877,0.1010436,29.8,408.2,69.8,4.3,84.396,1.3,79.72,7.6
2018-01-05 17:05:00,0.904839114846618,0.006571163666851,0.09639975,29,400,67,4.3,84.58,1.3,79.72,7.6
2018-01-05 17:06:00,0.905456663053943,0.00697691064753053,0.09069535,28.4,391,64.4,4.3,84.764,1.3,79.72,7.6
2018-01-05 17:07:00,0.906074211261269,0.00738265762821005,0.08499095,27.8,382,61.8,4.3,84.948,1.3,79.72,7.6
2018-01-05 17:08:00,0.906691759468594,0.00778840460888958,0.07928655,27.2,373,59.2,4.3,85.132,1.3,79.72,7.6
2018-01-05 17:09:00,0.90730930767592,0.00819415158956911,0.07358215,26.6,364,56.6,4.3,85.316,1.3,79.72,7.6
2018-01-05 17:10:00,0.907926855883245,0.00859989857024864,0.06787775,26,355,54,4.3,85.5,1.3,79.72,7.6
2018-01-05 17:11:00,0.90854440409057,0.00821893467756281,0.0593176,25.2,345,51.4,4.3,85.684,1.3,79.72,7.6
2018-01-05 17:12:00,0.909161952297896,0.00783797078487699,0.05075745,24.4,335,48.8,4.3,85.868,1.3,79.72,7.6
2018-01-05 17:13:00,0.909779500505221,0.00745700689219116,0.0421973,23.6,325,46.2,4.3,86.052,1.3,79.72,7.6
2018-01-05 17:14:00,0.910397048712546,0.00707604299950533,0.03363715,22.8,315,43.6,4.3,86.236,1.3,79.72,7.6
2018-01-05 17:15:00,0.911014596919872,0.00669507910681951,0.025077,22,305,41,4.3,86.42,1.3,79.72,7.6
2018-01-05 17:16:00,0.911632145127197,0.00685824367925093,0.0200616,21.2,294.2,38.8,4.3,86.602,1.3,79.72,7.6
2018-01-05 17:17:00,0.912249693334522,0.00702140825168235,0.0150462,20.4,283.4,36.6,4.3,86.784,1.3,79.72,7.6
2018-01-05 17:18:00,0.912867241541848,0.00718457282411377,0.0100308,19.6,272.6,34.4,4.3,86.966,1.3,79.72,7.6
2018-01-05 17:19:00,0.913484789749173,0.00734773739654518,0.0050154,18.8,261.8,32.2,4.3,87.148,1.3,79.72,7.6
2018-01-05 17:20:00,0.914102337956498,0.00751090196897661,0,18,251,30,4.3,87.33,1.3,79.72,7.6
2018-01-05 17:21:00,0.914719886163824,0.00759046006073867,0,17.2,239.2,28,4.3,87.508,1.3,79.72,7.6
2018-01-05 17:22:00,0.915337434371149,0.00767001815250074,0,16.4,227.4,26,4.3,87.686,1.3,79.72,7.6
2018-01-05 17:23:00,0.915954982578474,0.0077495762442628,0,15.6,215.6,24,4.3,87.864,1.3,79.72,7.6
2018-01-05 17:24:00,0.9165725307858,0.00782913433602487,0,14.8,203.8,22,4.3,88.042,1.3,79.72,7.6
2018-01-05 17:25:00,0.917190078993125,0.00790869242778694,0,14,192,20,4.3,88.22,1.3,79.72,7.6
2018-01-05 17:26:00,0.917807627200451,0.00780731006303998,0,11.2,153.6,16,4.3,88.394,1.3,79.72,7.6
2018-01-05 17:27:00,0.918425175407776,0.00770592769829303,0,8.4,115.2,12,4.3,88.568,1.3,79.72,7.6
2018-01-05 17:28:00,0.919042723615101,0.00760454533354608,0,5.6,76.8,8,4.3,88.742,1.3,79.72,7.6
2018-01-05 17:29:00,0.919660271822427,0.00750316296879912,0,2.8,38.4,4,4.3,88.916,1.3,79.72,7.6
2018-01-05 17:30:00,0.920277820029752,0.00740178060405217,0,0,0,0,4.3,89.09,1.3,79.72,7.6
2018-01-05 17:31:00,0.920895368237077,0.00748431482943563,0,0,0,0,4.3,89.256,1.3,79.72,7.6
2018-01-05 17:32:00,0.921512916444403,0.0075668490548191,0,0,0,0,4.3,89.422,1.3,79.72,7.6
2018-01-05 17:33:00,0.922130464651728,0.00764938328020256,0,0,0,0,4.3,89.588,1.3,79.72,7.6
2018-01-05 17:34:00,0.922748012859054,0.00773191750558602,0,0,0,0,4.3,89.754,1.3,79.72,7.6
2018-01-05 17:35:00,0.923365561066379,0.00781445173096948,0,0,0,0,4.3,89.92,1.3,79.72,7.6
2018-01-05 17:36:00,0.923983109273704,0.00800294127869308,0,0,0,0,4.3,90.232,1.3,79.72,7.6
2018-01-05 17:37:00,0.92460065748103,0.00819143082641668,0,0,0,0,4.3,90.544,1.3,79.72,7.6
2018-01-05 17:38:00,0.925218205688355,0.00837992037414028,0,0,0,0,4.3,90.856,1.3,79.72,7.6
2018-01-05 17:39:00,0.92583575389568,0.00856840992186389,0,0,0,0,4.3,91.168,1.3,79.72,7.6
2018-01-05 17:40:00,0.926453302103006,0.00875689946958749,0,0,0,0,4.3,91.48,1.3,79.72,7.6
2018-01-05 17:41:00,0.927070850310331,0.00834616777383346,0,0,0,0,4.3,91.676,1.3,79.72,7.6
2018-01-05 17:42:00,0.927688398517656,0.00793543607807943,0,0,0,0,4.3,91.872,1.3,79.72,7.6
2018-01-05 17:43:00,0.928305946724982,0.0075247043823254,0,0,0,0,4.3,92.068,1.3,79.72,7.6
2018-01-05 17:44:00,0.928923494932307,0.00711397268657137,0,0,0,0,4.3,92.264,1.3,79.72,7.6
2018-01-05 17:45:00,0.929541043139632,0.00670324099081734,0,0,0,0,4.3,92.46,1.3,79.72,7.6
2018-01-05 17:46:00,0.930158591346958,0.00676392641861307,0,0,0,0,4.3,92.658,1.3,79.72,7.6
2018-01-05 17:47:00,0.930776139554283,0.0068246118464088,0,0,0,0,4.3,92.856,1.3,79.72,7.6
2018-01-05 17:48:00,0.931393687761608,0.00688529727420453,0,0,0,0,4.3,93.054,1.3,79.72,7.6
2018-01-05 17:49:00,0.932011235968934,0.00694598270200026,0,0,0,0,4.3,93.252,1.3,79.72,7.6
2018-01-05 17:50:00,0.932628784176259,0.00700666812979599,0,0,0,0,4.3,93.45,1.3,79.72,7.6
2018-01-05 17:51:00,0.933246332383585,0.00708785695938853,0,0,0,0,4.3,93.648,1.3,79.72,7.6
2018-01-05 17:52:00,0.93386388059091,0.00716904578898107,0,0,0,0,4.3,93.846,1.3,79.72,7.6
2018-01-05 17:53:00,0.934481428798235,0.0072502346185736,0,0,0,0,4.3,94.044,1.3,79.72,7.6
2018-01-05 17:54:00,0.935098977005561,0.00733142344816614,0,0,0,0,4.3,94.242,1.3,79.72,7.6
2018-01-05 17:55:00,0.935716525212886,0.00741261227775867,0,0,0,0,4.3,94.44,1.3,79.72,7.6
2018-01-05 17:56:00,0.936334073420212,0.00779287002785779,0,0,0,0,4.16,94.64,1.32,80.514,7.32
2018-01-05 17:57:00,0.936951621627537,0.0081731277779569,0,0,0,0,4.02,94.84,1.34,81.308,7.04
2018-01-05 17:58:00,0.937569169834862,0.00855338552805602,0,0,0,0,3.88,95.04,1.36,82.102,6.76
2018-01-05 17:59:00,0.938186718042188,0.00893364327815513,0,0,0,0,3.74,95.24,1.38,82.896,6.48
2018-01-05 18:00:00,0.938804266249513,0.00931390102825425,0,0,0,0,3.6,95.44,1.4,83.69,6.2
2018-01-05 18:01:00,0.938925585118022,0.00917107876943273,0,0,0,0,3.6,95.64,1.4,83.804,6.18
2018-01-05 18:02:00,0.939046903986531,0.0090282565106112,0,0,0,0,3.6,95.84,1.4,83.918,6.16
2018-01-05 18:03:00,0.939168222855039,0.00888543425178968,0,0,0,0,3.6,96.04,1.4,84.032,6.14
2018-01-05 18:04:00,0.939289541723548,0.00874261199296816,0,0,0,0,3.6,96.24,1.4,84.146,6.12
2018-01-05 18:05:00,0.939410860592057,0.00859978973414664,0,0,0,0,3.6,96.44,1.4,84.26,6.1
2018-01-05 18:06:00,0.939532179460566,0.00875124001395973,0,0,0,0,3.6,96.642,1.4,84.26,6.1
2018-01-05 18:07:00,0.939653498329075,0.00890269029377283,0,0,0,0,3.6,96.844,1.4,84.26,6.1
2018-01-05 18:08:00,0.939774817197584,0.00905414057358592,0,0,0,0,3.6,97.046,1.4,84.26,6.1
2018-01-05 18:09:00,0.939896136066093,0.00920559085339901,0,0,0,0,3.6,97.248,1.4,84.26,6.1
2018-01-05 18:10:00,0.940017454934602,0.00935704113321211,0,0,0,0,3.6,97.45,1.4,84.26,6.1
2018-01-05 18:11:00,0.940138773803111,0.00890073000537187,0,0,0,0,3.6,97.652,1.4,84.378,6.08
2018-01-05 18:12:00,0.940260092671619,0.00844441887753164,0,0,0,0,3.6,97.854,1.4,84.496,6.06
2018-01-05 18:13:00,0.940381411540128,0.00798810774969141,0,0,0,0,3.6,98.056,1.4,84.614,6.04
2018-01-05 18:14:00,0.940502730408637,0.00753179662185117,0,0,0,0,3.6,98.258,1.4,84.732,6.02
2018-01-05 18:15:00,0.940624049277146,0.00707548549401094,0,0,0,0,3.6,98.46,1.4,84.85,6
2018-01-05 18:16:00,0.940745368145655,0.00739355202182386,0,0,0,0,3.6,98.662,1.4,84.85,6
2018-01-05 18:17:00,0.940866687014164,0.00771161854963678,0,0,0,0,3.6,98.864,1.4,84.85,6
2018-01-05 18:18:00,0.940988005882673,0.0080296850774497,0,0,0,0,3.6,99.066,1.4,84.85,6
2018-01-05 18:19:00,0.941109324751182,0.00834775160526262,0,0,0,0,3.6,99.268,1.4,84.85,6
2018-01-05 18:20:00,0.941230643619691,0.00866581813307554,0,0,0,0,3.6,99.47,1.4,84.85,6
2018-01-05 18:21:00,0.941351962488199,0.00870122081966415,0,0,0,0,3.6,99.674,1.4,84.966,5.98
2018-01-05 18:22:00,0.941473281356708,0.00873662350625276,0,0,0,0,3.6,99.878,1.4,85.082,5.96
2018-01-05 18:23:00,0.941594600225217,0.00877202619284137,0,0,0,0,3.6,100.082,1.4,85.198,5.94
2018-01-05 18:24:00,0.941715919093726,0.00880742887942998,0,0,0,0,3.6,100.286,1.4,85.314,5.92
2018-01-05 18:25:00,0.941837237962235,0.00884283156601859,0,0,0,0,3.6,100.49,1.4,85.43,5.9
2018-01-05 18:26:00,0.941958556830744,0.00884714482062912,0,0,0,0,3.6,100.694,1.4,85.55,5.88
2018-01-05 18:27:00,0.942079875699253,0.00885145807523965,0,0,0,0,3.6,100.898,1.4,85.67,5.86
2018-01-05 18:28:00,0.942201194567762,0.00885577132985018,0,0,0,0,3.6,101.102,1.4,85.79,5.84
2018-01-05 18:29:00,0.94232251343627,0.00886008458446071,0,0,0,0,3.6,101.306,1.4,85.91,5.82
2018-01-05 18:30:00,0.942443832304779,0.00886439783907124,0,0,0,0,3.6,101.51,1.4,86.03,5.8
2018-01-05 18:31:00,0.942565151173288,0.00880059973946353,0,0,0,0,3.56,101.714,1.4,85.784,5.8
2018-01-05 18:32:00,0.942686470041797,0.00873680163985581,0,0,0,0,3.52,101.918,1.4,85.538,5.8
2018-01-05 18:33:00,0.942807788910306,0.0086730035402481,0,0,0,0,3.48,102.122,1.4,85.292,5.8
2018-01-05 18:34:00,0.942929107778815,0.00860920544064039,0,0,0,0,3.44,102.326,1.4,85.046,5.8
2018-01-05 18:35:00,0.943050426647324,0.00854540734103268,0,0,0,0,3.4,102.53,1.4,84.8,5.8
2018-01-05 18:36:00,0.943171745515833,0.008634350758855,0,0,0,0,3.4,102.736,1.4,84.918,5.78
2018-01-05 18:37:00,0.943293064384342,0.00872329417667732,0,0,0,0,3.4,102.942,1.4,85.036,5.76
2018-01-05 18:38:00,0.94341438325285,0.00881223759449964,0,0,0,0,3.4,103.148,1.4,85.154,5.74
2018-01-05 18:39:00,0.943535702121359,0.00890118101232196,0,0,0,0,3.4,103.354,1.4,85.272,5.72
2018-01-05 18:40:00,0.943657020989868,0.00899012443014427,0,0,0,0,3.4,103.56,1.4,85.39,5.7
2018-01-05 18:41:00,0.943778339858377,0.00923285328943264,0,0,0,0,3.4,103.766,1.4,85.39,5.7
2018-01-05 18:42:00,0.943899658726886,0.009475582148721,0,0,0,0,3.4,103.972,1.4,85.39,5.7
2018-01-05 18:43:00,0.944020977595395,0.00971831100800937,0,0,0,0,3.4,104.178,1.4,85.39,5.7
2018-01-05 18:44:00,0.944142296463904,0.00996103986729773,0,0,0,0,3.4,104.384,1.4,85.39,5.7
2018-01-05 18:45:00,0.944263615332412,0.0102037687265861,0,0,0,0,3.4,104.59,1.4,85.39,5.7
2018-01-05 18:46:00,0.944384934200921,0.00991175892854464,0,0,0,0,3.4,104.798,1.4,85.508,5.68
2018-01-05 18:47:00,0.94450625306943,0.00961974913050317,0,0,0,0,3.4,105.006,1.4,85.626,5.66
2018-01-05 18:48:00,0.944627571937939,0.00932773933246171,0,0,0,0,3.4,105.214,1.4,85.744,5.64
2018-01-05 18:49:00,0.944748890806448,0.00903572953442024,0,0,0,0,3.4,105.422,1.4,85.862,5.62
2018-01-05 18:50:00,0.944870209674957,0.00874371973637878,0,0,0,0,3.4,105.63,1.4,85.98,5.6
2018-01-05 18:51:00,0.944991528543466,0.00869796205199409,0,0,0,0,3.4,105.836,1.4,86.1,5.58
2018-01-05 18:52:00,0.945112847411975,0.00865220436760941,0,0,0,0,3.4,106.042,1.4,86.22,5.56
2018-01-05 18:53:00,0.945234166280484,0.00860644668322472,0,0,0,0,3.4,106.248,1.4,86.34,5.54
2018-01-05 18:54:00,0.945355485148992,0.00856068899884003,0,0,0,0,3.4,106.454,1.4,86.46,5.52
2018-01-05 18:55:00,0.945476804017501,0.00851493131445534,0,0,0,0,3.4,106.66,1.4,86.58,5.5
2018-01-05 18:56:00,0.94559812288601,0.00877757510592188,0,0,0,0,3.4,106.868,1.4,86.58,5.5
2018-01-05 18:57:00,0.945719441754519,0.00904021889738842,0,0,0,0,3.4,107.076,1.4,86.58,5.5
2018-01-05 18:58:00,0.945840760623028,0.00930286268885495,0,0,0,0,3.4,107.284,1.4,86.58,5.5
2018-01-05 18:59:00,0.945962079491537,0.00956550648032149,0,0,0,0,3.4,107.492,1.4,86.58,5.5
2018-01-05 19:00:00,0.946083398360046,0.00982815027178803,0,0,0,0,3.4,107.7,1.4,86.58,5.5
2018-01-05 19:01:00,0.946152357225856,0.00954856729941305,0,0,0,0,3.4,107.91,1.4,86.7,5.48
2018-01-05 19:02:00,0.946221316091665,0.00926898432703806,0,0,0,0,3.4,108.12,1.4,86.82,5.46
2018-01-05 19:03:00,0.946290274957475,0.00898940135466307,0,0,0,0,3.4,108.33,1.4,86.94,5.44
2018-01-05 19:04:00,0.946359233823285,0.00870981838228809,0,0,0,0,3.4,108.54,1.4,87.06,5.42
2018-01-05 19:05:00,0.946428192689094,0.0084302354099131,0,0,0,0,3.4,108.75,1.4,87.18,5.4
2018-01-05 19:06:00,0.946497151554904,0.00877912716760985,0,0,0,0,3.4,108.958,1.4,87.18,5.4
2018-01-05 19:07:00,0.946566110420714,0.00912801892530659,0,0,0,0,3.4,109.166,1.4,87.18,5.4
2018-01-05 19:08:00,0.946635069286524,0.00947691068300334,0,0,0,0,3.4,109.374,1.4,87.18,5.4
2018-01-05 19:09:00,0.946704028152334,0.00982580244070008,0,0,0,0,3.4,109.582,1.4,87.18,5.4
2018-01-05 19:10:00,0.946772987018143,0.0101746941983968,0,0,0,0,3.4,109.79,1.4,87.18,5.4
2018-01-05 19:11:00,0.946841945883953,0.00989931935932986,0,0,0,0,3.4,110,1.4,87.302,5.38
2018-01-05 19:12:00,0.946910904749763,0.0096239445202629,0,0,0,0,3.4,110.21,1.4,87.424,5.36
2018-01-05 19:13:00,0.946979863615572,0.00934856968119594,0,0,0,0,3.4,110.42,1.4,87.546,5.34
2018-01-05 19:14:00,0.947048822481382,0.00907319484212898,0,0,0,0,3.4,110.63,1.4,87.668,5.32
2018-01-05 19:15:00,0.947117781347192,0.00879782000306202,0,0,0,0,3.4,110.84,1.4,87.79,5.3
2018-01-05 19:16:00,0.947186740213002,0.00885903081900863,0,0,0,0,3.4,111.05,1.4,87.79,5.3
2018-01-05 19:17:00,0.947255699078811,0.00892024163495525,0,0,0,0,3.4,111.26,1.4,87.79,5.3
2018-01-05 19:18:00,0.947324657944621,0.00898145245090187,0,0,0,0,3.4,111.47,1.4,87.79,5.3
2018-01-05 19:19:00,0.947393616810431,0.00904266326684848,0,0,0,0,3.4,111.68,1.4,87.79,5.3
2018-01-05 19:20:00,0.947462575676241,0.0091038740827951,0,0,0,0,3.4,111.89,1.4,87.79,5.3
2018-01-05 19:21:00,0.94753153454205,0.00901270218969391,0,0,0,0,3.4,112.1,1.4,87.912,5.28
2018-01-05 19:22:00,0.94760049340786,0.00892153029659272,0,0,0,0,3.4,112.31,1.4,88.034,5.26
2018-01-05 19:23:00,0.94766945227367,0.00883035840349153,0,0,0,0,3.4,112.52,1.4,88.156,5.24
2018-01-05 19:24:00,0.94773841113948,0.00873918651039033,0,0,0,0,3.4,112.73,1.4,88.278,5.22
2018-01-05 19:25:00,0.94780737000529,0.00864801461728915,0,0,0,0,3.4,112.94,1.4,88.4,5.2
2018-01-05 19:26:00,0.947876328871099,0.00868344060833747,0,0,0,0,3.4,113.152,1.4,88.4,5.2
2018-01-05 19:27:00,0.947945287736909,0.00871886659938581,0,0,0,0,3.4,113.364,1.4,88.4,5.2
2018-01-05 19:28:00,0.948014246602719,0.00875429259043413,0,0,0,0,3.4,113.576,1.4,88.4,5.2
2018-01-05 19:29:00,0.948083205468528,0.00878971858148246,0,0,0,0,3.4,113.788,1.4,88.4,5.2
2018-01-05 19:30:00,0.948152164334338,0.00882514457253079,0,0,0,0,3.4,114,1.4,88.4,5.2
2018-01-05 19:31:00,0.948221123200148,0.00906500468174444,0,0,0,0,3.4,114.212,1.4,88.464,5.18
2018-01-05 19:32:00,0.948290082065958,0.0093048647909581,0,0,0,0,3.4,114.424,1.4,88.528,5.16
2018-01-05 19:33:00,0.948359040931767,0.00954472490017175,0,0,0,0,3.4,114.636,1.4,88.592,5.14
2018-01-05 19:34:00,0.948427999797577,0.00978458500938541,0,0,0,0,3.4,114.848,1.4,88.656,5.12
2018-01-05 19:35:00,0.948496958663387,0.0100244451185991,0,0,0,0,3.4,115.06,1.4,88.72,5.1
2018-01-05 19:36:00,0.948565917529197,0.00994911171547133,0,0,0,0,3.4,115.27,1.4,88.72,5.1
2018-01-05 19:37:00,0.948634876395006,0.0098737783123436,0,0,0,0,3.4,115.48,1.4,88.72,5.1
2018-01-05 19:38:00,0.948703835260816,0.00979844490921586,0,0,0,0,3.4,115.69,1.4,88.72,5.1
2018-01-05 19:39:00,0.948772794126626,0.00972311150608813,0,0,0,0,3.4,115.9,1.4,88.72,5.1
2018-01-05 19:40:00,0.948841752992436,0.0096477781029604,0,0,0,0,3.4,116.11,1.4,88.72,5.1
2018-01-05 19:41:00,0.948910711858245,0.00936100935543957,0,0,0,0,3.4,116.324,1.4,88.86,5.08
2018-01-05 19:42:00,0.948979670724055,0.00907424060791875,0,0,0,0,3.4,116.538,1.4,89,5.06
2018-01-05 19:43:00,0.949048629589865,0.00878747186039792,0,0,0,0,3.4,116.752,1.4,89.14,5.04
2018-01-05 19:44:00,0.949117588455674,0.0085007031128771,0,0,0,0,3.4,116.966,1.4,89.28,5.02
2018-01-05 19:45:00,0.949186547321484,0.00821393436535627,0,0,0,0,3.4,117.18,1.4,89.42,5
2018-01-05 19:46:00,0.949255506187294,0.00840563320679374,0,0,0,0,3.4,117.392,1.4,89.42,5
2018-01-05 19:47:00,0.949324465053104,0.00859733204823122,0,0,0,0,3.4,117.604,1.4,89.42,5
2018-01-05 19:48:00,0.949393423918914,0.0087890308896687,0,0,0,0,3.4,117.816,1.4,89.42,5
2018-01-05 19:49:00,0.949462382784723,0.00898072973110617,0,0,0,0,3.4,118.028,1.4,89.42,5
2018-01-05 19:50:00,0.949531341650533,0.00917242857254364,0,0,0,0,3.4,118.24,1.4,89.42,5
2018-01-05 19:51:00,0.949600300516343,0.00894533068670791,0,0,0,0,3.4,118.454,1.4,89.546,4.98
2018-01-05 19:52:00,0.949669259382152,0.00871823280087218,0,0,0,0,3.4,118.668,1.4,89.672,4.96
2018-01-05 19:53:00,0.949738218247962,0.00849113491503644,0,0,0,0,3.4,118.882,1.4,89.798,4.94
2018-01-05 19:54:00,0.949807177113772,0.00826403702920071,0,0,0,0,3.4,119.096,1.4,89.924,4.92
2018-01-05 19:55:00,0.949876135979582,0.00803693914336497,0,0,0,0,3.4,119.31,1.4,90.05,4.9
2018-01-05 19:56:00,0.949945094845392,0.00807251818566144,0,0,0,0,3.4,119.522,1.4,90.05,4.9
2018-01-05 19:57:00,0.950014053711201,0.0081080972279579,0,0,0,0,3.4,119.734,1.4,90.05,4.9
2018-01-05 19:58:00,0.950083012577011,0.00814367627025436,0,0,0,0,3.4,119.946,1.4,90.05,4.9
2018-01-05 19:59:00,0.950151971442821,0.00817925531255083,0,0,0,0,3.4,120.158,1.4,90.05,4.9
2018-01-05 20:00:00,0.95022093030863,0.00821483435484729,0,0,0,0,3.4,120.37,1.4,90.05,4.9
2018-01-05 20:01:00,0.950127481799589,0.00846844255407043,0,0,0,0,3.4,120.584,1.4,90.05,4.9
2018-01-05 20:02:00,0.950034033290547,0.00872205075329356,0,0,0,0,3.4,120.798,1.4,90.05,4.9
2018-01-05 20:03:00,0.949940584781505,0.00897565895251669,0,0,0,0,3.4,121.012,1.4,90.05,4.9
2018-01-05 20:04:00,0.949847136272464,0.00922926715173983,0,0,0,0,3.4,121.226,1.4,90.05,4.9
2018-01-05 20:05:00,0.949753687763422,0.00948287535096296,0,0,0,0,3.4,121.44,1.4,90.05,4.9
2018-01-05 20:06:00,0.94966023925438,0.00958909590469713,0,0,0,0,3.4,121.654,1.4,90.176,4.88
2018-01-05 20:07:00,0.949566790745338,0.0096953164584313,0,0,0,0,3.4,121.868,1.4,90.302,4.86
2018-01-05 20:08:00,0.949473342236297,0.00980153701216547,0,0,0,0,3.4,122.082,1.4,90.428,4.84
2018-01-05 20:09:00,0.949379893727255,0.00990775756589964,0,0,0,0,3.4,122.296,1.4,90.554,4.82
2018-01-05 20:10:00,0.949286445218213,0.0100139781196338,0,0,0,0,3.4,122.51,1.4,90.68,4.8
2018-01-05 20:11:00,0.949192996709172,0.00985531867024257,0,0,0,0,3.4,122.724,1.4,90.68,4.8
2018-01-05 20:12:00,0.94909954820013,0.00969665922085132,0,0,0,0,3.4,122.938,1.4,90.68,4.8
2018-01-05 20:13:00,0.949006099691088,0.00953799977146007,0,0,0,0,3.4,123.152,1.4,90.68,4.8
2018-01-05 20:14:00,0.948912651182046,0.00937934032206883,0,0,0,0,3.4,123.366,1.4,90.68,4.8
2018-01-05 20:15:00,0.948819202673004,0.00922068087267758,0,0,0,0,3.4,123.58,1.4,90.68,4.8
2018-01-05 20:16:00,0.948725754163963,0.00910403519749917,0,0,0,0,3.4,123.796,1.4,90.806,4.78
2018-01-05 20:17:00,0.948632305654921,0.00898738952232076,0,0,0,0,3.4,124.012,1.4,90.932,4.76
2018-01-05 20:18:00,0.948538857145879,0.00887074384714235,0,0,0,0,3.4,124.228,1.4,91.058,4.74
2018-01-05 20:19:00,0.948445408636838,0.00875409817196394,0,0,0,0,3.4,124.444,1.4,91.184,4.72
2018-01-05 20:20:00,0.948351960127796,0.00863745249678553,0,0,0,0,3.4,124.66,1.4,91.31,4.7
2018-01-05 20:21:00,0.948258511618754,0.00866338573706725,0,0,0,0,3.4,124.874,1.4,91.31,4.7
2018-01-05 20:22:00,0.948165063109712,0.00868931897734897,0,0,0,0,3.4,125.088,1.4,91.31,4.7
2018-01-05 20:23:00,0.948071614600671,0.00871525221763069,0,0,0,0,3.4,125.302,1.4,91.31,4.7
2018-01-05 20:24:00,0.947978166091629,0.00874118545791241,0,0,0,0,3.4,125.516,1.4,91.31,4.7
2018-01-05 20:25:00,0.947884717582587,0.00876711869819414,0,0,0,0,3.4,125.73,1.4,91.31,4.7
2018-01-05 20:26:00,0.947791269073546,0.00901867182436374,0,0,0,0,3.4,125.946,1.4,91.31,4.7
2018-01-05 20:27:00,0.947697820564504,0.00927022495053334,0,0,0,0,3.4,126.162,1.4,91.31,4.7
2018-01-05 20:28:00,0.947604372055462,0.00952177807670294,0,0,0,0,3.4,126.378,1.4,91.31,4.7
2018-01-05 20:29:00,0.94751092354642,0.00977333120287254,0,0,0,0,3.4,126.594,1.4,91.31,4.7
2018-01-05 20:30:00,0.947417475037378,0.0100248843290421,0,0,0,0,3.4,126.81,1.4,91.31,4.7
2018-01-05 20:31:00,0.947324026528337,0.00983411702187262,0,0,0,0,3.42,127.026,1.4,91.514,4.68
2018-01-05 20:32:00,0.947230578019295,0.00964334971470309,0,0,0,0,3.44,127.242,1.4,91.718,4.66
2018-01-05 20:33:00,0.947137129510253,0.00945258240753357,0,0,0,0,3.46,127.458,1.4,91.922,4.64
2018-01-05 20:34:00,0.947043681001212,0.00926181510036404,0,0,0,0,3.48,127.674,1.4,92.126,4.62
2018-01-05 20:35:00,0.94695023249217,0.00907104779319452,0,0,0,0,3.5,127.89,1.4,92.33,4.6
2018-01-05 20:36:00,0.946856783983128,0.00919544706546954,0,0,0,0,3.5,128.104,1.4,92.33,4.6
2018-01-05 20:37:00,0.946763335474086,0.00931984633774457,0,0,0,0,3.5,128.318,1.4,92.33,4.6
2018-01-05 20:38:00,0.946669886965045,0.0094442456100196,0,0,0,0,3.5,128.532,1.4,92.33,4.6
2018-01-05 20:39:00,0.946576438456003,0.00956864488229462,0,0,0,0,3.5,128.746,1.4,92.33,4.6
2018-01-05 20:40:00,0.946482989946961,0.00969304415456965,0,0,0,0,3.5,128.96,1.4,92.33,4.6
2018-01-05 20:41:00,0.94638954143792,0.00946589196565494,0,0,0,0,3.5,129.176,1.4,92.33,4.6
2018-01-05 20:42:00,0.946296092928878,0.00923873977674022,0,0,0,0,3.5,129.392,1.4,92.33,4.6
2018-01-05 20:43:00,0.946202644419836,0.00901158758782551,0,0,0,0,3.5,129.608,1.4,92.33,4.6
2018-01-05 20:44:00,0.946109195910794,0.0087844353989108,0,0,0,0,3.5,129.824,1.4,92.33,4.6
2018-01-05 20:45:00,0.946015747401752,0.00855728320999608,0,0,0,0,3.5,130.04,1.4,92.33,4.6
2018-01-05 20:46:00,0.945922298892711,0.0085516261397885,0,0,0,0,3.5,130.256,1.4,92.46,4.58
2018-01-05 20:47:00,0.945828850383669,0.00854596906958092,0,0,0,0,3.5,130.472,1.4,92.59,4.56
2018-01-05 20:48:00,0.945735401874627,0.00854031199937334,0,0,0,0,3.5,130.688,1.4,92.72,4.54
2018-01-05 20:49:00,0.945641953365586,0.00853465492916576,0,0,0,0,3.5,130.904,1.4,92.85,4.52
2018-01-05 20:50:00,0.945548504856544,0.00852899785895818,0,0,0,0,3.5,131.12,1.4,92.98,4.5
2018-01-05 20:51:00,0.945455056347502,0.0084581001526841,0,0,0,0,3.5,131.338,1.4,92.98,4.5
2018-01-05 20:52:00,0.94536160783846,0.00838720244641004,0,0,0,0,3.5,131.556,1.4,92.98,4.5
2018-01-05 20:53:00,0.945268159329419,0.00831630474013597,0,0,0,0,3.5,131.774,1.4,92.98,4.5
2018-01-05 20:54:00,0.945174710820377,0.0082454070338619,0,0,0,0,3.5,131.992,1.4,92.98,4.5
2018-01-05 20:55:00,0.945081262311335,0.00817450932758782,0,0,0,0,3.5,132.21,1.4,92.98,4.5
2018-01-05 20:56:00,0.944987813802294,0.00836808614681421,0,0,0,0,3.5,132.426,1.4,92.98,4.5
2018-01-05 20:57:00,0.944894365293252,0.0085616629660406,0,0,0,0,3.5,132.642,1.4,92.98,4.5
2018-01-05 20:58:00,0.94480091678421,0.00875523978526699,0,0,0,0,3.5,132.858,1.4,92.98,4.5
2018-01-05 20:59:00,0.944707468275168,0.00894881660449337,0,0,0,0,3.5,133.074,1.4,92.98,4.5
2018-01-05 21:00:00,0.944614019766127,0.00914239342371976,0,0,0,0,3.5,133.29,1.4,92.98,4.5
2018-01-05 21:01:00,0.944260320987172,0.00888740374175265,0,0,0,0,3.5,133.506,1.4,93.11,4.48
2018-01-05 21:02:00,0.943906622208217,0.00863241405978555,0,0,0,0,3.5,133.722,1.4,93.24,4.46
2018-01-05 21:03:00,0.943552923429263,0.00837742437781844,0,0,0,0,3.5,133.938,1.4,93.37,4.44
2018-01-05 21:04:00,0.943199224650308,0.00812243469585133,0,0,0,0,3.5,134.154,1.4,93.5,4.42
2018-01-05 21:05:00,0.942845525871354,0.00786744501388423,0,0,0,0,3.5,134.37,1.4,93.63,4.4
2018-01-05 21:06:00,0.942491827092399,0.00800751138571059,0,0,0,0,3.5,134.586,1.4,93.63,4.4
2018-01-05 21:07:00,0.942138128313445,0.00814757775753695,0,0,0,0,3.5,134.802,1.4,93.63,4.4
2018-01-05 21:08:00,0.94178442953449,0.00828764412936332,0,0,0,0,3.5,135.018,1.4,93.63,4.4
2018-01-05 21:09:00,0.941430730755535,0.00842771050118968,0,0,0,0,3.5,135.234,1.4,93.63,4.4
2018-01-05 21:10:00,0.941077031976581,0.00856777687301604,0,0,0,0,3.5,135.45,1.4,93.63,4.4
2018-01-05 21:11:00,0.940723333197626,0.00854154011627142,0,0,0,0,3.5,135.668,1.4,93.63,4.4
2018-01-05 21:12:00,0.940369634418672,0.0085153033595268,0,0,0,0,3.5,135.886,1.4,93.63,4.4
2018-01-05 21:13:00,0.940015935639717,0.00848906660278217,0,0,0,0,3.5,136.104,1.4,93.63,4.4
2018-01-05 21:14:00,0.939662236860762,0.00846282984603755,0,0,0,0,3.5,136.322,1.4,93.63,4.4
2018-01-05 21:15:00,0.939308538081808,0.00843659308929292,0,0,0,0,3.5,136.54,1.4,93.63,4.4
2018-01-05 21:16:00,0.938954839302853,0.00841391021703263,0,0,0,0,3.5,136.756,1.4,93.76,4.38
2018-01-05 21:17:00,0.938601140523899,0.00839122734477234,0,0,0,0,3.5,136.972,1.4,93.89,4.36
2018-01-05 21:18:00,0.938247441744944,0.00836854447251205,0,0,0,0,3.5,137.188,1.4,94.02,4.34
2018-01-05 21:19:00,0.93789374296599,0.00834586160025176,0,0,0,0,3.5,137.404,1.4,94.15,4.32
2018-01-05 21:20:00,0.937540044187035,0.00832317872799147,0,0,0,0,3.5,137.62,1.4,94.28,4.3
2018-01-05 21:21:00,0.93718634540808,0.00871905338449288,0,0,0,0,3.5,137.838,1.4,94.28,4.3
2018-01-05 21:22:00,0.936832646629126,0.0091149280409943,0,0,0,0,3.5,138.056,1.4,94.28,4.3
2018-01-05 21:23:00,0.936478947850171,0.00951080269749572,0,0,0,0,3.5,138.274,1.4,94.28,4.3
2018-01-05 21:24:00,0.936125249071217,0.00990667735399714,0,0,0,0,3.5,138.492,1.4,94.28,4.3
2018-01-05 21:25:00,0.935771550292262,0.0103025520104986,0,0,0,0,3.5,138.71,1.4,94.28,4.3
2018-01-05 21:26:00,0.935417851513308,0.0100969278034613,0,0,0,0,3.5,138.926,1.4,94.28,4.3
2018-01-05 21:27:00,0.935064152734353,0.00989130359642408,0,0,0,0,3.5,139.142,1.4,94.28,4.3
2018-01-05 21:28:00,0.934710453955398,0.00968567938938685,0,0,0,0,3.5,139.358,1.4,94.28,4.3
2018-01-05 21:29:00,0.934356755176444,0.00948005518234961,0,0,0,0,3.5,139.574,1.4,94.28,4.3
2018-01-05 21:30:00,0.934003056397489,0.00927443097531238,0,0,0,0,3.5,139.79,1.4,94.28,4.3
2018-01-05 21:31:00,0.933649357618535,0.00924455349745607,0,0,0,0,3.52,140.008,1.4,94.65,4.28
2018-01-05 21:32:00,0.93329565883958,0.00921467601959977,0,0,0,0,3.54,140.226,1.4,95.02,4.26
2018-01-05 21:33:00,0.932941960060626,0.00918479854174347,0,0,0,0,3.56,140.444,1.4,95.39,4.24
2018-01-05 21:34:00,0.932588261281671,0.00915492106388717,0,0,0,0,3.58,140.662,1.4,95.76,4.22
2018-01-05 21:35:00,0.932234562502716,0.00912504358603087,0,0,0,0,3.6,140.88,1.4,96.13,4.2
2018-01-05 21:36:00,0.931880863723762,0.00910262543031523,0,0,0,0,3.6,141.096,1.4,96.112,4.2
2018-01-05 21:37:00,0.931527164944807,0.00908020727459959,0,0,0,0,3.6,141.312,1.4,96.094,4.2
2018-01-05 21:38:00,0.931173466165853,0.00905778911888396,0,0,0,0,3.6,141.528,1.4,96.076,4.2
2018-01-05 21:39:00,0.930819767386898,0.00903537096316833,0,0,0,0,3.6,141.744,1.4,96.058,4.2
2018-01-05 21:40:00,0.930466068607943,0.00901295280745269,0,0,0,0,3.6,141.96,1.4,96.04,4.2
2018-01-05 21:41:00,0.930112369828989,0.00911211192099861,0,0,0,0,3.6,142.178,1.4,96.04,4.2
2018-01-05 21:42:00,0.929758671050034,0.00921127103454452,0,0,0,0,3.6,142.396,1.4,96.04,4.2
2018-01-05 21:43:00,0.92940497227108,0.00931043014809043,0,0,0,0,3.6,142.614,1.4,96.04,4.2
2018-01-05 21:44:00,0.929051273492125,0.00940958926163635,0,0,0,0,3.6,142.832,1.4,96.04,4.2
2018-01-05 21:45:00,0.928697574713171,0.00950874837518226,0,0,0,0,3.6,143.05,1.4,96.04,4.2
2018-01-05 21:46:00,0.928343875934216,0.00953322420961399,0,0,0,0,3.6,143.266,1.4,96.174,4.18
2018-01-05 21:47:00,0.927990177155261,0.00955770004404571,0,0,0,0,3.6,143.482,1.4,96.308,4.16
2018-01-05 21:48:00,0.927636478376307,0.00958217587847744,0,0,0,0,3.6,143.698,1.4,96.442,4.14
2018-01-05 21:49:00,0.927282779597352,0.00960665171290917,0,0,0,0,3.6,143.914,1.4,96.576,4.12
2018-01-05 21:50:00,0.926929080818398,0.00963112754734089,0,0,0,0,3.6,144.13,1.4,96.71,4.1
2018-01-05 21:51:00,0.926575382039443,0.00940285719391899,0,0,0,0,3.6,144.348,1.4,96.71,4.1
2018-01-05 21:52:00,0.926221683260488,0.00917458684049708,0,0,0,0,3.6,144.566,1.4,96.71,4.1
2018-01-05 21:53:00,0.925867984481534,0.00894631648707517,0,0,0,0,3.6,144.784,1.4,96.71,4.1
2018-01-05 21:54:00,0.925514285702579,0.00871804613365326,0,0,0,0,3.6,145.002,1.4,96.71,4.1
2018-01-05 21:55:00,0.925160586923625,0.00848977578023135,0,0,0,0,3.6,145.22,1.4,96.71,4.1
2018-01-05 21:56:00,0.92480688814467,0.00889053776167473,0,0,0,0,3.6,145.436,1.4,96.71,4.1
2018-01-05 21:57:00,0.924453189365716,0.0092912997431181,0,0,0,0,3.6,145.652,1.4,96.71,4.1
2018-01-05 21:58:00,0.924099490586761,0.00969206172456148,0,0,0,0,3.6,145.868,1.4,96.71,4.1
2018-01-05 21:59:00,0.923745791807806,0.0100928237060049,0,0,0,0,3.6,146.084,1.4,96.71,4.1
2018-01-05 22:00:00,0.923392093028852,0.0104935856874482,0,0,0,0,3.6,146.3,1.4,96.71,4.1
2018-01-05 22:01:00,0.922960899812004,0.0101019815979836,0,0,0,0,3.6,146.516,1.4,96.846,4.08
2018-01-05 22:02:00,0.922529706595156,0.00971037750851907,0,0,0,0,3.6,146.732,1.4,96.982,4.06
2018-01-05 22:03:00,0.922098513378307,0.00931877341905449,0,0,0,0,3.6,146.948,1.4,97.118,4.04
2018-01-05 22:04:00,0.921667320161459,0.00892716932958991,0,0,0,0,3.6,147.164,1.4,97.254,4.02
2018-01-05 22:05:00,0.921236126944611,0.00853556524012533,0,0,0,0,3.6,147.38,1.4,97.39,4
2018-01-05 22:06:00,0.920804933727763,0.00841121705341716,0,0,0,0,3.6,147.596,1.4,97.39,4
2018-01-05 22:07:00,0.920373740510915,0.00828686886670899,0,0,0,0,3.6,147.812,1.4,97.39,4
2018-01-05 22:08:00,0.919942547294066,0.00816252068000083,0,0,0,0,3.6,148.028,1.4,97.39,4
2018-01-05 22:09:00,0.919511354077218,0.00803817249329266,0,0,0,0,3.6,148.244,1.4,97.39,4
2018-01-05 22:10:00,0.91908016086037,0.0079138243065845,0,0,0,0,3.6,148.46,1.4,97.39,4
2018-01-05 22:11:00,0.918648967643522,0.00806817645142833,0,0,0,0,3.6,148.676,1.4,97.39,4
2018-01-05 22:12:00,0.918217774426674,0.00822252859627215,0,0,0,0,3.6,148.892,1.4,97.39,4
2018-01-05 22:13:00,0.917786581209826,0.00837688074111598,0,0,0,0,3.6,149.108,1.4,97.39,4
2018-01-05 22:14:00,0.917355387992977,0.00853123288595981,0,0,0,0,3.6,149.324,1.4,97.39,4
2018-01-05 22:15:00,0.916924194776129,0.00868558503080364,0,0,0,0,3.6,149.54,1.4,97.39,4
2018-01-05 22:16:00,0.916493001559281,0.0087666061796036,0,0,0,0,3.6,149.756,1.4,97.39,4
2018-01-05 22:17:00,0.916061808342433,0.00884762732840356,0,0,0,0,3.6,149.972,1.4,97.39,4
2018-01-05 22:18:00,0.915630615125584,0.00892864847720352,0,0,0,0,3.6,150.188,1.4,97.39,4
2018-01-05 22:19:00,0.915199421908736,0.00900966962600348,0,0,0,0,3.6,150.404,1.4,97.39,4
2018-01-05 22:20:00,0.914768228691888,0.00909069077480344,0,0,0,0,3.6,150.62,1.4,97.39,4
2018-01-05 22:21:00,0.91433703547504,0.00911657805136267,0,0,0,0,3.6,150.836,1.4,97.528,3.98
2018-01-05 22:22:00,0.913905842258192,0.0091424653279219,0,0,0,0,3.6,151.052,1.4,97.666,3.96
2018-01-05 22:23:00,0.913474649041344,0.00916835260448114,0,0,0,0,3.6,151.268,1.4,97.804,3.94
2018-01-05 22:24:00,0.913043455824495,0.00919423988104037,0,0,0,0,3.6,151.484,1.4,97.942,3.92
2018-01-05 22:25:00,0.912612262607647,0.0092201271575996,0,0,0,0,3.6,151.7,1.4,98.08,3.9
2018-01-05 22:26:00,0.912181069390799,0.00894973221229987,0,0,0,0,3.6,151.914,1.4,98.08,3.9
2018-01-05 22:27:00,0.911749876173951,0.00867933726700014,0,0,0,0,3.6,152.128,1.4,98.08,3.9
2018-01-05 22:28:00,0.911318682957103,0.00840894232170041,0,0,0,0,3.6,152.342,1.4,98.08,3.9
2018-01-05 22:29:00,0.910887489740254,0.00813854737640068,0,0,0,0,3.6,152.556,1.4,98.08,3.9
2018-01-05 22:30:00,0.910456296523406,0.00786815243110095,0,0,0,0,3.6,152.77,1.4,98.08,3.9
2018-01-05 22:31:00,0.910025103306558,0.00820184513580477,0,0,0,0,3.64,152.986,1.4,98.36,3.9
2018-01-05 22:32:00,0.90959391008971,0.00853553784050859,0,0,0,0,3.68,153.202,1.4,98.64,3.9
2018-01-05 22:33:00,0.909162716872862,0.00886923054521241,0,0,0,0,3.72,153.418,1.4,98.92,3.9
2018-01-05 22:34:00,0.908731523656014,0.00920292324991624,0,0,0,0,3.76,153.634,1.4,99.2,3.9
2018-01-05 22:35:00,0.908300330439165,0.00953661595462006,0,0,0,0,3.8,153.85,1.4,99.48,3.9
2018-01-05 22:36:00,0.907869137222317,0.0096431792285013,0,0,0,0,3.8,154.062,1.4,99.48,3.9
2018-01-05 22:37:00,0.907437944005469,0.00974974250238255,0,0,0,0,3.8,154.274,1.4,99.48,3.9
2018-01-05 22:38:00,0.907006750788621,0.00985630577626379,0,0,0,0,3.8,154.486,1.4,99.48,3.9
2018-01-05 22:39:00,0.906575557571773,0.00996286905014504,0,0,0,0,3.8,154.698,1.4,99.48,3.9
2018-01-05 22:40:00,0.906144364354924,0.0100694323240263,0,0,0,0,3.8,154.91,1.4,99.48,3.9
2018-01-05 22:41:00,0.905713171138076,0.00975920097794178,0,0,0,0,3.8,155.124,1.4,99.48,3.9
2018-01-05 22:42:00,0.905281977921228,0.00944896963185728,0,0,0,0,3.8,155.338,1.4,99.48,3.9
2018-01-05 22:43:00,0.90485078470438,0.00913873828577278,0,0,0,0,3.8,155.552,1.4,99.48,3.9
2018-01-05 22:44:00,0.904419591487532,0.00882850693968827,0,0,0,0,3.8,155.766,1.4,99.48,3.9
2018-01-05 22:45:00,0.903988398270683,0.00851827559360377,0,0,0,0,3.8,155.98,1.4,99.48,3.9
2018-01-05 22:46:00,0.903557205053835,0.00852661998140297,0,0,0,0,3.8,156.192,1.4,99.584,3.88
2018-01-05 22:47:00,0.903126011836987,0.00853496436920216,0,0,0,0,3.8,156.404,1.4,99.688,3.86
2018-01-05 22:48:00,0.902694818620139,0.00854330875700134,0,0,0,0,3.8,156.616,1.4,99.792,3.84
2018-01-05 22:49:00,0.90226362540329,0.00855165314480054,0,0,0,0,3.8,156.828,1.4,99.896,3.82
2018-01-05 22:50:00,0.901832432186442,0.00855999753259973,0,0,0,0,3.8,157.04,1.4,100,3.8
2018-01-05 22:51:00,0.901401238969594,0.00840714650284169,0,0,0,0,3.8,157.252,1.4,100,3.8
2018-01-05 22:52:00,0.900970045752746,0.00825429547308365,0,0,0,0,3.8,157.464,1.4,100,3.8
2018-01-05 22:53:00,0.900538852535898,0.00810144444332562,0,0,0,0,3.8,157.676,1.4,100,3.8
2018-01-05 22:54:00,0.90010765931905,0.00794859341356758,0,0,0,0,3.8,157.888,1.4,100,3.8
2018-01-05 22:55:00,0.899676466102201,0.00779574238380954,0,0,0,0,3.8,158.1,1.4,100,3.8
2018-01-05 22:56:00,0.899245272885353,0.00798968458616489,0,0,0,0,3.8,158.31,1.4,100,3.8
2018-01-05 22:57:00,0.898814079668505,0.00818362678852023,0,0,0,0,3.8,158.52,1.4,100,3.8
2018-01-05 22:58:00,0.898382886451657,0.00837756899087558,0,0,0,0,3.8,158.73,1.4,100,3.8
2018-01-05 22:59:00,0.897951693234809,0.00857151119323092,0,0,0,0,3.8,158.94,1.4,100,3.8
2018-01-05 23:00:00,0.897520500017961,0.00876545339558627,0,0,0,0,3.8,159.15,1.4,100,3.8
2018-01-05 23:01:00,0.897026945923511,0.0087797192604216,0,0,0,0,3.8,159.358,1.4,100,3.8
2018-01-05 23:02:00,0.896533391829062,0.00879398512525693,0,0,0,0,3.8,159.566,1.4,100,3.8
2018-01-05 23:03:00,0.896039837734612,0.00880825099009227,0,0,0,0,3.8,159.774,1.4,100,3.8
2018-01-05 23:04:00,0.895546283640163,0.0088225168549276,0,0,0,0,3.8,159.982,1.4,100,3.8
2018-01-05 23:05:00,0.895052729545714,0.00883678271976293,0,0,0,0,3.8,160.19,1.4,100,3.8
2018-01-05 23:06:00,0.894559175451264,0.00887342221845952,0,0,0,0,3.78,160.398,1.4,100,3.78
2018-01-05 23:07:00,0.894065621356815,0.00891006171715612,0,0,0,0,3.76,160.606,1.4,100,3.76
2018-01-05 23:08:00,0.893572067262365,0.00894670121585271,0,0,0,0,3.74,160.814,1.4,100,3.74
2018-01-05 23:09:00,0.893078513167916,0.0089833407145493,0,0,0,0,3.72,161.022,1.4,100,3.72
2018-01-05 23:10:00,0.892584959073467,0.00901998021324589,0,0,0,0,3.7,161.23,1.4,100,3.7
2018-01-05 23:11:00,0.892091404979017,0.00909352705914441,0,0,0,0,3.7,161.434,1.4,100,3.7
2018-01-05 23:12:00,0.891597850884568,0.00916707390504293,0,0,0,0,3.7,161.638,1.4,100,3.7
2018-01-05 23:13:00,0.891104296790119,0.00924062075094146,0,0,0,0,3.7,161.842,1.4,100,3.7
2018-01-05 23:14:00,0.890610742695669,0.00931416759683998,0,0,0,0,3.7,162.046,1.4,100,3.7
2018-01-05 23:15:00,0.89011718860122,0.0093877144427385,0,0,0,0,3.7,162.25,1.4,100,3.7
2018-01-05 23:16:00,0.889623634506771,0.00923226285883268,0,0,0,0,3.7,162.454,1.4,100,3.7
2018-01-05 23:17:00,0.889130080412321,0.00907681127492687,0,0,0,0,3.7,162.658,1.4,100,3.7
2018-01-05 23:18:00,0.888636526317872,0.00892135969102106,0,0,0,0,3.7,162.862,1.4,100,3.7
2018-01-05 23:19:00,0.888142972223422,0.00876590810711525,0,0,0,0,3.7,163.066,1.4,100,3.7
2018-01-05 23:20:00,0.887649418128973,0.00861045652320943,0,0,0,0,3.7,163.27,1.4,100,3.7
2018-01-05 23:21:00,0.887155864034524,0.00883991214677721,0,0,0,0,3.7,163.47,1.4,100,3.7
2018-01-05 23:22:00,0.886662309940074,0.00906936777034498,0,0,0,0,3.7,163.67,1.4,100,3.7
2018-01-05 23:23:00,0.886168755845625,0.00929882339391275,0,0,0,0,3.7,163.87,1.4,100,3.7
2018-01-05 23:24:00,0.885675201751175,0.00952827901748052,0,0,0,0,3.7,164.07,1.4,100,3.7
2018-01-05 23:25:00,0.885181647656726,0.0097577346410483,0,0,0,0,3.7,164.27,1.4,100,3.7
2018-01-05 23:26:00,0.884688093562277,0.0094535737008059,0,0,0,0,3.7,164.468,1.4,100,3.7
2018-01-05 23:27:00,0.884194539467827,0.00914941276056351,0,0,0,0,3.7,164.666,1.4,100,3.7
2018-01-05 23:28:00,0.883700985373378,0.00884525182032111,0,0,0,0,3.7,164.864,1.4,100,3.7
2018-01-05 23:29:00,0.883207431278929,0.00854109088007871,0,0,0,0,3.7,165.062,1.4,100,3.7
2018-01-05 23:30:00,0.882713877184479,0.00823692993983632,0,0,0,0,3.7,165.26,1.4,100,3.7
2018-01-05 23:31:00,0.88222032309003,0.00846540479298559,0,0,0,0,3.68,165.452,1.4,100,3.68
2018-01-05 23:32:00,0.88172676899558,0.00869387964613487,0,0,0,0,3.66,165.644,1.4,100,3.66
2018-01-05 23:33:00,0.881233214901131,0.00892235449928415,0,0,0,0,3.64,165.836,1.4,100,3.64
2018-01-05 23:34:00,0.880739660806682,0.00915082935243342,0,0,0,0,3.62,166.028,1.4,100,3.62
2018-01-05 23:35:00,0.880246106712232,0.0093793042055827,0,0,0,0,3.6,166.22,1.4,100,3.6
2018-01-05 23:36:00,0.879752552617783,0.00952282423483953,0,0,0,0,3.6,166.408,1.4,100,3.6
2018-01-05 23:37:00,0.879258998523334,0.00966634426409636,0,0,0,0,3.6,166.596,1.4,100,3.6
2018-01-05 23:38:00,0.878765444428884,0.00980986429335319,0,0,0,0,3.6,166.784,1.4,100,3.6
2018-01-05 23:39:00,0.878271890334435,0.00995338432261001,0,0,0,0,3.6,166.972,1.4,100,3.6
2018-01-05 23:40:00,0.877778336239985,0.0100969043518668,0,0,0,0,3.6,167.16,1.4,100,3.6
2018-01-05 23:41:00,0.877284782145536,0.00954441968633798,0,0,0,0,3.6,167.342,1.38,100,3.6
2018-01-05 23:42:00,0.876791228051087,0.00899193502080911,0,0,0,0,3.6,167.524,1.36,100,3.6
2018-01-05 23:43:00,0.876297673956637,0.00843945035528025,0,0,0,0,3.6,167.706,1.34,100,3.6
2018-01-05 23:44:00,0.875804119862188,0.00788696568975138,0,0,0,0,3.6,167.888,1.32,100,3.6
2018-01-05 23:45:00,0.875310565767738,0.00733448102422251,0,0,0,0,3.6,168.07,1.3,100,3.6
2018-01-05 23:46:00,0.874817011673289,0.00740629785182079,0,0,0,0,3.6,168.244,1.3,100,3.6
2018-01-05 23:47:00,0.87432345757884,0.00747811467941906,0,0,0,0,3.6,168.418,1.3,100,3.6
2018-01-05 23:48:00,0.87382990348439,0.00754993150701733,0,0,0,0,3.6,168.592,1.3,100,3.6
2018-01-05 23:49:00,0.873336349389941,0.00762174833461561,0,0,0,0,3.6,168.766,1.3,100,3.6
2018-01-05 23:50:00,0.872842795295492,0.00769356516221388,0,0,0,0,3.6,168.94,1.3,100,3.6
2018-01-05 23:51:00,0.872349241201042,0.00765046769176665,0,0,0,0,3.6,169.104,1.3,100,3.6
2018-01-05 23:52:00,0.871855687106593,0.00760737022131941,0,0,0,0,3.6,169.268,1.3,100,3.6
2018-01-05 23:53:00,0.871362133012143,0.00756427275087218,0,0,0,0,3.6,169.432,1.3,100,3.6
2018-01-05 23:54:00,0.870868578917694,0.00752117528042494,0,0,0,0,3.6,169.596,1.3,100,3.6
2018-01-05 23:55:00,0.870375024823245,0.00747807780997771,0,0,0,0,3.6,169.76,1.3,100,3.6
2018-01-05 23:56:00,0.869881470728795,0.00757893321764583,0,0,0,0,3.6,169.912,1.3,100,3.6
2018-01-05 23:57:00,0.869387916634346,0.00767978862531396,0,0,0,0,3.6,170.064,1.3,100,3.6
2018-01-05 23:58:00,0.868894362539897,0.00778064403298209,0,0,0,0,3.6,170.216,1.3,100,3.6
2018-01-05 23:59:00,0.868400808445447,0.00788149944065021,0,0,0,0,3.6,170.368,1.3,100,3.6
2018-01-06 00:00:00,0.867907254350998,0.00798235484831834,0,0,0,0,3.6,170.52,1.3,100,3.6
2018-01-06 00:01:00,0.867736299605192,0.00791003336320616,0,0,0,0,3.58,170.656,1.3,100,3.58
2018-01-06 00:02:00,0.867565344859386,0.00783771187809398,0,0,0,0,3.56,170.792,1.3,100,3.56
2018-01-06 00:03:00,0.86739439011358,0.0077653903929818,0,0,0,0,3.54,170.928,1.3,100,3.54
2018-01-06 00:04:00,0.867223435367774,0.00769306890786962,0,0,0,0,3.52,171.064,1.3,100,3.52
2018-01-06 00:05:00,0.867052480621968,0.00762074742275744,0,0,0,0,3.5,171.2,1.3,100,3.5
2018-01-06 00:06:00,0.866881525876163,0.00760543098095633,0,0,0,0,3.5,171.318,1.3,100,3.5
2018-01-06 00:07:00,0.866710571130357,0.00759011453915522,0,0,0,0,3.5,171.436,1.3,100,3.5
2018-01-06 00:08:00,0.866539616384551,0.00757479809735411,0,0,0,0,3.5,171.554,1.3,100,3.5
2018-01-06 00:09:00,0.866368661638745,0.007559481655553,0,0,0,0,3.5,171.672,1.3,100,3.5
2018-01-06 00:10:00,0.866197706892939,0.00754416521375189,0,0,0,0,3.5,171.79,1.3,100,3.5
2018-01-06 00:11:00,0.866026752147133,0.00767288904602673,0,0,0,0,3.5,171.884,1.3,100,3.5
2018-01-06 00:12:00,0.865855797401327,0.00780161287830156,0,0,0,0,3.5,171.978,1.3,100,3.5
2018-01-06 00:13:00,0.865684842655522,0.00793033671057639,0,0,0,0,3.5,172.072,1.3,100,3.5
2018-01-06 00:14:00,0.865513887909716,0.00805906054285123,0,0,0,0,3.5,172.166,1.3,100,3.5
2018-01-06 00:15:00,0.86534293316391,0.00818778437512606,0,0,0,0,3.5,172.26,1.3,100,3.5
2018-01-06 00:16:00,0.865171978418104,0.00805951174408042,0,0,0,0,3.5,172.326,1.3,100,3.5
2018-01-06 00:17:00,0.865001023672298,0.00793123911303477,0,0,0,0,3.5,172.392,1.3,100,3.5
2018-01-06 00:18:00,0.864830068926492,0.00780296648198913,0,0,0,0,3.5,172.458,1.3,100,3.5
2018-01-06 00:19:00,0.864659114180686,0.00767469385094348,0,0,0,0,3.5,172.524,1.3,100,3.5
2018-01-06 00:20:00,0.86448815943488,0.00754642121989784,0,0,0,0,3.5,172.59,1.3,100,3.5
2018-01-06 00:21:00,0.864317204689075,0.0074510700873043,0,0,0,0,3.5,172.622,1.3,100,3.5
2018-01-06 00:22:00,0.864146249943269,0.00735571895471076,0,0,0,0,3.5,172.654,1.3,100,3.5
2018-01-06 00:23:00,0.863975295197463,0.00726036782211722,0,0,0,0,3.5,172.686,1.3,100,3.5
2018-01-06 00:24:00,0.863804340451657,0.00716501668952369,0,0,0,0,3.5,172.718,1.3,100,3.5
2018-01-06 00:25:00,0.863633385705851,0.00706966555693015,0,0,0,0,3.5,172.75,1.3,100,3.5
2018-01-06 00:26:00,0.863462430960045,0.00712296032493999,0,0,0,0,3.5,172.75,1.3,100,3.5
2018-01-06 00:27:00,0.863291476214239,0.00717625509294984,0,0,0,0,3.5,172.75,1.3,100,3.5
2018-01-06 00:28:00,0.863120521468434,0.00722954986095968,0,0,0,0,3.5,172.75,1.3,100,3.5
2018-01-06 00:29:00,0.862949566722628,0.00728284462896952,0,0,0,0,3.5,172.75,1.3,100,3.5
2018-01-06 00:30:00,0.862778611976822,0.00733613939697937,0,0,0,0,3.5,172.75,1.3,100,3.5
2018-01-06 00:31:00,0.862607657231016,0.00735937819897138,0,0,0,0,3.5,172.714,1.3,100,3.5
2018-01-06 00:32:00,0.86243670248521,0.00738261700096338,0,0,0,0,3.5,172.678,1.3,100,3.5
2018-01-06 00:33:00,0.862265747739404,0.00740585580295539,0,0,0,0,3.5,172.642,1.3,100,3.5
2018-01-06 00:34:00,0.862094792993598,0.0074290946049474,0,0,0,0,3.5,172.606,1.3,100,3.5
2018-01-06 00:35:00,0.861923838247793,0.00745233340693941,0,0,0,0,3.5,172.57,1.3,100,3.5
2018-01-06 00:36:00,0.861752883501987,0.00742693134121455,0,0,0,0,3.5,172.504,1.3,100,3.5
2018-01-06 00:37:00,0.861581928756181,0.00740152927548968,0,0,0,0,3.5,172.438,1.3,100,3.5
2018-01-06 00:38:00,0.861410974010375,0.00737612720976482,0,0,0,0,3.5,172.372,1.3,100,3.5
2018-01-06 00:39:00,0.861240019264569,0.00735072514403996,0,0,0,0,3.5,172.306,1.3,100,3.5
2018-01-06 00:40:00,0.861069064518763,0.00732532307831509,0,0,0,0,3.5,172.24,1.3,100,3.5
2018-01-06 00:41:00,0.860898109772957,0.00746465366534557,0,0,0,0,3.5,172.144,1.3,100,3.5
2018-01-06 00:42:00,0.860727155027151,0.00760398425237605,0,0,0,0,3.5,172.048,1.3,100,3.5
2018-01-06 00:43:00,0.860556200281346,0.00774331483940653,0,0,0,0,3.5,171.952,1.3,100,3.5
2018-01-06 00:44:00,0.86038524553554,0.00788264542643701,0,0,0,0,3.5,171.856,1.3,100,3.5
2018-01-06 00:45:00,0.860214290789734,0.00802197601346749,0,0,0,0,3.5,171.76,1.3,100,3.5
2018-01-06 00:46:00,0.860043336043928,0.0077914466026571,0,0,0,0,3.5,171.642,1.3,100,3.5
2018-01-06 00:47:00,0.859872381298122,0.00756091719184671,0,0,0,0,3.5,171.524,1.3,100,3.5
2018-01-06 00:48:00,0.859701426552316,0.00733038778103632,0,0,0,0,3.5,171.406,1.3,100,3.5
2018-01-06 00:49:00,0.85953047180651,0.00709985837022593,0,0,0,0,3.5,171.288,1.3,100,3.5
2018-01-06 00:50:00,0.859359517060704,0.00686932895941554,0,0,0,0,3.5,171.17,1.3,100,3.5
2018-01-06 00:51:00,0.859188562314898,0.00702701754902595,0,0,0,0,3.5,171.032,1.3,100,3.5
2018-01-06 00:52:00,0.859017607569093,0.00718470613863636,0,0,0,0,3.5,170.894,1.3,100,3.5
2018-01-06 00:53:00,0.858846652823287,0.00734239472824677,0,0,0,0,3.5,170.756,1.3,100,3.5
2018-01-06 00:54:00,0.858675698077481,0.00750008331785718,0,0,0,0,3.5,170.618,1.3,100,3.5
2018-01-06 00:55:00,0.858504743331675,0.00765777190746759,0,0,0,0,3.5,170.48,1.3,100,3.5
2018-01-06 00:56:00,0.858333788585869,0.00750058730618151,0,0,0,0,3.5,170.328,1.3,100,3.5
2018-01-06 00:57:00,0.858162833840063,0.00734340270489542,0,0,0,0,3.5,170.176,1.3,100,3.5
2018-01-06 00:58:00,0.857991879094257,0.00718621810360934,0,0,0,0,3.5,170.024,1.3,100,3.5
2018-01-06 00:59:00,0.857820924348452,0.00702903350232326,0,0,0,0,3.5,169.872,1.3,100,3.5
2018-01-06 01:00:00,0.857649969602646,0.00687184890103717,0,0,0,0,3.5,169.72,1.3,100,3.5
2018-01-06 01:01:00,0.857584709696339,0.00691534179915042,0,0,0,0,3.5,169.554,1.3,100,3.5
2018-01-06 01:02:00,0.857519449790033,0.00695883469726367,0,0,0,0,3.5,169.388,1.3,100,3.5
2018-01-06 01:03:00,0.857454189883727,0.00700232759537691,0,0,0,0,3.5,169.222,1.3,100,3.5
2018-01-06 01:04:00,0.85738892997742,0.00704582049349016,0,0,0,0,3.5,169.056,1.3,100,3.5
2018-01-06 01:05:00,0.857323670071114,0.00708931339160341,0,0,0,0,3.5,168.89,1.3,100,3.5
2018-01-06 01:06:00,0.857258410164807,0.00732150985680793,0,0,0,0,3.5,168.716,1.3,100,3.5
2018-01-06 01:07:00,0.857193150258501,0.00755370632201244,0,0,0,0,3.5,168.542,1.3,100,3.5
2018-01-06 01:08:00,0.857127890352194,0.00778590278721696,0,0,0,0,3.5,168.368,1.3,100,3.5
2018-01-06 01:09:00,0.857062630445888,0.00801809925242147,0,0,0,0,3.5,168.194,1.3,100,3.5
2018-01-06 01:10:00,0.856997370539582,0.00825029571762599,0,0,0,0,3.5,168.02,1.3,100,3.5
2018-01-06 01:11:00,0.856932110633275,0.00800381169562481,0,0,0,0,3.5,167.838,1.3,100,3.5
2018-01-06 01:12:00,0.856866850726969,0.00775732767362363,0,0,0,0,3.5,167.656,1.3,100,3.5
2018-01-06 01:13:00,0.856801590820663,0.00751084365162245,0,0,0,0,3.5,167.474,1.3,100,3.5
2018-01-06 01:14:00,0.856736330914356,0.00726435962962127,0,0,0,0,3.5,167.292,1.3,100,3.5
2018-01-06 01:15:00,0.85667107100805,0.00701787560762009,0,0,0,0,3.5,167.11,1.3,100,3.5
2018-01-06 01:16:00,0.856605811101743,0.00710347443835416,0,0,0,0,3.5,166.922,1.3,100,3.5
2018-01-06 01:17:00,0.856540551195437,0.00718907326908823,0,0,0,0,3.5,166.734,1.3,100,3.5
2018-01-06 01:18:00,0.85647529128913,0.0072746720998223,0,0,0,0,3.5,166.546,1.3,100,3.5
2018-01-06 01:19:00,0.856410031382824,0.00736027093055636,0,0,0,0,3.5,166.358,1.3,100,3.5
2018-01-06 01:20:00,0.856344771476518,0.00744586976129043,0,0,0,0,3.5,166.17,1.3,100,3.5
2018-01-06 01:21:00,0.856279511570211,0.0073377088751591,0,0,0,0,3.5,165.976,1.3,100,3.5
2018-01-06 01:22:00,0.856214251663905,0.00722954798902777,0,0,0,0,3.5,165.782,1.3,100,3.5
2018-01-06 01:23:00,0.856148991757598,0.00712138710289645,0,0,0,0,3.5,165.588,1.3,100,3.5
2018-01-06 01:24:00,0.856083731851292,0.00701322621676512,0,0,0,0,3.5,165.394,1.3,100,3.5
2018-01-06 01:25:00,0.856018471944986,0.00690506533063379,0,0,0,0,3.5,165.2,1.3,100,3.5
2018-01-06 01:26:00,0.855953212038679,0.0067733856869282,0,0,0,0,3.5,165.002,1.3,100,3.5
2018-01-06 01:27:00,0.855887952132373,0.00664170604322261,0,0,0,0,3.5,164.804,1.3,100,3.5
2018-01-06 01:28:00,0.855822692226066,0.00651002639951702,0,0,0,0,3.5,164.606,1.3,100,3.5
2018-01-06 01:29:00,0.85575743231976,0.00637834675581143,0,0,0,0,3.5,164.408,1.3,100,3.5
2018-01-06 01:30:00,0.855692172413454,0.00624666711210584,0,0,0,0,3.5,164.21,1.3,100,3.5
2018-01-06 01:31:00,0.855626912507147,0.00658114695202466,0,0,0,0,3.5,164.01,1.3,100,3.5
2018-01-06 01:32:00,0.855561652600841,0.00691562679194348,0,0,0,0,3.5,163.81,1.3,100,3.5
2018-01-06 01:33:00,0.855496392694534,0.0072501066318623,0,0,0,0,3.5,163.61,1.3,100,3.5
2018-01-06 01:34:00,0.855431132788228,0.00758458647178112,0,0,0,0,3.5,163.41,1.3,100,3.5
2018-01-06 01:35:00,0.855365872881921,0.00791906631169994,0,0,0,0,3.5,163.21,1.3,100,3.5
2018-01-06 01:36:00,0.855300612975615,0.00782491826628938,0,0,0,0,3.5,163.008,1.3,100,3.5
2018-01-06 01:37:00,0.855235353069309,0.00773077022087882,0,0,0,0,3.5,162.806,1.3,100,3.5
2018-01-06 01:38:00,0.855170093163002,0.00763662217546826,0,0,0,0,3.5,162.604,1.3,100,3.5
2018-01-06 01:39:00,0.855104833256696,0.0075424741300577,0,0,0,0,3.5,162.402,1.3,100,3.5
2018-01-06 01:40:00,0.855039573350389,0.00744832608464713,0,0,0,0,3.5,162.2,1.3,100,3.5
2018-01-06 01:41:00,0.854974313444083,0.00761493501822554,0,0,0,0,3.5,161.994,1.3,100,3.5
2018-01-06 01:42:00,0.854909053537777,0.00778154395180395,0,0,0,0,3.5,161.788,1.3,100,3.5
2018-01-06 01:43:00,0.85484379363147,0.00794815288538236,0,0,0,0,3.5,161.582,1.3,100,3.5
2018-01-06 01:44:00,0.854778533725164,0.00811476181896077,0,0,0,0,3.5,161.376,1.3,100,3.5
2018-01-06 01:45:00,0.854713273818857,0.00828137075253918,0,0,0,0,3.5,161.17,1.3,100,3.5
2018-01-06 01:46:00,0.854648013912551,0.00828989209086207,0,0,0,0,3.5,160.962,1.3,100,3.5
2018-01-06 01:47:00,0.854582754006245,0.00829841342918496,0,0,0,0,3.5,160.754,1.3,100,3.5
2018-01-06 01:48:00,0.854517494099938,0.00830693476750784,0,0,0,0,3.5,160.546,1.3,100,3.5
2018-01-06 01:49:00,0.854452234193632,0.00831545610583073,0,0,0,0,3.5,160.338,1.3,100,3.5
2018-01-06 01:50:00,0.854386974287325,0.00832397744415362,0,0,0,0,3.5,160.13,1.3,100,3.5
2018-01-06 01:51:00,0.854321714381019,0.0080642392175828,0,0,0,0,3.5,159.922,1.3,100,3.5
2018-01-06 01:52:00,0.854256454474713,0.00780450099101198,0,0,0,0,3.5,159.714,1.3,100,3.5
2018-01-06 01:53:00,0.854191194568406,0.00754476276444116,0,0,0,0,3.5,159.506,1.3,100,3.5
2018-01-06 01:54:00,0.8541259346621,0.00728502453787033,0,0,0,0,3.5,159.298,1.3,100,3.5
2018-01-06 01:55:00,0.854060674755793,0.00702528631129951,0,0,0,0,3.5,159.09,1.3,100,3.5
2018-01-06 01:56:00,0.853995414849487,0.00718175414331696,0,0,0,0,3.5,158.88,1.3,100,3.5
2018-01-06 01:57:00,0.853930154943181,0.00733822197533441,0,0,0,0,3.5,158.67,1.3,100,3.5
2018-01-06 01:58:00,0.853864895036874,0.00749468980735185,0,0,0,0,3.5,158.46,1.3,100,3.5
2018-01-06 01:59:00,0.853799635130568,0.0076511576393693,0,0,0,0,3.5,158.25,1.3,100,3.5
2018-01-06 02:00:00,0.853734375224261,0.00780762547138675,0,0,0,0,3.5,158.04,1.3,100,3.5
2018-01-06 02:01:00,0.853798002033674,0.00782286155270919,0,0,0,0,3.48,157.828,1.3,100,3.48
2018-01-06 02:02:00,0.853861628843086,0.00783809763403163,0,0,0,0,3.46,157.616,1.3,100,3.46
2018-01-06 02:03:00,0.853925255652499,0.00785333371535407,0,0,0,0,3.44,157.404,1.3,100,3.44
2018-01-06 02:04:00,0.853988882461911,0.00786856979667651,0,0,0,0,3.42,157.192,1.3,100,3.42
2018-01-06 02:05:00,0.854052509271323,0.00788380587799895,0,0,0,0,3.4,156.98,1.3,100,3.4
2018-01-06 02:06:00,0.854116136080736,0.00761026626539495,0,0,0,0,3.4,156.768,1.3,100,3.4
2018-01-06 02:07:00,0.854179762890148,0.00733672665279095,0,0,0,0,3.4,156.556,1.3,100,3.4
2018-01-06 02:08:00,0.854243389699561,0.00706318704018696,0,0,0,0,3.4,156.344,1.3,100,3.4
2018-01-06 02:09:00,0.854307016508973,0.00678964742758296,0,0,0,0,3.4,156.132,1.3,100,3.4
2018-01-06 02:10:00,0.854370643318386,0.00651610781497896,0,0,0,0,3.4,155.92,1.3,100,3.4
2018-01-06 02:11:00,0.854434270127798,0.00679768026361691,0,0,0,0,3.4,155.706,1.3,100,3.4
2018-01-06 02:12:00,0.854497896937211,0.00707925271225487,0,0,0,0,3.4,155.492,1.3,100,3.4
2018-01-06 02:13:00,0.854561523746623,0.00736082516089282,0,0,0,0,3.4,155.278,1.3,100,3.4
2018-01-06 02:14:00,0.854625150556035,0.00764239760953077,0,0,0,0,3.4,155.064,1.3,100,3.4
2018-01-06 02:15:00,0.854688777365448,0.00792397005816872,0,0,0,0,3.4,154.85,1.3,100,3.4
2018-01-06 02:16:00,0.85475240417486,0.00787572649665323,0,0,0,0,3.4,154.636,1.3,100,3.4
2018-01-06 02:17:00,0.854816030984273,0.00782748293513774,0,0,0,0,3.4,154.422,1.3,100,3.4
2018-01-06 02:18:00,0.854879657793685,0.00777923937362224,0,0,0,0,3.4,154.208,1.3,100,3.4
2018-01-06 02:19:00,0.854943284603098,0.00773099581210675,0,0,0,0,3.4,153.994,1.3,100,3.4
2018-01-06 02:20:00,0.85500691141251,0.00768275225059126,0,0,0,0,3.4,153.78,1.3,100,3.4
2018-01-06 02:21:00,0.855070538221923,0.0075263311722817,0,0,0,0,3.4,153.566,1.3,100,3.4
2018-01-06 02:22:00,0.855134165031335,0.00736991009397214,0,0,0,0,3.4,153.352,1.3,100,3.4
2018-01-06 02:23:00,0.855197791840747,0.00721348901566258,0,0,0,0,3.4,153.138,1.3,100,3.4
2018-01-06 02:24:00,0.85526141865016,0.00705706793735302,0,0,0,0,3.4,152.924,1.3,100,3.4
2018-01-06 02:25:00,0.855325045459572,0.00690064685904346,0,0,0,0,3.4,152.71,1.3,100,3.4
2018-01-06 02:26:00,0.855388672268985,0.00693595292909195,0,0,0,0,3.38,152.496,1.3,100,3.38
2018-01-06 02:27:00,0.855452299078397,0.00697125899914044,0,0,0,0,3.36,152.282,1.3,100,3.36
2018-01-06 02:28:00,0.85551592588781,0.00700656506918894,0,0,0,0,3.34,152.068,1.3,100,3.34
2018-01-06 02:29:00,0.855579552697222,0.00704187113923743,0,0,0,0,3.32,151.854,1.3,100,3.32
2018-01-06 02:30:00,0.855643179506634,0.00707717720928592,0,0,0,0,3.3,151.64,1.3,100,3.3
2018-01-06 02:31:00,0.855706806316047,0.00684944520260383,0,0,0,0,3.3,151.424,1.3,100,3.3
2018-01-06 02:32:00,0.855770433125459,0.00662171319592174,0,0,0,0,3.3,151.208,1.3,100,3.3
2018-01-06 02:33:00,0.855834059934872,0.00639398118923965,0,0,0,0,3.3,150.992,1.3,100,3.3
2018-01-06 02:34:00,0.855897686744284,0.00616624918255756,0,0,0,0,3.3,150.776,1.3,100,3.3
2018-01-06 02:35:00,0.855961313553697,0.00593851717587547,0,0,0,0,3.3,150.56,1.3,100,3.3
2018-01-06 02:36:00,0.856024940363109,0.00611177865584203,0,0,0,0,3.3,150.344,1.3,100,3.3
2018-01-06 02:37:00,0.856088567172521,0.0062850401358086,0,0,0,0,3.3,150.128,1.3,100,3.3
2018-01-06 02:38:00,0.856152193981934,0.00645830161577516,0,0,0,0,3.3,149.912,1.3,100,3.3
2018-01-06 02:39:00,0.856215820791346,0.00663156309574173,0,0,0,0,3.3,149.696,1.3,100,3.3
2018-01-06 02:40:00,0.856279447600759,0.00680482457570829,0,0,0,0,3.3,149.48,1.3,100,3.3
2018-01-06 02:41:00,0.856343074410171,0.00689334736348188,0,0,0,0,3.3,149.264,1.3,100,3.3
2018-01-06 02:42:00,0.856406701219584,0.00698187015125547,0,0,0,0,3.3,149.048,1.3,100,3.3
2018-01-06 02:43:00,0.856470328028996,0.00707039293902906,0,0,0,0,3.3,148.832,1.3,100,3.3
2018-01-06 02:44:00,0.856533954838408,0.00715891572680265,0,0,0,0,3.3,148.616,1.3,100,3.3
2018-01-06 02:45:00,0.856597581647821,0.00724743851457624,0,0,0,0,3.3,148.4,1.3,100,3.3
2018-01-06 02:46:00,0.856661208457233,0.00738162561333445,0,0,0,0,3.3,148.184,1.3,100,3.3
2018-01-06 02:47:00,0.856724835266646,0.00751581271209267,0,0,0,0,3.3,147.968,1.3,100,3.3
2018-01-06 02:48:00,0.856788462076058,0.00764999981085088,0,0,0,0,3.3,147.752,1.3,100,3.3
2018-01-06 02:49:00,0.856852088885471,0.00778418690960909,0,0,0,0,3.3,147.536,1.3,100,3.3
2018-01-06 02:50:00,0.856915715694883,0.00791837400836731,0,0,0,0,3.3,147.32,1.3,100,3.3
2018-01-06 02:51:00,0.856979342504296,0.0077569062416694,0,0,0,0,3.28,147.102,1.3,100,3.28
2018-01-06 02:52:00,0.857042969313708,0.00759543847497148,0,0,0,0,3.26,146.884,1.3,100,3.26
2018-01-06 02:53:00,0.85710659612312,0.00743397070827357,0,0,0,0,3.24,146.666,1.3,100,3.24
2018-01-06 02:54:00,0.857170222932533,0.00727250294157566,0,0,0,0,3.22,146.448,1.3,100,3.22
2018-01-06 02:55:00,0.857233849741945,0.00711103517487774,0,0,0,0,3.2,146.23,1.3,100,3.2
2018-01-06 02:56:00,0.857297476551358,0.00715782564730101,0,0,0,0,3.2,146.014,1.3,100,3.2
2018-01-06 02:57:00,0.85736110336077,0.00720461611972427,0,0,0,0,3.2,145.798,1.3,100,3.2
2018-01-06 02:58:00,0.857424730170183,0.00725140659214753,0,0,0,0,3.2,145.582,1.3,100,3.2
2018-01-06 02:59:00,0.857488356979595,0.0072981970645708,0,0,0,0,3.2,145.366,1.3,100,3.2
2018-01-06 03:00:00,0.857551983789008,0.00734498753699406,0,0,0,0,3.2,145.15,1.3,100,3.2
2018-01-06 03:01:00,0.857718851857356,0.00732920691423519,0,0,0,0,3.2,144.934,1.3,100,3.2
2018-01-06 03:02:00,0.857885719925705,0.00731342629147632,0,0,0,0,3.2,144.718,1.3,100,3.2
2018-01-06 03:03:00,0.858052587994053,0.00729764566871745,0,0,0,0,3.2,144.502,1.3,100,3.2
2018-01-06 03:04:00,0.858219456062402,0.00728186504595858,0,0,0,0,3.2,144.286,1.3,100,3.2
2018-01-06 03:05:00,0.85838632413075,0.0072660844231997,0,0,0,0,3.2,144.07,1.3,100,3.2
2018-01-06 03:06:00,0.858553192199099,0.00721075004276103,0,0,0,0,3.2,143.852,1.3,100,3.2
2018-01-06 03:07:00,0.858720060267448,0.00715541566232235,0,0,0,0,3.2,143.634,1.3,100,3.2
2018-01-06 03:08:00,0.858886928335796,0.00710008128188368,0,0,0,0,3.2,143.416,1.3,100,3.2
2018-01-06 03:09:00,0.859053796404145,0.007044746901445,0,0,0,0,3.2,143.198,1.3,100,3.2
2018-01-06 03:10:00,0.859220664472493,0.00698941252100633,0,0,0,0,3.2,142.98,1.3,100,3.2
2018-01-06 03:11:00,0.859387532540842,0.0072424620390976,0,0,0,0,3.18,142.764,1.3,100,3.18
2018-01-06 03:12:00,0.85955440060919,0.00749551155718887,0,0,0,0,3.16,142.548,1.3,100,3.16
2018-01-06 03:13:00,0.859721268677539,0.00774856107528014,0,0,0,0,3.14,142.332,1.3,100,3.14
2018-01-06 03:14:00,0.859888136745887,0.00800161059337141,0,0,0,0,3.12,142.116,1.3,100,3.12
2018-01-06 03:15:00,0.860055004814236,0.00825466011146268,0,0,0,0,3.1,141.9,1.3,100,3.1
2018-01-06 03:16:00,0.860221872882585,0.00848177401761288,0,0,0,0,3.1,141.682,1.3,100,3.1
2018-01-06 03:17:00,0.860388740950933,0.00870888792376308,0,0,0,0,3.1,141.464,1.3,100,3.1
2018-01-06 03:18:00,0.860555609019282,0.00893600182991329,0,0,0,0,3.1,141.246,1.3,100,3.1
2018-01-06 03:19:00,0.86072247708763,0.00916311573606349,0,0,0,0,3.1,141.028,1.3,100,3.1
2018-01-06 03:20:00,0.860889345155979,0.00939022964221369,0,0,0,0,3.1,140.81,1.3,100,3.1
2018-01-06 03:21:00,0.861056213224328,0.00900050028930277,0,0,0,0,3.1,140.594,1.3,100,3.1
2018-01-06 03:22:00,0.861223081292676,0.00861077093639185,0,0,0,0,3.1,140.378,1.3,100,3.1
2018-01-06 03:23:00,0.861389949361025,0.00822104158348093,0,0,0,0,3.1,140.162,1.3,100,3.1
2018-01-06 03:24:00,0.861556817429373,0.00783131223057001,0,0,0,0,3.1,139.946,1.3,100,3.1
2018-01-06 03:25:00,0.861723685497722,0.00744158287765909,0,0,0,0,3.1,139.73,1.3,100,3.1
2018-01-06 03:26:00,0.86189055356607,0.00762475242681231,0,0,0,0,3.08,139.512,1.3,100,3.08
2018-01-06 03:27:00,0.862057421634419,0.00780792197596553,0,0,0,0,3.06,139.294,1.3,100,3.06
2018-01-06 03:28:00,0.862224289702768,0.00799109152511875,0,0,0,0,3.04,139.076,1.3,100,3.04
2018-01-06 03:29:00,0.862391157771116,0.00817426107427197,0,0,0,0,3.02,138.858,1.3,100,3.02
2018-01-06 03:30:00,0.862558025839465,0.00835743062342519,0,0,0,0,3,138.64,1.3,100,3
2018-01-06 03:31:00,0.862724893907813,0.00798590717359085,0,0,0,0,3,138.424,1.3,100,3
2018-01-06 03:32:00,0.862891761976162,0.0076143837237565,0,0,0,0,3,138.208,1.3,100,3
2018-01-06 03:33:00,0.86305863004451,0.00724286027392216,0,0,0,0,3,137.992,1.3,100,3
2018-01-06 03:34:00,0.863225498112859,0.00687133682408782,0,0,0,0,3,137.776,1.3,100,3
2018-01-06 03:35:00,0.863392366181208,0.00649981337425348,0,0,0,0,3,137.56,1.3,100,3
2018-01-06 03:36:00,0.863559234249556,0.00686395040659684,0,0,0,0,3,137.342,1.3,100,3
2018-01-06 03:37:00,0.863726102317905,0.0072280874389402,0,0,0,0,3,137.124,1.3,100,3
2018-01-06 03:38:00,0.863892970386253,0.00759222447128356,0,0,0,0,3,136.906,1.3,100,3
2018-01-06 03:39:00,0.864059838454602,0.00795636150362693,0,0,0,0,3,136.688,1.3,100,3
2018-01-06 03:40:00,0.86422670652295,0.00832049853597029,0,0,0,0,3,136.47,1.3,100,3
2018-01-06 03:41:00,0.864393574591299,0.00812404343788961,0,0,0,0,2.98,136.254,1.3,100,2.98
2018-01-06 03:42:00,0.864560442659647,0.00792758833980894,0,0,0,0,2.96,136.038,1.3,100,2.96
2018-01-06 03:43:00,0.864727310727996,0.00773113324172827,0,0,0,0,2.94,135.822,1.3,100,2.94
2018-01-06 03:44:00,0.864894178796345,0.0075346781436476,0,0,0,0,2.92,135.606,1.3,100,2.92
2018-01-06 03:45:00,0.865061046864693,0.00733822304556693,0,0,0,0,2.9,135.39,1.3,100,2.9
2018-01-06 03:46:00,0.865227914933042,0.00719699925733855,0,0,0,0,2.9,135.172,1.3,100,2.9
2018-01-06 03:47:00,0.86539478300139,0.00705577546911016,0,0,0,0,2.9,134.954,1.3,100,2.9
2018-01-06 03:48:00,0.865561651069739,0.00691455168088178,0,0,0,0,2.9,134.736,1.3,100,2.9
2018-01-06 03:49:00,0.865728519138088,0.00677332789265339,0,0,0,0,2.9,134.518,1.3,100,2.9
2018-01-06 03:50:00,0.865895387206436,0.00663210410442501,0,0,0,0,2.9,134.3,1.3,100,2.9
2018-01-06 03:51:00,0.866062255274785,0.00725551806948017,0,0,0,0,2.9,134.084,1.32,100,2.9
2018-01-06 03:52:00,0.866229123343133,0.00787893203453534,0,0,0,0,2.9,133.868,1.34,100,2.9
2018-01-06 03:53:00,0.866395991411482,0.00850234599959051,0,0,0,0,2.9,133.652,1.36,100,2.9
2018-01-06 03:54:00,0.86656285947983,0.00912575996464567,0,0,0,0,2.9,133.436,1.38,100,2.9
2018-01-06 03:55:00,0.866729727548179,0.00974917392970084,0,0,0,0,2.9,133.22,1.4,100,2.9
2018-01-06 03:56:00,0.866896595616528,0.00967962818946378,0,0,0,0,2.9,133.004,1.4,100,2.9
2018-01-06 03:57:00,0.867063463684876,0.00961008244922673,0,0,0,0,2.9,132.788,1.4,100,2.9
2018-01-06 03:58:00,0.867230331753225,0.00954053670898967,0,0,0,0,2.9,132.572,1.4,100,2.9
2018-01-06 03:59:00,0.867397199821573,0.00947099096875261,0,0,0,0,2.9,132.356,1.4,100,2.9
2018-01-06 04:00:00,0.867564067889922,0.00940144522851556,0,0,0,0,2.9,132.14,1.4,100,2.9
2018-01-06 04:01:00,0.86802076932692,0.0093804063290346,0,0,0,0,2.88,131.924,1.4,100,2.88
2018-01-06 04:02:00,0.868477470763919,0.00935936742955363,0,0,0,0,2.86,131.708,1.4,100,2.86
2018-01-06 04:03:00,0.868934172200918,0.00933832853007266,0,0,0,0,2.84,131.492,1.4,100,2.84
2018-01-06 04:04:00,0.869390873637916,0.0093172896305917,0,0,0,0,2.82,131.276,1.4,100,2.82
2018-01-06 04:05:00,0.869847575074915,0.00929625073111074,0,0,0,0,2.8,131.06,1.4,100,2.8
2018-01-06 04:06:00,0.870304276511913,0.00901040037256231,0,0,0,0,2.8,130.842,1.4,100,2.8
2018-01-06 04:07:00,0.870760977948912,0.00872455001401388,0,0,0,0,2.8,130.624,1.4,100,2.8
2018-01-06 04:08:00,0.871217679385911,0.00843869965546545,0,0,0,0,2.8,130.406,1.4,100,2.8
2018-01-06 04:09:00,0.871674380822909,0.00815284929691702,0,0,0,0,2.8,130.188,1.4,100,2.8
2018-01-06 04:10:00,0.872131082259908,0.00786699893836859,0,0,0,0,2.8,129.97,1.4,100,2.8
2018-01-06 04:11:00,0.872587783696906,0.00812697958648781,0,0,0,0,2.8,129.754,1.4,100,2.8
2018-01-06 04:12:00,0.873044485133905,0.00838696023460703,0,0,0,0,2.8,129.538,1.4,100,2.8
2018-01-06 04:13:00,0.873501186570904,0.00864694088272625,0,0,0,0,2.8,129.322,1.4,100,2.8
2018-01-06 04:14:00,0.873957888007902,0.00890692153084547,0,0,0,0,2.8,129.106,1.4,100,2.8
2018-01-06 04:15:00,0.874414589444901,0.00916690217896469,0,0,0,0,2.8,128.89,1.4,100,2.8
2018-01-06 04:16:00,0.874871290881899,0.00926462400262434,0,0,0,0,2.8,128.676,1.4,100,2.8
2018-01-06 04:17:00,0.875327992318898,0.00936234582628399,0,0,0,0,2.8,128.462,1.4,100,2.8
2018-01-06 04:18:00,0.875784693755897,0.00946006764994363,0,0,0,0,2.8,128.248,1.4,100,2.8
2018-01-06 04:19:00,0.876241395192895,0.00955778947360327,0,0,0,0,2.8,128.034,1.4,100,2.8
2018-01-06 04:20:00,0.876698096629894,0.00965551129726292,0,0,0,0,2.8,127.82,1.4,100,2.8
2018-01-06 04:21:00,0.877154798066892,0.00989756454324634,0,0,0,0,2.78,127.604,1.4,100,2.78
2018-01-06 04:22:00,0.877611499503891,0.0101396177892298,0,0,0,0,2.76,127.388,1.4,100,2.76
2018-01-06 04:23:00,0.87806820094089,0.0103816710352132,0,0,0,0,2.74,127.172,1.4,100,2.74
2018-01-06 04:24:00,0.878524902377888,0.0106237242811966,0,0,0,0,2.72,126.956,1.4,100,2.72
2018-01-06 04:25:00,0.878981603814887,0.01086577752718,0,0,0,0,2.7,126.74,1.4,100,2.7
2018-01-06 04:26:00,0.879438305251885,0.010317367597947,0,0,0,0,2.7,126.524,1.4,100,2.7
2018-01-06 04:27:00,0.879895006688884,0.0097689576687139,0,0,0,0,2.7,126.308,1.4,100,2.7
2018-01-06 04:28:00,0.880351708125882,0.00922054773948084,0,0,0,0,2.7,126.092,1.4,100,2.7
2018-01-06 04:29:00,0.880808409562881,0.00867213781024778,0,0,0,0,2.7,125.876,1.4,100,2.7
2018-01-06 04:30:00,0.88126511099988,0.00812372788101472,0,0,0,0,2.7,125.66,1.4,100,2.7
2018-01-06 04:31:00,0.881721812436878,0.00828819624035611,0,0,0,0,2.7,125.446,1.4,100,2.7
2018-01-06 04:32:00,0.882178513873877,0.0084526645996975,0,0,0,0,2.7,125.232,1.4,100,2.7
2018-01-06 04:33:00,0.882635215310876,0.00861713295903888,0,0,0,0,2.7,125.018,1.4,100,2.7
2018-01-06 04:34:00,0.883091916747874,0.00878160131838027,0,0,0,0,2.7,124.804,1.4,100,2.7
2018-01-06 04:35:00,0.883548618184873,0.00894606967772166,0,0,0,0,2.7,124.59,1.4,100,2.7
2018-01-06 04:36:00,0.884005319621871,0.00900648566642821,0,0,0,0,2.7,124.374,1.4,100,2.7
2018-01-06 04:37:00,0.88446202105887,0.00906690165513475,0,0,0,0,2.7,124.158,1.4,100,2.7
2018-01-06 04:38:00,0.884918722495868,0.00912731764384129,0,0,0,0,2.7,123.942,1.4,100,2.7
2018-01-06 04:39:00,0.885375423932867,0.00918773363254784,0,0,0,0,2.7,123.726,1.4,100,2.7
2018-01-06 04:40:00,0.885832125369866,0.00924814962125438,0,0,0,0,2.7,123.51,1.4,100,2.7
2018-01-06 04:41:00,0.886288826806864,0.0089428639040754,0,0,0,0,2.68,123.296,1.4,100,2.68
2018-01-06 04:42:00,0.886745528243863,0.00863757818689642,0,0,0,0,2.66,123.082,1.4,100,2.66
2018-01-06 04:43:00,0.887202229680861,0.00833229246971743,0,0,0,0,2.64,122.868,1.4,100,2.64
2018-01-06 04:44:00,0.88765893111786,0.00802700675253845,0,0,0,0,2.62,122.654,1.4,100,2.62
2018-01-06 04:45:00,0.888115632554859,0.00772172103535947,0,0,0,0,2.6,122.44,1.4,100,2.6
2018-01-06 04:46:00,0.888572333991857,0.00815325131964518,0,0,0,0,2.6,122.226,1.4,100,2.6
2018-01-06 04:47:00,0.889029035428856,0.00858478160393089,0,0,0,0,2.6,122.012,1.4,100,2.6
2018-01-06 04:48:00,0.889485736865854,0.00901631188821661,0,0,0,0,2.6,121.798,1.4,100,2.6
2018-01-06 04:49:00,0.889942438302853,0.00944784217250232,0,0,0,0,2.6,121.584,1.4,100,2.6
2018-01-06 04:50:00,0.890399139739852,0.00987937245678803,0,0,0,0,2.6,121.37,1.4,100,2.6
2018-01-06 04:51:00,0.89085584117685,0.00971134147377181,0,0,0,0,2.6,121.156,1.4,100,2.6
2018-01-06 04:52:00,0.891312542613849,0.00954331049075559,0,0,0,0,2.6,120.942,1.4,100,2.6
2018-01-06 04:53:00,0.891769244050847,0.00937527950773938,0,0,0,0,2.6,120.728,1.4,100,2.6
2018-01-06 04:54:00,0.892225945487846,0.00920724852472316,0,0,0,0,2.6,120.514,1.4,100,2.6
2018-01-06 04:55:00,0.892682646924845,0.00903921754170694,0,0,0,0,2.6,120.3,1.4,100,2.6
2018-01-06 04:56:00,0.893139348361843,0.00882607265932712,0,0,0,0,2.6,120.086,1.4,100,2.6
2018-01-06 04:57:00,0.893596049798842,0.0086129277769473,0,0,0,0,2.6,119.872,1.4,100,2.6
2018-01-06 04:58:00,0.89405275123584,0.00839978289456747,0,0,0,0,2.6,119.658,1.4,100,2.6
2018-01-06 04:59:00,0.894509452672839,0.00818663801218765,0,0,0,0,2.6,119.444,1.4,100,2.6
2018-01-06 05:00:00,0.894966154109838,0.00797349312980782,0,0,0,0,2.6,119.23,1.4,100,2.6
2018-01-06 05:01:00,0.895500896416523,0.00832014346354202,0,0,0,0,2.6,119.018,1.42,100,2.6
2018-01-06 05:02:00,0.896035638723208,0.00866679379727622,0,0,0,0,2.6,118.806,1.44,100,2.6
2018-01-06 05:03:00,0.896570381029893,0.00901344413101042,0,0,0,0,2.6,118.594,1.46,100,2.6
2018-01-06 05:04:00,0.897105123336578,0.00936009446474462,0,0,0,0,2.6,118.382,1.48,100,2.6
2018-01-06 05:05:00,0.897639865643263,0.00970674479847882,0,0,0,0,2.6,118.17,1.5,100,2.6
2018-01-06 05:06:00,0.898174607949949,0.00973670518239844,0,0,0,0,2.58,117.956,1.5,100,2.58
2018-01-06 05:07:00,0.898709350256634,0.00976666556631805,0,0,0,0,2.56,117.742,1.5,100,2.56
2018-01-06 05:08:00,0.899244092563319,0.00979662595023767,0,0,0,0,2.54,117.528,1.5,100,2.54
2018-01-06 05:09:00,0.899778834870004,0.00982658633415729,0,0,0,0,2.52,117.314,1.5,100,2.52
2018-01-06 05:10:00,0.900313577176689,0.00985654671807691,0,0,0,0,2.5,117.1,1.5,100,2.5
2018-01-06 05:11:00,0.900848319483375,0.0100011650860895,0,0,0,0,2.5,116.888,1.5,100,2.5
2018-01-06 05:12:00,0.90138306179006,0.0101457834541021,0,0,0,0,2.5,116.676,1.5,100,2.5
2018-01-06 05:13:00,0.901917804096745,0.0102904018221147,0,0,0,0,2.5,116.464,1.5,100,2.5
2018-01-06 05:14:00,0.90245254640343,0.0104350201901273,0,0,0,0,2.5,116.252,1.5,100,2.5
2018-01-06 05:15:00,0.902987288710115,0.0105796385581399,0,0,0,0,2.5,116.04,1.5,100,2.5
2018-01-06 05:16:00,0.9035220310168,0.0103197695437166,0,0,0,0,2.5,115.828,1.5,100,2.5
2018-01-06 05:17:00,0.904056773323486,0.0100599005292932,0,0,0,0,2.5,115.616,1.5,100,2.5
2018-01-06 05:18:00,0.904591515630171,0.00980003151486987,0,0,0,0,2.5,115.404,1.5,100,2.5
2018-01-06 05:19:00,0.905126257936856,0.00954016250044653,0,0,0,0,2.5,115.192,1.5,100,2.5
2018-01-06 05:20:00,0.905661000243541,0.00928029348602318,0,0,0,0,2.5,114.98,1.5,100,2.5
2018-01-06 05:21:00,0.906195742550227,0.00948892789401635,0,0,0,0,2.5,114.768,1.5,100,2.5
2018-01-06 05:22:00,0.906730484856912,0.00969756230200952,0,0,0,0,2.5,114.556,1.5,100,2.5
2018-01-06 05:23:00,0.907265227163597,0.00990619671000269,0,0,0,0,2.5,114.344,1.5,100,2.5
2018-01-06 05:24:00,0.907799969470282,0.0101148311179959,0,0,0,0,2.5,114.132,1.5,100,2.5
2018-01-06 05:25:00,0.908334711776967,0.010323465525989,0,0,0,0,2.5,113.92,1.5,100,2.5
2018-01-06 05:26:00,0.908869454083653,0.0105552073841765,0,0,0,0,2.5,113.71,1.5,100,2.5
2018-01-06 05:27:00,0.909404196390338,0.0107869492423639,0,0,0,0,2.5,113.5,1.5,100,2.5
2018-01-06 05:28:00,0.909938938697023,0.0110186911005514,0,0,0,0,2.5,113.29,1.5,100,2.5
2018-01-06 05:29:00,0.910473681003708,0.0112504329587388,0,0,0,0,2.5,113.08,1.5,100,2.5
2018-01-06 05:30:00,0.911008423310393,0.0114821748169263,0,0,0,0,2.5,112.87,1.5,100,2.5
2018-01-06 05:31:00,0.911543165617078,0.0111676245575138,0,0,0,0,2.5,112.658,1.5,100,2.5
2018-01-06 05:32:00,0.912077907923764,0.0108530742981013,0,0,0,0,2.5,112.446,1.5,100,2.5
2018-01-06 05:33:00,0.912612650230449,0.0105385240386889,0,0,0,0,2.5,112.234,1.5,100,2.5
2018-01-06 05:34:00,0.913147392537134,0.0102239737792764,0,0,0,0,2.5,112.022,1.5,100,2.5
2018-01-06 05:35:00,0.913682134843819,0.00990942351986395,0,0,0,0,2.5,111.81,1.5,100,2.5
2018-01-06 05:36:00,0.914216877150504,0.0100008912367447,0,0,0,0,2.5,111.6,1.5,100,2.5
2018-01-06 05:37:00,0.91475161945719,0.0100923589536255,0,0,0,0,2.5,111.39,1.5,100,2.5
2018-01-06 05:38:00,0.915286361763875,0.0101838266705062,0,0,0,0,2.5,111.18,1.5,100,2.5
2018-01-06 05:39:00,0.91582110407056,0.010275294387387,0,0,0,0,2.5,110.97,1.5,100,2.5
2018-01-06 05:40:00,0.916355846377245,0.0103667621042677,0,0,0,0,2.5,110.76,1.5,100,2.5
2018-01-06 05:41:00,0.91689058868393,0.0102758003627468,0,0,0,0,2.5,110.55,1.5,100,2.5
2018-01-06 05:42:00,0.917425330990616,0.0101848386212258,0,0,0,0,2.5,110.34,1.5,100,2.5
2018-01-06 05:43:00,0.917960073297301,0.0100938768797048,0,0,0,0,2.5,110.13,1.5,100,2.5
2018-01-06 05:44:00,0.918494815603986,0.0100029151381839,0,0,0,0,2.5,109.92,1.5,100,2.5
2018-01-06 05:45:00,0.919029557910671,0.00991195339666292,0,0,0,0,2.5,109.71,1.5,100,2.5
2018-01-06 05:46:00,0.919564300217356,0.0102937223045747,0,0,0,0,2.5,109.502,1.5,100,2.5
2018-01-06 05:47:00,0.920099042524042,0.0106754912124865,0,0,0,0,2.5,109.294,1.5,100,2.5
2018-01-06 05:48:00,0.920633784830727,0.0110572601203984,0,0,0,0,2.5,109.086,1.5,100,2.5
2018-01-06 05:49:00,0.921168527137412,0.0114390290283102,0,0,0,0,2.5,108.878,1.5,100,2.5
2018-01-06 05:50:00,0.921703269444097,0.011820797936222,0,0,0,0,2.5,108.67,1.5,100,2.5
2018-01-06 05:51:00,0.922238011750782,0.0114445036209013,0,0,0,0,2.5,108.462,1.5,100,2.5
2018-01-06 05:52:00,0.922772754057467,0.0110682093055807,0,0,0,0,2.5,108.254,1.5,100,2.5
2018-01-06 05:53:00,0.923307496364153,0.0106919149902601,0,0,0,0,2.5,108.046,1.5,100,2.5
2018-01-06 05:54:00,0.923842238670838,0.0103156206749394,0,0,0,0,2.5,107.838,1.5,100,2.5
2018-01-06 05:55:00,0.924376980977523,0.00993932635961879,0,0,0,0,2.5,107.63,1.5,100,2.5
2018-01-06 05:56:00,0.924911723284208,0.00972994662905985,0,0,0,0,2.5,107.42,1.5,100,2.5
2018-01-06 05:57:00,0.925446465590893,0.00952056689850089,0,0,0,0,2.5,107.21,1.5,100,2.5
2018-01-06 05:58:00,0.925981207897579,0.00931118716794194,0,0,0,0,2.5,107,1.5,100,2.5
2018-01-06 05:59:00,0.926515950204264,0.00910180743738299,0,0,0,0,2.5,106.79,1.5,100,2.5
2018-01-06 06:00:00,0.927050692510949,0.00889242770682405,0,0,0,0,2.5,106.58,1.5,100,2.5
2018-01-06 06:01:00,0.927409536249926,0.0095197517414468,0,0,0,0,2.5,106.374,1.52,100,2.5
2018-01-06 06:02:00,0.927768379988902,0.0101470757760696,0,0,0,0,2.5,106.168,1.54,100,2.5
2018-01-06 06:03:00,0.928127223727878,0.0107743998106923,0,0,0,0,2.5,105.962,1.56,100,2.5
2018-01-06 06:04:00,0.928486067466855,0.0114017238453151,0,0,0,0,2.5,105.756,1.58,100,2.5
2018-01-06 06:05:00,0.928844911205831,0.0120290478799378,0,0,0,0,2.5,105.55,1.6,100,2.5
2018-01-06 06:06:00,0.929203754944807,0.0119490459682555,0,0,0,0,2.52,105.342,1.6,100,2.52
2018-01-06 06:07:00,0.929562598683784,0.0118690440565732,0,0,0,0,2.54,105.134,1.6,100,2.54
2018-01-06 06:08:00,0.92992144242276,0.0117890421448909,0,0,0,0,2.56,104.926,1.6,100,2.56
2018-01-06 06:09:00,0.930280286161736,0.0117090402332086,0,0,0,0,2.58,104.718,1.6,100,2.58
2018-01-06 06:10:00,0.930639129900713,0.0116290383215263,0,0,0,0,2.6,104.51,1.6,100,2.6
2018-01-06 06:11:00,0.930997973639689,0.0117733555901648,0,0,0,0,2.62,104.304,1.6,100,2.62
2018-01-06 06:12:00,0.931356817378666,0.0119176728588034,0,0,0,0,2.64,104.098,1.6,100,2.64
2018-01-06 06:13:00,0.931715661117642,0.0120619901274419,0,0,0,0,2.66,103.892,1.6,100,2.66
2018-01-06 06:14:00,0.932074504856618,0.0122063073960804,0,0,0,0,2.68,103.686,1.6,100,2.68
2018-01-06 06:15:00,0.932433348595595,0.012350624664719,0,0,0,0,2.7,103.48,1.6,100,2.7
2018-01-06 06:16:00,0.932792192334571,0.0125171077934126,0,0,0,0,2.7,103.274,1.62,100,2.7
2018-01-06 06:17:00,0.933151036073548,0.0126835909221061,0,0,0,0,2.7,103.068,1.64,100,2.7
2018-01-06 06:18:00,0.933509879812524,0.0128500740507997,0,0,0,0,2.7,102.862,1.66,100,2.7
2018-01-06 06:19:00,0.9338687235515,0.0130165571794933,0,0,0,0,2.7,102.656,1.68,100,2.7
2018-01-06 06:20:00,0.934227567290477,0.0131830403081869,0,0,0,0,2.7,102.45,1.7,100,2.7
2018-01-06 06:21:00,0.934586411029453,0.0136784753949055,0,0,0,0,2.72,102.246,1.7,100,2.72
2018-01-06 06:22:00,0.93494525476843,0.0141739104816242,0,0,0,0,2.74,102.042,1.7,100,2.74
2018-01-06 06:23:00,0.935304098507406,0.0146693455683428,0,0,0,0,2.76,101.838,1.7,100,2.76
2018-01-06 06:24:00,0.935662942246382,0.0151647806550614,0,0,0,0,2.78,101.634,1.7,100,2.78
2018-01-06 06:25:00,0.936021785985359,0.0156602157417801,0,0,0,0,2.8,101.43,1.7,100,2.8
2018-01-06 06:26:00,0.936380629724335,0.0157166613444985,0,0,0,0,2.82,101.226,1.7,100,2.82
2018-01-06 06:27:00,0.936739473463311,0.0157731069472169,0,0,0,0,2.84,101.022,1.7,100,2.84
2018-01-06 06:28:00,0.937098317202288,0.0158295525499354,0,0,0,0,2.86,100.818,1.7,100,2.86
2018-01-06 06:29:00,0.937457160941264,0.0158859981526538,0,0,0,0,2.88,100.614,1.7,100,2.88
2018-01-06 06:30:00,0.937816004680241,0.0159424437553723,0,0,0,0,2.9,100.41,1.7,100,2.9
2018-01-06 06:31:00,0.938174848419217,0.0159310742809122,0,0,0,0,2.9,100.206,1.72,100,2.9
2018-01-06 06:32:00,0.938533692158194,0.0159197048064521,0,0,0,0,2.9,100.002,1.74,100,2.9
2018-01-06 06:33:00,0.93889253589717,0.015908335331992,0,0,0,0,2.9,99.798,1.76,100,2.9
2018-01-06 06:34:00,0.939251379636146,0.0158969658575318,0,0,0,0,2.9,99.594,1.78,100,2.9
2018-01-06 06:35:00,0.939610223375123,0.0158855963830717,0,0,0,0,2.9,99.39,1.8,100,2.9
2018-01-06 06:36:00,0.939969067114099,0.0160188689596062,0,0,0,0,2.92,99.186,1.8,100,2.92
2018-01-06 06:37:00,0.940327910853075,0.0161521415361406,0,0,0,0,2.94,98.982,1.8,100,2.94
2018-01-06 06:38:00,0.940686754592052,0.0162854141126751,0,0,0,0,2.96,98.778,1.8,100,2.96
2018-01-06 06:39:00,0.941045598331028,0.0164186866892095,0,0,0,0,2.98,98.574,1.8,100,2.98
2018-01-06 06:40:00,0.941404442070005,0.016551959265744,0,0,0,0,3,98.37,1.8,100,3
2018-01-06 06:41:00,0.941763285808981,0.016782317523585,0,0,0,0,3.02,98.168,1.8,100,3.02
2018-01-06 06:42:00,0.942122129547957,0.0170126757814259,0,0,0,0,3.04,97.966,1.8,100,3.04
2018-01-06 06:43:00,0.942480973286934,0.0172430340392669,0,0,0,0,3.06,97.764,1.8,100,3.06
2018-01-06 06:44:00,0.94283981702591,0.0174733922971079,0,0,0,0,3.08,97.562,1.8,100,3.08
2018-01-06 06:45:00,0.943198660764887,0.0177037505549488,0,0,0,0,3.1,97.36,1.8,100,3.1
2018-01-06 06:46:00,0.943557504503863,0.0182522324798214,0,0,0,0,3.1,97.16,1.82,100,3.1
2018-01-06 06:47:00,0.943916348242839,0.0188007144046941,0,0,0,0,3.1,96.96,1.84,100,3.1
2018-01-06 06:48:00,0.944275191981816,0.0193491963295667,0,0,0,0,3.1,96.76,1.86,100,3.1
2018-01-06 06:49:00,0.944634035720792,0.0198976782544393,0,0,0,0,3.1,96.56,1.88,100,3.1
2018-01-06 06:50:00,0.944992879459769,0.0204461601793119,0,0,0,0,3.1,96.36,1.9,100,3.1
2018-01-06 06:51:00,0.945351723198745,0.0205702605162077,0,0,0,0,3.12,96.158,1.9,100,3.12
2018-01-06 06:52:00,0.945710566937721,0.0206943608531035,0,0,0,0,3.14,95.956,1.9,100,3.14
2018-01-06 06:53:00,0.946069410676698,0.0208184611899993,0,0,0,0,3.16,95.754,1.9,100,3.16
2018-01-06 06:54:00,0.946428254415674,0.0209425615268952,0,0,0,0,3.18,95.552,1.9,100,3.18
2018-01-06 06:55:00,0.94678709815465,0.021066661863791,0,0,0,0,3.2,95.35,1.9,100,3.2
2018-01-06 06:56:00,0.947145941893627,0.0204996828088079,0,0,0,0,3.22,95.152,1.9,100,3.22
2018-01-06 06:57:00,0.947504785632603,0.0199327037538248,0,0,0,0,3.24,94.954,1.9,100,3.24
2018-01-06 06:58:00,0.94786362937158,0.0193657246988418,0,0,0,0,3.26,94.756,1.9,100,3.26
2018-01-06 06:59:00,0.948222473110556,0.0187987456438587,0,0,0,0,3.28,94.558,1.9,100,3.28
2018-01-06 07:00:00,0.948581316849532,0.0182317665888757,0,0,0,0,3.3,94.36,1.9,100,3.3
2018-01-06 07:01:00,0.94867703059219,0.0194541656359438,0,0,0,0,3.34,94.16,1.92,100,3.34
2018-01-06 07:02:00,0.948772744334848,0.020676564683012,0,0,0,0,3.38,93.96,1.94,100,3.38
2018-01-06 07:03:00,0.948868458077506,0.0218989637300801,0,0,0,0,3.42,93.76,1.96,100,3.42
2018-01-06 07:04:00,0.948964171820165,0.0231213627771482,0,0,0,0,3.46,93.56,1.98,100,3.46
2018-01-06 07:05:00,0.949059885562822,0.0243437618242164,0,0,0,0,3.5,93.36,2,100,3.5
2018-01-06 07:06:00,0.94915559930548,0.0246726694530229,0,0,0,0,3.54,93.162,2.02,100,3.54
2018-01-06 07:07:00,0.949251313048139,0.0250015770818295,0,0,0,0,3.58,92.964,2.04,100,3.58
2018-01-06 07:08:00,0.949347026790797,0.0253304847106361,0,0,0,0,3.62,92.766,2.06,100,3.62
2018-01-06 07:09:00,0.949442740533455,0.0256593923394426,0,0,0,0,3.66,92.568,2.08,100,3.66
2018-01-06 07:10:00,0.949538454276113,0.0259882999682492,0,0,0,0,3.7,92.37,2.1,100,3.7
2018-01-06 07:11:00,0.949634168018771,0.0256161164204839,0,0,0,0,3.74,92.174,2.1,100,3.74
2018-01-06 07:12:00,0.949729881761429,0.0252439328727186,0,0,0,0,3.78,91.978,2.1,100,3.78
2018-01-06 07:13:00,0.949825595504087,0.0248717493249533,0,0,0,0,3.82,91.782,2.1,100,3.82
2018-01-06 07:14:00,0.949921309246745,0.0244995657771881,0,0,0,0,3.86,91.586,2.1,100,3.86
2018-01-06 07:15:00,0.950017022989403,0.0241273822294228,0,0,0,0,3.9,91.39,2.1,100,3.9
2018-01-06 07:16:00,0.950112736732061,0.0254570359429423,0,0,0,0,3.96,91.08,2.12,100,3.96
2018-01-06 07:17:00,0.950208450474719,0.0267866896564618,0,0,0,0,4.02,90.77,2.14,100,4.02
2018-01-06 07:18:00,0.950304164217377,0.0281163433699813,0,0,0,0,4.08,90.46,2.16,100,4.08
2018-01-06 07:19:00,0.950399877960035,0.0294459970835008,0,0,0,0,4.14,90.15,2.18,100,4.14
2018-01-06 07:20:00,0.950495591702693,0.0307756507970203,0,0,0,0,4.2,89.84,2.2,100,4.2
2018-01-06 07:21:00,0.950591305445351,0.0309576801851237,0,0,0,0,4.24,89.674,2.22,100,4.24
2018-01-06 07:22:00,0.950687019188009,0.0311397095732271,0,0,0,0,4.28,89.508,2.24,100,4.28
2018-01-06 07:23:00,0.950782732930667,0.0313217389613306,0,0,0,0,4.32,89.342,2.26,100,4.32
2018-01-06 07:24:00,0.950878446673325,0.031503768349434,0,0,0,0,4.36,89.176,2.28,100,4.36
2018-01-06 07:25:00,0.950974160415983,0.0316857977375374,0,0,0,0,4.4,89.01,2.3,100,4.4
2018-01-06 07:26:00,0.951069874158641,0.0323862369717695,0,3,32.4,4,4.42,88.836,2.3,99.824,4.44
2018-01-06 07:27:00,0.951165587901299,0.0330866762060016,0,6,64.8,8,4.44,88.662,2.3,99.648,4.48
2018-01-06 07:28:00,0.951261301643957,0.0337871154402337,0,9,97.2,12,4.46,88.488,2.3,99.472,4.52
2018-01-06 07:29:00,0.951357015386615,0.0344875546744658,0,12,129.6,16,4.48,88.314,2.3,99.296,4.56
2018-01-06 07:30:00,0.951452729129273,0.0351879939086979,0,15,162,20,4.5,88.14,2.3,99.12,4.6
2018-01-06 07:31:00,0.951548442871931,0.0353565163379162,0,16,173.8,22,4.56,87.96,2.32,99.18,4.66
2018-01-06 07:32:00,0.951644156614589,0.0355250387671344,0,17,185.6,24,4.62,87.78,2.34,99.24,4.72
2018-01-06 07:33:00,0.951739870357247,0.0356935611963527,0,18,197.4,26,4.68,87.6,2.36,99.3,4.78
2018-01-06 07:34:00,0.951835584099905,0.035862083625571,0,19,209.2,28,4.74,87.42,2.38,99.36,4.84
2018-01-06 07:35:00,0.951931297842564,0.0360306060547893,0,20,221,30,4.8,87.24,2.4,99.42,4.9
2018-01-06 07:36:00,0.952027011585222,0.0370642691057122,0.00461219,20.8,231.6,32.2,4.8,87.058,2.42,99.144,4.94
2018-01-06 07:37:00,0.95212272532788,0.0380979321566351,0.00922438,21.6,242.2,34.4,4.8,86.876,2.44,98.868,4.98
2018-01-06 07:38:00,0.952218439070538,0.0391315952075581,0.01383657,22.4,252.8,36.6,4.8,86.694,2.46,98.592,5.02
2018-01-06 07:39:00,0.952314152813195,0.040165258258481,0.01844876,23.2,263.4,38.8,4.8,86.512,2.48,98.316,5.06
2018-01-06 07:40:00,0.952409866555854,0.041198921309404,0.02306095,24,274,41,4.8,86.33,2.5,98.04,5.1
2018-01-06 07:41:00,0.952505580298512,0.0412084518852733,0.03064096,24.8,284,43.6,4.8,86.146,2.5,97.77,5.14
2018-01-06 07:42:00,0.95260129404117,0.0412179824611426,0.03822097,25.6,294,46.2,4.8,85.962,2.5,97.5,5.18
2018-01-06 07:43:00,0.952697007783828,0.0412275130370119,0.04580098,26.4,304,48.8,4.8,85.778,2.5,97.23,5.22
2018-01-06 07:44:00,0.952792721526486,0.0412370436128813,0.05338099,27.2,314,51.4,4.8,85.594,2.5,96.96,5.26
2018-01-06 07:45:00,0.952888435269144,0.0412465741887506,0.060961,28,324,54,4.8,85.41,2.5,96.69,5.3
2018-01-06 07:46:00,0.952984149011802,0.0428029314008624,0.06712835,28.8,333,56.6,4.8,85.226,2.52,96.424,5.34
2018-01-06 07:47:00,0.95307986275446,0.0443592886129741,0.0732957,29.6,342,59.2,4.8,85.042,2.54,96.158,5.38
2018-01-06 07:48:00,0.953175576497118,0.0459156458250859,0.07946305,30.4,351,61.8,4.8,84.858,2.56,95.892,5.42
2018-01-06 07:49:00,0.953271290239776,0.0474720030371976,0.0856304,31.2,360,64.4,4.8,84.674,2.58,95.626,5.46
2018-01-06 07:50:00,0.953367003982434,0.0490283602493094,0.09179775,32,369,67,4.8,84.49,2.6,95.36,5.5
2018-01-06 07:51:00,0.953462717725092,0.0505603123726468,0.0971278,32.6,377.2,69.8,4.8,84.306,2.62,94.968,5.56
2018-01-06 07:52:00,0.95355843146775,0.0520922644959842,0.10245785,33.2,385.4,72.6,4.8,84.122,2.64,94.576,5.62
2018-01-06 07:53:00,0.953654145210408,0.0536242166193216,0.1077879,33.8,393.6,75.4,4.8,83.938,2.66,94.184,5.68
2018-01-06 07:54:00,0.953749858953066,0.0551561687426591,0.11311795,34.4,401.8,78.2,4.8,83.754,2.68,93.792,5.74
2018-01-06 07:55:00,0.953845572695724,0.0566881208659965,0.118448,35,410,81,4.8,83.57,2.7,93.4,5.8
2018-01-06 07:56:00,0.953941286438382,0.0566123412905725,0.1227503,35.8,417.4,84,4.8,83.386,2.7,93.144,5.84
2018-01-06 07:57:00,0.95403700018104,0.0565365617151484,0.1270526,36.6,424.8,87,4.8,83.202,2.7,92.888,5.88
2018-01-06 07:58:00,0.954132713923698,0.0564607821397244,0.1313549,37.4,432.2,90,4.8,83.018,2.7,92.632,5.92
2018-01-06 07:59:00,0.954228427666356,0.0563850025643003,0.1356572,38.2,439.6,93,4.8,82.834,2.7,92.376,5.96
2018-01-06 08:00:00,0.954324141409014,0.0563092229888763,0.1399595,39,447,96,4.8,82.65,2.7,92.12,6
2018-01-06 08:01:00,0.954063734953592,0.054810635241735,0.1439307,39.6,453.2,98.8,4.8,82.466,2.7,91.868,6.04
2018-01-06 08:02:00,0.953803328498169,0.0533120474945937,0.1479019,40.2,459.4,101.6,4.8,82.282,2.7,91.616,6.08
2018-01-06 08:03:00,0.953542922042747,0.0518134597474523,0.1518731,40.8,465.6,104.4,4.8,82.098,2.7,91.364,6.12
2018-01-06 08:04:00,0.953282515587324,0.050314872000311,0.1558443,41.4,471.8,107.2,4.8,81.914,2.7,91.112,6.16
2018-01-06 08:05:00,0.953022109131902,0.0488162842531697,0.1598155,42,478,110,4.8,81.73,2.7,90.86,6.2
2018-01-06 08:06:00,0.952761702676479,0.04977498593968,0.1639256,42.6,484.2,113.2,4.8,81.548,2.7,90.49,6.26
2018-01-06 08:07:00,0.952501296221057,0.0507336876261903,0.1680357,43.2,490.4,116.4,4.8,81.366,2.7,90.12,6.32
2018-01-06 08:08:00,0.952240889765634,0.0516923893127005,0.1721458,43.8,496.6,119.6,4.8,81.184,2.7,89.75,6.38
2018-01-06 08:09:00,0.951980483310212,0.0526510909992108,0.1762559,44.4,502.8,122.8,4.8,81.002,2.7,89.38,6.44
2018-01-06 08:10:00,0.951720076854789,0.0536097926857211,0.180366,45,509,126,4.8,80.82,2.7,89.01,6.5
2018-01-06 08:11:00,0.951459670399367,0.0540294302538651,0.1843548,45.4,514.8,129,4.8,80.64,2.7,88.766,6.54
2018-01-06 08:12:00,0.951199263943944,0.0544490678220092,0.1883436,45.8,520.6,132,4.8,80.46,2.7,88.522,6.58
2018-01-06 08:13:00,0.950938857488522,0.0548687053901532,0.1923324,46.2,526.4,135,4.8,80.28,2.7,88.278,6.62
2018-01-06 08:14:00,0.950678451033099,0.0552883429582972,0.1963212,46.6,532.2,138,4.8,80.1,2.7,88.034,6.66
2018-01-06 08:15:00,0.950418044577677,0.0557079805264412,0.20031,47,538,141,4.8,79.92,2.7,87.79,6.7
2018-01-06 08:16:00,0.950157638122254,0.0552514806133466,0.2044479,47.6,543.2,144.2,4.8,79.74,2.7,87.552,6.74
2018-01-06 08:17:00,0.949897231666832,0.054794980700252,0.2085858,48.2,548.4,147.4,4.8,79.56,2.7,87.314,6.78
2018-01-06 08:18:00,0.94963682521141,0.0543384807871575,0.2127237,48.8,553.6,150.6,4.8,79.38,2.7,87.076,6.82
2018-01-06 08:19:00,0.949376418755987,0.0538819808740629,0.2168616,49.4,558.8,153.8,4.8,79.2,2.7,86.838,6.86
2018-01-06 08:20:00,0.949116012300565,0.0534254809609683,0.2209995,50,564,157,4.8,79.02,2.7,86.6,6.9
2018-01-06 08:21:00,0.948855605845142,0.0532101938160459,0.2249422,50.4,568.8,160.2,4.8,78.842,2.7,86.248,6.96
2018-01-06 08:22:00,0.94859519938972,0.0529949066711236,0.2288849,50.8,573.6,163.4,4.8,78.664,2.7,85.896,7.02
2018-01-06 08:23:00,0.948334792934297,0.0527796195262013,0.2328276,51.2,578.4,166.6,4.8,78.486,2.7,85.544,7.08
2018-01-06 08:24:00,0.948074386478875,0.052564332381279,0.2367703,51.6,583.2,169.8,4.8,78.308,2.7,85.192,7.14
2018-01-06 08:25:00,0.947813980023452,0.0523490452363567,0.240713,52,588,173,4.8,78.13,2.7,84.84,7.2
2018-01-06 08:26:00,0.94755357356803,0.0518074666763617,0.2446184,52.4,592.4,176.2,4.8,77.954,2.68,84.626,7.24
2018-01-06 08:27:00,0.947293167112607,0.0512658881163666,0.2485238,52.8,596.8,179.4,4.8,77.778,2.66,84.412,7.28
2018-01-06 08:28:00,0.947032760657185,0.0507243095563716,0.2524292,53.2,601.2,182.6,4.8,77.602,2.64,84.198,7.32
2018-01-06 08:29:00,0.946772354201762,0.0501827309963766,0.2563346,53.6,605.6,185.8,4.8,77.426,2.62,83.984,7.36
2018-01-06 08:30:00,0.94651194774634,0.0496411524363816,0.26024,54,610,189,4.8,77.25,2.6,83.77,7.4
2018-01-06 08:31:00,0.946251541290917,0.0493679782857826,0.2644925,54.4,615.2,192.4,5,77.074,2.6,84.514,7.46
2018-01-06 08:32:00,0.945991134835495,0.0490948041351836,0.268745,54.8,620.4,195.8,5.2,76.898,2.6,85.258,7.52
2018-01-06 08:33:00,0.945730728380072,0.0488216299845846,0.2729975,55.2,625.6,199.2,5.4,76.722,2.6,86.002,7.58
2018-01-06 08:34:00,0.94547032192465,0.0485484558339856,0.27725,55.6,630.8,202.6,5.6,76.546,2.6,86.746,7.64
2018-01-06 08:35:00,0.945209915469228,0.0482752816833867,0.2815025,56,636,206,5.8,76.37,2.6,87.49,7.7
2018-01-06 08:36:00,0.944949509013805,0.0477931327741399,0.285345,56.4,639.8,209.2,5.8,76.196,2.6,87.254,7.74
2018-01-06 08:37:00,0.944689102558383,0.0473109838648932,0.2891875,56.8,643.6,212.4,5.8,76.022,2.6,87.018,7.78
2018-01-06 08:38:00,0.94442869610296,0.0468288349556465,0.29303,57.2,647.4,215.6,5.8,75.848,2.6,86.782,7.82
2018-01-06 08:39:00,0.944168289647538,0.0463466860463998,0.2968725,57.6,651.2,218.8,5.8,75.674,2.6,86.546,7.86
2018-01-06 08:40:00,0.943907883192115,0.045864537137153,0.300715,58,655,222,5.8,75.5,2.6,86.31,7.9
2018-01-06 08:41:00,0.943647476736693,0.0465708754588701,0.304458,58.4,658.4,225.2,5.8,75.328,2.6,86.078,7.94
2018-01-06 08:42:00,0.94338707028127,0.0472772137805871,0.308201,58.8,661.8,228.4,5.8,75.156,2.6,85.846,7.98
2018-01-06 08:43:00,0.943126663825848,0.0479835521023041,0.311944,59.2,665.2,231.6,5.8,74.984,2.6,85.614,8.02
2018-01-06 08:44:00,0.942866257370425,0.0486898904240211,0.315687,59.6,668.6,234.8,5.8,74.812,2.6,85.382,8.06
2018-01-06 08:45:00,0.942605850915003,0.0493962287457381,0.31943,60,672,238,5.8,74.64,2.6,85.15,8.1
2018-01-06 08:46:00,0.94234544445958,0.0473964500327896,0.3229255,60.2,675.2,241.2,5.8,74.47,2.6,84.806,8.16
2018-01-06 08:47:00,0.942085038004158,0.0453966713198411,0.326421,60.4,678.4,244.4,5.8,74.3,2.6,84.462,8.22
2018-01-06 08:48:00,0.941824631548735,0.0433968926068926,0.3299165,60.6,681.6,247.6,5.8,74.13,2.6,84.118,8.28
2018-01-06 08:49:00,0.941564225093313,0.0413971138939441,0.333412,60.8,684.8,250.8,5.8,73.96,2.6,83.774,8.34
2018-01-06 08:50:00,0.941303818637891,0.0393973351809955,0.3369075,61,688,254,5.8,73.79,2.6,83.43,8.4
2018-01-06 08:51:00,0.941043412182468,0.041451645704222,0.340282,61.4,691.2,257,5.8,73.622,2.6,83.206,8.44
2018-01-06 08:52:00,0.940783005727046,0.0435059562274485,0.3436565,61.8,694.4,260,5.8,73.454,2.6,82.982,8.48
2018-01-06 08:53:00,0.940522599271623,0.045560266750675,0.347031,62.2,697.6,263,5.8,73.286,2.6,82.758,8.52
2018-01-06 08:54:00,0.9402621928162,0.0476145772739015,0.3504055,62.6,700.8,266,5.8,73.118,2.6,82.534,8.56
2018-01-06 08:55:00,0.940001786360778,0.049668887797128,0.35378,63,704,269,5.8,72.95,2.6,82.31,8.6
2018-01-06 08:56:00,0.939741379905356,0.0493197176391881,0.357351,63.4,706.8,272.2,5.8,72.784,2.6,82.09,8.64
2018-01-06 08:57:00,0.939480973449933,0.0489705474812483,0.360922,63.8,709.6,275.4,5.8,72.618,2.6,81.87,8.68
2018-01-06 08:58:00,0.939220566994511,0.0486213773233084,0.364493,64.2,712.4,278.6,5.8,72.452,2.6,81.65,8.72
2018-01-06 08:59:00,0.938960160539088,0.0482722071653685,0.368064,64.6,715.2,281.8,5.8,72.286,2.6,81.43,8.76
2018-01-06 09:00:00,0.938699754083666,0.0479230370074287,0.371635,65,718,285,5.8,72.12,2.6,81.21,8.8
2018-01-06 09:01:00,0.938208143921102,0.0478285028395581,0.3749295,65.2,720.6,288,5.8,71.956,2.6,80.886,8.86
2018-01-06 09:02:00,0.937716533758537,0.0477339686716875,0.378224,65.4,723.2,291,5.8,71.792,2.6,80.562,8.92
2018-01-06 09:03:00,0.937224923595973,0.0476394345038169,0.3815185,65.6,725.8,294,5.8,71.628,2.6,80.238,8.98
2018-01-06 09:04:00,0.936733313433409,0.0475449003359463,0.384813,65.8,728.4,297,5.8,71.464,2.6,79.914,9.04
2018-01-06 09:05:00,0.936241703270844,0.0474503661680757,0.3881075,66,731,300,5.8,71.3,2.6,79.59,9.1
2018-01-06 09:06:00,0.93575009310828,0.0475224899314564,0.3915635,66.4,733.6,303.2,5.8,71.138,2.6,79.272,9.16
2018-01-06 09:07:00,0.935258482945716,0.047594613694837,0.3950195,66.8,736.2,306.4,5.8,70.976,2.6,78.954,9.22
2018-01-06 09:08:00,0.934766872783152,0.0476667374582177,0.3984755,67.2,738.8,309.6,5.8,70.814,2.6,78.636,9.28
2018-01-06 09:09:00,0.934275262620588,0.0477388612215983,0.4019315,67.6,741.4,312.8,5.8,70.652,2.6,78.318,9.34
2018-01-06 09:10:00,0.933783652458023,0.047810984984979,0.4053875,68,744,316,5.8,70.49,2.6,78,9.4
2018-01-06 09:11:00,0.933292042295459,0.0475474790470408,0.4084695,68.2,746.2,319,5.8,70.33,2.6,77.69,9.46
2018-01-06 09:12:00,0.932800432132895,0.0472839731091026,0.4115515,68.4,748.4,322,5.8,70.17,2.6,77.38,9.52
2018-01-06 09:13:00,0.932308821970331,0.0470204671711645,0.4146335,68.6,750.6,325,5.8,70.01,2.6,77.07,9.58
2018-01-06 09:14:00,0.931817211807766,0.0467569612332263,0.4177155,68.8,752.8,328,5.8,69.85,2.6,76.76,9.64
2018-01-06 09:15:00,0.931325601645202,0.0464934552952881,0.4207975,69,755,331,5.8,69.69,2.6,76.45,9.7
2018-01-06 09:16:00,0.930833991482638,0.0475042794113313,0.423861,69.2,757.2,334,5.8,69.532,2.6,76.146,9.76
2018-01-06 09:17:00,0.930342381320074,0.0485151035273745,0.4269245,69.4,759.4,337,5.8,69.374,2.6,75.842,9.82
2018-01-06 09:18:00,0.92985077115751,0.0495259276434176,0.429988,69.6,761.6,340,5.8,69.216,2.6,75.538,9.88
2018-01-06 09:19:00,0.929359160994945,0.0505367517594608,0.4330515,69.8,763.8,343,5.8,69.058,2.6,75.234,9.94
2018-01-06 09:20:00,0.928867550832381,0.0515475758755039,0.436115,70,766,346,5.8,68.9,2.6,74.93,10
2018-01-06 09:21:00,0.928375940669817,0.0508641735654232,0.439078,70.2,768,349,5.8,68.744,2.6,74.732,10.04
2018-01-06 09:22:00,0.927884330507253,0.0501807712553424,0.442041,70.4,770,352,5.8,68.588,2.6,74.534,10.08
2018-01-06 09:23:00,0.927392720344688,0.0494973689452616,0.445004,70.6,772,355,5.8,68.432,2.6,74.336,10.12
2018-01-06 09:24:00,0.926901110182124,0.0488139666351809,0.447967,70.8,774,358,5.8,68.276,2.6,74.138,10.16
2018-01-06 09:25:00,0.92640950001956,0.0481305643251001,0.45093,71,776,361,5.8,68.12,2.6,73.94,10.2
2018-01-06 09:26:00,0.925917889856996,0.0482163828044317,0.4540335,71.4,778,363.8,5.8,67.968,2.6,73.648,10.26
2018-01-06 09:27:00,0.925426279694432,0.0483022012837632,0.457137,71.8,780,366.6,5.8,67.816,2.6,73.356,10.32
2018-01-06 09:28:00,0.924934669531867,0.0483880197630948,0.4602405,72.2,782,369.4,5.8,67.664,2.6,73.064,10.38
2018-01-06 09:29:00,0.924443059369303,0.0484738382424264,0.463344,72.6,784,372.2,5.8,67.512,2.6,72.772,10.44
2018-01-06 09:30:00,0.923951449206739,0.048559656721758,0.4664475,73,786,375,5.8,67.36,2.6,72.48,10.5
2018-01-06 09:31:00,0.923459839044174,0.0482017338465121,0.4692625,73,788.2,378,6.08,67.208,2.6,73.648,10.56
2018-01-06 09:32:00,0.92296822888161,0.0478438109712662,0.4720775,73,790.4,381,6.36,67.056,2.6,74.816,10.62
2018-01-06 09:33:00,0.922476618719046,0.0474858880960203,0.4748925,73,792.6,384,6.64,66.904,2.6,75.984,10.68
2018-01-06 09:34:00,0.921985008556482,0.0471279652207744,0.4777075,73,794.8,387,6.92,66.752,2.6,77.152,10.74
2018-01-06 09:35:00,0.921493398393918,0.0467700423455285,0.4805225,73,797,390,7.2,66.6,2.6,78.32,10.8
2018-01-06 09:36:00,0.921001788231353,0.0466416009704635,0.4831825,73.2,798.6,392.8,7.2,66.454,2.6,78.012,10.86
2018-01-06 09:37:00,0.920510178068789,0.0465131595953985,0.4858425,73.4,800.2,395.6,7.2,66.308,2.6,77.704,10.92
2018-01-06 09:38:00,0.920018567906225,0.0463847182203334,0.4885025,73.6,801.8,398.4,7.2,66.162,2.6,77.396,10.98
2018-01-06 09:39:00,0.919526957743661,0.0462562768452684,0.4911625,73.8,803.4,401.2,7.2,66.016,2.6,77.088,11.04
2018-01-06 09:40:00,0.919035347581096,0.0461278354702034,0.4938225,74,805,404,7.2,65.87,2.6,76.78,11.1
2018-01-06 09:41:00,0.918543737418532,0.047242575711942,0.496484,74.2,806.6,406.6,7.2,65.724,2.62,76.478,11.16
2018-01-06 09:42:00,0.918052127255968,0.0483573159536807,0.4991455,74.4,808.2,409.2,7.2,65.578,2.64,76.176,11.22
2018-01-06 09:43:00,0.917560517093404,0.0494720561954194,0.501807,74.6,809.8,411.8,7.2,65.432,2.66,75.874,11.28
2018-01-06 09:44:00,0.91706890693084,0.050586796437158,0.5044685,74.8,811.4,414.4,7.2,65.286,2.68,75.572,11.34
2018-01-06 09:45:00,0.916577296768275,0.0517015366788967,0.50713,75,813,417,7.2,65.14,2.7,75.27,11.4
2018-01-06 09:46:00,0.916085686605711,0.0521088979970887,0.5097355,75.2,814.6,419.8,7.2,64.998,2.7,74.976,11.46
2018-01-06 09:47:00,0.915594076443147,0.0525162593152807,0.512341,75.4,816.2,422.6,7.2,64.856,2.7,74.682,11.52
2018-01-06 09:48:00,0.915102466280583,0.0529236206334726,0.5149465,75.6,817.8,425.4,7.2,64.714,2.7,74.388,11.58
2018-01-06 09:49:00,0.914610856118018,0.0533309819516646,0.517552,75.8,819.4,428.2,7.2,64.572,2.7,74.094,11.64
2018-01-06 09:50:00,0.914119245955454,0.0537383432698566,0.5201575,76,821,431,7.2,64.43,2.7,73.8,11.7
2018-01-06 09:51:00,0.91362763579289,0.0532748384834072,0.52263,76.2,822.4,433.6,7.2,64.29,2.7,73.606,11.74
2018-01-06 09:52:00,0.913136025630326,0.0528113336969578,0.5251025,76.4,823.8,436.2,7.2,64.15,2.7,73.412,11.78
2018-01-06 09:53:00,0.912644415467761,0.0523478289105083,0.527575,76.6,825.2,438.8,7.2,64.01,2.7,73.218,11.82
2018-01-06 09:54:00,0.912152805305197,0.0518843241240589,0.5300475,76.8,826.6,441.4,7.2,63.87,2.7,73.024,11.86
2018-01-06 09:55:00,0.911661195142633,0.0514208193376095,0.53252,77,828,444,7.2,63.73,2.7,72.83,11.9
2018-01-06 09:56:00,0.911169584980069,0.0519574157410237,0.5349005,77.2,829.4,446.4,7.2,63.594,2.7,72.546,11.96
2018-01-06 09:57:00,0.910677974817504,0.0524940121444379,0.537281,77.4,830.8,448.8,7.2,63.458,2.7,72.262,12.02
2018-01-06 09:58:00,0.91018636465494,0.0530306085478521,0.5396615,77.6,832.2,451.2,7.2,63.322,2.7,71.978,12.08
2018-01-06 09:59:00,0.909694754492376,0.0535672049512663,0.542042,77.8,833.6,453.6,7.2,63.186,2.7,71.694,12.14
2018-01-06 10:00:00,0.909203144329812,0.0541038013546805,0.5444225,78,835,456,7.2,63.05,2.7,71.41,12.2
2018-01-06 10:01:00,0.908582909242367,0.0542046039466377,0.5465845,78.2,836.2,458.6,7.2,62.916,2.7,71.224,12.24
2018-01-06 10:02:00,0.907962674154922,0.054305406538595,0.5487465,78.4,837.4,461.2,7.2,62.782,2.7,71.038,12.28
2018-01-06 10:03:00,0.907342439067477,0.0544062091305523,0.5509085,78.6,838.6,463.8,7.2,62.648,2.7,70.852,12.32
2018-01-06 10:04:00,0.906722203980032,0.0545070117225095,0.5530705,78.8,839.8,466.4,7.2,62.514,2.7,70.666,12.36
2018-01-06 10:05:00,0.906101968892587,0.0546078143144668,0.5552325,79,841,469,7.2,62.38,2.7,70.48,12.4
2018-01-06 10:06:00,0.905481733805142,0.0547152245871144,0.557183,79,842.2,471.4,7.2,62.25,2.7,70.296,12.44
2018-01-06 10:07:00,0.904861498717697,0.0548226348597621,0.5591335,79,843.4,473.8,7.2,62.12,2.7,70.112,12.48
2018-01-06 10:08:00,0.904241263630252,0.0549300451324097,0.561084,79,844.6,476.2,7.2,61.99,2.7,69.928,12.52
2018-01-06 10:09:00,0.903621028542807,0.0550374554050574,0.5630345,79,845.8,478.6,7.2,61.86,2.7,69.744,12.56
2018-01-06 10:10:00,0.903000793455362,0.0551448656777051,0.564985,79,847,481,7.2,61.73,2.7,69.56,12.6
2018-01-06 10:11:00,0.902380558367917,0.0541127688282401,0.567015,79.2,848.2,483.2,7.2,61.604,2.68,69.29,12.66
2018-01-06 10:12:00,0.901760323280472,0.0530806719787753,0.569045,79.4,849.4,485.4,7.2,61.478,2.66,69.02,12.72
2018-01-06 10:13:00,0.901140088193027,0.0520485751293104,0.571075,79.6,850.6,487.6,7.2,61.352,2.64,68.75,12.78
2018-01-06 10:14:00,0.900519853105582,0.0510164782798455,0.573105,79.8,851.8,489.8,7.2,61.226,2.62,68.48,12.84
2018-01-06 10:15:00,0.899899618018137,0.0499843814303806,0.575135,80,853,492,7.2,61.1,2.6,68.21,12.9
2018-01-06 10:16:00,0.899279382930692,0.0491116565970242,0.577049,80.2,854,494.4,7.2,60.976,2.6,68.034,12.94
2018-01-06 10:17:00,0.898659147843247,0.0482389317636678,0.578963,80.4,855,496.8,7.2,60.852,2.6,67.858,12.98
2018-01-06 10:18:00,0.898038912755802,0.0473662069303115,0.580877,80.6,856,499.2,7.2,60.728,2.6,67.682,13.02
2018-01-06 10:19:00,0.897418677668357,0.0464934820969551,0.582791,80.8,857,501.6,7.2,60.604,2.6,67.506,13.06
2018-01-06 10:20:00,0.896798442580912,0.0456207572635987,0.584705,81,858,504,7.2,60.48,2.6,67.33,13.1
2018-01-06 10:21:00,0.896178207493467,0.0459336944061722,0.5865955,81.2,859,506.2,7.2,60.36,2.6,67.156,13.14
2018-01-06 10:22:00,0.895557972406022,0.0462466315487456,0.588486,81.4,860,508.4,7.2,60.24,2.6,66.982,13.18
2018-01-06 10:23:00,0.894937737318577,0.0465595686913191,0.5903765,81.6,861,510.6,7.2,60.12,2.6,66.808,13.22
2018-01-06 10:24:00,0.894317502231132,0.0468725058338925,0.592267,81.8,862,512.8,7.2,60,2.6,66.634,13.26
2018-01-06 10:25:00,0.893697267143687,0.0471854429764659,0.5941575,82,863,515,7.2,59.88,2.6,66.46,13.3
2018-01-06 10:26:00,0.893077032056243,0.0462361735288243,0.595832,82,864,517,7.2,59.764,2.6,66.288,13.34
2018-01-06 10:27:00,0.892456796968798,0.0452869040811827,0.5975065,82,865,519,7.2,59.648,2.6,66.116,13.38
2018-01-06 10:28:00,0.891836561881353,0.0443376346335411,0.599181,82,866,521,7.2,59.532,2.6,65.944,13.42
2018-01-06 10:29:00,0.891216326793908,0.0433883651858995,0.6008555,82,867,523,7.2,59.416,2.6,65.772,13.46
2018-01-06 10:30:00,0.890596091706463,0.0424390957382579,0.60253,82,868,525,7.2,59.3,2.6,65.6,13.5
2018-01-06 10:31:00,0.889975856619018,0.0434727506756189,0.604234,82.2,868.8,527,7.42,59.188,2.6,66.484,13.54
2018-01-06 10:32:00,0.889355621531573,0.04450640561298,0.605938,82.4,869.6,529,7.64,59.076,2.6,67.368,13.58
2018-01-06 10:33:00,0.888735386444128,0.045540060550341,0.607642,82.6,870.4,531,7.86,58.964,2.6,68.252,13.62
2018-01-06 10:34:00,0.888115151356683,0.046573715487702,0.609346,82.8,871.2,533,8.08,58.852,2.6,69.136,13.66
2018-01-06 10:35:00,0.887494916269238,0.0476073704250631,0.61105,83,872,535,8.3,58.74,2.6,70.02,13.7
2018-01-06 10:36:00,0.886874681181793,0.0477443839832429,0.6127095,83.2,872.8,537,8.3,58.63,2.6,69.84,13.74
2018-01-06 10:37:00,0.886254446094348,0.0478813975414227,0.614369,83.4,873.6,539,8.3,58.52,2.6,69.66,13.78
2018-01-06 10:38:00,0.885634211006903,0.0480184110996025,0.6160285,83.6,874.4,541,8.3,58.41,2.6,69.48,13.82
2018-01-06 10:39:00,0.885013975919458,0.0481554246577823,0.617688,83.8,875.2,543,8.3,58.3,2.6,69.3,13.86
2018-01-06 10:40:00,0.884393740832013,0.0482924382159621,0.6193475,84,876,545,8.3,58.19,2.6,69.12,13.9
2018-01-06 10:41:00,0.883773505744568,0.0481404133015599,0.620781,84,876.8,547,8.3,58.086,2.6,68.942,13.94
2018-01-06 10:42:00,0.883153270657123,0.0479883883871576,0.6222145,84,877.6,549,8.3,57.982,2.6,68.764,13.98
2018-01-06 10:43:00,0.882533035569678,0.0478363634727553,0.623648,84,878.4,551,8.3,57.878,2.6,68.586,14.02
2018-01-06 10:44:00,0.881912800482233,0.047684338558353,0.6250815,84,879.2,553,8.3,57.774,2.6,68.408,14.06
2018-01-06 10:45:00,0.881292565394788,0.0475323136439507,0.626515,84,880,555,8.3,57.67,2.6,68.23,14.1
2018-01-06 10:46:00,0.880672330307343,0.0477679717164595,0.628087,84.2,880.8,556.8,8.3,57.57,2.6,68.042,14.14
2018-01-06 10:47:00,0.880052095219898,0.0480036297889683,0.629659,84.4,881.6,558.6,8.3,57.47,2.6,67.854,14.18
2018-01-06 10:48:00,0.879431860132453,0.0482392878614771,0.631231,84.6,882.4,560.4,8.3,57.37,2.6,67.666,14.22
2018-01-06 10:49:00,0.878811625045008,0.0484749459339859,0.632803,84.8,883.2,562.2,8.3,57.27,2.6,67.478,14.26
2018-01-06 10:50:00,0.878191389957563,0.0487106040064947,0.634375,85,884,564,8.3,57.17,2.6,67.29,14.3
2018-01-06 10:51:00,0.877571154870118,0.0472027516023734,0.6355295,85,884.6,565.8,8.3,57.072,2.58,67.118,14.34
2018-01-06 10:52:00,0.876950919782673,0.0456948991982521,0.636684,85,885.2,567.6,8.3,56.974,2.56,66.946,14.38
2018-01-06 10:53:00,0.876330684695228,0.0441870467941309,0.6378385,85,885.8,569.4,8.3,56.876,2.54,66.774,14.42
2018-01-06 10:54:00,0.875710449607783,0.0426791943900096,0.638993,85,886.4,571.2,8.3,56.778,2.52,66.602,14.46
2018-01-06 10:55:00,0.875090214520338,0.0411713419858883,0.6401475,85,887,573,8.3,56.68,2.5,66.43,14.5
2018-01-06 10:56:00,0.874469979432894,0.0416993775543371,0.640607,85.2,887.6,574.6,8.3,56.588,2.5,66.176,14.56
2018-01-06 10:57:00,0.873849744345448,0.0422274131227859,0.6410665,85.4,888.2,576.2,8.3,56.496,2.5,65.922,14.62
2018-01-06 10:58:00,0.873229509258003,0.0427554486912347,0.641526,85.6,888.8,577.8,8.3,56.404,2.5,65.668,14.68
2018-01-06 10:59:00,0.872609274170559,0.0432834842596835,0.6419855,85.8,889.4,579.4,8.3,56.312,2.5,65.414,14.74
2018-01-06 11:00:00,0.871989039083114,0.0438115198281323,0.642445,86,890,581,8.3,56.22,2.5,65.16,14.8
2018-01-06 11:01:00,0.871396892008955,0.0436304623800677,0.6437145,86,890.8,582.6,8.3,56.132,2.5,65.076,14.82
2018-01-06 11:02:00,0.870804744934796,0.0434494049320031,0.644984,86,891.6,584.2,8.3,56.044,2.5,64.992,14.84
2018-01-06 11:03:00,0.870212597860637,0.0432683474839384,0.6462535,86,892.4,585.8,8.3,55.956,2.5,64.908,14.86
2018-01-06 11:04:00,0.869620450786478,0.0430872900358738,0.647523,86,893.2,587.4,8.3,55.868,2.5,64.824,14.88
2018-01-06 11:05:00,0.869028303712319,0.0429062325878091,0.6487925,86,894,589,8.3,55.78,2.5,64.74,14.9
2018-01-06 11:06:00,0.868436156638161,0.0430128370222686,0.649928,86.2,894.4,590.4,8.3,55.698,2.5,64.576,14.94
2018-01-06 11:07:00,0.867844009564002,0.0431194414567281,0.6510635,86.4,894.8,591.8,8.3,55.616,2.5,64.412,14.98
2018-01-06 11:08:00,0.867251862489843,0.0432260458911876,0.652199,86.6,895.2,593.2,8.3,55.534,2.5,64.248,15.02
2018-01-06 11:09:00,0.866659715415684,0.0433326503256471,0.6533345,86.8,895.6,594.6,8.3,55.452,2.5,64.084,15.06
2018-01-06 11:10:00,0.866067568341525,0.0434392547601066,0.65447,87,896,596,8.3,55.37,2.5,63.92,15.1
2018-01-06 11:11:00,0.865475421267366,0.0435261538173654,0.6555255,87,896.6,597.4,8.3,55.292,2.5,63.838,15.12
2018-01-06 11:12:00,0.864883274193208,0.0436130528746243,0.656581,87,897.2,598.8,8.3,55.214,2.5,63.756,15.14
2018-01-06 11:13:00,0.864291127119049,0.0436999519318832,0.6576365,87,897.8,600.2,8.3,55.136,2.5,63.674,15.16
2018-01-06 11:14:00,0.86369898004489,0.0437868509891421,0.658692,87,898.4,601.6,8.3,55.058,2.5,63.592,15.18
2018-01-06 11:15:00,0.863106832970731,0.043873750046401,0.6597475,87,899,603,8.3,54.98,2.5,63.51,15.2
2018-01-06 11:16:00,0.862514685896572,0.0435395439871615,0.660816,87.2,899.4,604.4,8.3,54.906,2.5,63.428,15.22
2018-01-06 11:17:00,0.861922538822413,0.0432053379279221,0.6618845,87.4,899.8,605.8,8.3,54.832,2.5,63.346,15.24
2018-01-06 11:18:00,0.861330391748254,0.0428711318686827,0.662953,87.6,900.2,607.2,8.3,54.758,2.5,63.264,15.26
2018-01-06 11:19:00,0.860738244674096,0.0425369258094433,0.6640215,87.8,900.6,608.6,8.3,54.684,2.5,63.182,15.28
2018-01-06 11:20:00,0.860146097599937,0.0422027197502038,0.66509,88,901,610,8.3,54.61,2.5,63.1,15.3
2018-01-06 11:21:00,0.859553950525778,0.0419650642764133,0.6659075,88,901.4,611.2,8.3,54.54,2.5,62.94,15.34
2018-01-06 11:22:00,0.858961803451619,0.0417274088026227,0.666725,88,901.8,612.4,8.3,54.47,2.5,62.78,15.38
2018-01-06 11:23:00,0.85836965637746,0.0414897533288321,0.6675425,88,902.2,613.6,8.3,54.4,2.5,62.62,15.42
2018-01-06 11:24:00,0.857777509303301,0.0412520978550416,0.66836,88,902.6,614.8,8.3,54.33,2.5,62.46,15.46
2018-01-06 11:25:00,0.857185362229143,0.041014442381251,0.6691775,88,903,616,8.3,54.26,2.5,62.3,15.5
2018-01-06 11:26:00,0.856593215154984,0.039990664407083,0.6700155,88,903.6,617,8.3,54.196,2.48,62.222,15.52
2018-01-06 11:27:00,0.856001068080825,0.038966886432915,0.6708535,88,904.2,618,8.3,54.132,2.46,62.144,15.54
2018-01-06 11:28:00,0.855408921006666,0.037943108458747,0.6716915,88,904.8,619,8.3,54.068,2.44,62.066,15.56
2018-01-06 11:29:00,0.854816773932507,0.036919330484579,0.6725295,88,905.4,620,8.3,54.004,2.42,61.988,15.58
2018-01-06 11:30:00,0.854224626858348,0.035895552510411,0.6733675,88,906,621,8.3,53.94,2.4,61.91,15.6
2018-01-06 11:31:00,0.85363247978419,0.0359043410478083,0.673814,88.6,905.2,621.8,8.3,53.88,2.4,61.726,15.64
2018-01-06 11:32:00,0.853040332710031,0.0359131295852056,0.6742605,89.2,904.4,622.6,8.3,53.82,2.4,61.542,15.68
2018-01-06 11:33:00,0.852448185635872,0.0359219181226029,0.674707,89.8,903.6,623.4,8.3,53.76,2.4,61.358,15.72
2018-01-06 11:34:00,0.851856038561713,0.0359307066600002,0.6751535,90.4,902.8,624.2,8.3,53.7,2.4,61.174,15.76
2018-01-06 11:35:00,0.851263891487554,0.0359394951973975,0.6756,91,902,625,8.3,53.64,2.4,60.99,15.8
2018-01-06 11:36:00,0.850671744413395,0.0373258673315161,0.6761505,91,902.2,626,8.3,53.586,2.4,60.9,15.82
2018-01-06 11:37:00,0.850079597339237,0.0387122394656347,0.676701,91,902.4,627,8.3,53.532,2.4,60.81,15.84
2018-01-06 11:38:00,0.849487450265078,0.0400986115997533,0.6772515,91,902.6,628,8.3,53.478,2.4,60.72,15.86
2018-01-06 11:39:00,0.848895303190919,0.0414849837338719,0.677802,91,902.8,629,8.3,53.424,2.4,60.63,15.88
2018-01-06 11:40:00,0.84830315611676,0.0428713558679905,0.6783525,91,903,630,8.3,53.37,2.4,60.54,15.9
2018-01-06 11:41:00,0.847711009042601,0.042290123135894,0.678968,91,903.4,630.8,8.3,53.322,2.4,60.388,15.94
2018-01-06 11:42:00,0.847118861968442,0.0417088904037975,0.6795835,91,903.8,631.6,8.3,53.274,2.4,60.236,15.98
2018-01-06 11:43:00,0.846526714894284,0.0411276576717009,0.680199,91,904.2,632.4,8.3,53.226,2.4,60.084,16.02
2018-01-06 11:44:00,0.845934567820125,0.0405464249396044,0.6808145,91,904.6,633.2,8.3,53.178,2.4,59.932,16.06
2018-01-06 11:45:00,0.845342420745966,0.0399651922075078,0.68143,91,905,634,8.3,53.13,2.4,59.78,16.1
2018-01-06 11:46:00,0.844750273671807,0.0387601334634981,0.682059,91.2,905.2,634.8,8.3,53.086,2.4,59.704,16.12
2018-01-06 11:47:00,0.844158126597648,0.0375550747194883,0.682688,91.4,905.4,635.6,8.3,53.042,2.4,59.628,16.14
2018-01-06 11:48:00,0.843565979523489,0.0363500159754786,0.683317,91.6,905.6,636.4,8.3,52.998,2.4,59.552,16.16
2018-01-06 11:49:00,0.84297383244933,0.0351449572314689,0.683946,91.8,905.8,637.2,8.3,52.954,2.4,59.476,16.18
2018-01-06 11:50:00,0.842381685375172,0.0339398984874591,0.684575,92,906,638,8.3,52.91,2.4,59.4,16.2
2018-01-06 11:51:00,0.841789538301013,0.0352803185497053,0.6849575,92,906.2,638.6,8.3,52.872,2.4,59.25,16.24
2018-01-06 11:52:00,0.841197391226854,0.0366207386119516,0.68534,92,906.4,639.2,8.3,52.834,2.4,59.1,16.28
2018-01-06 11:53:00,0.840605244152695,0.0379611586741978,0.6857225,92,906.6,639.8,8.3,52.796,2.4,58.95,16.32
2018-01-06 11:54:00,0.840013097078536,0.039301578736444,0.686105,92,906.8,640.4,8.3,52.758,2.4,58.8,16.36
2018-01-06 11:55:00,0.839420950004377,0.0406419987986902,0.6864875,92,907,641,8.3,52.72,2.4,58.65,16.4
2018-01-06 11:56:00,0.838828802930219,0.0408154671581405,0.686844,92,907.2,641.6,8.3,52.686,2.4,58.576,16.42
2018-01-06 11:57:00,0.83823665585606,0.0409889355175907,0.6872005,92,907.4,642.2,8.3,52.652,2.4,58.502,16.44
2018-01-06 11:58:00,0.837644508781901,0.0411624038770409,0.687557,92,907.6,642.8,8.3,52.618,2.4,58.428,16.46
2018-01-06 11:59:00,0.837052361707742,0.0413358722364912,0.6879135,92,907.8,643.4,8.3,52.584,2.4,58.354,16.48
2018-01-06 12:00:00,0.836460214633583,0.0415093405959414,0.68827,92,908,644,8.3,52.55,2.4,58.28,16.5
2018-01-06 12:01:00,0.836009459057957,0.0413751386717375,0.688585,92,908.2,644.6,8.3,52.522,2.4,58.206,16.52
2018-01-06 12:02:00,0.83555870348233,0.0412409367475337,0.6889,92,908.4,645.2,8.3,52.494,2.4,58.132,16.54
2018-01-06 12:03:00,0.835107947906704,0.0411067348233298,0.689215,92,908.6,645.8,8.3,52.466,2.4,58.058,16.56
2018-01-06 12:04:00,0.834657192331077,0.0409725328991259,0.68953,92,908.8,646.4,8.3,52.438,2.4,57.984,16.58
2018-01-06 12:05:00,0.834206436755451,0.040838330974922,0.689845,92,909,647,8.3,52.41,2.4,57.91,16.6
2018-01-06 12:06:00,0.833755681179825,0.0403045238379898,0.690055,92,909.2,647.4,8.3,52.388,2.38,57.91,16.6
2018-01-06 12:07:00,0.833304925604198,0.0397707167010576,0.690265,92,909.4,647.8,8.3,52.366,2.36,57.91,16.6
2018-01-06 12:08:00,0.832854170028572,0.0392369095641254,0.690475,92,909.6,648.2,8.3,52.344,2.34,57.91,16.6
2018-01-06 12:09:00,0.832403414452946,0.0387031024271932,0.690685,92,909.8,648.6,8.3,52.322,2.32,57.91,16.6
2018-01-06 12:10:00,0.831952658877319,0.038169295290261,0.690895,92,910,649,8.3,52.3,2.3,57.91,16.6
2018-01-06 12:11:00,0.831501903301693,0.0372559820396571,0.6909595,92,910,649.2,8.3,52.284,2.3,57.838,16.62
2018-01-06 12:12:00,0.831051147726066,0.0363426687890532,0.691024,92,910,649.4,8.3,52.268,2.3,57.766,16.64
2018-01-06 12:13:00,0.83060039215044,0.0354293555384493,0.6910885,92,910,649.6,8.3,52.252,2.3,57.694,16.66
2018-01-06 12:14:00,0.830149636574813,0.0345160422878455,0.691153,92,910,649.8,8.3,52.236,2.3,57.622,16.68
2018-01-06 12:15:00,0.829698880999187,0.0336027290372416,0.6912175,92,910,650,8.3,52.22,2.3,57.55,16.7
2018-01-06 12:16:00,0.829248125423561,0.0336456078733598,0.691407,92,910.2,650.2,8.3,52.208,2.3,57.55,16.7
2018-01-06 12:17:00,0.828797369847934,0.033688486709478,0.6915965,92,910.4,650.4,8.3,52.196,2.3,57.55,16.7
2018-01-06 12:18:00,0.828346614272308,0.0337313655455963,0.691786,92,910.6,650.6,8.3,52.184,2.3,57.55,16.7
2018-01-06 12:19:00,0.827895858696681,0.0337742443817145,0.6919755,92,910.8,650.8,8.3,52.172,2.3,57.55,16.7
2018-01-06 12:20:00,0.827445103121055,0.0338171232178327,0.692165,92,911,651,8.3,52.16,2.3,57.55,16.7
2018-01-06 12:21:00,0.826994347545428,0.0329919748736779,0.6921615,92,911,651,8.3,52.154,2.3,57.476,16.72
2018-01-06 12:22:00,0.826543591969802,0.0321668265295231,0.692158,92,911,651,8.3,52.148,2.3,57.402,16.74
2018-01-06 12:23:00,0.826092836394176,0.0313416781853683,0.6921545,92,911,651,8.3,52.142,2.3,57.328,16.76
2018-01-06 12:24:00,0.825642080818549,0.0305165298412135,0.692151,92,911,651,8.3,52.136,2.3,57.254,16.78
2018-01-06 12:25:00,0.825191325242923,0.0296913814970587,0.6921475,92,911,651,8.3,52.13,2.3,57.18,16.8
2018-01-06 12:26:00,0.824740569667296,0.0309385636595852,0.6917355,92,910.4,650.6,8.3,52.13,2.3,57.17,16.8
2018-01-06 12:27:00,0.82428981409167,0.0321857458221117,0.6913235,92,909.8,650.2,8.3,52.13,2.3,57.16,16.8
2018-01-06 12:28:00,0.823839058516043,0.0334329279846382,0.6909115,92,909.2,649.8,8.3,52.13,2.3,57.15,16.8
2018-01-06 12:29:00,0.823388302940417,0.0346801101471647,0.6904995,92,908.6,649.4,8.3,52.13,2.3,57.14,16.8
2018-01-06 12:30:00,0.822937547364791,0.0359272923096912,0.6900875,92,908,649,8.3,52.13,2.3,57.13,16.8
2018-01-06 12:31:00,0.822486791789164,0.0357455301535515,0.689494,92.6,906.4,648.6,8.32,52.136,2.3,57.152,16.82
2018-01-06 12:32:00,0.822036036213538,0.0355637679974117,0.6889005,93.2,904.8,648.2,8.34,52.142,2.3,57.174,16.84
2018-01-06 12:33:00,0.821585280637911,0.0353820058412719,0.688307,93.8,903.2,647.8,8.36,52.148,2.3,57.196,16.86
2018-01-06 12:34:00,0.821134525062285,0.0352002436851322,0.6877135,94.4,901.6,647.4,8.38,52.154,2.3,57.218,16.88
2018-01-06 12:35:00,0.820683769486659,0.0350184815289924,0.68712,95,900,647,8.4,52.16,2.3,57.24,16.9
2018-01-06 12:36:00,0.820233013911032,0.0360838281249182,0.68702,95,900,647,8.4,52.17,2.3,57.24,16.9
2018-01-06 12:37:00,0.819782258335406,0.0371491747208439,0.68692,95,900,647,8.4,52.18,2.3,57.24,16.9
2018-01-06 12:38:00,0.819331502759779,0.0382145213167697,0.68682,95,900,647,8.4,52.19,2.3,57.24,16.9
2018-01-06 12:39:00,0.818880747184153,0.0392798679126955,0.68672,95,900,647,8.4,52.2,2.3,57.24,16.9
2018-01-06 12:40:00,0.818429991608526,0.0403452145086213,0.68662,95,900,647,8.4,52.21,2.3,57.24,16.9
2018-01-06 12:41:00,0.8179792360329,0.0391673714286719,0.686307,95,899.8,646.6,8.4,52.228,2.3,57.168,16.92
2018-01-06 12:42:00,0.817528480457274,0.0379895283487225,0.685994,95,899.6,646.2,8.4,52.246,2.3,57.096,16.94
2018-01-06 12:43:00,0.817077724881647,0.036811685268773,0.685681,95,899.4,645.8,8.4,52.264,2.3,57.024,16.96
2018-01-06 12:44:00,0.816626969306021,0.0356338421888236,0.685368,95,899.2,645.4,8.4,52.282,2.3,56.952,16.98
2018-01-06 12:45:00,0.816176213730394,0.0344559991088742,0.685055,95,899,645,8.4,52.3,2.3,56.88,17
2018-01-06 12:46:00,0.815725458154768,0.0333414866996567,0.6848385,95,899,644.6,8.4,52.322,2.3,56.88,17
2018-01-06 12:47:00,0.815274702579142,0.0322269742904392,0.684622,95,899,644.2,8.4,52.344,2.3,56.88,17
2018-01-06 12:48:00,0.814823947003515,0.0311124618812218,0.6844055,95,899,643.8,8.4,52.366,2.3,56.88,17
2018-01-06 12:49:00,0.814373191427889,0.0299979494720043,0.684189,95,899,643.4,8.4,52.388,2.3,56.88,17
2018-01-06 12:50:00,0.813922435852262,0.0288834370627868,0.6839725,95,899,643,8.4,52.41,2.3,56.88,17
2018-01-06 12:51:00,0.813471680276636,0.029793175009006,0.683552,95,898.8,642.6,8.4,52.436,2.3,56.81,17.02
2018-01-06 12:52:00,0.81302092470101,0.0307029129552253,0.6831315,95,898.6,642.2,8.4,52.462,2.3,56.74,17.04
2018-01-06 12:53:00,0.812570169125383,0.0316126509014446,0.682711,95,898.4,641.8,8.4,52.488,2.3,56.67,17.06
2018-01-06 12:54:00,0.812119413549757,0.0325223888476638,0.6822905,95,898.2,641.4,8.4,52.514,2.3,56.6,17.08
2018-01-06 12:55:00,0.81166865797413,0.0334321267938831,0.68187,95,898,641,8.4,52.54,2.3,56.53,17.1
2018-01-06 12:56:00,0.811217902398504,0.0340447005177522,0.681421,95,897.8,640.4,8.4,52.574,2.3,56.53,17.1
2018-01-06 12:57:00,0.810767146822877,0.0346572742416213,0.680972,95,897.6,639.8,8.4,52.608,2.3,56.53,17.1
2018-01-06 12:58:00,0.810316391247251,0.0352698479654905,0.680523,95,897.4,639.2,8.4,52.642,2.3,56.53,17.1
2018-01-06 12:59:00,0.809865635671625,0.0358824216893596,0.680074,95,897.2,638.6,8.4,52.676,2.3,56.53,17.1
2018-01-06 13:00:00,0.809414880095998,0.0364949954132288,0.679625,95,897,638,8.4,52.71,2.3,56.53,17.1
2018-01-06 13:01:00,0.809105504320623,0.0356819113175454,0.678965,94.8,896.8,637.4,8.4,52.748,2.3,56.53,17.1
2018-01-06 13:02:00,0.808796128545248,0.034868827221862,0.678305,94.6,896.6,636.8,8.4,52.786,2.3,56.53,17.1
2018-01-06 13:03:00,0.808486752769873,0.0340557431261785,0.677645,94.4,896.4,636.2,8.4,52.824,2.3,56.53,17.1
2018-01-06 13:04:00,0.808177376994498,0.0332426590304951,0.676985,94.2,896.2,635.6,8.4,52.862,2.3,56.53,17.1
2018-01-06 13:05:00,0.807868001219123,0.0324295749348117,0.676325,94,896,635,8.4,52.9,2.3,56.53,17.1
2018-01-06 13:06:00,0.807558625443748,0.0326746742508809,0.6765845,94,895.6,634.2,8.4,52.942,2.3,56.53,17.1
2018-01-06 13:07:00,0.807249249668373,0.0329197735669502,0.676844,94,895.2,633.4,8.4,52.984,2.3,56.53,17.1
2018-01-06 13:08:00,0.806939873892998,0.0331648728830194,0.6771035,94,894.8,632.6,8.4,53.026,2.3,56.53,17.1
2018-01-06 13:09:00,0.806630498117623,0.0334099721990886,0.677363,94,894.4,631.8,8.4,53.068,2.3,56.53,17.1
2018-01-06 13:10:00,0.806321122342247,0.0336550715151578,0.6776225,94,894,631,8.4,53.11,2.3,56.53,17.1
2018-01-06 13:11:00,0.806011746566872,0.033952196990481,0.677008,94,893.8,630.2,8.4,53.16,2.3,56.53,17.1
2018-01-06 13:12:00,0.805702370791497,0.0342493224658043,0.6763935,94,893.6,629.4,8.4,53.21,2.3,56.53,17.1
2018-01-06 13:13:00,0.805392995016122,0.0345464479411275,0.675779,94,893.4,628.6,8.4,53.26,2.3,56.53,17.1
2018-01-06 13:14:00,0.805083619240747,0.0348435734164507,0.6751645,94,893.2,627.8,8.4,53.31,2.3,56.53,17.1
2018-01-06 13:15:00,0.804774243465372,0.0351406988917739,0.67455,94,893,627,8.4,53.36,2.3,56.53,17.1
2018-01-06 13:16:00,0.804464867689997,0.0351719243745285,0.6737755,94,892.6,626,8.4,53.414,2.3,56.53,17.1
2018-01-06 13:17:00,0.804155491914622,0.0352031498572831,0.673001,94,892.2,625,8.4,53.468,2.3,56.53,17.1
2018-01-06 13:18:00,0.803846116139247,0.0352343753400376,0.6722265,94,891.8,624,8.4,53.522,2.3,56.53,17.1
2018-01-06 13:19:00,0.803536740363872,0.0352656008227922,0.671452,94,891.4,623,8.4,53.576,2.3,56.53,17.1
2018-01-06 13:20:00,0.803227364588497,0.0352968263055468,0.6706775,94,891,622,8.4,53.63,2.3,56.53,17.1
2018-01-06 13:21:00,0.802917988813122,0.0345794960597707,0.6698645,94,890.6,621.2,8.4,53.688,2.3,56.53,17.1
2018-01-06 13:22:00,0.802608613037747,0.0338621658139946,0.6690515,94,890.2,620.4,8.4,53.746,2.3,56.53,17.1
2018-01-06 13:23:00,0.802299237262372,0.0331448355682185,0.6682385,94,889.8,619.6,8.4,53.804,2.3,56.53,17.1
2018-01-06 13:24:00,0.801989861486996,0.0324275053224425,0.6674255,94,889.4,618.8,8.4,53.862,2.3,56.53,17.1
2018-01-06 13:25:00,0.801680485711621,0.0317101750766664,0.6666125,94,889,618,8.4,53.92,2.3,56.53,17.1
2018-01-06 13:26:00,0.801371109936246,0.0313901200494157,0.6657555,94,888.6,616.8,8.4,53.984,2.3,56.53,17.1
2018-01-06 13:27:00,0.801061734160871,0.031070065022165,0.6648985,94,888.2,615.6,8.4,54.048,2.3,56.53,17.1
2018-01-06 13:28:00,0.800752358385496,0.0307500099949144,0.6640415,94,887.8,614.4,8.4,54.112,2.3,56.53,17.1
2018-01-06 13:29:00,0.800442982610121,0.0304299549676637,0.6631845,94,887.4,613.2,8.4,54.176,2.3,56.53,17.1
2018-01-06 13:30:00,0.800133606834746,0.030109899940413,0.6623275,94,887,612,8.4,54.24,2.3,56.53,17.1
2018-01-06 13:31:00,0.799824231059371,0.0303070814791768,0.6609545,94.6,885,610.6,8.44,54.308,2.3,56.706,17.1
2018-01-06 13:32:00,0.799514855283996,0.0305042630179406,0.6595815,95.2,883,609.2,8.48,54.376,2.3,56.882,17.1
2018-01-06 13:33:00,0.799205479508621,0.0307014445567044,0.6582085,95.8,881,607.8,8.52,54.444,2.3,57.058,17.1
2018-01-06 13:34:00,0.798896103733246,0.0308986260954682,0.6568355,96.4,879,606.4,8.56,54.512,2.3,57.234,17.1
2018-01-06 13:35:00,0.798586727957871,0.031095807634232,0.6554625,97,877,605,8.6,54.58,2.3,57.41,17.1
2018-01-06 13:36:00,0.798277352182496,0.0316267624546707,0.654238,96.8,876.4,603.6,8.6,54.654,2.3,57.41,17.1
2018-01-06 13:37:00,0.79796797640712,0.0321577172751095,0.6530135,96.6,875.8,602.2,8.6,54.728,2.3,57.41,17.1
2018-01-06 13:38:00,0.797658600631745,0.0326886720955483,0.651789,96.4,875.2,600.8,8.6,54.802,2.3,57.41,17.1
2018-01-06 13:39:00,0.79734922485637,0.033219626915987,0.6505645,96.2,874.6,599.4,8.6,54.876,2.3,57.41,17.1
2018-01-06 13:40:00,0.797039849080995,0.0337505817364258,0.64934,96,874,598,8.6,54.95,2.3,57.41,17.1
2018-01-06 13:41:00,0.79673047330562,0.033292771117072,0.648242,96,873.4,596.6,8.6,55.028,2.3,57.41,17.1
2018-01-06 13:42:00,0.796421097530245,0.0328349604977182,0.647144,96,872.8,595.2,8.6,55.106,2.3,57.41,17.1
2018-01-06 13:43:00,0.79611172175487,0.0323771498783643,0.646046,96,872.2,593.8,8.6,55.184,2.3,57.41,17.1
2018-01-06 13:44:00,0.795802345979495,0.0319193392590105,0.644948,96,871.6,592.4,8.6,55.262,2.3,57.41,17.1
2018-01-06 13:45:00,0.79549297020412,0.0314615286396567,0.64385,96,871,591,8.6,55.34,2.3,57.41,17.1
2018-01-06 13:46:00,0.795183594428745,0.0334419498745007,0.642604,95.8,870.4,589.6,8.6,55.424,2.32,57.41,17.1
2018-01-06 13:47:00,0.79487421865337,0.0354223711093447,0.641358,95.6,869.8,588.2,8.6,55.508,2.34,57.41,17.1
2018-01-06 13:48:00,0.794564842877995,0.0374027923441887,0.640112,95.4,869.2,586.8,8.6,55.592,2.36,57.41,17.1
2018-01-06 13:49:00,0.79425546710262,0.0393832135790327,0.638866,95.2,868.6,585.4,8.6,55.676,2.38,57.41,17.1
2018-01-06 13:50:00,0.793946091327244,0.0413636348138767,0.63762,95,868,584,8.6,55.76,2.4,57.41,17.1
2018-01-06 13:51:00,0.793636715551869,0.0404984771058583,0.6364595,95,867.4,582.4,8.6,55.846,2.4,57.41,17.1
2018-01-06 13:52:00,0.793327339776494,0.0396333193978398,0.635299,95,866.8,580.8,8.6,55.932,2.4,57.41,17.1
2018-01-06 13:53:00,0.793017964001119,0.0387681616898214,0.6341385,95,866.2,579.2,8.6,56.018,2.4,57.41,17.1
2018-01-06 13:54:00,0.792708588225744,0.0379030039818029,0.632978,95,865.6,577.6,8.6,56.104,2.4,57.41,17.1
2018-01-06 13:55:00,0.792399212450369,0.0370378462737845,0.6318175,95,865,576,8.6,56.19,2.4,57.41,17.1
2018-01-06 13:56:00,0.792089836674994,0.036857609323935,0.630415,94.8,864.4,574.4,8.6,56.282,2.4,57.41,17.1
2018-01-06 13:57:00,0.791780460899619,0.0366773723740856,0.6290125,94.6,863.8,572.8,8.6,56.374,2.4,57.41,17.1
2018-01-06 13:58:00,0.791471085124244,0.0364971354242362,0.62761,94.4,863.2,571.2,8.6,56.466,2.4,57.41,17.1
2018-01-06 13:59:00,0.791161709348869,0.0363168984743868,0.6262075,94.2,862.6,569.6,8.6,56.558,2.4,57.41,17.1
2018-01-06 14:00:00,0.790852333573494,0.0361366615245374,0.624805,94,862,568,8.6,56.65,2.4,57.41,17.1
2018-01-06 14:01:00,0.790668693951699,0.0368824710997146,0.6234075,94,861.2,566.2,8.6,56.746,2.4,57.41,17.1
2018-01-06 14:02:00,0.790485054329905,0.0376282806748918,0.62201,94,860.4,564.4,8.6,56.842,2.4,57.41,17.1
2018-01-06 14:03:00,0.790301414708111,0.038374090250069,0.6206125,94,859.6,562.6,8.6,56.938,2.4,57.41,17.1
2018-01-06 14:04:00,0.790117775086316,0.0391198998252462,0.619215,94,858.8,560.8,8.6,57.034,2.4,57.41,17.1
2018-01-06 14:05:00,0.789934135464522,0.0398657094004234,0.6178175,94,858,559,8.6,57.13,2.4,57.41,17.1
2018-01-06 14:06:00,0.789750495842727,0.0398537088199861,0.6162265,93.8,857.2,557.2,8.6,57.232,2.4,57.482,17.08
2018-01-06 14:07:00,0.789566856220933,0.0398417082395487,0.6146355,93.6,856.4,555.4,8.6,57.334,2.4,57.554,17.06
2018-01-06 14:08:00,0.789383216599139,0.0398297076591113,0.6130445,93.4,855.6,553.6,8.6,57.436,2.4,57.626,17.04
2018-01-06 14:09:00,0.789199576977344,0.039817707078674,0.6114535,93.2,854.8,551.8,8.6,57.538,2.4,57.698,17.02
2018-01-06 14:10:00,0.78901593735555,0.0398057064982366,0.6098625,93,854,550,8.6,57.64,2.4,57.77,17
2018-01-06 14:11:00,0.788832297733756,0.0384482419763935,0.6082175,92.8,853.2,548.2,8.6,57.744,2.4,57.77,17
2018-01-06 14:12:00,0.788648658111961,0.0370907774545503,0.6065725,92.6,852.4,546.4,8.6,57.848,2.4,57.77,17
2018-01-06 14:13:00,0.788465018490167,0.0357333129327071,0.6049275,92.4,851.6,544.6,8.6,57.952,2.4,57.77,17
2018-01-06 14:14:00,0.788281378868372,0.034375848410864,0.6032825,92.2,850.8,542.8,8.6,58.056,2.4,57.77,17
2018-01-06 14:15:00,0.788097739246578,0.0330183838890208,0.6016375,92,850,541,8.6,58.16,2.4,57.77,17
2018-01-06 14:16:00,0.787914099624784,0.0343739992164688,0.6001445,92,849.2,539,8.6,58.268,2.4,57.844,16.98
2018-01-06 14:17:00,0.787730460002989,0.0357296145439169,0.5986515,92,848.4,537,8.6,58.376,2.4,57.918,16.96
2018-01-06 14:18:00,0.787546820381195,0.0370852298713649,0.5971585,92,847.6,535,8.6,58.484,2.4,57.992,16.94
2018-01-06 14:19:00,0.787363180759401,0.038440845198813,0.5956655,92,846.8,533,8.6,58.592,2.4,58.066,16.92
2018-01-06 14:20:00,0.787179541137606,0.039796460526261,0.5941725,92,846,531,8.6,58.7,2.4,58.14,16.9
2018-01-06 14:21:00,0.786995901515812,0.039664606929207,0.5923285,91.8,845,529,8.6,58.812,2.4,58.14,16.9
2018-01-06 14:22:00,0.786812261894018,0.039532753332153,0.5904845,91.6,844,527,8.6,58.924,2.4,58.14,16.9
2018-01-06 14:23:00,0.786628622272223,0.039400899735099,0.5886405,91.4,843,525,8.6,59.036,2.4,58.14,16.9
2018-01-06 14:24:00,0.786444982650429,0.039269046138045,0.5867965,91.2,842,523,8.6,59.148,2.4,58.14,16.9
2018-01-06 14:25:00,0.786261343028634,0.0391371925409909,0.5849525,91,841,521,8.6,59.26,2.4,58.14,16.9
2018-01-06 14:26:00,0.78607770340684,0.0391232914109536,0.5830935,90.8,840,518.8,8.6,59.376,2.4,58.214,16.88
2018-01-06 14:27:00,0.785894063785046,0.0391093902809163,0.5812345,90.6,839,516.6,8.6,59.492,2.4,58.288,16.86
2018-01-06 14:28:00,0.785710424163251,0.039095489150879,0.5793755,90.4,838,514.4,8.6,59.608,2.4,58.362,16.84
2018-01-06 14:29:00,0.785526784541457,0.0390815880208417,0.5775165,90.2,837,512.2,8.6,59.724,2.4,58.436,16.82
2018-01-06 14:30:00,0.785343144919663,0.0390676868908044,0.5756575,90,836,510,8.6,59.84,2.4,58.51,16.8
2018-01-06 14:31:00,0.785159505297868,0.0394238385997166,0.5724365,91,830.8,507,8.66,59.96,2.4,58.762,16.8
2018-01-06 14:32:00,0.784975865676074,0.0397799903086287,0.5692155,92,825.6,504,8.72,60.08,2.4,59.014,16.8
2018-01-06 14:33:00,0.784792226054279,0.0401361420175408,0.5659945,93,820.4,501,8.78,60.2,2.4,59.266,16.8
2018-01-06 14:34:00,0.784608586432485,0.040492293726453,0.5627735,94,815.2,498,8.84,60.32,2.4,59.518,16.8
2018-01-06 14:35:00,0.784424946810691,0.0408484454353651,0.5595525,95,810,495,8.9,60.44,2.4,59.77,16.8
2018-01-06 14:36:00,0.784241307188896,0.039891445234338,0.5575755,94.8,808.8,492.6,8.9,60.564,2.4,59.846,16.78
2018-01-06 14:37:00,0.784057667567102,0.0389344450333108,0.5555985,94.6,807.6,490.2,8.9,60.688,2.4,59.922,16.76
2018-01-06 14:38:00,0.783874027945308,0.0379774448322837,0.5536215,94.4,806.4,487.8,8.9,60.812,2.4,59.998,16.74
2018-01-06 14:39:00,0.783690388323513,0.0370204446312566,0.5516445,94.2,805.2,485.4,8.9,60.936,2.4,60.074,16.72
2018-01-06 14:40:00,0.783506748701719,0.0360634444302294,0.5496675,94,804,483,8.9,61.06,2.4,60.15,16.7
2018-01-06 14:41:00,0.783323109079924,0.0360338590932121,0.547793,94,802.8,480.8,8.9,61.186,2.4,60.15,16.7
2018-01-06 14:42:00,0.78313946945813,0.0360042737561947,0.5459185,94,801.6,478.6,8.9,61.312,2.4,60.15,16.7
2018-01-06 14:43:00,0.782955829836336,0.0359746884191774,0.544044,94,800.4,476.4,8.9,61.438,2.4,60.15,16.7
2018-01-06 14:44:00,0.782772190214541,0.03594510308216,0.5421695,94,799.2,474.2,8.9,61.564,2.4,60.15,16.7
2018-01-06 14:45:00,0.782588550592747,0.0359155177451426,0.540295,94,798,472,8.9,61.69,2.4,60.15,16.7
2018-01-06 14:46:00,0.782404910970953,0.0359161969872836,0.53811,93.8,796.6,469.6,8.9,61.82,2.4,60.228,16.68
2018-01-06 14:47:00,0.782221271349158,0.0359168762294246,0.535925,93.6,795.2,467.2,8.9,61.95,2.4,60.306,16.66
2018-01-06 14:48:00,0.782037631727364,0.0359175554715656,0.53374,93.4,793.8,464.8,8.9,62.08,2.4,60.384,16.64
2018-01-06 14:49:00,0.78185399210557,0.0359182347137066,0.531555,93.2,792.4,462.4,8.9,62.21,2.4,60.462,16.62
2018-01-06 14:50:00,0.781670352483775,0.0359189139558476,0.52937,93,791,460,8.9,62.34,2.4,60.54,16.6
2018-01-06 14:51:00,0.781486712861981,0.0359317814646495,0.527142,92.8,789.8,457.6,8.9,62.472,2.4,60.54,16.6
2018-01-06 14:52:00,0.781303073240186,0.0359446489734513,0.524914,92.6,788.6,455.2,8.9,62.604,2.4,60.54,16.6
2018-01-06 14:53:00,0.781119433618392,0.0359575164822532,0.522686,92.4,787.4,452.8,8.9,62.736,2.4,60.54,16.6
2018-01-06 14:54:00,0.780935793996598,0.0359703839910551,0.520458,92.2,786.2,450.4,8.9,62.868,2.4,60.54,16.6
2018-01-06 14:55:00,0.780752154374803,0.035983251499857,0.51823,92,785,448,8.9,63,2.4,60.54,16.6
2018-01-06 14:56:00,0.780568514753009,0.0360306210150926,0.515766,91.8,783.4,445.4,8.9,63.138,2.4,60.616,16.58
2018-01-06 14:57:00,0.780384875131215,0.0360779905303282,0.513302,91.6,781.8,442.8,8.9,63.276,2.4,60.692,16.56
2018-01-06 14:58:00,0.78020123550942,0.0361253600455638,0.510838,91.4,780.2,440.2,8.9,63.414,2.4,60.768,16.54
2018-01-06 14:59:00,0.780017595887626,0.0361727295607995,0.508374,91.2,778.6,437.6,8.9,63.552,2.4,60.844,16.52
2018-01-06 15:00:00,0.779833956265831,0.0362200990760351,0.50591,91,777,435,8.9,63.69,2.4,60.92,16.5
2018-01-06 15:01:00,0.779948500630679,0.0357142435723626,0.5037575,90.6,775.6,432.4,8.9,63.828,2.4,60.998,16.48
2018-01-06 15:02:00,0.780063044995526,0.0352083880686902,0.501605,90.2,774.2,429.8,8.9,63.966,2.4,61.076,16.46
2018-01-06 15:03:00,0.780177589360374,0.0347025325650177,0.4994525,89.8,772.8,427.2,8.9,64.104,2.4,61.154,16.44
2018-01-06 15:04:00,0.780292133725221,0.0341966770613453,0.4973,89.4,771.4,424.6,8.9,64.242,2.4,61.232,16.42
2018-01-06 15:05:00,0.780406678090069,0.0336908215576728,0.4951475,89,770,422,8.9,64.38,2.4,61.31,16.4
2018-01-06 15:06:00,0.780521222454916,0.0342667710415516,0.492507,88.8,768.2,419.4,8.9,64.522,2.38,61.466,16.36
2018-01-06 15:07:00,0.780635766819763,0.0348427205254304,0.4898665,88.6,766.4,416.8,8.9,64.664,2.36,61.622,16.32
2018-01-06 15:08:00,0.780750311184611,0.0354186700093092,0.487226,88.4,764.6,414.2,8.9,64.806,2.34,61.778,16.28
2018-01-06 15:09:00,0.780864855549458,0.0359946194931881,0.4845855,88.2,762.8,411.6,8.9,64.948,2.32,61.934,16.24
2018-01-06 15:10:00,0.780979399914306,0.0365705689770669,0.481945,88,761,409,8.9,65.09,2.3,62.09,16.2
2018-01-06 15:11:00,0.781093944279153,0.0351807365174978,0.4794015,87.8,759.4,406.2,8.9,65.236,2.3,62.17,16.18
2018-01-06 15:12:00,0.781208488644,0.0337909040579288,0.476858,87.6,757.8,403.4,8.9,65.382,2.3,62.25,16.16
2018-01-06 15:13:00,0.781323033008848,0.0324010715983597,0.4743145,87.4,756.2,400.6,8.9,65.528,2.3,62.33,16.14
2018-01-06 15:14:00,0.781437577373695,0.0310112391387907,0.471771,87.2,754.6,397.8,8.9,65.674,2.3,62.41,16.12
2018-01-06 15:15:00,0.781552121738543,0.0296214066792216,0.4692275,87,753,395,8.9,65.82,2.3,62.49,16.1
2018-01-06 15:16:00,0.78166666610339,0.0296745641783755,0.4665435,86.8,751.2,392.4,8.9,65.968,2.28,62.65,16.06
2018-01-06 15:17:00,0.781781210468238,0.0297277216775294,0.4638595,86.6,749.4,389.8,8.9,66.116,2.26,62.81,16.02
2018-01-06 15:18:00,0.781895754833085,0.0297808791766833,0.4611755,86.4,747.6,387.2,8.9,66.264,2.24,62.97,15.98
2018-01-06 15:19:00,0.782010299197933,0.0298340366758372,0.4584915,86.2,745.8,384.6,8.9,66.412,2.22,63.13,15.94
2018-01-06 15:20:00,0.78212484356278,0.029887194174991,0.4558075,86,744,382,8.9,66.56,2.2,63.29,15.9
2018-01-06 15:21:00,0.782239387927627,0.029619106393554,0.452848,85.6,742,379.2,8.9,66.71,2.2,63.37,15.88
2018-01-06 15:22:00,0.782353932292475,0.029351018612117,0.4498885,85.2,740,376.4,8.9,66.86,2.2,63.45,15.86
2018-01-06 15:23:00,0.782468476657322,0.0290829308306799,0.446929,84.8,738,373.6,8.9,67.01,2.2,63.53,15.84
2018-01-06 15:24:00,0.78258302102217,0.0288148430492429,0.4439695,84.4,736,370.8,8.9,67.16,2.2,63.61,15.82
2018-01-06 15:25:00,0.782697565387017,0.0285467552678059,0.44101,84,734,368,8.9,67.31,2.2,63.69,15.8
2018-01-06 15:26:00,0.782812109751865,0.028606802662695,0.438237,83.8,732,365,8.9,67.462,2.2,63.854,15.76
2018-01-06 15:27:00,0.782926654116712,0.028666850057584,0.435464,83.6,730,362,8.9,67.614,2.2,64.018,15.72
2018-01-06 15:28:00,0.783041198481559,0.0287268974524731,0.432691,83.4,728,359,8.9,67.766,2.2,64.182,15.68
2018-01-06 15:29:00,0.783155742846407,0.0287869448473622,0.429918,83.2,726,356,8.9,67.918,2.2,64.346,15.64
2018-01-06 15:30:00,0.783270287211254,0.0288469922422512,0.427145,83,724,353,8.9,68.07,2.2,64.51,15.6
2018-01-06 15:31:00,0.783384831576102,0.0283380106824575,0.423937,83,720.8,350,9.14,68.226,2.18,65.67,15.58
2018-01-06 15:32:00,0.783499375940949,0.0278290291226638,0.420729,83,717.6,347,9.38,68.382,2.16,66.83,15.56
2018-01-06 15:33:00,0.783613920305796,0.0273200475628702,0.417521,83,714.4,344,9.62,68.538,2.14,67.99,15.54
2018-01-06 15:34:00,0.783728464670644,0.0268110660030765,0.414313,83,711.2,341,9.86,68.694,2.12,69.15,15.52
2018-01-06 15:35:00,0.783843009035491,0.0263020844432828,0.411105,83,708,338,10.1,68.85,2.1,70.31,15.5
2018-01-06 15:36:00,0.783957553400339,0.026182759151908,0.407954,82.6,705.6,335,10.1,69.008,2.1,70.492,15.46
2018-01-06 15:37:00,0.784072097765186,0.0260634338605333,0.404803,82.2,703.2,332,10.1,69.166,2.1,70.674,15.42
2018-01-06 15:38:00,0.784186642130034,0.0259441085691585,0.401652,81.8,700.8,329,10.1,69.324,2.1,70.856,15.38
2018-01-06 15:39:00,0.784301186494881,0.0258247832777838,0.398501,81.4,698.4,326,10.1,69.482,2.1,71.038,15.34
2018-01-06 15:40:00,0.784415730859728,0.025705457986409,0.39535,81,696,323,10.1,69.64,2.1,71.22,15.3
2018-01-06 15:41:00,0.784530275224576,0.0256605903876288,0.3921925,80.6,693.6,320,10.1,69.8,2.1,71.31,15.28
2018-01-06 15:42:00,0.784644819589423,0.0256157227888485,0.389035,80.2,691.2,317,10.1,69.96,2.1,71.4,15.26
2018-01-06 15:43:00,0.784759363954271,0.0255708551900683,0.3858775,79.8,688.8,314,10.1,70.12,2.1,71.49,15.24
2018-01-06 15:44:00,0.784873908319118,0.0255259875912881,0.38272,79.4,686.4,311,10.1,70.28,2.1,71.58,15.22
2018-01-06 15:45:00,0.784988452683966,0.0254811199925078,0.3795625,79,684,308,10.1,70.44,2.1,71.67,15.2
2018-01-06 15:46:00,0.785102997048813,0.0248538029424204,0.3450392,88.8,590.4,285.8,10.1,70.602,2.08,71.856,15.16
2018-01-06 15:47:00,0.78521754141366,0.024226485892333,0.3105159,98.6,496.8,263.6,10.1,70.764,2.06,72.042,15.12
2018-01-06 15:48:00,0.785332085778508,0.0235991688422456,0.2759926,108.4,403.2,241.4,10.1,70.926,2.04,72.228,15.08
2018-01-06 15:49:00,0.785446630143355,0.0229718517921582,0.2414693,118.2,309.6,219.2,10.1,71.088,2.02,72.414,15.04
2018-01-06 15:50:00,0.785561174508203,0.0223445347420707,0.206946,128,216,197,10.1,71.25,2,72.6,15
2018-01-06 15:51:00,0.78567571887305,0.022418271308886,0.1802458,122,172.8,177.2,10.1,71.414,2,72.694,14.98
2018-01-06 15:52:00,0.785790263237898,0.0224920078757012,0.1535456,116,129.6,157.4,10.1,71.578,2,72.788,14.96
2018-01-06 15:53:00,0.785904807602745,0.0225657444425165,0.1268454,110,86.4,137.6,10.1,71.742,2,72.882,14.94
2018-01-06 15:54:00,0.786019351967592,0.0226394810093317,0.1001452,104,43.2,117.8,10.1,71.906,2,72.976,14.92
2018-01-06 15:55:00,0.78613389633244,0.0227132175761469,0.073445,98,0,98,10.1,72.07,2,73.07,14.9
2018-01-06 15:56:00,0.786248440697287,0.0217873044030366,0.07210175,96.2,0,96.2,10.1,72.236,1.98,73.258,14.86
2018-01-06 15:57:00,0.786362985062135,0.0208613912299264,0.0707585,94.4,0,94.4,10.1,72.402,1.96,73.446,14.82
2018-01-06 15:58:00,0.786477529426982,0.0199354780568161,0.06941525,92.6,0,92.6,10.1,72.568,1.94,73.634,14.78
2018-01-06 15:59:00,0.78659207379183,0.0190095648837058,0.068072,90.8,0,90.8,10.1,72.734,1.92,73.822,14.74
2018-01-06 16:00:00,0.786706618156677,0.0180836517105955,0.06672875,89,0,89,10.1,72.9,1.9,74.01,14.7
2018-01-06 16:01:00,0.787253973920842,0.0186409995244414,0.0642405,86,0,86,10.1,73.068,1.9,74.298,14.64
2018-01-06 16:02:00,0.787801329685006,0.0191983473382874,0.06175225,83,0,83,10.1,73.236,1.9,74.586,14.58
2018-01-06 16:03:00,0.788348685449171,0.0197556951521333,0.059264,80,0,80,10.1,73.404,1.9,74.874,14.52
2018-01-06 16:04:00,0.788896041213336,0.0203130429659793,0.05677575,77,0,77,10.1,73.572,1.9,75.162,14.46
2018-01-06 16:05:00,0.789443396977501,0.0208703907798252,0.0542875,74,0,74,10.1,73.74,1.9,75.45,14.4
2018-01-06 16:06:00,0.789990752741666,0.0204739042998186,0.053507,73,0,73,10.1,73.91,1.9,75.746,14.34
2018-01-06 16:07:00,0.79053810850583,0.020077417819812,0.0527265,72,0,72,10.1,74.08,1.9,76.042,14.28
2018-01-06 16:08:00,0.791085464269995,0.0196809313398054,0.051946,71,0,71,10.1,74.25,1.9,76.338,14.22
2018-01-06 16:09:00,0.79163282003416,0.0192844448597988,0.0511655,70,0,70,10.1,74.42,1.9,76.634,14.16
2018-01-06 16:10:00,0.792180175798325,0.0188879583797922,0.050385,69,0,69,10.1,74.59,1.9,76.93,14.1
2018-01-06 16:11:00,0.792727531562489,0.0188820137672039,0.04940375,67.8,0,67.8,10.1,74.762,1.9,77.13,14.06
2018-01-06 16:12:00,0.793274887326654,0.0188760691546156,0.0484225,66.6,0,66.6,10.1,74.934,1.9,77.33,14.02
2018-01-06 16:13:00,0.793822243090819,0.0188701245420272,0.04744125,65.4,0,65.4,10.1,75.106,1.9,77.53,13.98
2018-01-06 16:14:00,0.794369598854984,0.0188641799294389,0.04646,64.2,0,64.2,10.1,75.278,1.9,77.73,13.94
2018-01-06 16:15:00,0.794916954619148,0.0188582353168506,0.04547875,63,0,63,10.1,75.45,1.9,77.93,13.9
2018-01-06 16:16:00,0.795464310383313,0.0186451527265,0.0446597,62,0,62,10.1,75.624,1.9,78.236,13.84
2018-01-06 16:17:00,0.796011666147478,0.0184320701361495,0.04384065,61,0,61,10.1,75.798,1.9,78.542,13.78
2018-01-06 16:18:00,0.796559021911643,0.0182189875457989,0.0430216,60,0,60,10.1,75.972,1.9,78.848,13.72
2018-01-06 16:19:00,0.797106377675807,0.0180059049554484,0.04220255,59,0,59,10.1,76.146,1.9,79.154,13.66
2018-01-06 16:20:00,0.797653733439972,0.0177928223650978,0.0413835,58,0,58,10.1,76.32,1.9,79.46,13.6
2018-01-06 16:21:00,0.798201089204137,0.0176508293434762,0.040382,56.8,0,56.8,10.1,76.494,1.9,79.772,13.54
2018-01-06 16:22:00,0.798748444968302,0.0175088363218545,0.0393805,55.6,0,55.6,10.1,76.668,1.9,80.084,13.48
2018-01-06 16:23:00,0.799295800732467,0.0173668433002329,0.038379,54.4,0,54.4,10.1,76.842,1.9,80.396,13.42
2018-01-06 16:24:00,0.799843156496631,0.0172248502786113,0.0373775,53.2,0,53.2,10.1,77.016,1.9,80.708,13.36
2018-01-06 16:25:00,0.800390512260796,0.0170828572569897,0.036376,52,0,52,10.1,77.19,1.9,81.02,13.3
2018-01-06 16:26:00,0.800937868024961,0.017046187715957,0.0355433,51,0,51,10.1,77.368,1.9,81.34,13.24
2018-01-06 16:27:00,0.801485223789126,0.0170095181749243,0.0347106,50,0,50,10.1,77.546,1.9,81.66,13.18
2018-01-06 16:28:00,0.80203257955329,0.0169728486338917,0.0338779,49,0,49,10.1,77.724,1.9,81.98,13.12
2018-01-06 16:29:00,0.802579935317455,0.016936179092859,0.0330452,48,0,48,10.1,77.902,1.9,82.3,13.06
2018-01-06 16:30:00,0.80312729108162,0.0168995095518263,0.0322125,47,0,47,10.1,78.08,1.9,82.62,13
2018-01-06 16:31:00,0.803674646845785,0.0173538720711942,0.0313882,46,0,46,9.94,78.258,1.9,82.026,12.94
2018-01-06 16:32:00,0.804222002609949,0.0178082345905622,0.0305639,45,0,45,9.78,78.436,1.9,81.432,12.88
2018-01-06 16:33:00,0.804769358374114,0.0182625971099301,0.0297396,44,0,44,9.62,78.614,1.9,80.838,12.82
2018-01-06 16:34:00,0.805316714138279,0.018716959629298,0.0289153,43,0,43,9.46,78.792,1.9,80.244,12.76
2018-01-06 16:35:00,0.805864069902444,0.0191713221486659,0.028091,42,0,42,9.3,78.97,1.9,79.65,12.7
2018-01-06 16:36:00,0.806411425666609,0.0196568248412407,0.02744099,41.2,0,41.2,9.3,79.148,1.9,79.966,12.64
2018-01-06 16:37:00,0.806958781430773,0.0201423275338155,0.02679098,40.4,0,40.4,9.3,79.326,1.9,80.282,12.58
2018-01-06 16:38:00,0.807506137194938,0.0206278302263903,0.02614097,39.6,0,39.6,9.3,79.504,1.9,80.598,12.52
2018-01-06 16:39:00,0.808053492959103,0.0211133329189651,0.02549096,38.8,0,38.8,9.3,79.682,1.9,80.914,12.46
2018-01-06 16:40:00,0.808600848723268,0.0215988356115399,0.02484095,38,0,38,9.3,79.86,1.9,81.23,12.4
2018-01-06 16:41:00,0.809148204487432,0.0213768771216408,0.024030255,37,0,37,9.3,80.042,1.9,81.552,12.34
2018-01-06 16:42:00,0.809695560251597,0.0211549186317417,0.02321956,36,0,36,9.3,80.224,1.9,81.874,12.28
2018-01-06 16:43:00,0.810242916015762,0.0209329601418426,0.022408865,35,0,35,9.3,80.406,1.9,82.196,12.22
2018-01-06 16:44:00,0.810790271779927,0.0207110016519434,0.02159817,34,0,34,9.3,80.588,1.9,82.518,12.16
2018-01-06 16:45:00,0.811337627544092,0.0204890431620443,0.020787475,33,0,33,9.3,80.77,1.9,82.84,12.1
2018-01-06 16:46:00,0.811884983308256,0.0203087474738368,0.020131605,32.2,0,32.2,9.3,80.952,1.9,83.17,12.04
2018-01-06 16:47:00,0.812432339072421,0.0201284517856293,0.019475735,31.4,0,31.4,9.3,81.134,1.9,83.5,11.98
2018-01-06 16:48:00,0.812979694836586,0.0199481560974217,0.018819865,30.6,0,30.6,9.3,81.316,1.9,83.83,11.92
2018-01-06 16:49:00,0.81352705060075,0.0197678604092142,0.018163995,29.8,0,29.8,9.3,81.498,1.9,84.16,11.86
2018-01-06 16:50:00,0.814074406364915,0.0195875647210066,0.017508125,29,0,29,9.3,81.68,1.9,84.49,11.8
2018-01-06 16:51:00,0.81462176212908,0.0189096398047897,0.016846505,28.2,0,28.2,9.3,81.862,1.88,84.828,11.74
2018-01-06 16:52:00,0.815169117893245,0.0182317148885727,0.016184885,27.4,0,27.4,9.3,82.044,1.86,85.166,11.68
2018-01-06 16:53:00,0.81571647365741,0.0175537899723557,0.015523265,26.6,0,26.6,9.3,82.226,1.84,85.504,11.62
2018-01-06 16:54:00,0.816263829421574,0.0168758650561388,0.014861645,25.8,0,25.8,9.3,82.408,1.82,85.842,11.56
2018-01-06 16:55:00,0.816811185185739,0.0161979401399218,0.014200025,25,0,25,9.3,82.59,1.8,86.18,11.5
2018-01-06 16:56:00,0.817358540949904,0.0159258843991718,0.01352462,24.2,0,24.2,9.3,82.774,1.8,86.524,11.44
2018-01-06 16:57:00,0.817905896714069,0.0156538286584217,0.012849215,23.4,0,23.4,9.3,82.958,1.8,86.868,11.38
2018-01-06 16:58:00,0.818453252478233,0.0153817729176717,0.01217381,22.6,0,22.6,9.3,83.142,1.8,87.212,11.32
2018-01-06 16:59:00,0.819000608242398,0.0151097171769217,0.011498405,21.8,0,21.8,9.3,83.326,1.8,87.556,11.26
2018-01-06 17:00:00,0.819547964006563,0.0148376614361716,0.010823,21,0,21,9.3,83.51,1.8,87.9,11.2
2018-01-06 17:01:00,0.820121723642052,0.0151151897435745,0.010111765,20.2,0,20.2,9.3,83.694,1.8,87.9,11.2
2018-01-06 17:02:00,0.820695483277542,0.0153927180509774,0.00940053,19.4,0,19.4,9.3,83.878,1.8,87.9,11.2
2018-01-06 17:03:00,0.821269242913031,0.0156702463583802,0.008689295,18.6,0,18.6,9.3,84.062,1.8,87.9,11.2
2018-01-06 17:04:00,0.821843002548521,0.0159477746657831,0.00797806,17.8,0,17.8,9.3,84.246,1.8,87.9,11.2
2018-01-06 17:05:00,0.82241676218401,0.0162253029731859,0.007266825,17,0,17,9.3,84.43,1.8,87.9,11.2
2018-01-06 17:06:00,0.822990521819499,0.0164007988028277,0.00660369,16.4,0,16.4,9.3,84.614,1.8,87.9,11.2
2018-01-06 17:07:00,0.823564281454989,0.0165762946324694,0.005940555,15.8,0,15.8,9.3,84.798,1.8,87.9,11.2
2018-01-06 17:08:00,0.824138041090478,0.0167517904621112,0.00527742,15.2,0,15.2,9.3,84.982,1.8,87.9,11.2
2018-01-06 17:09:00,0.824711800725968,0.0169272862917529,0.004614285,14.6,0,14.6,9.3,85.166,1.8,87.9,11.2
2018-01-06 17:10:00,0.825285560361457,0.0171027821213946,0.00395115,14,0,14,9.3,85.35,1.8,87.9,11.2
2018-01-06 17:11:00,0.825859319996947,0.0173287837732344,0.00316092,13.4,0,13.4,9.3,85.534,1.8,87.9,11.2
2018-01-06 17:12:00,0.826433079632436,0.0175547854250742,0.00237069,12.8,0,12.8,9.3,85.718,1.8,87.9,11.2
2018-01-06 17:13:00,0.827006839267925,0.0177807870769139,0.00158046,12.2,0,12.2,9.3,85.902,1.8,87.9,11.2
2018-01-06 17:14:00,0.827580598903415,0.0180067887287537,0.00079023,11.6,0,11.6,9.3,86.086,1.8,87.9,11.2
2018-01-06 17:15:00,0.828154358538904,0.0182327903805935,0,11,0,11,9.3,86.27,1.8,87.9,11.2
2018-01-06 17:16:00,0.828728118174394,0.01763638181175,0,10.4,0,10.4,9.3,86.454,1.8,87.9,11.2
2018-01-06 17:17:00,0.829301877809883,0.0170399732429065,0,9.8,0,9.8,9.3,86.638,1.8,87.9,11.2
2018-01-06 17:18:00,0.829875637445372,0.0164435646740631,0,9.2,0,9.2,9.3,86.822,1.8,87.9,11.2
2018-01-06 17:19:00,0.830449397080862,0.0158471561052196,0,8.6,0,8.6,9.3,87.006,1.8,87.9,11.2
2018-01-06 17:20:00,0.831023156716351,0.0152507475363761,0,8,0,8,9.3,87.19,1.8,87.9,11.2
2018-01-06 17:21:00,0.831596916351841,0.015383047979211,0,7.4,0,7.4,9.3,87.37,1.8,87.9,11.2
2018-01-06 17:22:00,0.83217067598733,0.0155153484220459,0,6.8,0,6.8,9.3,87.55,1.8,87.9,11.2
2018-01-06 17:23:00,0.83274443562282,0.0156476488648807,0,6.2,0,6.2,9.3,87.73,1.8,87.9,11.2
2018-01-06 17:24:00,0.833318195258309,0.0157799493077156,0,5.6,0,5.6,9.3,87.91,1.8,87.9,11.2
2018-01-06 17:25:00,0.833891954893798,0.0159122497505504,0,5,0,5,9.3,88.09,1.8,87.9,11.2
2018-01-06 17:26:00,0.834465714529288,0.0161282683210977,0,6.2,14,6.4,9.3,88.266,1.8,87.9,11.2
2018-01-06 17:27:00,0.835039474164777,0.016344286891645,0,7.4,28,7.8,9.3,88.442,1.8,87.9,11.2
2018-01-06 17:28:00,0.835613233800267,0.0165603054621923,0,8.6,42,9.2,9.3,88.618,1.8,87.9,11.2
2018-01-06 17:29:00,0.836186993435756,0.0167763240327396,0,9.8,56,10.6,9.3,88.794,1.8,87.9,11.2
2018-01-06 17:30:00,0.836760753071245,0.0169923426032869,0,11,70,12,9.3,88.97,1.8,87.9,11.2
2018-01-06 17:31:00,0.837334512706735,0.016974742805423,0,8.8,56,9.6,9.3,89.138,1.8,87.9,11.2
2018-01-06 17:32:00,0.837908272342224,0.016957143007559,0,6.6,42,7.2,9.3,89.306,1.8,87.9,11.2
2018-01-06 17:33:00,0.838482031977714,0.0169395432096951,0,4.4,28,4.8,9.3,89.474,1.8,87.9,11.2
2018-01-06 17:34:00,0.839055791613203,0.0169219434118312,0,2.2,14,2.4,9.3,89.642,1.8,87.9,11.2
2018-01-06 17:35:00,0.839629551248692,0.0169043436139672,0,0,0,0,9.3,89.81,1.8,87.9,11.2
2018-01-06 17:36:00,0.840203310884182,0.0163301142690358,0,0,0,0,9.3,90.114,1.8,87.9,11.2
2018-01-06 17:37:00,0.840777070519671,0.0157558849241045,0,0,0,0,9.3,90.418,1.8,87.9,11.2
2018-01-06 17:38:00,0.841350830155161,0.0151816555791731,0,0,0,0,9.3,90.722,1.8,87.9,11.2
2018-01-06 17:39:00,0.84192458979065,0.0146074262342417,0,0,0,0,9.3,91.026,1.8,87.9,11.2
2018-01-06 17:40:00,0.842498349426139,0.0140331968893103,0,0,0,0,9.3,91.33,1.8,87.9,11.2
2018-01-06 17:41:00,0.843072109061629,0.0145601333954273,0,0,0,0,9.3,91.526,1.8,87.9,11.2
2018-01-06 17:42:00,0.843645868697118,0.0150870699015443,0,0,0,0,9.3,91.722,1.8,87.9,11.2
2018-01-06 17:43:00,0.844219628332608,0.0156140064076613,0,0,0,0,9.3,91.918,1.8,87.9,11.2
2018-01-06 17:44:00,0.844793387968097,0.0161409429137783,0,0,0,0,9.3,92.114,1.8,87.9,11.2
2018-01-06 17:45:00,0.845367147603587,0.0166678794198953,0,0,0,0,9.3,92.31,1.8,87.9,11.2
2018-01-06 17:46:00,0.845940907239076,0.0165724905750396,0,0,0,0,9.3,92.508,1.8,87.9,11.2
2018-01-06 17:47:00,0.846514666874565,0.016477101730184,0,0,0,0,9.3,92.706,1.8,87.9,11.2
2018-01-06 17:48:00,0.847088426510055,0.0163817128853283,0,0,0,0,9.3,92.904,1.8,87.9,11.2
2018-01-06 17:49:00,0.847662186145544,0.0162863240404727,0,0,0,0,9.3,93.102,1.8,87.9,11.2
2018-01-06 17:50:00,0.848235945781034,0.016190935195617,0,0,0,0,9.3,93.3,1.8,87.9,11.2
2018-01-06 17:51:00,0.848809705416523,0.0163835755344799,0,0,0,0,9.3,93.498,1.8,87.9,11.2
2018-01-06 17:52:00,0.849383465052013,0.0165762158733427,0,0,0,0,9.3,93.696,1.8,87.9,11.2
2018-01-06 17:53:00,0.849957224687502,0.0167688562122056,0,0,0,0,9.3,93.894,1.8,87.9,11.2
2018-01-06 17:54:00,0.850530984322991,0.0169614965510684,0,0,0,0,9.3,94.092,1.8,87.9,11.2
2018-01-06 17:55:00,0.851104743958481,0.0171541368899313,0,0,0,0,9.3,94.29,1.8,87.9,11.2
2018-01-06 17:56:00,0.85167850359397,0.021944002198206,0,0,0,0,9.22,94.49,1.94,88.662,11
2018-01-06 17:57:00,0.85225226322946,0.0267338675064807,0,0,0,0,9.14,94.69,2.08,89.424,10.8
2018-01-06 17:58:00,0.852826022864949,0.0315237328147555,0,0,0,0,9.06,94.89,2.22,90.186,10.6
2018-01-06 17:59:00,0.853399782500438,0.0363135981230302,0,0,0,0,8.98,95.09,2.36,90.948,10.4
2018-01-06 18:00:00,0.853973542135928,0.0411034634313049,0,0,0,0,8.9,95.29,2.5,91.71,10.2
2018-01-06 18:01:00,0.854036178682993,0.0407597197346813,0,0,0,0,8.9,95.49,2.5,91.71,10.2
2018-01-06 18:02:00,0.854098815230057,0.0404159760380576,0,0,0,0,8.9,95.69,2.5,91.71,10.2
2018-01-06 18:03:00,0.854161451777122,0.0400722323414339,0,0,0,0,8.9,95.89,2.5,91.71,10.2
2018-01-06 18:04:00,0.854224088324186,0.0397284886448103,0,0,0,0,8.9,96.09,2.5,91.71,10.2
2018-01-06 18:05:00,0.854286724871251,0.0393847449481866,0,0,0,0,8.9,96.29,2.5,91.71,10.2
2018-01-06 18:06:00,0.854349361418316,0.0396031334990556,0,0,0,0,8.9,96.492,2.5,91.834,10.18
2018-01-06 18:07:00,0.85441199796538,0.0398215220499245,0,0,0,0,8.9,96.694,2.5,91.958,10.16
2018-01-06 18:08:00,0.854474634512445,0.0400399106007935,0,0,0,0,8.9,96.896,2.5,92.082,10.14
2018-01-06 18:09:00,0.85453727105951,0.0402582991516625,0,0,0,0,8.9,97.098,2.5,92.206,10.12
2018-01-06 18:10:00,0.854599907606574,0.0404766877025314,0,0,0,0,8.9,97.3,2.5,92.33,10.1
2018-01-06 18:11:00,0.854662544153639,0.0404107348329355,0,0,0,0,8.9,97.502,2.5,92.33,10.1
2018-01-06 18:12:00,0.854725180700704,0.0403447819633395,0,0,0,0,8.9,97.704,2.5,92.33,10.1
2018-01-06 18:13:00,0.854787817247768,0.0402788290937435,0,0,0,0,8.9,97.906,2.5,92.33,10.1
2018-01-06 18:14:00,0.854850453794833,0.0402128762241475,0,0,0,0,8.9,98.108,2.5,92.33,10.1
2018-01-06 18:15:00,0.854913090341898,0.0401469233545516,0,0,0,0,8.9,98.31,2.5,92.33,10.1
2018-01-06 18:16:00,0.854975726888962,0.0396619426343803,0,0,0,0,8.9,98.512,2.5,92.454,10.08
2018-01-06 18:17:00,0.855038363436027,0.0391769619142091,0,0,0,0,8.9,98.714,2.5,92.578,10.06
2018-01-06 18:18:00,0.855100999983092,0.0386919811940379,0,0,0,0,8.9,98.916,2.5,92.702,10.04
2018-01-06 18:19:00,0.855163636530156,0.0382070004738667,0,0,0,0,8.9,99.118,2.5,92.826,10.02
2018-01-06 18:20:00,0.855226273077221,0.0377220197536954,0,0,0,0,8.9,99.32,2.5,92.95,10
2018-01-06 18:21:00,0.855288909624285,0.0382745681749233,0,0,0,0,8.9,99.524,2.5,93.074,9.98
2018-01-06 18:22:00,0.85535154617135,0.0388271165961511,0,0,0,0,8.9,99.728,2.5,93.198,9.96
2018-01-06 18:23:00,0.855414182718415,0.0393796650173789,0,0,0,0,8.9,99.932,2.5,93.322,9.94
2018-01-06 18:24:00,0.855476819265479,0.0399322134386068,0,0,0,0,8.9,100.136,2.5,93.446,9.92
2018-01-06 18:25:00,0.855539455812544,0.0404847618598346,0,0,0,0,8.9,100.34,2.5,93.57,9.9
2018-01-06 18:26:00,0.855602092359609,0.0406099260742005,0,0,0,0,8.9,100.544,2.5,93.57,9.9
2018-01-06 18:27:00,0.855664728906673,0.0407350902885664,0,0,0,0,8.9,100.748,2.5,93.57,9.9
2018-01-06 18:28:00,0.855727365453738,0.0408602545029323,0,0,0,0,8.9,100.952,2.5,93.57,9.9
2018-01-06 18:29:00,0.855790002000803,0.0409854187172983,0,0,0,0,8.9,101.156,2.5,93.57,9.9
2018-01-06 18:30:00,0.855852638547867,0.0411105829316642,0,0,0,0,8.9,101.36,2.5,93.57,9.9
2018-01-06 18:31:00,0.855915275094932,0.0423957815625063,0,0,0,0,8.88,101.566,2.52,93.608,9.88
2018-01-06 18:32:00,0.855977911641997,0.0436809801933485,0,0,0,0,8.86,101.772,2.54,93.646,9.86
2018-01-06 18:33:00,0.856040548189061,0.0449661788241907,0,0,0,0,8.84,101.978,2.56,93.684,9.84
2018-01-06 18:34:00,0.856103184736126,0.0462513774550329,0,0,0,0,8.82,102.184,2.58,93.722,9.82
2018-01-06 18:35:00,0.856165821283191,0.0475365760858751,0,0,0,0,8.8,102.39,2.6,93.76,9.8
2018-01-06 18:36:00,0.856228457830255,0.0472387854243887,0,0,0,0,8.8,102.596,2.6,93.76,9.8
2018-01-06 18:37:00,0.85629109437732,0.0469409947629023,0,0,0,0,8.8,102.802,2.6,93.76,9.8
2018-01-06 18:38:00,0.856353730924384,0.0466432041014159,0,0,0,0,8.8,103.008,2.6,93.76,9.8
2018-01-06 18:39:00,0.856416367471449,0.0463454134399295,0,0,0,0,8.8,103.214,2.6,93.76,9.8
2018-01-06 18:40:00,0.856479004018514,0.0460476227784431,0,0,0,0,8.8,103.42,2.6,93.76,9.8
2018-01-06 18:41:00,0.856541640565578,0.0459946042650786,0,0,0,0,8.8,103.626,2.6,93.886,9.78
2018-01-06 18:42:00,0.856604277112643,0.0459415857517141,0,0,0,0,8.8,103.832,2.6,94.012,9.76
2018-01-06 18:43:00,0.856666913659708,0.0458885672383496,0,0,0,0,8.8,104.038,2.6,94.138,9.74
2018-01-06 18:44:00,0.856729550206772,0.0458355487249852,0,0,0,0,8.8,104.244,2.6,94.264,9.72
2018-01-06 18:45:00,0.856792186753837,0.0457825302116207,0,0,0,0,8.8,104.45,2.6,94.39,9.7
2018-01-06 18:46:00,0.856854823300902,0.0468066918072224,0,0,0,0,8.8,104.656,2.6,94.516,9.68
2018-01-06 18:47:00,0.856917459847966,0.0478308534028241,0,0,0,0,8.8,104.862,2.6,94.642,9.66
2018-01-06 18:48:00,0.856980096395031,0.0488550149984259,0,0,0,0,8.8,105.068,2.6,94.768,9.64
2018-01-06 18:49:00,0.857042732942096,0.0498791765940276,0,0,0,0,8.8,105.274,2.6,94.894,9.62
2018-01-06 18:50:00,0.85710536948916,0.0509033381896293,0,0,0,0,8.8,105.48,2.6,95.02,9.6
2018-01-06 18:51:00,0.857168006036225,0.0497015674962615,0,0,0,0,8.82,105.688,2.6,95.038,9.6
2018-01-06 18:52:00,0.85723064258329,0.0484997968028936,0,0,0,0,8.84,105.896,2.6,95.056,9.6
2018-01-06 18:53:00,0.857293279130354,0.0472980261095257,0,0,0,0,8.86,106.104,2.6,95.074,9.6
2018-01-06 18:54:00,0.857355915677419,0.0460962554161579,0,0,0,0,8.88,106.312,2.6,95.092,9.6
2018-01-06 18:55:00,0.857418552224483,0.04489448472279,0,0,0,0,8.9,106.52,2.6,95.11,9.6
2018-01-06 18:56:00,0.857481188771548,0.0449243486418172,0,0,0,0,8.9,106.728,2.6,95.238,9.58
2018-01-06 18:57:00,0.857543825318613,0.0449542125608445,0,0,0,0,8.9,106.936,2.6,95.366,9.56
2018-01-06 18:58:00,0.857606461865677,0.0449840764798717,0,0,0,0,8.9,107.144,2.6,95.494,9.54
2018-01-06 18:59:00,0.857669098412742,0.0450139403988989,0,0,0,0,8.9,107.352,2.6,95.622,9.52
2018-01-06 19:00:00,0.857731734959807,0.0450438043179261,0,0,0,0,8.9,107.56,2.6,95.75,9.5
2018-01-06 19:01:00,0.857663772541237,0.0452107585202429,0,0,0,0,8.9,107.768,2.6,95.75,9.5
2018-01-06 19:02:00,0.857595810122667,0.0453777127225597,0,0,0,0,8.9,107.976,2.6,95.75,9.5
2018-01-06 19:03:00,0.857527847704096,0.0455446669248766,0,0,0,0,8.9,108.184,2.6,95.75,9.5
2018-01-06 19:04:00,0.857459885285526,0.0457116211271934,0,0,0,0,8.9,108.392,2.6,95.75,9.5
2018-01-06 19:05:00,0.857391922866956,0.0458785753295102,0,0,0,0,8.9,108.6,2.6,95.75,9.5
2018-01-06 19:06:00,0.857323960448386,0.0465535740729473,0,0,0,0,8.9,108.81,2.6,95.88,9.48
2018-01-06 19:07:00,0.857255998029816,0.0472285728163844,0,0,0,0,8.9,109.02,2.6,96.01,9.46
2018-01-06 19:08:00,0.857188035611246,0.0479035715598215,0,0,0,0,8.9,109.23,2.6,96.14,9.44
2018-01-06 19:09:00,0.857120073192675,0.0485785703032586,0,0,0,0,8.9,109.44,2.6,96.27,9.42
2018-01-06 19:10:00,0.857052110774105,0.0492535690466957,0,0,0,0,8.9,109.65,2.6,96.4,9.4
2018-01-06 19:11:00,0.856984148355535,0.0497089461885484,0,0,0,0,8.9,109.86,2.6,96.53,9.38
2018-01-06 19:12:00,0.856916185936965,0.0501643233304012,0,0,0,0,8.9,110.07,2.6,96.66,9.36
2018-01-06 19:13:00,0.856848223518395,0.0506197004722539,0,0,0,0,8.9,110.28,2.6,96.79,9.34
2018-01-06 19:14:00,0.856780261099825,0.0510750776141067,0,0,0,0,8.9,110.49,2.6,96.92,9.32
2018-01-06 19:15:00,0.856712298681255,0.0515304547559594,0,0,0,0,8.9,110.7,2.6,97.05,9.3
2018-01-06 19:16:00,0.856644336262684,0.0497777532400879,0,0,0,0,8.9,110.91,2.6,97.05,9.3
2018-01-06 19:17:00,0.856576373844114,0.0480250517242163,0,0,0,0,8.9,111.12,2.6,97.05,9.3
2018-01-06 19:18:00,0.856508411425544,0.0462723502083448,0,0,0,0,8.9,111.33,2.6,97.05,9.3
2018-01-06 19:19:00,0.856440449006974,0.0445196486924732,0,0,0,0,8.9,111.54,2.6,97.05,9.3
2018-01-06 19:20:00,0.856372486588404,0.0427669471766017,0,0,0,0,8.9,111.75,2.6,97.05,9.3
2018-01-06 19:21:00,0.856304524169834,0.0446664582221722,0,0,0,0,8.9,111.96,2.6,97.18,9.28
2018-01-06 19:22:00,0.856236561751264,0.0465659692677427,0,0,0,0,8.9,112.17,2.6,97.31,9.26
2018-01-06 19:23:00,0.856168599332693,0.0484654803133132,0,0,0,0,8.9,112.38,2.6,97.44,9.24
2018-01-06 19:24:00,0.856100636914123,0.0503649913588836,0,0,0,0,8.9,112.59,2.6,97.57,9.22
2018-01-06 19:25:00,0.856032674495553,0.0522645024044541,0,0,0,0,8.9,112.8,2.6,97.7,9.2
2018-01-06 19:26:00,0.855964712076983,0.0504674744861809,0,0,0,0,8.9,113.012,2.6,97.7,9.2
2018-01-06 19:27:00,0.855896749658413,0.0486704465679076,0,0,0,0,8.9,113.224,2.6,97.7,9.2
2018-01-06 19:28:00,0.855828787239843,0.0468734186496343,0,0,0,0,8.9,113.436,2.6,97.7,9.2
2018-01-06 19:29:00,0.855760824821272,0.0450763907313611,0,0,0,0,8.9,113.648,2.6,97.7,9.2
2018-01-06 19:30:00,0.855692862402702,0.0432793628130878,0,0,0,0,8.9,113.86,2.6,97.7,9.2
2018-01-06 19:31:00,0.855624899984132,0.0439840638136754,0,0,0,0,8.88,114.07,2.6,97.75,9.18
2018-01-06 19:32:00,0.855556937565562,0.0446887648142631,0,0,0,0,8.86,114.28,2.6,97.8,9.16
2018-01-06 19:33:00,0.855488975146992,0.0453934658148507,0,0,0,0,8.84,114.49,2.6,97.85,9.14
2018-01-06 19:34:00,0.855421012728422,0.0460981668154384,0,0,0,0,8.82,114.7,2.6,97.9,9.12
2018-01-06 19:35:00,0.855353050309852,0.046802867816026,0,0,0,0,8.8,114.91,2.6,97.95,9.1
2018-01-06 19:36:00,0.855285087891281,0.0455025283922426,0,0,0,0,8.8,115.122,2.58,98.082,9.08
2018-01-06 19:37:00,0.855217125472711,0.0442021889684593,0,0,0,0,8.8,115.334,2.56,98.214,9.06
2018-01-06 19:38:00,0.855149163054141,0.0429018495446759,0,0,0,0,8.8,115.546,2.54,98.346,9.04
2018-01-06 19:39:00,0.855081200635571,0.0416015101208925,0,0,0,0,8.8,115.758,2.52,98.478,9.02
2018-01-06 19:40:00,0.855013238217001,0.0403011706971092,0,0,0,0,8.8,115.97,2.5,98.61,9
2018-01-06 19:41:00,0.854945275798431,0.040503360957344,0,0,0,0,8.8,116.184,2.5,98.61,9
2018-01-06 19:42:00,0.854877313379861,0.0407055512175788,0,0,0,0,8.8,116.398,2.5,98.61,9
2018-01-06 19:43:00,0.854809350961291,0.0409077414778136,0,0,0,0,8.8,116.612,2.5,98.61,9
2018-01-06 19:44:00,0.85474138854272,0.0411099317380484,0,0,0,0,8.8,116.826,2.5,98.61,9
2018-01-06 19:45:00,0.85467342612415,0.0413121219982832,0,0,0,0,8.8,117.04,2.5,98.61,9
2018-01-06 19:46:00,0.85460546370558,0.0413176512192517,0,0,0,0,8.8,117.252,2.5,98.744,8.98
2018-01-06 19:47:00,0.85453750128701,0.0413231804402202,0,0,0,0,8.8,117.464,2.5,98.878,8.96
2018-01-06 19:48:00,0.85446953886844,0.0413287096611887,0,0,0,0,8.8,117.676,2.5,99.012,8.94
2018-01-06 19:49:00,0.854401576449869,0.0413342388821572,0,0,0,0,8.8,117.888,2.5,99.146,8.92
2018-01-06 19:50:00,0.854333614031299,0.0413397681031257,0,0,0,0,8.8,118.1,2.5,99.28,8.9
2018-01-06 19:51:00,0.854265651612729,0.0406415382172171,0,0,0,0,8.8,118.314,2.5,99.414,8.88
2018-01-06 19:52:00,0.854197689194159,0.0399433083313085,0,0,0,0,8.8,118.528,2.5,99.548,8.86
2018-01-06 19:53:00,0.854129726775589,0.0392450784453999,0,0,0,0,8.8,118.742,2.5,99.682,8.84
2018-01-06 19:54:00,0.854061764357019,0.0385468485594913,0,0,0,0,8.8,118.956,2.5,99.816,8.82
2018-01-06 19:55:00,0.853993801938449,0.0378486186735827,0,0,0,0,8.8,119.17,2.5,99.95,8.8
2018-01-06 19:56:00,0.853925839519878,0.0386210173156699,0,0,0,0,8.8,119.382,2.5,99.95,8.8
2018-01-06 19:57:00,0.853857877101308,0.0393934159577572,0,0,0,0,8.8,119.594,2.5,99.95,8.8
2018-01-06 19:58:00,0.853789914682738,0.0401658145998445,0,0,0,0,8.8,119.806,2.5,99.95,8.8
2018-01-06 19:59:00,0.853721952264168,0.0409382132419317,0,0,0,0,8.8,120.018,2.5,99.95,8.8
2018-01-06 20:00:00,0.853653989845598,0.041710611884019,0,0,0,0,8.8,120.23,2.5,99.95,8.8
2018-01-06 20:01:00,0.853518597425693,0.0422726855662218,0,0,0,0,8.78,120.444,2.5,99.96,8.78
2018-01-06 20:02:00,0.853383205005789,0.0428347592484246,0,0,0,0,8.76,120.658,2.5,99.97,8.76
2018-01-06 20:03:00,0.853247812585885,0.0433968329306274,0,0,0,0,8.74,120.872,2.5,99.98,8.74
2018-01-06 20:04:00,0.85311242016598,0.0439589066128302,0,0,0,0,8.72,121.086,2.5,99.99,8.72
2018-01-06 20:05:00,0.852977027746076,0.044520980295033,0,0,0,0,8.7,121.3,2.5,100,8.7
2018-01-06 20:06:00,0.852841635326172,0.0439145549985231,0,0,0,0,8.7,121.514,2.5,100,8.7
2018-01-06 20:07:00,0.852706242906267,0.0433081297020132,0,0,0,0,8.7,121.728,2.5,100,8.7
2018-01-06 20:08:00,0.852570850486363,0.0427017044055032,0,0,0,0,8.7,121.942,2.5,100,8.7
2018-01-06 20:09:00,0.852435458066459,0.0420952791089933,0,0,0,0,8.7,122.156,2.5,100,8.7
2018-01-06 20:10:00,0.852300065646554,0.0414888538124834,0,0,0,0,8.7,122.37,2.5,100,8.7
2018-01-06 20:11:00,0.85216467322665,0.0415925997711934,0,0,0,0,8.7,122.584,2.5,100,8.7
2018-01-06 20:12:00,0.852029280806746,0.0416963457299034,0,0,0,0,8.7,122.798,2.5,100,8.7
2018-01-06 20:13:00,0.851893888386841,0.0418000916886134,0,0,0,0,8.7,123.012,2.5,100,8.7
2018-01-06 20:14:00,0.851758495966937,0.0419038376473234,0,0,0,0,8.7,123.226,2.5,100,8.7
2018-01-06 20:15:00,0.851623103547033,0.0420075836060334,0,0,0,0,8.7,123.44,2.5,100,8.7
2018-01-06 20:16:00,0.851487711127128,0.0419099980798363,0,0,0,0,8.68,123.656,2.5,100,8.68
2018-01-06 20:17:00,0.851352318707224,0.0418124125536391,0,0,0,0,8.66,123.872,2.5,100,8.66
2018-01-06 20:18:00,0.85121692628732,0.041714827027442,0,0,0,0,8.64,124.088,2.5,100,8.64
2018-01-06 20:19:00,0.851081533867415,0.0416172415012449,0,0,0,0,8.62,124.304,2.5,100,8.62
2018-01-06 20:20:00,0.850946141447511,0.0415196559750477,0,0,0,0,8.6,124.52,2.5,100,8.6
2018-01-06 20:21:00,0.850810749027606,0.0424923252512985,0,0,0,0,8.6,124.734,2.5,100,8.6
2018-01-06 20:22:00,0.850675356607702,0.0434649945275492,0,0,0,0,8.6,124.948,2.5,100,8.6
2018-01-06 20:23:00,0.850539964187798,0.0444376638037999,0,0,0,0,8.6,125.162,2.5,100,8.6
2018-01-06 20:24:00,0.850404571767893,0.0454103330800506,0,0,0,0,8.6,125.376,2.5,100,8.6
2018-01-06 20:25:00,0.850269179347989,0.0463830023563014,0,0,0,0,8.6,125.59,2.5,100,8.6
2018-01-06 20:26:00,0.850133786928085,0.0457320265979469,0,0,0,0,8.6,125.806,2.5,100,8.6
2018-01-06 20:27:00,0.84999839450818,0.0450810508395924,0,0,0,0,8.6,126.022,2.5,100,8.6
2018-01-06 20:28:00,0.849863002088276,0.0444300750812379,0,0,0,0,8.6,126.238,2.5,100,8.6
2018-01-06 20:29:00,0.849727609668372,0.0437790993228835,0,0,0,0,8.6,126.454,2.5,100,8.6
2018-01-06 20:30:00,0.849592217248467,0.043128123564529,0,0,0,0,8.6,126.67,2.5,100,8.6
2018-01-06 20:31:00,0.849456824828563,0.0432561827303237,0,0,0,0,8.58,126.886,2.5,100,8.58
2018-01-06 20:32:00,0.849321432408659,0.0433842418961184,0,0,0,0,8.56,127.102,2.5,100,8.56
2018-01-06 20:33:00,0.849186039988754,0.0435123010619131,0,0,0,0,8.54,127.318,2.5,100,8.54
2018-01-06 20:34:00,0.84905064756885,0.0436403602277078,0,0,0,0,8.52,127.534,2.5,100,8.52
2018-01-06 20:35:00,0.848915255148946,0.0437684193935025,0,0,0,0,8.5,127.75,2.5,100,8.5
2018-01-06 20:36:00,0.848779862729041,0.0433552865905951,0,0,0,0,8.5,127.966,2.5,100,8.5
2018-01-06 20:37:00,0.848644470309137,0.0429421537876877,0,0,0,0,8.5,128.182,2.5,100,8.5
2018-01-06 20:38:00,0.848509077889232,0.0425290209847803,0,0,0,0,8.5,128.398,2.5,100,8.5
2018-01-06 20:39:00,0.848373685469328,0.0421158881818729,0,0,0,0,8.5,128.614,2.5,100,8.5
2018-01-06 20:40:00,0.848238293049424,0.0417027553789655,0,0,0,0,8.5,128.83,2.5,100,8.5
2018-01-06 20:41:00,0.848102900629519,0.0421777423964214,0,0,0,0,8.5,129.046,2.5,100,8.5
2018-01-06 20:42:00,0.847967508209615,0.0426527294138772,0,0,0,0,8.5,129.262,2.5,100,8.5
2018-01-06 20:43:00,0.847832115789711,0.043127716431333,0,0,0,0,8.5,129.478,2.5,100,8.5
2018-01-06 20:44:00,0.847696723369806,0.0436027034487889,0,0,0,0,8.5,129.694,2.5,100,8.5
2018-01-06 20:45:00,0.847561330949902,0.0440776904662447,0,0,0,0,8.5,129.91,2.5,100,8.5
2018-01-06 20:46:00,0.847425938529998,0.0441509857962174,0,0,0,0,8.5,130.126,2.5,100,8.5
2018-01-06 20:47:00,0.847290546110093,0.0442242811261902,0,0,0,0,8.5,130.342,2.5,100,8.5
2018-01-06 20:48:00,0.847155153690189,0.0442975764561629,0,0,0,0,8.5,130.558,2.5,100,8.5
2018-01-06 20:49:00,0.847019761270285,0.0443708717861356,0,0,0,0,8.5,130.774,2.5,100,8.5
2018-01-06 20:50:00,0.84688436885038,0.0444441671161083,0,0,0,0,8.5,130.99,2.5,100,8.5
2018-01-06 20:51:00,0.846748976430476,0.0436827973206765,0,0,0,0,8.48,131.206,2.5,100,8.48
2018-01-06 20:52:00,0.846613584010572,0.0429214275252447,0,0,0,0,8.46,131.422,2.5,100,8.46
2018-01-06 20:53:00,0.846478191590667,0.0421600577298129,0,0,0,0,8.44,131.638,2.5,100,8.44
2018-01-06 20:54:00,0.846342799170763,0.0413986879343811,0,0,0,0,8.42,131.854,2.5,100,8.42
2018-01-06 20:55:00,0.846207406750858,0.0406373181389493,0,0,0,0,8.4,132.07,2.5,100,8.4
2018-01-06 20:56:00,0.846072014330954,0.0407243080610857,0,0,0,0,8.4,132.286,2.5,100,8.4
2018-01-06 20:57:00,0.84593662191105,0.040811297983222,0,0,0,0,8.4,132.502,2.5,100,8.4
2018-01-06 20:58:00,0.845801229491145,0.0408982879053584,0,0,0,0,8.4,132.718,2.5,100,8.4
2018-01-06 20:59:00,0.845665837071241,0.0409852778274947,0,0,0,0,8.4,132.934,2.5,100,8.4
2018-01-06 21:00:00,0.845530444651337,0.0410722677496311,0,0,0,0,8.4,133.15,2.5,100,8.4
2018-01-06 21:01:00,0.845218387104155,0.0417580642791414,0,0,0,0,8.4,133.366,2.5,100,8.4
2018-01-06 21:02:00,0.844906329556973,0.0424438608086517,0,0,0,0,8.4,133.582,2.5,100,8.4
2018-01-06 21:03:00,0.844594272009791,0.043129657338162,0,0,0,0,8.4,133.798,2.5,100,8.4
2018-01-06 21:04:00,0.844282214462609,0.0438154538676724,0,0,0,0,8.4,134.014,2.5,100,8.4
2018-01-06 21:05:00,0.843970156915427,0.0445012503971827,0,0,0,0,8.4,134.23,2.5,100,8.4
2018-01-06 21:06:00,0.843658099368246,0.0444500113777484,0,0,0,0,8.38,134.448,2.5,100,8.38
2018-01-06 21:07:00,0.843346041821064,0.0443987723583142,0,0,0,0,8.36,134.666,2.5,100,8.36
2018-01-06 21:08:00,0.843033984273882,0.04434753333888,0,0,0,0,8.34,134.884,2.5,100,8.34
2018-01-06 21:09:00,0.8427219267267,0.0442962943194457,0,0,0,0,8.32,135.102,2.5,100,8.32
2018-01-06 21:10:00,0.842409869179518,0.0442450553000115,0,0,0,0,8.3,135.32,2.5,100,8.3
2018-01-06 21:11:00,0.842097811632336,0.0442734943048751,0,0,0,0,8.3,135.536,2.5,100,8.3
2018-01-06 21:12:00,0.841785754085155,0.0443019333097386,0,0,0,0,8.3,135.752,2.5,100,8.3
2018-01-06 21:13:00,0.841473696537973,0.0443303723146022,0,0,0,0,8.3,135.968,2.5,100,8.3
2018-01-06 21:14:00,0.841161638990791,0.0443588113194657,0,0,0,0,8.3,136.184,2.5,100,8.3
2018-01-06 21:15:00,0.840849581443609,0.0443872503243293,0,0,0,0,8.3,136.4,2.5,100,8.3
2018-01-06 21:16:00,0.840537523896427,0.0437807262581552,0,0,0,0,8.3,136.618,2.5,100,8.3
2018-01-06 21:17:00,0.840225466349245,0.043174202191981,0,0,0,0,8.3,136.836,2.5,100,8.3
2018-01-06 21:18:00,0.839913408802064,0.0425676781258069,0,0,0,0,8.3,137.054,2.5,100,8.3
2018-01-06 21:19:00,0.839601351254882,0.0419611540596327,0,0,0,0,8.3,137.272,2.5,100,8.3
2018-01-06 21:20:00,0.8392892937077,0.0413546299934586,0,0,0,0,8.3,137.49,2.5,100,8.3
2018-01-06 21:21:00,0.838977236160518,0.0425432237656147,0,0,0,0,8.3,137.706,2.5,100,8.3
2018-01-06 21:22:00,0.838665178613336,0.0437318175377707,0,0,0,0,8.3,137.922,2.5,100,8.3
2018-01-06 21:23:00,0.838353121066154,0.0449204113099268,0,0,0,0,8.3,138.138,2.5,100,8.3
2018-01-06 21:24:00,0.838041063518973,0.0461090050820829,0,0,0,0,8.3,138.354,2.5,100,8.3
2018-01-06 21:25:00,0.837729005971791,0.047297598854239,0,0,0,0,8.3,138.57,2.5,100,8.3
2018-01-06 21:26:00,0.837416948424609,0.046853102402459,0,0,0,0,8.3,138.788,2.5,100,8.3
2018-01-06 21:27:00,0.837104890877427,0.0464086059506789,0,0,0,0,8.3,139.006,2.5,100,8.3
2018-01-06 21:28:00,0.836792833330245,0.0459641094988989,0,0,0,0,8.3,139.224,2.5,100,8.3
2018-01-06 21:29:00,0.836480775783063,0.0455196130471189,0,0,0,0,8.3,139.442,2.5,100,8.3
2018-01-06 21:30:00,0.836168718235881,0.0450751165953389,0,0,0,0,8.3,139.66,2.5,100,8.3
2018-01-06 21:31:00,0.8358566606887,0.0450400603773684,0,0,0,0,8.28,139.876,2.5,100,8.28
2018-01-06 21:32:00,0.835544603141518,0.0450050041593978,0,0,0,0,8.26,140.092,2.5,100,8.26
2018-01-06 21:33:00,0.835232545594336,0.0449699479414273,0,0,0,0,8.24,140.308,2.5,100,8.24
2018-01-06 21:34:00,0.834920488047154,0.0449348917234568,0,0,0,0,8.22,140.524,2.5,100,8.22
2018-01-06 21:35:00,0.834608430499972,0.0448998355054863,0,0,0,0,8.2,140.74,2.5,100,8.2
2018-01-06 21:36:00,0.83429637295279,0.0425122485966085,0,0,0,0,8.2,140.958,2.48,100,8.2
2018-01-06 21:37:00,0.833984315405609,0.0401246616877308,0,0,0,0,8.2,141.176,2.46,100,8.2
2018-01-06 21:38:00,0.833672257858427,0.037737074778853,0,0,0,0,8.2,141.394,2.44,100,8.2
2018-01-06 21:39:00,0.833360200311245,0.0353494878699753,0,0,0,0,8.2,141.612,2.42,100,8.2
2018-01-06 21:40:00,0.833048142764063,0.0329619009610975,0,0,0,0,8.2,141.83,2.4,100,8.2
2018-01-06 21:41:00,0.832736085216881,0.0349592186379474,0,0,0,0,8.2,142.046,2.4,100,8.2
2018-01-06 21:42:00,0.832424027669699,0.0369565363147974,0,0,0,0,8.2,142.262,2.4,100,8.2
2018-01-06 21:43:00,0.832111970122518,0.0389538539916472,0,0,0,0,8.2,142.478,2.4,100,8.2
2018-01-06 21:44:00,0.831799912575336,0.0409511716684972,0,0,0,0,8.2,142.694,2.4,100,8.2
2018-01-06 21:45:00,0.831487855028154,0.0429484893453471,0,0,0,0,8.2,142.91,2.4,100,8.2
2018-01-06 21:46:00,0.831175797480972,0.0418588978955049,0,0,0,0,8.2,143.128,2.4,100,8.2
2018-01-06 21:47:00,0.83086373993379,0.0407693064456627,0,0,0,0,8.2,143.346,2.4,100,8.2
2018-01-06 21:48:00,0.830551682386608,0.0396797149958206,0,0,0,0,8.2,143.564,2.4,100,8.2
2018-01-06 21:49:00,0.830239624839427,0.0385901235459784,0,0,0,0,8.2,143.782,2.4,100,8.2
2018-01-06 21:50:00,0.829927567292245,0.0375005320961362,0,0,0,0,8.2,144,2.4,100,8.2
2018-01-06 21:51:00,0.829615509745063,0.03754475773566,0,0,0,0,8.2,144.216,2.4,100,8.2
2018-01-06 21:52:00,0.829303452197881,0.0375889833751838,0,0,0,0,8.2,144.432,2.4,100,8.2
2018-01-06 21:53:00,0.828991394650699,0.0376332090147076,0,0,0,0,8.2,144.648,2.4,100,8.2
2018-01-06 21:54:00,0.828679337103517,0.0376774346542314,0,0,0,0,8.2,144.864,2.4,100,8.2
2018-01-06 21:55:00,0.828367279556335,0.0377216602937551,0,0,0,0,8.2,145.08,2.4,100,8.2
2018-01-06 21:56:00,0.828055222009154,0.0375466740830714,0,0,0,0,8.2,145.296,2.4,100,8.2
2018-01-06 21:57:00,0.827743164461972,0.0373716878723877,0,0,0,0,8.2,145.512,2.4,100,8.2
2018-01-06 21:58:00,0.82743110691479,0.037196701661704,0,0,0,0,8.2,145.728,2.4,100,8.2
2018-01-06 21:59:00,0.827119049367608,0.0370217154510203,0,0,0,0,8.2,145.944,2.4,100,8.2
2018-01-06 22:00:00,0.826806991820426,0.0368467292403366,0,0,0,0,8.2,146.16,2.4,100,8.2
2018-01-06 22:01:00,0.826378634187527,0.0362960961099708,0,0,0,0,8.2,146.376,2.4,100,8.2
2018-01-06 22:02:00,0.825950276554628,0.0357454629796049,0,0,0,0,8.2,146.592,2.4,100,8.2
2018-01-06 22:03:00,0.825521918921729,0.035194829849239,0,0,0,0,8.2,146.808,2.4,100,8.2
2018-01-06 22:04:00,0.82509356128883,0.0346441967188732,0,0,0,0,8.2,147.024,2.4,100,8.2
2018-01-06 22:05:00,0.824665203655931,0.0340935635885073,0,0,0,0,8.2,147.24,2.4,100,8.2
2018-01-06 22:06:00,0.824236846023032,0.0358124282721083,0,0,0,0,8.2,147.458,2.4,100,8.2
2018-01-06 22:07:00,0.823808488390133,0.0375312929557092,0,0,0,0,8.2,147.676,2.4,100,8.2
2018-01-06 22:08:00,0.823380130757234,0.0392501576393102,0,0,0,0,8.2,147.894,2.4,100,8.2
2018-01-06 22:09:00,0.822951773124335,0.0409690223229112,0,0,0,0,8.2,148.112,2.4,100,8.2
2018-01-06 22:10:00,0.822523415491436,0.0426878870065122,0,0,0,0,8.2,148.33,2.4,100,8.2
2018-01-06 22:11:00,0.822095057858536,0.0416560156070523,0,0,0,0,8.2,148.546,2.4,100,8.2
2018-01-06 22:12:00,0.821666700225637,0.0406241442075923,0,0,0,0,8.2,148.762,2.4,100,8.2
2018-01-06 22:13:00,0.821238342592738,0.0395922728081324,0,0,0,0,8.2,148.978,2.4,100,8.2
2018-01-06 22:14:00,0.820809984959839,0.0385604014086725,0,0,0,0,8.2,149.194,2.4,100,8.2
2018-01-06 22:15:00,0.82038162732694,0.0375285300092125,0,0,0,0,8.2,149.41,2.4,100,8.2
2018-01-06 22:16:00,0.819953269694041,0.037852248664129,0,0,0,0,8.2,149.624,2.4,100,8.2
2018-01-06 22:17:00,0.819524912061142,0.0381759673190456,0,0,0,0,8.2,149.838,2.4,100,8.2
2018-01-06 22:18:00,0.819096554428243,0.0384996859739621,0,0,0,0,8.2,150.052,2.4,100,8.2
2018-01-06 22:19:00,0.818668196795344,0.0388234046288786,0,0,0,0,8.2,150.266,2.4,100,8.2
2018-01-06 22:20:00,0.818239839162445,0.0391471232837952,0,0,0,0,8.2,150.48,2.4,100,8.2
2018-01-06 22:21:00,0.817811481529546,0.0390011266167295,0,0,0,0,8.2,150.696,2.4,100,8.2
2018-01-06 22:22:00,0.817383123896647,0.0388551299496638,0,0,0,0,8.2,150.912,2.4,100,8.2
2018-01-06 22:23:00,0.816954766263748,0.0387091332825982,0,0,0,0,8.2,151.128,2.4,100,8.2
2018-01-06 22:24:00,0.816526408630849,0.0385631366155325,0,0,0,0,8.2,151.344,2.4,100,8.2
2018-01-06 22:25:00,0.81609805099795,0.0384171399484668,0,0,0,0,8.2,151.56,2.4,100,8.2
2018-01-06 22:26:00,0.81566969336505,0.0382787439422005,0,0,0,0,8.2,151.774,2.4,100,8.2
2018-01-06 22:27:00,0.815241335732151,0.0381403479359342,0,0,0,0,8.2,151.988,2.4,100,8.2
2018-01-06 22:28:00,0.814812978099252,0.0380019519296678,0,0,0,0,8.2,152.202,2.4,100,8.2
2018-01-06 22:29:00,0.814384620466353,0.0378635559234015,0,0,0,0,8.2,152.416,2.4,100,8.2
2018-01-06 22:30:00,0.813956262833454,0.0377251599171352,0,0,0,0,8.2,152.63,2.4,100,8.2
2018-01-06 22:31:00,0.813527905200555,0.0380779570971695,0,0,0,0,8.2,152.846,2.4,100,8.2
2018-01-06 22:32:00,0.813099547567656,0.0384307542772039,0,0,0,0,8.2,153.062,2.4,100,8.2
2018-01-06 22:33:00,0.812671189934757,0.0387835514572383,0,0,0,0,8.2,153.278,2.4,100,8.2
2018-01-06 22:34:00,0.812242832301858,0.0391363486372726,0,0,0,0,8.2,153.494,2.4,100,8.2
2018-01-06 22:35:00,0.811814474668959,0.039489145817307,0,0,0,0,8.2,153.71,2.4,100,8.2
2018-01-06 22:36:00,0.81138611703606,0.0393542081698011,0,0,0,0,8.2,153.922,2.4,100,8.2
2018-01-06 22:37:00,0.810957759403161,0.0392192705222952,0,0,0,0,8.2,154.134,2.4,100,8.2
2018-01-06 22:38:00,0.810529401770262,0.0390843328747893,0,0,0,0,8.2,154.346,2.4,100,8.2
2018-01-06 22:39:00,0.810101044137363,0.0389493952272834,0,0,0,0,8.2,154.558,2.4,100,8.2
2018-01-06 22:40:00,0.809672686504463,0.0388144575797775,0,0,0,0,8.2,154.77,2.4,100,8.2
2018-01-06 22:41:00,0.809244328871564,0.0393802149848518,0,0,0,0,8.2,154.984,2.4,100,8.2
2018-01-06 22:42:00,0.808815971238665,0.039945972389926,0,0,0,0,8.2,155.198,2.4,100,8.2
2018-01-06 22:43:00,0.808387613605766,0.0405117297950002,0,0,0,0,8.2,155.412,2.4,100,8.2
2018-01-06 22:44:00,0.807959255972867,0.0410774872000745,0,0,0,0,8.2,155.626,2.4,100,8.2
2018-01-06 22:45:00,0.807530898339968,0.0416432446051487,0,0,0,0,8.2,155.84,2.4,100,8.2
2018-01-06 22:46:00,0.807102540707069,0.0405464378090596,0,0,0,0,8.2,156.052,2.4,100,8.2
2018-01-06 22:47:00,0.80667418307417,0.0394496310129704,0,0,0,0,8.2,156.264,2.4,100,8.2
2018-01-06 22:48:00,0.806245825441271,0.0383528242168813,0,0,0,0,8.2,156.476,2.4,100,8.2
2018-01-06 22:49:00,0.805817467808372,0.0372560174207921,0,0,0,0,8.2,156.688,2.4,100,8.2
2018-01-06 22:50:00,0.805389110175473,0.036159210624703,0,0,0,0,8.2,156.9,2.4,100,8.2
2018-01-06 22:51:00,0.804960752542574,0.035529479241792,0,0,0,0,8.2,157.112,2.38,100,8.2
2018-01-06 22:52:00,0.804532394909675,0.034899747858881,0,0,0,0,8.2,157.324,2.36,100,8.2
2018-01-06 22:53:00,0.804104037276775,0.03427001647597,0,0,0,0,8.2,157.536,2.34,100,8.2
2018-01-06 22:54:00,0.803675679643876,0.033640285093059,0,0,0,0,8.2,157.748,2.32,100,8.2
2018-01-06 22:55:00,0.803247322010977,0.033010553710148,0,0,0,0,8.2,157.96,2.3,100,8.2
2018-01-06 22:56:00,0.802818964378078,0.0331846817354815,0,0,0,0,8.2,158.17,2.3,100,8.2
2018-01-06 22:57:00,0.802390606745179,0.033358809760815,0,0,0,0,8.2,158.38,2.3,100,8.2
2018-01-06 22:58:00,0.80196224911228,0.0335329377861485,0,0,0,0,8.2,158.59,2.3,100,8.2
2018-01-06 22:59:00,0.801533891479381,0.033707065811482,0,0,0,0,8.2,158.8,2.3,100,8.2
2018-01-06 23:00:00,0.801105533846482,0.0338811938368155,0,0,0,0,8.2,159.01,2.3,100,8.2
2018-01-06 23:01:00,0.800718463358261,0.0332342267100636,0,0,0,0,8.2,159.218,2.3,100,8.2
2018-01-06 23:02:00,0.800331392870039,0.0325872595833117,0,0,0,0,8.2,159.426,2.3,100,8.2
2018-01-06 23:03:00,0.799944322381818,0.0319402924565598,0,0,0,0,8.2,159.634,2.3,100,8.2
2018-01-06 23:04:00,0.799557251893597,0.0312933253298079,0,0,0,0,8.2,159.842,2.3,100,8.2
2018-01-06 23:05:00,0.799170181405375,0.030646358203056,0,0,0,0,8.2,160.05,2.3,100,8.2
2018-01-06 23:06:00,0.798783110917154,0.0310346090485634,0,0,0,0,8.22,160.256,2.3,100,8.22
2018-01-06 23:07:00,0.798396040428933,0.0314228598940708,0,0,0,0,8.24,160.462,2.3,100,8.24
2018-01-06 23:08:00,0.798008969940711,0.0318111107395781,0,0,0,0,8.26,160.668,2.3,100,8.26
2018-01-06 23:09:00,0.79762189945249,0.0321993615850855,0,0,0,0,8.28,160.874,2.3,100,8.28
2018-01-06 23:10:00,0.797234828964268,0.0325876124305929,0,0,0,0,8.3,161.08,2.3,100,8.3
2018-01-06 23:11:00,0.796847758476047,0.0328199894948373,0,0,0,0,8.3,161.286,2.3,100,8.3
2018-01-06 23:12:00,0.796460687987826,0.0330523665590817,0,0,0,0,8.3,161.492,2.3,100,8.3
2018-01-06 23:13:00,0.796073617499604,0.0332847436233261,0,0,0,0,8.3,161.698,2.3,100,8.3
2018-01-06 23:14:00,0.795686547011383,0.0335171206875704,0,0,0,0,8.3,161.904,2.3,100,8.3
2018-01-06 23:15:00,0.795299476523162,0.0337494977518148,0,0,0,0,8.3,162.11,2.3,100,8.3
2018-01-06 23:16:00,0.79491240603494,0.0336671422313381,0,0,0,0,8.3,162.312,2.3,100,8.3
2018-01-06 23:17:00,0.794525335546719,0.0335847867108615,0,0,0,0,8.3,162.514,2.3,100,8.3
2018-01-06 23:18:00,0.794138265058498,0.0335024311903848,0,0,0,0,8.3,162.716,2.3,100,8.3
2018-01-06 23:19:00,0.793751194570276,0.0334200756699081,0,0,0,0,8.3,162.918,2.3,100,8.3
2018-01-06 23:20:00,0.793364124082055,0.0333377201494314,0,0,0,0,8.3,163.12,2.3,100,8.3
2018-01-06 23:21:00,0.792977053593834,0.0333171786344435,0,0,0,0,8.3,163.32,2.3,100,8.3
2018-01-06 23:22:00,0.792589983105612,0.0332966371194555,0,0,0,0,8.3,163.52,2.3,100,8.3
2018-01-06 23:23:00,0.792202912617391,0.0332760956044675,0,0,0,0,8.3,163.72,2.3,100,8.3
2018-01-06 23:24:00,0.79181584212917,0.0332555540894796,0,0,0,0,8.3,163.92,2.3,100,8.3
2018-01-06 23:25:00,0.791428771640948,0.0332350125744916,0,0,0,0,8.3,164.12,2.3,100,8.3
2018-01-06 23:26:00,0.791041701152727,0.0324741165270991,0,0,0,0,8.3,164.316,2.3,100,8.3
2018-01-06 23:27:00,0.790654630664506,0.0317132204797066,0,0,0,0,8.3,164.512,2.3,100,8.3
2018-01-06 23:28:00,0.790267560176284,0.0309523244323141,0,0,0,0,8.3,164.708,2.3,100,8.3
2018-01-06 23:29:00,0.789880489688063,0.0301914283849216,0,0,0,0,8.3,164.904,2.3,100,8.3
2018-01-06 23:30:00,0.789493419199842,0.0294305323375291,0,0,0,0,8.3,165.1,2.3,100,8.3
2018-01-06 23:31:00,0.78910634871162,0.0308806219748995,0,0,0,0,8.32,165.294,2.3,100,8.32
2018-01-06 23:32:00,0.788719278223399,0.0323307116122698,0,0,0,0,8.34,165.488,2.3,100,8.34
2018-01-06 23:33:00,0.788332207735178,0.0337808012496401,0,0,0,0,8.36,165.682,2.3,100,8.36
2018-01-06 23:34:00,0.787945137246956,0.0352308908870105,0,0,0,0,8.38,165.876,2.3,100,8.38
2018-01-06 23:35:00,0.787558066758735,0.0366809805243808,0,0,0,0,8.4,166.07,2.3,100,8.4
2018-01-06 23:36:00,0.787170996270514,0.0359356745556373,0,0,0,0,8.4,166.258,2.3,100,8.4
2018-01-06 23:37:00,0.786783925782292,0.0351903685868938,0,0,0,0,8.4,166.446,2.3,100,8.4
2018-01-06 23:38:00,0.786396855294071,0.0344450626181503,0,0,0,0,8.4,166.634,2.3,100,8.4
2018-01-06 23:39:00,0.78600978480585,0.0336997566494069,0,0,0,0,8.4,166.822,2.3,100,8.4
2018-01-06 23:40:00,0.785622714317628,0.0329544506806634,0,0,0,0,8.4,167.01,2.3,100,8.4
2018-01-06 23:41:00,0.785235643829407,0.0330098204136755,0,0,0,0,8.4,167.19,2.3,100,8.4
2018-01-06 23:42:00,0.784848573341186,0.0330651901466876,0,0,0,0,8.4,167.37,2.3,100,8.4
2018-01-06 23:43:00,0.784461502852964,0.0331205598796997,0,0,0,0,8.4,167.55,2.3,100,8.4
2018-01-06 23:44:00,0.784074432364743,0.0331759296127119,0,0,0,0,8.4,167.73,2.3,100,8.4
2018-01-06 23:45:00,0.783687361876522,0.033231299345724,0,0,0,0,8.4,167.91,2.3,100,8.4
2018-01-06 23:46:00,0.7833002913883,0.0321628634208164,0,0,0,0,8.4,168.084,2.28,100,8.4
2018-01-06 23:47:00,0.782913220900079,0.0310944274959088,0,0,0,0,8.4,168.258,2.26,100,8.4
2018-01-06 23:48:00,0.782526150411857,0.0300259915710012,0,0,0,0,8.4,168.432,2.24,100,8.4
2018-01-06 23:49:00,0.782139079923636,0.0289575556460936,0,0,0,0,8.4,168.606,2.22,100,8.4
2018-01-06 23:50:00,0.781752009435415,0.027889119721186,0,0,0,0,8.4,168.78,2.2,100,8.4
2018-01-06 23:51:00,0.781364938947193,0.0281661030586573,0,0,0,0,8.4,168.944,2.2,100,8.4
2018-01-06 23:52:00,0.780977868458972,0.0284430863961286,0,0,0,0,8.4,169.108,2.2,100,8.4
2018-01-06 23:53:00,0.780590797970751,0.0287200697335999,0,0,0,0,8.4,169.272,2.2,100,8.4
2018-01-06 23:54:00,0.780203727482529,0.0289970530710712,0,0,0,0,8.4,169.436,2.2,100,8.4
2018-01-06 23:55:00,0.779816656994308,0.0292740364085425,0,0,0,0,8.4,169.6,2.2,100,8.4
2018-01-06 23:56:00,0.779429586506087,0.0292347026867293,0,0,0,0,8.4,169.752,2.2,100,8.4
2018-01-06 23:57:00,0.779042516017865,0.029195368964916,0,0,0,0,8.4,169.904,2.2,100,8.4
2018-01-06 23:58:00,0.778655445529644,0.0291560352431028,0,0,0,0,8.4,170.056,2.2,100,8.4
2018-01-06 23:59:00,0.778268375041423,0.0291167015212895,0,0,0,0,8.4,170.208,2.2,100,8.4
2018-01-07 00:00:00,0.777881304553201,0.0290773677994762,0,0,0,0,8.4,170.36,2.2,100,8.4
2018-01-07 00:01:00,0.777627458840705,0.0294305753527279,0,0,0,0,8.42,170.498,2.2,100,8.42
2018-01-07 00:02:00,0.777373613128209,0.0297837829059796,0,0,0,0,8.44,170.636,2.2,100,8.44
2018-01-07 00:03:00,0.777119767415712,0.0301369904592313,0,0,0,0,8.46,170.774,2.2,100,8.46
2018-01-07 00:04:00,0.776865921703216,0.0304901980124829,0,0,0,0,8.48,170.912,2.2,100,8.48
2018-01-07 00:05:00,0.776612075990719,0.0308434055657346,0,0,0,0,8.5,171.05,2.2,100,8.5
2018-01-07 00:06:00,0.776358230278223,0.030806536323714,0,0,0,0,8.5,171.166,2.2,100,8.5
2018-01-07 00:07:00,0.776104384565726,0.0307696670816933,0,0,0,0,8.5,171.282,2.2,100,8.5
2018-01-07 00:08:00,0.77585053885323,0.0307327978396727,0,0,0,0,8.5,171.398,2.2,100,8.5
2018-01-07 00:09:00,0.775596693140733,0.030695928597652,0,0,0,0,8.5,171.514,2.2,100,8.5
2018-01-07 00:10:00,0.775342847428237,0.0306590593556314,0,0,0,0,8.5,171.63,2.2,100,8.5
2018-01-07 00:11:00,0.77508900171574,0.0308877222890629,0,0,0,0,8.52,171.726,2.22,100,8.52
2018-01-07 00:12:00,0.774835156003244,0.0311163852224945,0,0,0,0,8.54,171.822,2.24,100,8.54
2018-01-07 00:13:00,0.774581310290747,0.031345048155926,0,0,0,0,8.56,171.918,2.26,100,8.56
2018-01-07 00:14:00,0.774327464578251,0.0315737110893575,0,0,0,0,8.58,172.014,2.28,100,8.58
2018-01-07 00:15:00,0.774073618865755,0.0318023740227891,0,0,0,0,8.6,172.11,2.3,100,8.6
2018-01-07 00:16:00,0.773819773153258,0.0321561427907354,0,0,0,0,8.6,172.176,2.3,100,8.6
2018-01-07 00:17:00,0.773565927440762,0.0325099115586818,0,0,0,0,8.6,172.242,2.3,100,8.6
2018-01-07 00:18:00,0.773312081728265,0.0328636803266281,0,0,0,0,8.6,172.308,2.3,100,8.6
2018-01-07 00:19:00,0.773058236015769,0.0332174490945744,0,0,0,0,8.6,172.374,2.3,100,8.6
2018-01-07 00:20:00,0.772804390303272,0.0335712178625208,0,0,0,0,8.6,172.44,2.3,100,8.6
2018-01-07 00:21:00,0.772550544590776,0.0328651776961188,0,0,0,0,8.62,172.476,2.3,100,8.62
2018-01-07 00:22:00,0.772296698878279,0.0321591375297168,0,0,0,0,8.64,172.512,2.3,100,8.64
2018-01-07 00:23:00,0.772042853165783,0.0314530973633147,0,0,0,0,8.66,172.548,2.3,100,8.66
2018-01-07 00:24:00,0.771789007453286,0.0307470571969127,0,0,0,0,8.68,172.584,2.3,100,8.68
2018-01-07 00:25:00,0.77153516174079,0.0300410170305107,0,0,0,0,8.7,172.62,2.3,100,8.7
2018-01-07 00:26:00,0.771281316028294,0.0307345303069476,0,0,0,0,8.7,172.622,2.3,100,8.7
2018-01-07 00:27:00,0.771027470315797,0.0314280435833845,0,0,0,0,8.7,172.624,2.3,100,8.7
2018-01-07 00:28:00,0.770773624603301,0.0321215568598213,0,0,0,0,8.7,172.626,2.3,100,8.7
2018-01-07 00:29:00,0.770519778890804,0.0328150701362582,0,0,0,0,8.7,172.628,2.3,100,8.7
2018-01-07 00:30:00,0.770265933178308,0.0335085834126951,0,0,0,0,8.7,172.63,2.3,100,8.7
2018-01-07 00:31:00,0.770012087465811,0.0336057274812265,0,0,0,0,8.7,172.598,2.3,100,8.7
2018-01-07 00:32:00,0.769758241753315,0.0337028715497579,0,0,0,0,8.7,172.566,2.3,100,8.7
2018-01-07 00:33:00,0.769504396040818,0.0338000156182893,0,0,0,0,8.7,172.534,2.3,100,8.7
2018-01-07 00:34:00,0.769250550328322,0.0338971596868207,0,0,0,0,8.7,172.502,2.3,100,8.7
2018-01-07 00:35:00,0.768996704615825,0.0339943037553522,0,0,0,0,8.7,172.47,2.3,100,8.7
2018-01-07 00:36:00,0.768742858903329,0.0342297744062009,0,0,0,0,8.72,172.406,2.3,100,8.72
2018-01-07 00:37:00,0.768489013190833,0.0344652450570497,0,0,0,0,8.74,172.342,2.3,100,8.74
2018-01-07 00:38:00,0.768235167478336,0.0347007157078985,0,0,0,0,8.76,172.278,2.3,100,8.76
2018-01-07 00:39:00,0.76798132176584,0.0349361863587473,0,0,0,0,8.78,172.214,2.3,100,8.78
2018-01-07 00:40:00,0.767727476053343,0.0351716570095961,0,0,0,0,8.8,172.15,2.3,100,8.8
2018-01-07 00:41:00,0.767473630340847,0.0342754058002599,0,0,0,0,8.8,172.06,2.3,100,8.8
2018-01-07 00:42:00,0.76721978462835,0.0333791545909236,0,0,0,0,8.8,171.97,2.3,100,8.8
2018-01-07 00:43:00,0.766965938915854,0.0324829033815874,0,0,0,0,8.8,171.88,2.3,100,8.8
2018-01-07 00:44:00,0.766712093203357,0.0315866521722511,0,0,0,0,8.8,171.79,2.3,100,8.8
2018-01-07 00:45:00,0.766458247490861,0.0306904009629149,0,0,0,0,8.8,171.7,2.3,100,8.8
2018-01-07 00:46:00,0.766204401778364,0.0321506557988108,0,0,0,0,8.82,171.584,2.3,100,8.82
2018-01-07 00:47:00,0.765950556065868,0.0336109106347067,0,0,0,0,8.84,171.468,2.3,100,8.84
2018-01-07 00:48:00,0.765696710353372,0.0350711654706027,0,0,0,0,8.86,171.352,2.3,100,8.86
2018-01-07 00:49:00,0.765442864640875,0.0365314203064986,0,0,0,0,8.88,171.236,2.3,100,8.88
2018-01-07 00:50:00,0.765189018928379,0.0379916751423945,0,0,0,0,8.9,171.12,2.3,100,8.9
2018-01-07 00:51:00,0.764935173215882,0.0363402553956945,0,0,0,0,8.9,170.986,2.3,100,8.9
2018-01-07 00:52:00,0.764681327503386,0.0346888356489944,0,0,0,0,8.9,170.852,2.3,100,8.9
2018-01-07 00:53:00,0.764427481790889,0.0330374159022943,0,0,0,0,8.9,170.718,2.3,100,8.9
2018-01-07 00:54:00,0.764173636078393,0.0313859961555943,0,0,0,0,8.9,170.584,2.3,100,8.9
2018-01-07 00:55:00,0.763919790365896,0.0297345764088942,0,0,0,0,8.9,170.45,2.3,100,8.9
2018-01-07 00:56:00,0.7636659446534,0.0302641369542074,0,0,0,0,8.9,170.298,2.3,100,8.9
2018-01-07 00:57:00,0.763412098940903,0.0307936974995205,0,0,0,0,8.9,170.146,2.3,100,8.9
2018-01-07 00:58:00,0.763158253228407,0.0313232580448337,0,0,0,0,8.9,169.994,2.3,100,8.9
2018-01-07 00:59:00,0.762904407515911,0.0318528185901469,0,0,0,0,8.9,169.842,2.3,100,8.9
2018-01-07 01:00:00,0.762650561803414,0.03238237913546,0,0,0,0,8.9,169.69,2.3,100,8.9
2018-01-07 01:01:00,0.762553648319521,0.0332821752583646,0,0,0,0,8.92,169.528,2.3,100,8.92
2018-01-07 01:02:00,0.762456734835628,0.0341819713812692,0,0,0,0,8.94,169.366,2.3,100,8.94
2018-01-07 01:03:00,0.762359821351735,0.0350817675041738,0,0,0,0,8.96,169.204,2.3,100,8.96
2018-01-07 01:04:00,0.762262907867842,0.0359815636270785,0,0,0,0,8.98,169.042,2.3,100,8.98
2018-01-07 01:05:00,0.762165994383949,0.0368813597499831,0,0,0,0,9,168.88,2.3,100,9
2018-01-07 01:06:00,0.762069080900056,0.0365571579186595,0,0,0,0,9,168.708,2.3,100,9
2018-01-07 01:07:00,0.761972167416163,0.036232956087336,0,0,0,0,9,168.536,2.3,100,9
2018-01-07 01:08:00,0.76187525393227,0.0359087542560124,0,0,0,0,9,168.364,2.3,100,9
2018-01-07 01:09:00,0.761778340448376,0.0355845524246889,0,0,0,0,9,168.192,2.3,100,9
2018-01-07 01:10:00,0.761681426964483,0.0352603505933653,0,0,0,0,9,168.02,2.3,100,9
2018-01-07 01:11:00,0.76158451348059,0.0360200244659788,0,0,0,0,9,167.838,2.32,100,9
2018-01-07 01:12:00,0.761487599996697,0.0367796983385923,0,0,0,0,9,167.656,2.34,100,9
2018-01-07 01:13:00,0.761390686512804,0.0375393722112058,0,0,0,0,9,167.474,2.36,100,9
2018-01-07 01:14:00,0.761293773028911,0.0382990460838193,0,0,0,0,9,167.292,2.38,100,9
2018-01-07 01:15:00,0.761196859545018,0.0390587199564328,0,0,0,0,9,167.11,2.4,100,9
2018-01-07 01:16:00,0.761099946061125,0.0394502084686204,0,0,0,0,9.02,166.924,2.4,100,9.02
2018-01-07 01:17:00,0.761003032577232,0.039841696980808,0,0,0,0,9.04,166.738,2.4,100,9.04
2018-01-07 01:18:00,0.760906119093339,0.0402331854929956,0,0,0,0,9.06,166.552,2.4,100,9.06
2018-01-07 01:19:00,0.760809205609446,0.0406246740051832,0,0,0,0,9.08,166.366,2.4,100,9.08
2018-01-07 01:20:00,0.760712292125553,0.0410161625173708,0,0,0,0,9.1,166.18,2.4,100,9.1
2018-01-07 01:21:00,0.76061537864166,0.0406924731191257,0,0,0,0,9.1,165.988,2.4,100,9.1
2018-01-07 01:22:00,0.760518465157767,0.0403687837208807,0,0,0,0,9.1,165.796,2.4,100,9.1
2018-01-07 01:23:00,0.760421551673873,0.0400450943226357,0,0,0,0,9.1,165.604,2.4,100,9.1
2018-01-07 01:24:00,0.76032463818998,0.0397214049243906,0,0,0,0,9.1,165.412,2.4,100,9.1
2018-01-07 01:25:00,0.760227724706087,0.0393977155261456,0,0,0,0,9.1,165.22,2.4,100,9.1
2018-01-07 01:26:00,0.760130811222194,0.0390314844875318,0,0,0,0,9.1,165.024,2.4,100,9.1
2018-01-07 01:27:00,0.760033897738301,0.038665253448918,0,0,0,0,9.1,164.828,2.4,100,9.1
2018-01-07 01:28:00,0.759936984254408,0.0382990224103042,0,0,0,0,9.1,164.632,2.4,100,9.1
2018-01-07 01:29:00,0.759840070770515,0.0379327913716905,0,0,0,0,9.1,164.436,2.4,100,9.1
2018-01-07 01:30:00,0.759743157286622,0.0375665603330767,0,0,0,0,9.1,164.24,2.4,100,9.1
2018-01-07 01:31:00,0.759646243802729,0.0375574663946795,0,0,0,0,9.12,164.04,2.4,100,9.12
2018-01-07 01:32:00,0.759549330318836,0.0375483724562823,0,0,0,0,9.14,163.84,2.4,100,9.14
2018-01-07 01:33:00,0.759452416834943,0.0375392785178852,0,0,0,0,9.16,163.64,2.4,100,9.16
2018-01-07 01:34:00,0.75935550335105,0.037530184579488,0,0,0,0,9.18,163.44,2.4,100,9.18
2018-01-07 01:35:00,0.759258589867157,0.0375210906410908,0,0,0,0,9.2,163.24,2.4,100,9.2
2018-01-07 01:36:00,0.759161676383263,0.0375144579020502,0,0,0,0,9.2,163.038,2.4,100,9.2
2018-01-07 01:37:00,0.75906476289937,0.0375078251630096,0,0,0,0,9.2,162.836,2.4,100,9.2
2018-01-07 01:38:00,0.758967849415477,0.037501192423969,0,0,0,0,9.2,162.634,2.4,100,9.2
2018-01-07 01:39:00,0.758870935931584,0.0374945596849284,0,0,0,0,9.2,162.432,2.4,100,9.2
2018-01-07 01:40:00,0.758774022447691,0.0374879269458878,0,0,0,0,9.2,162.23,2.4,100,9.2
2018-01-07 01:41:00,0.758677108963798,0.0370324990205301,0,0,0,0,9.2,162.024,2.4,100,9.2
2018-01-07 01:42:00,0.758580195479905,0.0365770710951724,0,0,0,0,9.2,161.818,2.4,100,9.2
2018-01-07 01:43:00,0.758483281996012,0.0361216431698148,0,0,0,0,9.2,161.612,2.4,100,9.2
2018-01-07 01:44:00,0.758386368512119,0.0356662152444571,0,0,0,0,9.2,161.406,2.4,100,9.2
2018-01-07 01:45:00,0.758289455028226,0.0352107873190994,0,0,0,0,9.2,161.2,2.4,100,9.2
2018-01-07 01:46:00,0.758192541544333,0.0356133091343114,0,0,0,0,9.22,160.994,2.4,100,9.22
2018-01-07 01:47:00,0.75809562806044,0.0360158309495234,0,0,0,0,9.24,160.788,2.4,100,9.24
2018-01-07 01:48:00,0.757998714576547,0.0364183527647354,0,0,0,0,9.26,160.582,2.4,100,9.26
2018-01-07 01:49:00,0.757901801092653,0.0368208745799474,0,0,0,0,9.28,160.376,2.4,100,9.28
2018-01-07 01:50:00,0.75780488760876,0.0372233963951595,0,0,0,0,9.3,160.17,2.4,100,9.3
2018-01-07 01:51:00,0.757707974124867,0.03783644297746,0,0,0,0,9.3,159.962,2.4,100,9.3
2018-01-07 01:52:00,0.757611060640974,0.0384494895597606,0,0,0,0,9.3,159.754,2.4,100,9.3
2018-01-07 01:53:00,0.757514147157081,0.0390625361420611,0,0,0,0,9.3,159.546,2.4,100,9.3
2018-01-07 01:54:00,0.757417233673188,0.0396755827243617,0,0,0,0,9.3,159.338,2.4,100,9.3
2018-01-07 01:55:00,0.757320320189295,0.0402886293066623,0,0,0,0,9.3,159.13,2.4,100,9.3
2018-01-07 01:56:00,0.757223406705402,0.0396879412237698,0,0,0,0,9.3,158.92,2.4,100,9.3
2018-01-07 01:57:00,0.757126493221509,0.0390872531408774,0,0,0,0,9.3,158.71,2.4,100,9.3
2018-01-07 01:58:00,0.757029579737616,0.038486565057985,0,0,0,0,9.3,158.5,2.4,100,9.3
2018-01-07 01:59:00,0.756932666253723,0.0378858769750926,0,0,0,0,9.3,158.29,2.4,100,9.3
2018-01-07 02:00:00,0.75683575276983,0.0372851888922002,0,0,0,0,9.3,158.08,2.4,100,9.3
2018-01-07 02:01:00,0.75678742855992,0.0377269139333238,0,0,0,0,9.3,157.868,2.4,100,9.3
2018-01-07 02:02:00,0.75673910435001,0.0381686389744474,0,0,0,0,9.3,157.656,2.4,100,9.3
2018-01-07 02:03:00,0.7566907801401,0.038610364015571,0,0,0,0,9.3,157.444,2.4,100,9.3
2018-01-07 02:04:00,0.75664245593019,0.0390520890566946,0,0,0,0,9.3,157.232,2.4,100,9.3
2018-01-07 02:05:00,0.75659413172028,0.0394938140978182,0,0,0,0,9.3,157.02,2.4,100,9.3
2018-01-07 02:06:00,0.75654580751037,0.0396340080233053,0,0,0,0,9.3,156.808,2.4,100,9.3
2018-01-07 02:07:00,0.75649748330046,0.0397742019487924,0,0,0,0,9.3,156.596,2.4,100,9.3
2018-01-07 02:08:00,0.75644915909055,0.0399143958742795,0,0,0,0,9.3,156.384,2.4,100,9.3
2018-01-07 02:09:00,0.75640083488064,0.0400545897997666,0,0,0,0,9.3,156.172,2.4,100,9.3
2018-01-07 02:10:00,0.75635251067073,0.0401947837252537,0,0,0,0,9.3,155.96,2.4,100,9.3
2018-01-07 02:11:00,0.75630418646082,0.0401763877052809,0,0,0,0,9.32,155.748,2.4,100,9.32
2018-01-07 02:12:00,0.75625586225091,0.0401579916853082,0,0,0,0,9.34,155.536,2.4,100,9.34
2018-01-07 02:13:00,0.756207538041,0.0401395956653354,0,0,0,0,9.36,155.324,2.4,100,9.36
2018-01-07 02:14:00,0.75615921383109,0.0401211996453626,0,0,0,0,9.38,155.112,2.4,100,9.38
2018-01-07 02:15:00,0.75611088962118,0.0401028036253899,0,0,0,0,9.4,154.9,2.4,100,9.4
2018-01-07 02:16:00,0.75606256541127,0.0400401641153274,0,0,0,0,9.4,154.686,2.4,100,9.4
2018-01-07 02:17:00,0.75601424120136,0.0399775246052649,0,0,0,0,9.4,154.472,2.4,100,9.4
2018-01-07 02:18:00,0.75596591699145,0.0399148850952024,0,0,0,0,9.4,154.258,2.4,100,9.4
2018-01-07 02:19:00,0.75591759278154,0.03985224558514,0,0,0,0,9.4,154.044,2.4,100,9.4
2018-01-07 02:20:00,0.75586926857163,0.0397896060750775,0,0,0,0,9.4,153.83,2.4,100,9.4
2018-01-07 02:21:00,0.75582094436172,0.0382282185828063,0,0,0,0,9.4,153.616,2.38,100,9.4
2018-01-07 02:22:00,0.75577262015181,0.036666831090535,0,0,0,0,9.4,153.402,2.36,100,9.4
2018-01-07 02:23:00,0.7557242959419,0.0351054435982638,0,0,0,0,9.4,153.188,2.34,100,9.4
2018-01-07 02:24:00,0.755675971731991,0.0335440561059925,0,0,0,0,9.4,152.974,2.32,100,9.4
2018-01-07 02:25:00,0.755627647522081,0.0319826686137213,0,0,0,0,9.4,152.76,2.3,100,9.4
2018-01-07 02:26:00,0.755579323312171,0.0315447975326216,0,0,0,0,9.4,152.544,2.3,100,9.4
2018-01-07 02:27:00,0.755530999102261,0.0311069264515218,0,0,0,0,9.4,152.328,2.3,100,9.4
2018-01-07 02:28:00,0.755482674892351,0.0306690553704221,0,0,0,0,9.4,152.112,2.3,100,9.4
2018-01-07 02:29:00,0.755434350682441,0.0302311842893224,0,0,0,0,9.4,151.896,2.3,100,9.4
2018-01-07 02:30:00,0.755386026472531,0.0297933132082226,0,0,0,0,9.4,151.68,2.3,100,9.4
2018-01-07 02:31:00,0.755337702262621,0.0304064271887876,0,0,0,0,9.4,151.466,2.3,100,9.4
2018-01-07 02:32:00,0.755289378052711,0.0310195411693527,0,0,0,0,9.4,151.252,2.3,100,9.4
2018-01-07 02:33:00,0.755241053842801,0.0316326551499177,0,0,0,0,9.4,151.038,2.3,100,9.4
2018-01-07 02:34:00,0.755192729632891,0.0322457691304827,0,0,0,0,9.4,150.824,2.3,100,9.4
2018-01-07 02:35:00,0.755144405422981,0.0328588831110477,0,0,0,0,9.4,150.61,2.3,100,9.4
2018-01-07 02:36:00,0.755096081213071,0.0330613417454823,0,0,0,0,9.4,150.394,2.3,100,9.4
2018-01-07 02:37:00,0.755047757003161,0.0332638003799169,0,0,0,0,9.4,150.178,2.3,100,9.4
2018-01-07 02:38:00,0.754999432793251,0.0334662590143515,0,0,0,0,9.4,149.962,2.3,100,9.4
2018-01-07 02:39:00,0.754951108583341,0.0336687176487861,0,0,0,0,9.4,149.746,2.3,100,9.4
2018-01-07 02:40:00,0.754902784373431,0.0338711762832206,0,0,0,0,9.4,149.53,2.3,100,9.4
2018-01-07 02:41:00,0.754854460163521,0.0337917685826952,0,0,0,0,9.4,149.314,2.3,100,9.4
2018-01-07 02:42:00,0.754806135953611,0.0337123608821698,0,0,0,0,9.4,149.098,2.3,100,9.4
2018-01-07 02:43:00,0.754757811743701,0.0336329531816444,0,0,0,0,9.4,148.882,2.3,100,9.4
2018-01-07 02:44:00,0.754709487533791,0.033553545481119,0,0,0,0,9.4,148.666,2.3,100,9.4
2018-01-07 02:45:00,0.754661163323881,0.0334741377805936,0,0,0,0,9.4,148.45,2.3,100,9.4
2018-01-07 02:46:00,0.754612839113971,0.0330984466549769,0,0,0,0,9.4,148.234,2.3,100,9.4
2018-01-07 02:47:00,0.754564514904061,0.0327227555293602,0,0,0,0,9.4,148.018,2.3,100,9.4
2018-01-07 02:48:00,0.754516190694151,0.0323470644037435,0,0,0,0,9.4,147.802,2.3,100,9.4
2018-01-07 02:49:00,0.754467866484241,0.0319713732781268,0,0,0,0,9.4,147.586,2.3,100,9.4
2018-01-07 02:50:00,0.754419542274332,0.0315956821525101,0,0,0,0,9.4,147.37,2.3,100,9.4
2018-01-07 02:51:00,0.754371218064422,0.0325052734328826,0,0,0,0,9.4,147.154,2.3,100,9.4
2018-01-07 02:52:00,0.754322893854512,0.033414864713255,0,0,0,0,9.4,146.938,2.3,100,9.4
2018-01-07 02:53:00,0.754274569644602,0.0343244559936274,0,0,0,0,9.4,146.722,2.3,100,9.4
2018-01-07 02:54:00,0.754226245434692,0.0352340472739998,0,0,0,0,9.4,146.506,2.3,100,9.4
2018-01-07 02:55:00,0.754177921224782,0.0361436385543723,0,0,0,0,9.4,146.29,2.3,100,9.4
2018-01-07 02:56:00,0.754129597014872,0.0350809046389464,0,0,0,0,9.42,146.072,2.28,100,9.42
2018-01-07 02:57:00,0.754081272804962,0.0340181707235205,0,0,0,0,9.44,145.854,2.26,100,9.44
2018-01-07 02:58:00,0.754032948595052,0.0329554368080947,0,0,0,0,9.46,145.636,2.24,100,9.46
2018-01-07 02:59:00,0.753984624385142,0.0318927028926688,0,0,0,0,9.48,145.418,2.22,100,9.48
2018-01-07 03:00:00,0.753936300175232,0.0308299689772429,0,0,0,0,9.5,145.2,2.2,100,9.5
2018-01-07 03:01:00,0.753979120437688,0.0304979822548623,0,0,0,0,9.48,144.984,2.2,100,9.48
2018-01-07 03:02:00,0.754021940700143,0.0301659955324817,0,0,0,0,9.46,144.768,2.2,100,9.46
2018-01-07 03:03:00,0.754064760962599,0.0298340088101011,0,0,0,0,9.44,144.552,2.2,100,9.44
2018-01-07 03:04:00,0.754107581225055,0.0295020220877205,0,0,0,0,9.42,144.336,2.2,100,9.42
2018-01-07 03:05:00,0.754150401487511,0.0291700353653399,0,0,0,0,9.4,144.12,2.2,100,9.4
2018-01-07 03:06:00,0.754193221749967,0.0301101431370578,0,0,0,0,9.4,143.902,2.2,100,9.4
2018-01-07 03:07:00,0.754236042012422,0.0310502509087756,0,0,0,0,9.4,143.684,2.2,100,9.4
2018-01-07 03:08:00,0.754278862274878,0.0319903586804934,0,0,0,0,9.4,143.466,2.2,100,9.4
2018-01-07 03:09:00,0.754321682537334,0.0329304664522113,0,0,0,0,9.4,143.248,2.2,100,9.4
2018-01-07 03:10:00,0.75436450279979,0.0338705742239291,0,0,0,0,9.4,143.03,2.2,100,9.4
2018-01-07 03:11:00,0.754407323062245,0.0335137360548875,0,0,0,0,9.4,142.814,2.2,100,9.4
2018-01-07 03:12:00,0.754450143324701,0.033156897885846,0,0,0,0,9.4,142.598,2.2,100,9.4
2018-01-07 03:13:00,0.754492963587157,0.0328000597168044,0,0,0,0,9.4,142.382,2.2,100,9.4
2018-01-07 03:14:00,0.754535783849613,0.0324432215477628,0,0,0,0,9.4,142.166,2.2,100,9.4
2018-01-07 03:15:00,0.754578604112069,0.0320863833787213,0,0,0,0,9.4,141.95,2.2,100,9.4
2018-01-07 03:16:00,0.754621424374524,0.0310435797877982,0,0,0,0,9.4,141.732,2.2,100,9.4
2018-01-07 03:17:00,0.75466424463698,0.0300007761968752,0,0,0,0,9.4,141.514,2.2,100,9.4
2018-01-07 03:18:00,0.754707064899436,0.0289579726059522,0,0,0,0,9.4,141.296,2.2,100,9.4
2018-01-07 03:19:00,0.754749885161892,0.0279151690150292,0,0,0,0,9.4,141.078,2.2,100,9.4
2018-01-07 03:20:00,0.754792705424348,0.0268723654241061,0,0,0,0,9.4,140.86,2.2,100,9.4
2018-01-07 03:21:00,0.754835525686803,0.0277616637996666,0,0,0,0,9.4,140.644,2.2,100,9.4
2018-01-07 03:22:00,0.754878345949259,0.028650962175227,0,0,0,0,9.4,140.428,2.2,100,9.4
2018-01-07 03:23:00,0.754921166211715,0.0295402605507875,0,0,0,0,9.4,140.212,2.2,100,9.4
2018-01-07 03:24:00,0.754963986474171,0.0304295589263479,0,0,0,0,9.4,139.996,2.2,100,9.4
2018-01-07 03:25:00,0.755006806736626,0.0313188573019084,0,0,0,0,9.4,139.78,2.2,100,9.4
2018-01-07 03:26:00,0.755049626999082,0.0309640413477496,0,0,0,0,9.38,139.562,2.2,100,9.38
2018-01-07 03:27:00,0.755092447261538,0.0306092253935908,0,0,0,0,9.36,139.344,2.2,100,9.36
2018-01-07 03:28:00,0.755135267523994,0.030254409439432,0,0,0,0,9.34,139.126,2.2,100,9.34
2018-01-07 03:29:00,0.75517808778645,0.0298995934852733,0,0,0,0,9.32,138.908,2.2,100,9.32
2018-01-07 03:30:00,0.755220908048906,0.0295447775311145,0,0,0,0,9.3,138.69,2.2,100,9.3
2018-01-07 03:31:00,0.755263728311361,0.0285935541795936,0,0,0,0,9.3,138.474,2.18,100,9.3
2018-01-07 03:32:00,0.755306548573817,0.0276423308280727,0,0,0,0,9.3,138.258,2.16,100,9.3
2018-01-07 03:33:00,0.755349368836273,0.0266911074765518,0,0,0,0,9.3,138.042,2.14,100,9.3
2018-01-07 03:34:00,0.755392189098729,0.0257398841250308,0,0,0,0,9.3,137.826,2.12,100,9.3
2018-01-07 03:35:00,0.755435009361184,0.0247886607735099,0,0,0,0,9.3,137.61,2.1,100,9.3
2018-01-07 03:36:00,0.75547782962364,0.0248405033839402,0,0,0,0,9.3,137.392,2.1,100,9.3
2018-01-07 03:37:00,0.755520649886096,0.0248923459943705,0,0,0,0,9.3,137.174,2.1,100,9.3
2018-01-07 03:38:00,0.755563470148552,0.0249441886048009,0,0,0,0,9.3,136.956,2.1,100,9.3
2018-01-07 03:39:00,0.755606290411008,0.0249960312152312,0,0,0,0,9.3,136.738,2.1,100,9.3
2018-01-07 03:40:00,0.755649110673463,0.0250478738256615,0,0,0,0,9.3,136.52,2.1,100,9.3
2018-01-07 03:41:00,0.755691930935919,0.0253538262703794,0,0,0,0,9.3,136.304,2.1,100,9.3
2018-01-07 03:42:00,0.755734751198375,0.0256597787150973,0,0,0,0,9.3,136.088,2.1,100,9.3
2018-01-07 03:43:00,0.755777571460831,0.0259657311598152,0,0,0,0,9.3,135.872,2.1,100,9.3
2018-01-07 03:44:00,0.755820391723287,0.0262716836045331,0,0,0,0,9.3,135.656,2.1,100,9.3
2018-01-07 03:45:00,0.755863211985742,0.026577636049251,0,0,0,0,9.3,135.44,2.1,100,9.3
2018-01-07 03:46:00,0.755906032248198,0.0262748748777451,0,0,0,0,9.3,135.222,2.1,100,9.3
2018-01-07 03:47:00,0.755948852510654,0.0259721137062392,0,0,0,0,9.3,135.004,2.1,100,9.3
2018-01-07 03:48:00,0.75599167277311,0.0256693525347332,0,0,0,0,9.3,134.786,2.1,100,9.3
2018-01-07 03:49:00,0.756034493035565,0.0253665913632273,0,0,0,0,9.3,134.568,2.1,100,9.3
2018-01-07 03:50:00,0.756077313298021,0.0250638301917214,0,0,0,0,9.3,134.35,2.1,100,9.3
2018-01-07 03:51:00,0.756120133560477,0.0249798671267186,0,0,0,0,9.3,134.134,2.1,100,9.3
2018-01-07 03:52:00,0.756162953822933,0.0248959040617158,0,0,0,0,9.3,133.918,2.1,100,9.3
2018-01-07 03:53:00,0.756205774085389,0.0248119409967131,0,0,0,0,9.3,133.702,2.1,100,9.3
2018-01-07 03:54:00,0.756248594347844,0.0247279779317103,0,0,0,0,9.3,133.486,2.1,100,9.3
2018-01-07 03:55:00,0.7562914146103,0.0246440148667075,0,0,0,0,9.3,133.27,2.1,100,9.3
2018-01-07 03:56:00,0.756334234872756,0.0245819015507721,0,0,0,0,9.28,133.054,2.1,100,9.28
2018-01-07 03:57:00,0.756377055135212,0.0245197882348367,0,0,0,0,9.26,132.838,2.1,100,9.26
2018-01-07 03:58:00,0.756419875397668,0.0244576749189012,0,0,0,0,9.24,132.622,2.1,100,9.24
2018-01-07 03:59:00,0.756462695660123,0.0243955616029658,0,0,0,0,9.22,132.406,2.1,100,9.22
2018-01-07 04:00:00,0.756505515922579,0.0243334482870304,0,0,0,0,9.2,132.19,2.1,100,9.2
2018-01-07 04:01:00,0.756684957881411,0.0240504612180812,0,0,0,0,9.22,131.974,2.1,100,9.22
2018-01-07 04:02:00,0.756864399840244,0.0237674741491321,0,0,0,0,9.24,131.758,2.1,100,9.24
2018-01-07 04:03:00,0.757043841799076,0.0234844870801829,0,0,0,0,9.26,131.542,2.1,100,9.26
2018-01-07 04:04:00,0.757223283757908,0.0232015000112338,0,0,0,0,9.28,131.326,2.1,100,9.28
2018-01-07 04:05:00,0.757402725716741,0.0229185129422847,0,0,0,0,9.3,131.11,2.1,100,9.3
2018-01-07 04:06:00,0.757582167675573,0.02269305706072,0,0,0,0,9.3,130.892,2.1,100,9.3
2018-01-07 04:07:00,0.757761609634406,0.0224676011791553,0,0,0,0,9.3,130.674,2.1,100,9.3
2018-01-07 04:08:00,0.757941051593238,0.0222421452975907,0,0,0,0,9.3,130.456,2.1,100,9.3
2018-01-07 04:09:00,0.75812049355207,0.022016689416026,0,0,0,0,9.3,130.238,2.1,100,9.3
2018-01-07 04:10:00,0.758299935510903,0.0217912335344613,0,0,0,0,9.3,130.02,2.1,100,9.3
2018-01-07 04:11:00,0.758479377469735,0.022696651082852,0,0,0,0,9.3,129.804,2.1,100,9.3
2018-01-07 04:12:00,0.758658819428568,0.0236020686312426,0,0,0,0,9.3,129.588,2.1,100,9.3
2018-01-07 04:13:00,0.7588382613874,0.0245074861796333,0,0,0,0,9.3,129.372,2.1,100,9.3
2018-01-07 04:14:00,0.759017703346232,0.0254129037280239,0,0,0,0,9.3,129.156,2.1,100,9.3
2018-01-07 04:15:00,0.759197145305065,0.0263183212764146,0,0,0,0,9.3,128.94,2.1,100,9.3
2018-01-07 04:16:00,0.759376587263897,0.0258853591588607,0,0,0,0,9.3,128.724,2.1,100,9.3
2018-01-07 04:17:00,0.759556029222729,0.0254523970413068,0,0,0,0,9.3,128.508,2.1,100,9.3
2018-01-07 04:18:00,0.759735471181562,0.0250194349237529,0,0,0,0,9.3,128.292,2.1,100,9.3
2018-01-07 04:19:00,0.759914913140394,0.024586472806199,0,0,0,0,9.3,128.076,2.1,100,9.3
2018-01-07 04:20:00,0.760094355099227,0.0241535106886451,0,0,0,0,9.3,127.86,2.1,100,9.3
2018-01-07 04:21:00,0.760273797058059,0.0241238615987082,0,0,0,0,9.3,127.646,2.1,100,9.3
2018-01-07 04:22:00,0.760453239016891,0.0240942125087713,0,0,0,0,9.3,127.432,2.1,100,9.3
2018-01-07 04:23:00,0.760632680975724,0.0240645634188343,0,0,0,0,9.3,127.218,2.1,100,9.3
2018-01-07 04:24:00,0.760812122934556,0.0240349143288974,0,0,0,0,9.3,127.004,2.1,100,9.3
2018-01-07 04:25:00,0.760991564893388,0.0240052652389605,0,0,0,0,9.3,126.79,2.1,100,9.3
2018-01-07 04:26:00,0.761171006852221,0.0242340761630807,0,0,0,0,9.32,126.574,2.1,100,9.32
2018-01-07 04:27:00,0.761350448811053,0.0244628870872009,0,0,0,0,9.34,126.358,2.1,100,9.34
2018-01-07 04:28:00,0.761529890769886,0.0246916980113211,0,0,0,0,9.36,126.142,2.1,100,9.36
2018-01-07 04:29:00,0.761709332728718,0.0249205089354414,0,0,0,0,9.38,125.926,2.1,100,9.38
2018-01-07 04:30:00,0.76188877468755,0.0251493198595616,0,0,0,0,9.4,125.71,2.1,100,9.4
2018-01-07 04:31:00,0.762068216646383,0.0255254115837702,0,0,0,0,9.4,125.494,2.1,100,9.4
2018-01-07 04:32:00,0.762247658605215,0.0259015033079788,0,0,0,0,9.4,125.278,2.1,100,9.4
2018-01-07 04:33:00,0.762427100564047,0.0262775950321875,0,0,0,0,9.4,125.062,2.1,100,9.4
2018-01-07 04:34:00,0.76260654252288,0.0266536867563961,0,0,0,0,9.4,124.846,2.1,100,9.4
2018-01-07 04:35:00,0.762785984481712,0.0270297784806047,0,0,0,0,9.4,124.63,2.1,100,9.4
2018-01-07 04:36:00,0.762965426440545,0.0270556678738889,0,0,0,0,9.4,124.416,2.1,100,9.4
2018-01-07 04:37:00,0.763144868399377,0.0270815572671731,0,0,0,0,9.4,124.202,2.1,100,9.4
2018-01-07 04:38:00,0.763324310358209,0.0271074466604572,0,0,0,0,9.4,123.988,2.1,100,9.4
2018-01-07 04:39:00,0.763503752317042,0.0271333360537414,0,0,0,0,9.4,123.774,2.1,100,9.4
2018-01-07 04:40:00,0.763683194275874,0.0271592254470256,0,0,0,0,9.4,123.56,2.1,100,9.4
2018-01-07 04:41:00,0.763862636234707,0.0275486271887482,0,0,0,0,9.4,123.346,2.1,100,9.4
2018-01-07 04:42:00,0.764042078193539,0.0279380289304708,0,0,0,0,9.4,123.132,2.1,100,9.4
2018-01-07 04:43:00,0.764221520152371,0.0283274306721934,0,0,0,0,9.4,122.918,2.1,100,9.4
2018-01-07 04:44:00,0.764400962111204,0.028716832413916,0,0,0,0,9.4,122.704,2.1,100,9.4
2018-01-07 04:45:00,0.764580404070036,0.0291062341556386,0,0,0,0,9.4,122.49,2.1,100,9.4
2018-01-07 04:46:00,0.764759846028868,0.0282655854791437,0,0,0,0,9.4,122.276,2.1,100,9.4
2018-01-07 04:47:00,0.764939287987701,0.0274249368026489,0,0,0,0,9.4,122.062,2.1,100,9.4
2018-01-07 04:48:00,0.765118729946533,0.026584288126154,0,0,0,0,9.4,121.848,2.1,100,9.4
2018-01-07 04:49:00,0.765298171905366,0.0257436394496591,0,0,0,0,9.4,121.634,2.1,100,9.4
2018-01-07 04:50:00,0.765477613864198,0.0249029907731643,0,0,0,0,9.4,121.42,2.1,100,9.4
2018-01-07 04:51:00,0.76565705582303,0.0247099638244734,0,0,0,0,9.42,121.206,2.1,100,9.42
2018-01-07 04:52:00,0.765836497781863,0.0245169368757825,0,0,0,0,9.44,120.992,2.1,100,9.44
2018-01-07 04:53:00,0.766015939740695,0.0243239099270916,0,0,0,0,9.46,120.778,2.1,100,9.46
2018-01-07 04:54:00,0.766195381699528,0.0241308829784007,0,0,0,0,9.48,120.564,2.1,100,9.48
2018-01-07 04:55:00,0.76637482365836,0.0239378560297098,0,0,0,0,9.5,120.35,2.1,100,9.5
2018-01-07 04:56:00,0.766554265617192,0.0238298425191146,0,0,0,0,9.5,120.136,2.08,100,9.5
2018-01-07 04:57:00,0.766733707576025,0.0237218290085193,0,0,0,0,9.5,119.922,2.06,100,9.5
2018-01-07 04:58:00,0.766913149534857,0.023613815497924,0,0,0,0,9.5,119.708,2.04,100,9.5
2018-01-07 04:59:00,0.767092591493689,0.0235058019873288,0,0,0,0,9.5,119.494,2.02,100,9.5
2018-01-07 05:00:00,0.767272033452522,0.0233977884767335,0,0,0,0,9.5,119.28,2,100,9.5
2018-01-07 05:01:00,0.767535221484874,0.0238969835925906,0,0,0,0,9.5,119.066,2.02,100,9.5
2018-01-07 05:02:00,0.767798409517227,0.0243961787084477,0,0,0,0,9.5,118.852,2.04,100,9.5
2018-01-07 05:03:00,0.76806159754958,0.0248953738243047,0,0,0,0,9.5,118.638,2.06,100,9.5
2018-01-07 05:04:00,0.768324785581932,0.0253945689401618,0,0,0,0,9.5,118.424,2.08,100,9.5
2018-01-07 05:05:00,0.768587973614285,0.0258937640560189,0,0,0,0,9.5,118.21,2.1,100,9.5
2018-01-07 05:06:00,0.768851161646637,0.0258998796149637,0,0,0,0,9.52,117.998,2.1,100,9.52
2018-01-07 05:07:00,0.76911434967899,0.0259059951739085,0,0,0,0,9.54,117.786,2.1,100,9.54
2018-01-07 05:08:00,0.769377537711343,0.0259121107328533,0,0,0,0,9.56,117.574,2.1,100,9.56
2018-01-07 05:09:00,0.769640725743695,0.0259182262917981,0,0,0,0,9.58,117.362,2.1,100,9.58
2018-01-07 05:10:00,0.769903913776048,0.0259243418507429,0,0,0,0,9.6,117.15,2.1,100,9.6
2018-01-07 05:11:00,0.7701671018084,0.0255787803453558,0,0,0,0,9.6,116.936,2.1,100,9.6
2018-01-07 05:12:00,0.770430289840753,0.0252332188399688,0,0,0,0,9.6,116.722,2.1,100,9.6
2018-01-07 05:13:00,0.770693477873105,0.0248876573345817,0,0,0,0,9.6,116.508,2.1,100,9.6
2018-01-07 05:14:00,0.770956665905458,0.0245420958291947,0,0,0,0,9.6,116.294,2.1,100,9.6
2018-01-07 05:15:00,0.771219853937811,0.0241965343238077,0,0,0,0,9.6,116.08,2.1,100,9.6
2018-01-07 05:16:00,0.771483041970163,0.0246168144614554,0,0,0,0,9.6,115.868,2.1,100,9.6
2018-01-07 05:17:00,0.771746230002516,0.0250370945991032,0,0,0,0,9.6,115.656,2.1,100,9.6
2018-01-07 05:18:00,0.772009418034868,0.025457374736751,0,0,0,0,9.6,115.444,2.1,100,9.6
2018-01-07 05:19:00,0.772272606067221,0.0258776548743987,0,0,0,0,9.6,115.232,2.1,100,9.6
2018-01-07 05:20:00,0.772535794099574,0.0262979350120465,0,0,0,0,9.6,115.02,2.1,100,9.6
2018-01-07 05:21:00,0.772798982131926,0.0264132349342826,0,0,0,0,9.62,114.808,2.1,100,9.62
2018-01-07 05:22:00,0.773062170164279,0.0265285348565187,0,0,0,0,9.64,114.596,2.1,100,9.64
2018-01-07 05:23:00,0.773325358196631,0.0266438347787548,0,0,0,0,9.66,114.384,2.1,100,9.66
2018-01-07 05:24:00,0.773588546228984,0.0267591347009909,0,0,0,0,9.68,114.172,2.1,100,9.68
2018-01-07 05:25:00,0.773851734261337,0.026874434623227,0,0,0,0,9.7,113.96,2.1,100,9.7
2018-01-07 05:26:00,0.774114922293689,0.0268132010124779,0,0,0,0,9.7,113.75,2.1,100,9.7
2018-01-07 05:27:00,0.774378110326042,0.0267519674017287,0,0,0,0,9.7,113.54,2.1,100,9.7
2018-01-07 05:28:00,0.774641298358394,0.0266907337909795,0,0,0,0,9.7,113.33,2.1,100,9.7
2018-01-07 05:29:00,0.774904486390747,0.0266295001802303,0,0,0,0,9.7,113.12,2.1,100,9.7
2018-01-07 05:30:00,0.7751676744231,0.0265682665694811,0,0,0,0,9.7,112.91,2.1,100,9.7
2018-01-07 05:31:00,0.775430862455452,0.0264180971270426,0,0,0,0,9.7,112.698,2.1,100,9.7
2018-01-07 05:32:00,0.775694050487805,0.0262679276846041,0,0,0,0,9.7,112.486,2.1,100,9.7
2018-01-07 05:33:00,0.775957238520157,0.0261177582421656,0,0,0,0,9.7,112.274,2.1,100,9.7
2018-01-07 05:34:00,0.77622042655251,0.0259675887997272,0,0,0,0,9.7,112.062,2.1,100,9.7
2018-01-07 05:35:00,0.776483614584862,0.0258174193572887,0,0,0,0,9.7,111.85,2.1,100,9.7
2018-01-07 05:36:00,0.776746802617215,0.0260085366847163,0,0,0,0,9.72,111.64,2.1,100,9.72
2018-01-07 05:37:00,0.777009990649568,0.0261996540121439,0,0,0,0,9.74,111.43,2.1,100,9.74
2018-01-07 05:38:00,0.77727317868192,0.0263907713395714,0,0,0,0,9.76,111.22,2.1,100,9.76
2018-01-07 05:39:00,0.777536366714273,0.026581888666999,0,0,0,0,9.78,111.01,2.1,100,9.78
2018-01-07 05:40:00,0.777799554746625,0.0267730059944266,0,0,0,0,9.8,110.8,2.1,100,9.8
2018-01-07 05:41:00,0.778062742778978,0.0262021871252298,0,0,0,0,9.8,110.59,2.1,100,9.8
2018-01-07 05:42:00,0.778325930811331,0.025631368256033,0,0,0,0,9.8,110.38,2.1,100,9.8
2018-01-07 05:43:00,0.778589118843683,0.0250605493868363,0,0,0,0,9.8,110.17,2.1,100,9.8
2018-01-07 05:44:00,0.778852306876036,0.0244897305176395,0,0,0,0,9.8,109.96,2.1,100,9.8
2018-01-07 05:45:00,0.779115494908388,0.0239189116484427,0,0,0,0,9.8,109.75,2.1,100,9.8
2018-01-07 05:46:00,0.779378682940741,0.0246488110669277,0,0,0,0,9.8,109.542,2.1,100,9.8
2018-01-07 05:47:00,0.779641870973094,0.0253787104854127,0,0,0,0,9.8,109.334,2.1,100,9.8
2018-01-07 05:48:00,0.779905059005446,0.0261086099038977,0,0,0,0,9.8,109.126,2.1,100,9.8
2018-01-07 05:49:00,0.780168247037799,0.0268385093223827,0,0,0,0,9.8,108.918,2.1,100,9.8
2018-01-07 05:50:00,0.780431435070151,0.0275684087408677,0,0,0,0,9.8,108.71,2.1,100,9.8
2018-01-07 05:51:00,0.780694623102504,0.0273422869083027,0,0,0,0,9.82,108.5,2.1,100,9.82
2018-01-07 05:52:00,0.780957811134857,0.0271161650757378,0,0,0,0,9.84,108.29,2.1,100,9.84
2018-01-07 05:53:00,0.781220999167209,0.0268900432431729,0,0,0,0,9.86,108.08,2.1,100,9.86
2018-01-07 05:54:00,0.781484187199562,0.026663921410608,0,0,0,0,9.88,107.87,2.1,100,9.88
2018-01-07 05:55:00,0.781747375231914,0.026437799578043,0,0,0,0,9.9,107.66,2.1,100,9.9
2018-01-07 05:56:00,0.782010563264267,0.0261842662547399,0,0,0,0,9.9,107.452,2.1,100,9.9
2018-01-07 05:57:00,0.782273751296619,0.0259307329314369,0,0,0,0,9.9,107.244,2.1,100,9.9
2018-01-07 05:58:00,0.782536939328972,0.0256771996081338,0,0,0,0,9.9,107.036,2.1,100,9.9
2018-01-07 05:59:00,0.782800127361325,0.0254236662848307,0,0,0,0,9.9,106.828,2.1,100,9.9
2018-01-07 06:00:00,0.783063315393677,0.0251701329615276,0,0,0,0,9.9,106.62,2.1,100,9.9
2018-01-07 06:01:00,0.783248736040025,0.0252072967254275,0,0,0,0,9.92,106.412,2.1,100,9.92
2018-01-07 06:02:00,0.783434156686373,0.0252444604893274,0,0,0,0,9.94,106.204,2.1,100,9.94
2018-01-07 06:03:00,0.783619577332721,0.0252816242532273,0,0,0,0,9.96,105.996,2.1,100,9.96
2018-01-07 06:04:00,0.783804997979069,0.0253187880171272,0,0,0,0,9.98,105.788,2.1,100,9.98
2018-01-07 06:05:00,0.783990418625417,0.0253559517810271,0,0,0,0,10,105.58,2.1,100,10
2018-01-07 06:06:00,0.784175839271765,0.025333591937058,0,0,0,0,10,105.374,2.1,100,10
2018-01-07 06:07:00,0.784361259918113,0.0253112320930889,0,0,0,0,10,105.168,2.1,100,10
2018-01-07 06:08:00,0.784546680564461,0.0252888722491198,0,0,0,0,10,104.962,2.1,100,10
2018-01-07 06:09:00,0.784732101210809,0.0252665124051507,0,0,0,0,10,104.756,2.1,100,10
2018-01-07 06:10:00,0.784917521857157,0.0252441525611815,0,0,0,0,10,104.55,2.1,100,10
2018-01-07 06:11:00,0.785102942503504,0.024741606026924,0,0,0,0,10,104.342,2.1,100,10
2018-01-07 06:12:00,0.785288363149852,0.0242390594926665,0,0,0,0,10,104.134,2.1,100,10
2018-01-07 06:13:00,0.7854737837962,0.0237365129584089,0,0,0,0,10,103.926,2.1,100,10
2018-01-07 06:14:00,0.785659204442548,0.0232339664241514,0,0,0,0,10,103.718,2.1,100,10
2018-01-07 06:15:00,0.785844625088896,0.0227314198898938,0,0,0,0,10,103.51,2.1,100,10
2018-01-07 06:16:00,0.786030045735244,0.0231693774718243,0,0,0,0,10.02,103.304,2.1,100,10.02
2018-01-07 06:17:00,0.786215466381592,0.0236073350537548,0,0,0,0,10.04,103.098,2.1,100,10.04
2018-01-07 06:18:00,0.78640088702794,0.0240452926356853,0,0,0,0,10.06,102.892,2.1,100,10.06
2018-01-07 06:19:00,0.786586307674288,0.0244832502176158,0,0,0,0,10.08,102.686,2.1,100,10.08
2018-01-07 06:20:00,0.786771728320636,0.0249212077995463,0,0,0,0,10.1,102.48,2.1,100,10.1
2018-01-07 06:21:00,0.786957148966984,0.0250182441583855,0,0,0,0,10.1,102.276,2.1,100,10.1
2018-01-07 06:22:00,0.787142569613332,0.0251152805172248,0,0,0,0,10.1,102.072,2.1,100,10.1
2018-01-07 06:23:00,0.787327990259679,0.025212316876064,0,0,0,0,10.1,101.868,2.1,100,10.1
2018-01-07 06:24:00,0.787513410906027,0.0253093532349033,0,0,0,0,10.1,101.664,2.1,100,10.1
2018-01-07 06:25:00,0.787698831552375,0.0254063895937425,0,0,0,0,10.1,101.46,2.1,100,10.1
2018-01-07 06:26:00,0.787884252198723,0.0252879684973,0,0,0,0,10.12,101.256,2.1,100,10.12
2018-01-07 06:27:00,0.788069672845071,0.0251695474008574,0,0,0,0,10.14,101.052,2.1,100,10.14
2018-01-07 06:28:00,0.788255093491419,0.0250511263044148,0,0,0,0,10.16,100.848,2.1,100,10.16
2018-01-07 06:29:00,0.788440514137767,0.0249327052079723,0,0,0,0,10.18,100.644,2.1,100,10.18
2018-01-07 06:30:00,0.788625934784115,0.0248142841115297,0,0,0,0,10.2,100.44,2.1,100,10.2
2018-01-07 06:31:00,0.788811355430463,0.0245009693246427,0,0,0,0,10.2,100.236,2.1,100,10.2
2018-01-07 06:32:00,0.788996776076811,0.0241876545377556,0,0,0,0,10.2,100.032,2.1,100,10.2
2018-01-07 06:33:00,0.789182196723159,0.0238743397508685,0,0,0,0,10.2,99.828,2.1,100,10.2
2018-01-07 06:34:00,0.789367617369507,0.0235610249639815,0,0,0,0,10.2,99.624,2.1,100,10.2
2018-01-07 06:35:00,0.789553038015854,0.0232477101770944,0,0,0,0,10.2,99.42,2.1,100,10.2
2018-01-07 06:36:00,0.789738458662202,0.023113667898966,0,0,0,0,10.2,99.216,2.1,100,10.2
2018-01-07 06:37:00,0.78992387930855,0.0229796256208376,0,0,0,0,10.2,99.012,2.1,100,10.2
2018-01-07 06:38:00,0.790109299954898,0.0228455833427092,0,0,0,0,10.2,98.808,2.1,100,10.2
2018-01-07 06:39:00,0.790294720601246,0.0227115410645808,0,0,0,0,10.2,98.604,2.1,100,10.2
2018-01-07 06:40:00,0.790480141247594,0.0225774987864524,0,0,0,0,10.2,98.4,2.1,100,10.2
2018-01-07 06:41:00,0.790665561893942,0.0235293098374036,0,0,0,0,10.22,98.198,2.1,100,10.22
2018-01-07 06:42:00,0.79085098254029,0.0244811208883548,0,0,0,0,10.24,97.996,2.1,100,10.24
2018-01-07 06:43:00,0.791036403186638,0.025432931939306,0,0,0,0,10.26,97.794,2.1,100,10.26
2018-01-07 06:44:00,0.791221823832986,0.0263847429902571,0,0,0,0,10.28,97.592,2.1,100,10.28
2018-01-07 06:45:00,0.791407244479334,0.0273365540412083,0,0,0,0,10.3,97.39,2.1,100,10.3
2018-01-07 06:46:00,0.791592665125681,0.0263609614243679,0,0,0,0,10.3,97.188,2.1,100,10.3
2018-01-07 06:47:00,0.791778085772029,0.0253853688075274,0,0,0,0,10.3,96.986,2.1,100,10.3
2018-01-07 06:48:00,0.791963506418377,0.0244097761906869,0,0,0,0,10.3,96.784,2.1,100,10.3
2018-01-07 06:49:00,0.792148927064725,0.0234341835738464,0,0,0,0,10.3,96.582,2.1,100,10.3
2018-01-07 06:50:00,0.792334347711073,0.022458590957006,0,0,0,0,10.3,96.38,2.1,100,10.3
2018-01-07 06:51:00,0.792519768357421,0.0230124776122999,0,0,0,0,10.32,96.18,2.1,100,10.32
2018-01-07 06:52:00,0.792705189003769,0.0235663642675938,0,0,0,0,10.34,95.98,2.1,100,10.34
2018-01-07 06:53:00,0.792890609650117,0.0241202509228877,0,0,0,0,10.36,95.78,2.1,100,10.36
2018-01-07 06:54:00,0.793076030296465,0.0246741375781816,0,0,0,0,10.38,95.58,2.1,100,10.38
2018-01-07 06:55:00,0.793261450942813,0.0252280242334755,0,0,0,0,10.4,95.38,2.1,100,10.4
2018-01-07 06:56:00,0.79344687158916,0.0251501807667064,0,0,0,0,10.4,95.18,2.1,100,10.4
2018-01-07 06:57:00,0.793632292235509,0.0250723372999372,0,0,0,0,10.4,94.98,2.1,100,10.4
2018-01-07 06:58:00,0.793817712881856,0.024994493833168,0,0,0,0,10.4,94.78,2.1,100,10.4
2018-01-07 06:59:00,0.794003133528204,0.0249166503663989,0,0,0,0,10.4,94.58,2.1,100,10.4
2018-01-07 07:00:00,0.794188554174552,0.0248388068996297,0,0,0,0,10.4,94.38,2.1,100,10.4
2018-01-07 07:01:00,0.794456310328574,0.025988052359827,0,0,0,0,10.44,94.18,2.12,100,10.44
2018-01-07 07:02:00,0.794724066482596,0.0271372978200244,0,0,0,0,10.48,93.98,2.14,100,10.48
2018-01-07 07:03:00,0.794991822636619,0.0282865432802217,0,0,0,0,10.52,93.78,2.16,100,10.52
2018-01-07 07:04:00,0.795259578790641,0.029435788740419,0,0,0,0,10.56,93.58,2.18,100,10.56
2018-01-07 07:05:00,0.795527334944663,0.0305850342006163,0,0,0,0,10.6,93.38,2.2,100,10.6
2018-01-07 07:06:00,0.795795091098685,0.0309770694557502,0,0,0,0,10.64,93.182,2.22,100,10.64
2018-01-07 07:07:00,0.796062847252707,0.031369104710884,0,0,0,0,10.68,92.984,2.24,100,10.68
2018-01-07 07:08:00,0.796330603406729,0.0317611399660179,0,0,0,0,10.72,92.786,2.26,100,10.72
2018-01-07 07:09:00,0.796598359560751,0.0321531752211517,0,0,0,0,10.76,92.588,2.28,100,10.76
2018-01-07 07:10:00,0.796866115714773,0.0325452104762856,0,0,0,0,10.8,92.39,2.3,100,10.8
2018-01-07 07:11:00,0.797133871868796,0.0332196567625906,0,0,0,0,10.84,92.194,2.32,100,10.84
2018-01-07 07:12:00,0.797401628022818,0.0338941030488956,0,0,0,0,10.88,91.998,2.34,100,10.88
2018-01-07 07:13:00,0.79766938417684,0.0345685493352006,0,0,0,0,10.92,91.802,2.36,100,10.92
2018-01-07 07:14:00,0.797937140330862,0.0352429956215057,0,0,0,0,10.96,91.606,2.38,100,10.96
2018-01-07 07:15:00,0.798204896484884,0.0359174419078107,0,0,0,0,11,91.41,2.4,100,11
2018-01-07 07:16:00,0.798472652638906,0.036096498612422,0,0,0,0,11.04,91.104,2.4,100,11.04
2018-01-07 07:17:00,0.798740408792928,0.0362755553170333,0,0,0,0,11.08,90.798,2.4,100,11.08
2018-01-07 07:18:00,0.79900816494695,0.0364546120216446,0,0,0,0,11.12,90.492,2.4,100,11.12
2018-01-07 07:19:00,0.799275921100972,0.0366336687262559,0,0,0,0,11.16,90.186,2.4,100,11.16
2018-01-07 07:20:00,0.799543677254995,0.0368127254308672,0,0,0,0,11.2,89.88,2.4,100,11.2
2018-01-07 07:21:00,0.799811433409017,0.0375600214196165,0,0,0,0,11.24,89.712,2.42,100,11.24
2018-01-07 07:22:00,0.800079189563039,0.0383073174083657,0,0,0,0,11.28,89.544,2.44,100,11.28
2018-01-07 07:23:00,0.800346945717061,0.039054613397115,0,0,0,0,11.32,89.376,2.46,100,11.32
2018-01-07 07:24:00,0.800614701871083,0.0398019093858643,0,0,0,0,11.36,89.208,2.48,100,11.36
2018-01-07 07:25:00,0.800882458025105,0.0405492053746136,0,0,0,0,11.4,89.04,2.5,100,11.4
2018-01-07 07:26:00,0.801150214179127,0.0424260344545644,0,1,0,1,11.4,88.864,2.52,99.918,11.42
2018-01-07 07:27:00,0.801417970333149,0.0443028635345152,0,2,0,2,11.4,88.688,2.54,99.836,11.44
2018-01-07 07:28:00,0.801685726487171,0.046179692614466,0,3,0,3,11.4,88.512,2.56,99.754,11.46
2018-01-07 07:29:00,0.801953482641194,0.0480565216944168,0,4,0,4,11.4,88.336,2.58,99.672,11.48
2018-01-07 07:30:00,0.802221238795216,0.0499333507743676,0,5,0,5,11.4,88.16,2.6,99.59,11.5
2018-01-07 07:31:00,0.802488994949238,0.0506443800318016,0,5.6,0,5.6,11.46,87.98,2.62,99.672,11.54
2018-01-07 07:32:00,0.80275675110326,0.0513554092892356,0,6.2,0,6.2,11.52,87.8,2.64,99.754,11.58
2018-01-07 07:33:00,0.803024507257282,0.0520664385466697,0,6.8,0,6.8,11.58,87.62,2.66,99.836,11.62
2018-01-07 07:34:00,0.803292263411304,0.0527774678041037,0,7.4,0,7.4,11.64,87.44,2.68,99.918,11.66
2018-01-07 07:35:00,0.803560019565326,0.0534884970615377,0,8,0,8,11.7,87.26,2.7,100,11.7
2018-01-07 07:36:00,0.803827775719348,0.0532339161402751,0,8.8,0,8.8,11.74,87.078,2.7,100,11.74
2018-01-07 07:37:00,0.80409553187337,0.0529793352190124,0,9.6,0,9.6,11.78,86.896,2.7,100,11.78
2018-01-07 07:38:00,0.804363288027393,0.0527247542977498,0,10.4,0,10.4,11.82,86.714,2.7,100,11.82
2018-01-07 07:39:00,0.804631044181415,0.0524701733764871,0,11.2,0,11.2,11.86,86.532,2.7,100,11.86
2018-01-07 07:40:00,0.804898800335437,0.0522155924552245,0,12,0,12,11.9,86.35,2.7,100,11.9
2018-01-07 07:41:00,0.805166556489459,0.0553277298514877,0.00088306,12.6,0,12.6,11.94,86.164,2.72,100,11.94
2018-01-07 07:42:00,0.805434312643481,0.0584398672477509,0.00176612,13.2,0,13.2,11.98,85.978,2.74,100,11.98
2018-01-07 07:43:00,0.805702068797503,0.0615520046440141,0.00264918,13.8,0,13.8,12.02,85.792,2.76,100,12.02
2018-01-07 07:44:00,0.805969824951525,0.0646641420402774,0.00353224,14.4,0,14.4,12.06,85.606,2.78,100,12.06
2018-01-07 07:45:00,0.806237581105547,0.0677762794365406,0.0044153,15,0,15,12.1,85.42,2.8,100,12.1
2018-01-07 07:46:00,0.806505337259569,0.0677357186663743,0.00631615,17.2,0,17.2,12.14,85.236,2.82,100,12.14
2018-01-07 07:47:00,0.806773093413592,0.0676951578962081,0.008217,19.4,0,19.4,12.18,85.052,2.84,100,12.18
2018-01-07 07:48:00,0.807040849567614,0.0676545971260418,0.01011785,21.6,0,21.6,12.22,84.868,2.86,100,12.22
2018-01-07 07:49:00,0.807308605721636,0.0676140363558756,0.0120187,23.8,0,23.8,12.26,84.684,2.88,100,12.26
2018-01-07 07:50:00,0.807576361875658,0.0675734755857093,0.01391955,26,0,26,12.3,84.5,2.9,100,12.3
2018-01-07 07:51:00,0.80784411802968,0.0664345863627319,0.014889535,27,0,27,12.32,84.316,2.9,99.814,12.34
2018-01-07 07:52:00,0.808111874183702,0.0652956971397544,0.01585952,28,0,28,12.34,84.132,2.9,99.628,12.38
2018-01-07 07:53:00,0.808379630337724,0.0641568079167769,0.016829505,29,0,29,12.36,83.948,2.9,99.442,12.42
2018-01-07 07:54:00,0.808647386491746,0.0630179186937995,0.01779949,30,0,30,12.38,83.764,2.9,99.256,12.46
2018-01-07 07:55:00,0.808915142645769,0.061879029470822,0.018769475,31,0,31,12.4,83.58,2.9,99.07,12.5
2018-01-07 07:56:00,0.809182898799791,0.0641022100720482,0.01966963,32,0,32,12.4,83.396,2.92,98.812,12.54
2018-01-07 07:57:00,0.809450654953813,0.0663253906732745,0.020569785,33,0,33,12.4,83.212,2.94,98.554,12.58
2018-01-07 07:58:00,0.809718411107835,0.0685485712745008,0.02146994,34,0,34,12.4,83.028,2.96,98.296,12.62
2018-01-07 07:59:00,0.809986167261857,0.0707717518757271,0.022370095,35,0,35,12.4,82.844,2.98,98.038,12.66
2018-01-07 08:00:00,0.810253923415879,0.0729949324769533,0.02327025,36,0,36,12.4,82.66,3,97.78,12.7
2018-01-07 08:01:00,0.810490366331279,0.0734032235674366,0.02414315,37,0,37,12.4,82.476,3,97.652,12.72
2018-01-07 08:02:00,0.810726809246678,0.0738115146579198,0.02501605,38,0,38,12.4,82.292,3,97.524,12.74
2018-01-07 08:03:00,0.810963252162078,0.0742198057484031,0.02588895,39,0,39,12.4,82.108,3,97.396,12.76
2018-01-07 08:04:00,0.811199695077477,0.0746280968388863,0.02676185,40,0,40,12.4,81.924,3,97.268,12.78
2018-01-07 08:05:00,0.811436137992877,0.0750363879293695,0.02763475,41,0,41,12.4,81.74,3,97.14,12.8
2018-01-07 08:06:00,0.811672580908276,0.074974006257127,0.026884915,40.2,0,40.2,12.4,81.558,3,97.014,12.82
2018-01-07 08:07:00,0.811909023823676,0.0749116245848845,0.02613508,39.4,0,39.4,12.4,81.376,3,96.888,12.84
2018-01-07 08:08:00,0.812145466739075,0.0748492429126419,0.025385245,38.6,0,38.6,12.4,81.194,3,96.762,12.86
2018-01-07 08:09:00,0.812381909654475,0.0747868612403994,0.02463541,37.8,0,37.8,12.4,81.012,3,96.636,12.88
2018-01-07 08:10:00,0.812618352569874,0.0747244795681569,0.023885575,37,0,37,12.4,80.83,3,96.51,12.9
2018-01-07 08:11:00,0.812854795485274,0.0737888444493858,0.02653681,40,0,40,12.4,80.648,3,96.26,12.94
2018-01-07 08:12:00,0.813091238400673,0.0728532093306147,0.029188045,43,0,43,12.4,80.466,3,96.01,12.98
2018-01-07 08:13:00,0.813327681316073,0.0719175742118435,0.03183928,46,0,46,12.4,80.284,3,95.76,13.02
2018-01-07 08:14:00,0.813564124231472,0.0709819390930724,0.034490515,49,0,49,12.4,80.102,3,95.51,13.06
2018-01-07 08:15:00,0.813800567146872,0.0700463039743013,0.03714175,52,0,52,12.4,79.92,3,95.26,13.1
2018-01-07 08:16:00,0.814037010062271,0.0709739113390327,0.0381733,53.2,0,53.2,12.4,79.74,2.98,95.136,13.12
2018-01-07 08:17:00,0.814273452977671,0.0719015187037641,0.03920485,54.4,0,54.4,12.4,79.56,2.96,95.012,13.14
2018-01-07 08:18:00,0.81450989589307,0.0728291260684954,0.0402364,55.6,0,55.6,12.4,79.38,2.94,94.888,13.16
2018-01-07 08:19:00,0.81474633880847,0.0737567334332268,0.04126795,56.8,0,56.8,12.4,79.2,2.92,94.764,13.18
2018-01-07 08:20:00,0.814982781723869,0.0746843407979582,0.0422995,58,0,58,12.4,79.02,2.9,94.64,13.2
2018-01-07 08:21:00,0.815219224639269,0.0731902251624656,0.04351155,59.4,0,59.4,12.4,78.842,2.9,94.518,13.22
2018-01-07 08:22:00,0.815455667554668,0.071696109526973,0.0447236,60.8,0,60.8,12.4,78.664,2.9,94.396,13.24
2018-01-07 08:23:00,0.815692110470068,0.0702019938914804,0.04593565,62.2,0,62.2,12.4,78.486,2.9,94.274,13.26
2018-01-07 08:24:00,0.815928553385467,0.0687078782559878,0.0471477,63.6,0,63.6,12.4,78.308,2.9,94.152,13.28
2018-01-07 08:25:00,0.816164996300867,0.0672137626204952,0.04835975,65,0,65,12.4,78.13,2.9,94.03,13.3
2018-01-07 08:26:00,0.816401439216266,0.0669063466233978,0.0493821,66.2,0,66.2,12.4,77.954,2.9,93.908,13.32
2018-01-07 08:27:00,0.816637882131666,0.0665989306263004,0.05040445,67.4,0,67.4,12.4,77.778,2.9,93.786,13.34
2018-01-07 08:28:00,0.816874325047065,0.0662915146292031,0.0514268,68.6,0,68.6,12.4,77.602,2.9,93.664,13.36
2018-01-07 08:29:00,0.817110767962465,0.0659840986321057,0.05244915,69.8,0,69.8,12.4,77.426,2.9,93.542,13.38
2018-01-07 08:30:00,0.817347210877864,0.0656766826350084,0.0534715,71,0,71,12.4,77.25,2.9,93.42,13.4
2018-01-07 08:31:00,0.817583653793264,0.0672466415309243,0.05448885,72.2,0,72.2,12.6,77.074,2.9,94.572,13.42
2018-01-07 08:32:00,0.817820096708663,0.0688166004268403,0.0555062,73.4,0,73.4,12.8,76.898,2.9,95.724,13.44
2018-01-07 08:33:00,0.818056539624063,0.0703865593227563,0.05652355,74.6,0,74.6,13,76.722,2.9,96.876,13.46
2018-01-07 08:34:00,0.818292982539462,0.0719565182186723,0.0575409,75.8,0,75.8,13.2,76.546,2.9,98.028,13.48
2018-01-07 08:35:00,0.818529425454862,0.0735264771145882,0.05855825,77,0,77,13.4,76.37,2.9,99.18,13.5
2018-01-07 08:36:00,0.818765868370262,0.071983979331134,0.05975145,78.4,0,78.4,13.4,76.196,2.9,98.924,13.54
2018-01-07 08:37:00,0.819002311285661,0.0704414815476798,0.06094465,79.8,0,79.8,13.4,76.022,2.9,98.668,13.58
2018-01-07 08:38:00,0.819238754201061,0.0688989837642255,0.06213785,81.2,0,81.2,13.4,75.848,2.9,98.412,13.62
2018-01-07 08:39:00,0.81947519711646,0.0673564859807713,0.06333105,82.6,0,82.6,13.4,75.674,2.9,98.156,13.66
2018-01-07 08:40:00,0.819711640031859,0.065813988197317,0.06452425,84,0,84,13.4,75.5,2.9,97.9,13.7
2018-01-07 08:41:00,0.819948082947259,0.0668173252343588,0.06389,83.4,0,83.4,13.4,75.328,2.88,97.774,13.72
2018-01-07 08:42:00,0.820184525862659,0.0678206622714006,0.06325575,82.8,0,82.8,13.4,75.156,2.86,97.648,13.74
2018-01-07 08:43:00,0.820420968778058,0.0688239993084424,0.0626215,82.2,0,82.2,13.4,74.984,2.84,97.522,13.76
2018-01-07 08:44:00,0.820657411693458,0.0698273363454842,0.06198725,81.6,0,81.6,13.4,74.812,2.82,97.396,13.78
2018-01-07 08:45:00,0.820893854608857,0.070830673382526,0.061353,81,0,81,13.4,74.64,2.8,97.27,13.8
2018-01-07 08:46:00,0.821130297524256,0.0688258291299589,0.06556105,85,1.6,85.4,13.4,74.468,2.8,97.144,13.82
2018-01-07 08:47:00,0.821366740439656,0.0668209848773918,0.0697691,89,3.2,89.8,13.4,74.296,2.8,97.018,13.84
2018-01-07 08:48:00,0.821603183355056,0.0648161406248247,0.07397715,93,4.8,94.2,13.4,74.124,2.8,96.892,13.86
2018-01-07 08:49:00,0.821839626270455,0.0628112963722576,0.0781852,97,6.4,98.6,13.4,73.952,2.8,96.766,13.88
2018-01-07 08:50:00,0.822076069185855,0.0608064521196905,0.08239325,101,8,103,13.4,73.78,2.8,96.64,13.9
2018-01-07 08:51:00,0.822312512101254,0.0614436942871245,0.09233855,104.4,22.4,110.6,13.4,73.612,2.8,96.516,13.92
2018-01-07 08:52:00,0.822548955016654,0.0620809364545584,0.10228385,107.8,36.8,118.2,13.4,73.444,2.8,96.392,13.94
2018-01-07 08:53:00,0.822785397932053,0.0627181786219924,0.11222915,111.2,51.2,125.8,13.4,73.276,2.8,96.268,13.96
2018-01-07 08:54:00,0.823021840847453,0.0633554207894263,0.12217445,114.6,65.6,133.4,13.4,73.108,2.8,96.144,13.98
2018-01-07 08:55:00,0.823258283762852,0.0639926629568603,0.13211975,118,80,141,13.4,72.94,2.8,96.02,14
2018-01-07 08:56:00,0.823494726678252,0.0638708266975084,0.14178845,119.2,97.4,147.8,13.4,72.774,2.8,95.896,14.02
2018-01-07 08:57:00,0.823731169593651,0.0637489904381566,0.15145715,120.4,114.8,154.6,13.4,72.608,2.8,95.772,14.04
2018-01-07 08:58:00,0.823967612509051,0.0636271541788047,0.16112585,121.6,132.2,161.4,13.4,72.442,2.8,95.648,14.06
2018-01-07 08:59:00,0.82420405542445,0.0635053179194528,0.17079455,122.8,149.6,168.2,13.4,72.276,2.8,95.524,14.08
2018-01-07 09:00:00,0.82444049833985,0.063383481660101,0.18046325,124,167,175,13.4,72.11,2.8,95.4,14.1
2018-01-07 09:01:00,0.824376544560355,0.0624278023087599,0.1608874,120.6,133.6,161.4,13.4,71.944,2.8,95.278,14.12
2018-01-07 09:02:00,0.82431259078086,0.0614721229574189,0.14131155,117.2,100.2,147.8,13.4,71.778,2.8,95.156,14.14
2018-01-07 09:03:00,0.824248637001365,0.0605164436060779,0.1217357,113.8,66.8,134.2,13.4,71.612,2.8,95.034,14.16
2018-01-07 09:04:00,0.82418468322187,0.0595607642547369,0.10215985,110.4,33.4,120.6,13.4,71.446,2.8,94.912,14.18
2018-01-07 09:05:00,0.824120729442375,0.0586050849033958,0.082584,107,0,107,13.4,71.28,2.8,94.79,14.2
2018-01-07 09:06:00,0.82405677566288,0.0606206585544034,0.09966135,113.2,20.4,120,13.4,71.118,2.8,94.668,14.22
2018-01-07 09:07:00,0.823992821883385,0.062636232205411,0.1167387,119.4,40.8,133,13.4,70.956,2.8,94.546,14.24
2018-01-07 09:08:00,0.82392886810389,0.0646518058564186,0.13381605,125.6,61.2,146,13.4,70.794,2.8,94.424,14.26
2018-01-07 09:09:00,0.823864914324395,0.0666673795074262,0.1508934,131.8,81.6,159,13.4,70.632,2.8,94.302,14.28
2018-01-07 09:10:00,0.8238009605449,0.0686829531584338,0.16797075,138,102,172,13.4,70.47,2.8,94.18,14.3
2018-01-07 09:11:00,0.823737006765405,0.0660921968303959,0.1412418,120.4,81.6,147.6,13.4,70.31,2.8,94.058,14.32
2018-01-07 09:12:00,0.82367305298591,0.0635014405023579,0.11451285,102.8,61.2,123.2,13.4,70.15,2.8,93.936,14.34
2018-01-07 09:13:00,0.823609099206415,0.0609106841743199,0.0877839,85.2,40.8,98.8,13.4,69.99,2.8,93.814,14.36
2018-01-07 09:14:00,0.82354514542692,0.0583199278462819,0.06105495,67.6,20.4,74.4,13.4,69.83,2.8,93.692,14.38
2018-01-07 09:15:00,0.823481191647425,0.0557291715182439,0.034326,50,0,50,13.4,69.67,2.8,93.57,14.4
2018-01-07 09:16:00,0.82341723786793,0.0566838154149656,0.07165245,69.8,37,83.2,13.4,69.512,2.8,93.45,14.42
2018-01-07 09:17:00,0.823353284088435,0.0576384593116873,0.1089789,89.6,74,116.4,13.4,69.354,2.8,93.33,14.44
2018-01-07 09:18:00,0.82328933030894,0.0585931032084089,0.14630535,109.4,111,149.6,13.4,69.196,2.8,93.21,14.46
2018-01-07 09:19:00,0.823225376529445,0.0595477471051306,0.1836318,129.2,148,182.8,13.4,69.038,2.8,93.09,14.48
2018-01-07 09:20:00,0.82316142274995,0.0605023910018523,0.22095825,149,185,216,13.4,68.88,2.8,92.97,14.5
2018-01-07 09:21:00,0.823097468970455,0.0606412315745525,0.1955951,143.6,148,197.2,13.4,68.724,2.8,92.852,14.52
2018-01-07 09:22:00,0.82303351519096,0.0607800721472528,0.17023195,138.2,111,178.4,13.4,68.568,2.8,92.734,14.54
2018-01-07 09:23:00,0.822969561411465,0.0609189127199531,0.1448688,132.8,74,159.6,13.4,68.412,2.8,92.616,14.56
2018-01-07 09:24:00,0.82290560763197,0.0610577532926533,0.11950565,127.4,37,140.8,13.4,68.256,2.8,92.498,14.58
2018-01-07 09:25:00,0.822841653852475,0.0611965938653536,0.0941425,122,0,122,13.4,68.1,2.8,92.38,14.6
2018-01-07 09:26:00,0.82277770007298,0.0613553683297723,0.10005295,126.6,3.6,128,13.4,67.946,2.8,92.26,14.62
2018-01-07 09:27:00,0.822713746293485,0.061514142794191,0.1059634,131.2,7.2,134,13.4,67.792,2.8,92.14,14.64
2018-01-07 09:28:00,0.82264979251399,0.0616729172586098,0.11187385,135.8,10.8,140,13.4,67.638,2.8,92.02,14.66
2018-01-07 09:29:00,0.822585838734495,0.0618316917230285,0.1177843,140.4,14.4,146,13.4,67.484,2.8,91.9,14.68
2018-01-07 09:30:00,0.822521884955,0.0619904661874472,0.12369475,145,18,152,13.4,67.33,2.8,91.78,14.7
2018-01-07 09:31:00,0.822457931175505,0.0611828251109696,0.12357295,145.4,17.2,152,13.56,67.178,2.8,92.692,14.72
2018-01-07 09:32:00,0.82239397739601,0.0603751840344919,0.12345115,145.8,16.4,152,13.72,67.026,2.8,93.604,14.74
2018-01-07 09:33:00,0.822330023616515,0.0595675429580142,0.12332935,146.2,15.6,152,13.88,66.874,2.8,94.516,14.76
2018-01-07 09:34:00,0.82226606983702,0.0587599018815366,0.12320755,146.6,14.8,152,14.04,66.722,2.8,95.428,14.78
2018-01-07 09:35:00,0.822202116057525,0.0579522608050589,0.12308575,147,14,152,14.2,66.57,2.8,96.34,14.8
2018-01-07 09:36:00,0.82213816227803,0.0574796816143051,0.10593895,128.4,11.2,132.4,14.2,66.422,2.8,96.216,14.82
2018-01-07 09:37:00,0.822074208498535,0.0570071024235514,0.08879215,109.8,8.4,112.8,14.2,66.274,2.8,96.092,14.84
2018-01-07 09:38:00,0.82201025471904,0.0565345232327976,0.07164535,91.2,5.6,93.2,14.2,66.126,2.8,95.968,14.86
2018-01-07 09:39:00,0.821946300939545,0.0560619440420438,0.05449855,72.6,2.8,73.6,14.2,65.978,2.8,95.844,14.88
2018-01-07 09:40:00,0.82188234716005,0.0555893648512901,0.03735175,54,0,54,14.2,65.83,2.8,95.72,14.9
2018-01-07 09:41:00,0.821818393380555,0.0564551301234867,0.0515246,71,0,71,14.2,65.684,2.8,95.598,14.92
2018-01-07 09:42:00,0.82175443960106,0.0573208953956834,0.06569745,88,0,88,14.2,65.538,2.8,95.476,14.94
2018-01-07 09:43:00,0.821690485821565,0.05818666066788,0.0798703,105,0,105,14.2,65.392,2.8,95.354,14.96
2018-01-07 09:44:00,0.82162653204207,0.0590524259400766,0.09404315,122,0,122,14.2,65.246,2.8,95.232,14.98
2018-01-07 09:45:00,0.821562578262575,0.0599181912122733,0.108216,139,0,139,14.2,65.1,2.8,95.11,15
2018-01-07 09:46:00,0.82149862448308,0.0599585176094351,0.10196,131.8,0,131.8,14.2,64.958,2.8,94.988,15.02
2018-01-07 09:47:00,0.821434670703585,0.0599988440065969,0.095704,124.6,0,124.6,14.2,64.816,2.8,94.866,15.04
2018-01-07 09:48:00,0.82137071692409,0.0600391704037588,0.089448,117.4,0,117.4,14.2,64.674,2.8,94.744,15.06
2018-01-07 09:49:00,0.821306763144595,0.0600794968009206,0.083192,110.2,0,110.2,14.2,64.532,2.8,94.622,15.08
2018-01-07 09:50:00,0.8212428093651,0.0601198231980824,0.076936,103,0,103,14.2,64.39,2.8,94.5,15.1
2018-01-07 09:51:00,0.821178855585605,0.0597142528251288,0.0796086,106.2,0,106.2,14.2,64.25,2.8,94.38,15.12
2018-01-07 09:52:00,0.82111490180611,0.0593086824521752,0.0822812,109.4,0,109.4,14.2,64.11,2.8,94.26,15.14
2018-01-07 09:53:00,0.821050948026615,0.0589031120792217,0.0849538,112.6,0,112.6,14.2,63.97,2.8,94.14,15.16
2018-01-07 09:54:00,0.820986994247121,0.0584975417062681,0.0876264,115.8,0,115.8,14.2,63.83,2.8,94.02,15.18
2018-01-07 09:55:00,0.820923040467626,0.0580919713333145,0.090299,119,0,119,14.2,63.69,2.8,93.9,15.2
2018-01-07 09:56:00,0.820859086688131,0.058267662724709,0.09211595,121.2,0,121.2,14.2,63.552,2.8,93.78,15.22
2018-01-07 09:57:00,0.820795132908636,0.0584433541161035,0.0939329,123.4,0,123.4,14.2,63.414,2.8,93.66,15.24
2018-01-07 09:58:00,0.820731179129141,0.058619045507498,0.09574985,125.6,0,125.6,14.2,63.276,2.8,93.54,15.26
2018-01-07 09:59:00,0.820667225349646,0.0587947368988925,0.0975668,127.8,0,127.8,14.2,63.138,2.8,93.42,15.28
2018-01-07 10:00:00,0.820603271570151,0.058970428290287,0.09938375,130,0,130,14.2,63,2.8,93.3,15.3
2018-01-07 10:01:00,0.820307112148712,0.0603906072637556,0.10274535,134,0,134,14.2,62.868,2.8,93.18,15.32
2018-01-07 10:02:00,0.820010952727273,0.0618107862372243,0.10610695,138,0,138,14.2,62.736,2.8,93.06,15.34
2018-01-07 10:03:00,0.819714793305835,0.0632309652106929,0.10946855,142,0,142,14.2,62.604,2.8,92.94,15.36
2018-01-07 10:04:00,0.819418633884396,0.0646511441841615,0.11283015,146,0,146,14.2,62.472,2.8,92.82,15.38
2018-01-07 10:05:00,0.819122474462958,0.0660713231576301,0.11619175,150,0,150,14.2,62.34,2.8,92.7,15.4
2018-01-07 10:06:00,0.818826315041519,0.0647409120132017,0.13372985,160.2,12,166,14.2,62.208,2.8,92.564,15.42
2018-01-07 10:07:00,0.81853015562008,0.0634105008687733,0.15126795,170.4,24,182,14.2,62.076,2.8,92.428,15.44
2018-01-07 10:08:00,0.818233996198642,0.0620800897243449,0.16880605,180.6,36,198,14.2,61.944,2.8,92.292,15.46
2018-01-07 10:09:00,0.817937836777203,0.0607496785799165,0.18634415,190.8,48,214,14.2,61.812,2.8,92.156,15.48
2018-01-07 10:10:00,0.817641677355765,0.0594192674354881,0.20388225,201,60,230,14.2,61.68,2.8,92.02,15.5
2018-01-07 10:11:00,0.817345517934326,0.0597364886393148,0.2107266,203.6,67.6,236.2,14.2,61.554,2.8,91.904,15.52
2018-01-07 10:12:00,0.817049358512887,0.0600537098431414,0.21757095,206.2,75.2,242.4,14.2,61.428,2.8,91.788,15.54
2018-01-07 10:13:00,0.816753199091449,0.060370931046968,0.2244153,208.8,82.8,248.6,14.2,61.302,2.8,91.672,15.56
2018-01-07 10:14:00,0.81645703967001,0.0606881522507947,0.23125965,211.4,90.4,254.8,14.2,61.176,2.8,91.556,15.58
2018-01-07 10:15:00,0.816160880248572,0.0610053734546213,0.238104,214,98,261,14.2,61.05,2.8,91.44,15.6
2018-01-07 10:16:00,0.815864720827133,0.0616808476506767,0.23812405,214.8,97,261.6,14.2,60.926,2.8,91.324,15.62
2018-01-07 10:17:00,0.815568561405694,0.0623563218467321,0.2381441,215.6,96,262.2,14.2,60.802,2.8,91.208,15.64
2018-01-07 10:18:00,0.815272401984256,0.0630317960427875,0.23816415,216.4,95,262.8,14.2,60.678,2.8,91.092,15.66
2018-01-07 10:19:00,0.814976242562817,0.063707270238843,0.2381842,217.2,94,263.4,14.2,60.554,2.8,90.976,15.68
2018-01-07 10:20:00,0.814680083141379,0.0643827444348984,0.23820425,218,93,264,14.2,60.43,2.8,90.86,15.7
2018-01-07 10:21:00,0.81438392371994,0.0643219157751473,0.2448349,219.6,99,268.8,14.2,60.308,2.8,90.744,15.72
2018-01-07 10:22:00,0.814087764298501,0.0642610871153963,0.25146555,221.2,105,273.6,14.2,60.186,2.8,90.628,15.74
2018-01-07 10:23:00,0.813791604877063,0.0642002584556453,0.2580962,222.8,111,278.4,14.2,60.064,2.8,90.512,15.76
2018-01-07 10:24:00,0.813495445455624,0.0641394297958942,0.26472685,224.4,117,283.2,14.2,59.942,2.8,90.396,15.78
2018-01-07 10:25:00,0.813199286034186,0.0640786011361432,0.2713575,226,123,288,14.2,59.82,2.8,90.28,15.8
2018-01-07 10:26:00,0.812903126612747,0.0655263278831052,0.23941445,210.4,98.4,260,14.2,59.704,2.82,90.164,15.82
2018-01-07 10:27:00,0.812606967191309,0.0669740546300671,0.2074714,194.8,73.8,232,14.2,59.588,2.84,90.048,15.84
2018-01-07 10:28:00,0.81231080776987,0.0684217813770291,0.17552835,179.2,49.2,204,14.2,59.472,2.86,89.932,15.86
2018-01-07 10:29:00,0.812014648348431,0.069869508123991,0.1435853,163.6,24.6,176,14.2,59.356,2.88,89.816,15.88
2018-01-07 10:30:00,0.811718488926993,0.071317234870953,0.11164225,148,0,148,14.2,59.24,2.9,89.7,15.9
2018-01-07 10:31:00,0.811422329505554,0.069765547073552,0.12278165,157.8,4.2,160,14.34,59.126,2.9,90.394,15.92
2018-01-07 10:32:00,0.811126170084116,0.068213859276151,0.13392105,167.6,8.4,172,14.48,59.012,2.9,91.088,15.94
2018-01-07 10:33:00,0.810830010662677,0.06666217147875,0.14506045,177.4,12.6,184,14.62,58.898,2.9,91.782,15.96
2018-01-07 10:34:00,0.810533851241238,0.0651104836813491,0.15619985,187.2,16.8,196,14.76,58.784,2.9,92.476,15.98
2018-01-07 10:35:00,0.8102376918198,0.0635587958839481,0.16733925,197,21,208,14.9,58.67,2.9,93.17,16
2018-01-07 10:36:00,0.809941532398361,0.0651502174836204,0.17493535,201,25,214.2,14.9,58.562,2.9,93.052,16.02
2018-01-07 10:37:00,0.809645372976923,0.0667416390832927,0.18253145,205,29,220.4,14.9,58.454,2.9,92.934,16.04
2018-01-07 10:38:00,0.809349213555484,0.068333060682965,0.19012755,209,33,226.6,14.9,58.346,2.9,92.816,16.06
2018-01-07 10:39:00,0.809053054134045,0.0699244822826374,0.19772365,213,37,232.8,14.9,58.238,2.9,92.698,16.08
2018-01-07 10:40:00,0.808756894712607,0.0715159038823097,0.20531975,217,41,239,14.9,58.13,2.9,92.58,16.1
2018-01-07 10:41:00,0.808460735291168,0.072630701120203,0.20867445,219.2,43.2,242.2,14.9,58.024,2.9,92.462,16.12
2018-01-07 10:42:00,0.80816457586973,0.0737454983580962,0.21202915,221.4,45.4,245.4,14.9,57.918,2.9,92.344,16.14
2018-01-07 10:43:00,0.807868416448291,0.0748602955959895,0.21538385,223.6,47.6,248.6,14.9,57.812,2.9,92.226,16.16
2018-01-07 10:44:00,0.807572257026853,0.0759750928338827,0.21873855,225.8,49.8,251.8,14.9,57.706,2.9,92.108,16.18
2018-01-07 10:45:00,0.807276097605414,0.077089890071776,0.22209325,228,52,255,14.9,57.6,2.9,91.99,16.2
2018-01-07 10:46:00,0.806979938183975,0.0763994139021466,0.22345145,229,52.8,256.8,14.9,57.498,2.9,91.874,16.22
2018-01-07 10:47:00,0.806683778762537,0.0757089377325171,0.22480965,230,53.6,258.6,14.9,57.396,2.9,91.758,16.24
2018-01-07 10:48:00,0.806387619341098,0.0750184615628877,0.22616785,231,54.4,260.4,14.9,57.294,2.9,91.642,16.26
2018-01-07 10:49:00,0.80609145991966,0.0743279853932583,0.22752605,232,55.2,262.2,14.9,57.192,2.9,91.526,16.28
2018-01-07 10:50:00,0.805795300498221,0.0736375092236289,0.22888425,233,56,264,14.9,57.09,2.9,91.41,16.3
2018-01-07 10:51:00,0.805499141076782,0.0716216331220411,0.2183478,228.2,49,255.2,14.9,56.994,2.9,91.294,16.32
2018-01-07 10:52:00,0.805202981655344,0.0696057570204534,0.20781135,223.4,42,246.4,14.9,56.898,2.9,91.178,16.34
2018-01-07 10:53:00,0.804906822233905,0.0675898809188657,0.1972749,218.6,35,237.6,14.9,56.802,2.9,91.062,16.36
2018-01-07 10:54:00,0.804610662812467,0.0655740048172779,0.18673845,213.8,28,228.8,14.9,56.706,2.9,90.946,16.38
2018-01-07 10:55:00,0.804314503391028,0.0635581287156902,0.176202,209,21,220,14.9,56.61,2.9,90.83,16.4
2018-01-07 10:56:00,0.804018343969589,0.066820355875019,0.171899,205.8,18.6,215.6,14.9,56.518,2.92,90.714,16.42
2018-01-07 10:57:00,0.803722184548151,0.0700825830343478,0.167596,202.6,16.2,211.2,14.9,56.426,2.94,90.598,16.44
2018-01-07 10:58:00,0.803426025126712,0.0733448101936767,0.163293,199.4,13.8,206.8,14.9,56.334,2.96,90.482,16.46
2018-01-07 10:59:00,0.803129865705274,0.0766070373530055,0.15899,196.2,11.4,202.4,14.9,56.242,2.98,90.366,16.48
2018-01-07 11:00:00,0.802833706283835,0.0798692645123343,0.154687,193,9,198,14.9,56.15,3,90.25,16.5
2018-01-07 11:01:00,0.80262419405797,0.0790305625044846,0.1897626,206.6,38.2,228.2,14.9,56.06,3,90.12,16.52
2018-01-07 11:02:00,0.802414681832105,0.0781918604966348,0.2248382,220.2,67.4,258.4,14.9,55.97,3,89.99,16.54
2018-01-07 11:03:00,0.802205169606239,0.0773531584887851,0.2599138,233.8,96.6,288.6,14.9,55.88,3,89.86,16.56
2018-01-07 11:04:00,0.801995657380374,0.0765144564809353,0.2949894,247.4,125.8,318.8,14.9,55.79,3,89.73,16.58
2018-01-07 11:05:00,0.801786145154509,0.0756757544730856,0.330065,261,155,349,14.9,55.7,3,89.6,16.6
2018-01-07 11:06:00,0.801576632928644,0.0758992341005384,0.33387,261.6,160.4,352.8,14.9,55.618,3,89.486,16.62
2018-01-07 11:07:00,0.801367120702779,0.0761227137279913,0.337675,262.2,165.8,356.6,14.9,55.536,3,89.372,16.64
2018-01-07 11:08:00,0.801157608476914,0.0763461933554442,0.34148,262.8,171.2,360.4,14.9,55.454,3,89.258,16.66
2018-01-07 11:09:00,0.800948096251049,0.076569672982897,0.345285,263.4,176.6,364.2,14.9,55.372,3,89.144,16.68
2018-01-07 11:10:00,0.800738584025183,0.0767931526103499,0.34909,264,182,368,14.9,55.29,3,89.03,16.7
2018-01-07 11:11:00,0.800529071799318,0.0754105302561548,0.32181735,258,152.4,345,14.9,55.21,3,89.03,16.7
2018-01-07 11:12:00,0.800319559573453,0.0740279079019597,0.2945447,252,122.8,322,14.9,55.13,3,89.03,16.7
2018-01-07 11:13:00,0.800110047347588,0.0726452855477646,0.26727205,246,93.2,299,14.9,55.05,3,89.03,16.7
2018-01-07 11:14:00,0.799900535121723,0.0712626631935695,0.2399994,240,63.6,276,14.9,54.97,3,89.03,16.7
2018-01-07 11:15:00,0.799691022895858,0.0698800408393745,0.21272675,234,34,253,14.9,54.89,3,89.03,16.7
2018-01-07 11:16:00,0.799481510669992,0.0698900899596629,0.2378629,241.4,58.2,274.6,14.9,54.816,3,88.918,16.72
2018-01-07 11:17:00,0.799271998444127,0.0699001390799512,0.26299905,248.8,82.4,296.2,14.9,54.742,3,88.806,16.74
2018-01-07 11:18:00,0.799062486218262,0.0699101882002396,0.2881352,256.2,106.6,317.8,14.9,54.668,3,88.694,16.76
2018-01-07 11:19:00,0.798852973992397,0.069920237320528,0.31327135,263.6,130.8,339.4,14.9,54.594,3,88.582,16.78
2018-01-07 11:20:00,0.798643461766532,0.0699302864408164,0.3384075,271,155,361,14.9,54.52,3,88.47,16.8
2018-01-07 11:21:00,0.798433949540666,0.0734753915544557,0.344968,271.2,164.6,367,14.9,54.45,3,88.358,16.82
2018-01-07 11:22:00,0.798224437314801,0.0770204966680951,0.3515285,271.4,174.2,373,14.9,54.38,3,88.246,16.84
2018-01-07 11:23:00,0.798014925088936,0.0805656017817345,0.358089,271.6,183.8,379,14.9,54.31,3,88.134,16.86
2018-01-07 11:24:00,0.797805412863071,0.0841107068953738,0.3646495,271.8,193.4,385,14.9,54.24,3,88.022,16.88
2018-01-07 11:25:00,0.797595900637206,0.0876558120090132,0.37121,272,203,391,14.9,54.17,3,87.91,16.9
2018-01-07 11:26:00,0.797386388411341,0.0859124633826607,0.4014035,261.8,255.8,412.2,14.9,54.104,3,87.91,16.9
2018-01-07 11:27:00,0.797176876185476,0.0841691147563083,0.431597,251.6,308.6,433.4,14.9,54.038,3,87.91,16.9
2018-01-07 11:28:00,0.796967363959611,0.0824257661299559,0.4617905,241.4,361.4,454.6,14.9,53.972,3,87.91,16.9
2018-01-07 11:29:00,0.796757851733745,0.0806824175036035,0.491984,231.2,414.2,475.8,14.9,53.906,3,87.91,16.9
2018-01-07 11:30:00,0.79654833950788,0.0789390688772511,0.5221775,221,467,497,14.9,53.84,3,87.91,16.9
2018-01-07 11:31:00,0.796338827282015,0.0808144162070805,0.515371,224.4,455.8,494,14.96,53.782,3.02,88.196,16.92
2018-01-07 11:32:00,0.79612931505615,0.0826897635369098,0.5085645,227.8,444.6,491,15.02,53.724,3.04,88.482,16.94
2018-01-07 11:33:00,0.795919802830285,0.0845651108667392,0.501758,231.2,433.4,488,15.08,53.666,3.06,88.768,16.96
2018-01-07 11:34:00,0.795710290604419,0.0864404581965686,0.4949515,234.6,422.2,485,15.14,53.608,3.08,89.054,16.98
2018-01-07 11:35:00,0.795500778378554,0.088315805526398,0.488145,238,411,482,15.2,53.55,3.1,89.34,17
2018-01-07 11:36:00,0.795291266152689,0.0863181161644768,0.490904,238.2,412.4,483.4,15.2,53.494,3.1,89.21,17.02
2018-01-07 11:37:00,0.795081753926824,0.0843204268025555,0.493663,238.4,413.8,484.8,15.2,53.438,3.1,89.08,17.04
2018-01-07 11:38:00,0.794872241700959,0.0823227374406343,0.496422,238.6,415.2,486.2,15.2,53.382,3.1,88.95,17.06
2018-01-07 11:39:00,0.794662729475094,0.0803250480787131,0.499181,238.8,416.6,487.6,15.2,53.326,3.1,88.82,17.08
2018-01-07 11:40:00,0.794453217249228,0.0783273587167919,0.50194,239,418,489,15.2,53.27,3.1,88.69,17.1
2018-01-07 11:41:00,0.794243705023363,0.0794994558627967,0.4936975,243,403,484.2,15.2,53.22,3.1,88.69,17.1
2018-01-07 11:42:00,0.794034192797498,0.0806715530088016,0.485455,247,388,479.4,15.2,53.17,3.1,88.69,17.1
2018-01-07 11:43:00,0.793824680571633,0.0818436501548065,0.4772125,251,373,474.6,15.2,53.12,3.1,88.69,17.1
2018-01-07 11:44:00,0.793615168345768,0.0830157473008114,0.46897,255,358,469.8,15.2,53.07,3.1,88.69,17.1
2018-01-07 11:45:00,0.793405656119903,0.0841878444468163,0.4607275,259,343,465,15.2,53.02,3.1,88.69,17.1
2018-01-07 11:46:00,0.793196143894038,0.0847936701830696,0.474929,252.8,368.8,474.6,15.2,52.976,3.1,88.578,17.12
2018-01-07 11:47:00,0.792986631668172,0.0853994959193229,0.4891305,246.6,394.6,484.2,15.2,52.932,3.1,88.466,17.14
2018-01-07 11:48:00,0.792777119442307,0.0860053216555762,0.503332,240.4,420.4,493.8,15.2,52.888,3.1,88.354,17.16
2018-01-07 11:49:00,0.792567607216442,0.0866111473918295,0.5175335,234.2,446.2,503.4,15.2,52.844,3.1,88.242,17.18
2018-01-07 11:50:00,0.792358094990577,0.0872169731280828,0.531735,228,472,513,15.2,52.8,3.1,88.13,17.2
2018-01-07 11:51:00,0.792148582764712,0.0881079434296167,0.527278,230.8,462.2,510.2,15.2,52.762,3.1,88.018,17.22
2018-01-07 11:52:00,0.791939070538846,0.0889989137311506,0.522821,233.6,452.4,507.4,15.2,52.724,3.1,87.906,17.24
2018-01-07 11:53:00,0.791729558312981,0.0898898840326845,0.518364,236.4,442.6,504.6,15.2,52.686,3.1,87.794,17.26
2018-01-07 11:54:00,0.791520046087116,0.0907808543342184,0.513907,239.2,432.8,501.8,15.2,52.648,3.1,87.682,17.28
2018-01-07 11:55:00,0.791310533861251,0.0916718246357524,0.50945,242,423,499,15.2,52.61,3.1,87.57,17.3
2018-01-07 11:56:00,0.791101021635386,0.0900372689998154,0.5065195,243.2,419.4,498.2,15.2,52.576,3.1,87.462,17.32
2018-01-07 11:57:00,0.790891509409521,0.0884027133638785,0.503589,244.4,415.8,497.4,15.2,52.542,3.1,87.354,17.34
2018-01-07 11:58:00,0.790681997183656,0.0867681577279415,0.5006585,245.6,412.2,496.6,15.2,52.508,3.1,87.246,17.36
2018-01-07 11:59:00,0.79047248495779,0.0851336020920046,0.497728,246.8,408.6,495.8,15.2,52.474,3.1,87.138,17.38
2018-01-07 12:00:00,0.790262972731925,0.0834990464560676,0.4947975,248,405,495,15.2,52.44,3.1,87.03,17.4
2018-01-07 12:01:00,0.790362578852645,0.0853331094521162,0.474928,255.6,368.8,480.4,15.2,52.412,3.12,87.03,17.4
2018-01-07 12:02:00,0.790462184973365,0.0871671724481648,0.4550585,263.2,332.6,465.8,15.2,52.384,3.14,87.03,17.4
2018-01-07 12:03:00,0.790561791094084,0.0890012354442134,0.435189,270.8,296.4,451.2,15.2,52.356,3.16,87.03,17.4
2018-01-07 12:04:00,0.790661397214804,0.090835298440262,0.4153195,278.4,260.2,436.6,15.2,52.328,3.18,87.03,17.4
2018-01-07 12:05:00,0.790761003335524,0.0926693614363105,0.39545,286,224,422,15.2,52.3,3.2,87.03,17.4
2018-01-07 12:06:00,0.790860609456243,0.0942485684255154,0.4065075,283.6,239.8,429.6,15.2,52.276,3.2,87.03,17.4
2018-01-07 12:07:00,0.790960215576963,0.0958277754147203,0.417565,281.2,255.6,437.2,15.2,52.252,3.2,87.03,17.4
2018-01-07 12:08:00,0.791059821697683,0.0974069824039252,0.4286225,278.8,271.4,444.8,15.2,52.228,3.2,87.03,17.4
2018-01-07 12:09:00,0.791159427818402,0.09898618939313,0.43968,276.4,287.2,452.4,15.2,52.204,3.2,87.03,17.4
2018-01-07 12:10:00,0.791259033939122,0.100565396382335,0.4507375,274,303,460,15.2,52.18,3.2,87.03,17.4
2018-01-07 12:11:00,0.791358640059842,0.101996132351481,0.441493,276.4,289.2,454,15.2,52.164,3.2,86.902,17.42
2018-01-07 12:12:00,0.791458246180561,0.103426868320628,0.4322485,278.8,275.4,448,15.2,52.148,3.2,86.774,17.44
2018-01-07 12:13:00,0.791557852301281,0.104857604289774,0.423004,281.2,261.6,442,15.2,52.132,3.2,86.646,17.46
2018-01-07 12:14:00,0.791657458422001,0.10628834025892,0.4137595,283.6,247.8,436,15.2,52.116,3.2,86.518,17.48
2018-01-07 12:15:00,0.79175706454272,0.107719076228066,0.404515,286,234,430,15.2,52.1,3.2,86.39,17.5
2018-01-07 12:16:00,0.79185667066344,0.104214092233251,0.418794,281.8,257,440,15.2,52.088,3.2,86.39,17.5
2018-01-07 12:17:00,0.79195627678416,0.100709108238436,0.433073,277.6,280,450,15.2,52.076,3.2,86.39,17.5
2018-01-07 12:18:00,0.792055882904879,0.09720412424362,0.447352,273.4,303,460,15.2,52.064,3.2,86.39,17.5
2018-01-07 12:19:00,0.792155489025599,0.0936991402488046,0.461631,269.2,326,470,15.2,52.052,3.2,86.39,17.5
2018-01-07 12:20:00,0.792255095146319,0.0901941562539891,0.47591,265,349,480,15.2,52.04,3.2,86.39,17.5
2018-01-07 12:21:00,0.792354701267039,0.0915871361150068,0.518226,232.4,450.2,509.6,15.2,52.034,3.2,86.39,17.5
2018-01-07 12:22:00,0.792454307387758,0.0929801159760245,0.560542,199.8,551.4,539.2,15.2,52.028,3.2,86.39,17.5
2018-01-07 12:23:00,0.792553913508478,0.0943730958370422,0.602858,167.2,652.6,568.8,15.2,52.022,3.2,86.39,17.5
2018-01-07 12:24:00,0.792653519629198,0.0957660756980598,0.645174,134.6,753.8,598.4,15.2,52.016,3.2,86.39,17.5
2018-01-07 12:25:00,0.792753125749917,0.0971590555590775,0.68749,102,855,628,15.2,52.01,3.2,86.39,17.5
2018-01-07 12:26:00,0.792852731870637,0.098501544594134,0.6524765,131.2,768.2,603.6,15.2,52.01,3.2,86.282,17.52
2018-01-07 12:27:00,0.792952337991357,0.0998440336291904,0.617463,160.4,681.4,579.2,15.2,52.01,3.2,86.174,17.54
2018-01-07 12:28:00,0.793051944112076,0.101186522664247,0.5824495,189.6,594.6,554.8,15.2,52.01,3.2,86.066,17.56
2018-01-07 12:29:00,0.793151550232796,0.102529011699303,0.547436,218.8,507.8,530.4,15.2,52.01,3.2,85.958,17.58
2018-01-07 12:30:00,0.793251156353516,0.10387150073436,0.5124225,248,421,506,15.2,52.01,3.2,85.85,17.6
2018-01-07 12:31:00,0.793350762474235,0.105151532239178,0.502173,252.4,402.4,499.2,15.24,52.014,3.22,86.016,17.6
2018-01-07 12:32:00,0.793450368594955,0.106431563743996,0.4919235,256.8,383.8,492.4,15.28,52.018,3.24,86.182,17.6
2018-01-07 12:33:00,0.793549974715675,0.107711595248814,0.481674,261.2,365.2,485.6,15.32,52.022,3.26,86.348,17.6
2018-01-07 12:34:00,0.793649580836394,0.108991626753632,0.4714245,265.6,346.6,478.8,15.36,52.026,3.28,86.514,17.6
2018-01-07 12:35:00,0.793749186957114,0.11027165825845,0.461175,270,328,472,15.4,52.03,3.3,86.68,17.6
2018-01-07 12:36:00,0.793848793077834,0.110867498099979,0.4298365,273.4,283.2,447.6,15.4,52.04,3.3,86.68,17.6
2018-01-07 12:37:00,0.793948399198553,0.111463337941507,0.398498,276.8,238.4,423.2,15.4,52.05,3.3,86.68,17.6
2018-01-07 12:38:00,0.794048005319273,0.112059177783035,0.3671595,280.2,193.6,398.8,15.4,52.06,3.3,86.68,17.6
2018-01-07 12:39:00,0.794147611439993,0.112655017624564,0.335821,283.6,148.8,374.4,15.4,52.07,3.3,86.68,17.6
2018-01-07 12:40:00,0.794247217560712,0.113250857466092,0.3044825,287,104,350,15.4,52.08,3.3,86.68,17.6
2018-01-07 12:41:00,0.794346823681432,0.111545896253103,0.3071645,287.2,106.8,352.2,15.4,52.096,3.3,86.68,17.6
2018-01-07 12:42:00,0.794446429802152,0.109840935040115,0.3098465,287.4,109.6,354.4,15.4,52.112,3.3,86.68,17.6
2018-01-07 12:43:00,0.794546035922871,0.108135973827126,0.3125285,287.6,112.4,356.6,15.4,52.128,3.3,86.68,17.6
2018-01-07 12:44:00,0.794645642043591,0.106431012614137,0.3152105,287.8,115.2,358.8,15.4,52.144,3.3,86.68,17.6
2018-01-07 12:45:00,0.794745248164311,0.104726051401148,0.3178925,288,118,361,15.4,52.16,3.3,86.68,17.6
2018-01-07 12:46:00,0.79484485428503,0.104803051095346,0.305701,284,105.6,349.2,15.38,52.182,3.3,86.554,17.62
2018-01-07 12:47:00,0.79494446040575,0.104880050789545,0.2935095,280,93.2,337.4,15.36,52.204,3.3,86.428,17.64
2018-01-07 12:48:00,0.79504406652647,0.104957050483743,0.281318,276,80.8,325.6,15.34,52.226,3.3,86.302,17.66
2018-01-07 12:49:00,0.79514367264719,0.105034050177941,0.2691265,272,68.4,313.8,15.32,52.248,3.3,86.176,17.68
2018-01-07 12:50:00,0.795243278767909,0.10511104987214,0.256935,268,56,302,15.3,52.27,3.3,86.05,17.7
2018-01-07 12:51:00,0.795342884888629,0.107574059018935,0.23548605,253,46,280.8,15.3,52.296,3.3,86.05,17.7
2018-01-07 12:52:00,0.795442491009348,0.110037068165731,0.2140371,238,36,259.6,15.3,52.322,3.3,86.05,17.7
2018-01-07 12:53:00,0.795542097130068,0.112500077312527,0.19258815,223,26,238.4,15.3,52.348,3.3,86.05,17.7
2018-01-07 12:54:00,0.795641703250788,0.114963086459322,0.1711392,208,16,217.2,15.3,52.374,3.3,86.05,17.7
2018-01-07 12:55:00,0.795741309371508,0.117426095606118,0.14969025,193,6,196,15.3,52.4,3.3,86.05,17.7
2018-01-07 12:56:00,0.795840915492227,0.118841728441165,0.1697484,206.8,14.8,215.2,15.3,52.434,3.32,86.05,17.7
2018-01-07 12:57:00,0.795940521612947,0.120257361276212,0.18980655,220.6,23.6,234.4,15.3,52.468,3.34,86.05,17.7
2018-01-07 12:58:00,0.796040127733667,0.121672994111259,0.2098647,234.4,32.4,253.6,15.3,52.502,3.36,86.05,17.7
2018-01-07 12:59:00,0.796139733854386,0.123088626946307,0.22992285,248.2,41.2,272.8,15.3,52.536,3.38,86.05,17.7
2018-01-07 13:00:00,0.796239339975106,0.124504259781354,0.249981,262,50,292,15.3,52.57,3.4,86.05,17.7
2018-01-07 13:01:00,0.796259884914732,0.124052612334541,0.23919805,256.2,44.6,282.8,15.3,52.606,3.4,85.942,17.72
2018-01-07 13:02:00,0.796280429854359,0.123600964887729,0.2284151,250.4,39.2,273.6,15.3,52.642,3.4,85.834,17.74
2018-01-07 13:03:00,0.796300974793985,0.123149317440916,0.21763215,244.6,33.8,264.4,15.3,52.678,3.4,85.726,17.76
2018-01-07 13:04:00,0.796321519733611,0.122697669994104,0.2068492,238.8,28.4,255.2,15.3,52.714,3.4,85.618,17.78
2018-01-07 13:05:00,0.796342064673238,0.122246022547292,0.19606625,233,23,246,15.3,52.75,3.4,85.51,17.8
2018-01-07 13:06:00,0.796362609612864,0.122626793274467,0.1791081,216.4,18.4,226.8,15.3,52.794,3.4,85.51,17.8
2018-01-07 13:07:00,0.79638315455249,0.123007564001643,0.16214995,199.8,13.8,207.6,15.3,52.838,3.4,85.51,17.8
2018-01-07 13:08:00,0.796403699492117,0.123388334728818,0.1451918,183.2,9.2,188.4,15.3,52.882,3.4,85.51,17.8
2018-01-07 13:09:00,0.796424244431743,0.123769105455994,0.12823365,166.6,4.6,169.2,15.3,52.926,3.4,85.51,17.8
2018-01-07 13:10:00,0.796444789371369,0.124149876183169,0.1112755,150,0,150,15.3,52.97,3.4,85.51,17.8
2018-01-07 13:11:00,0.796465334310996,0.123763960081096,0.11529335,154.6,0.2,154.6,15.3,53.018,3.4,85.404,17.82
2018-01-07 13:12:00,0.796485879250622,0.123378043979024,0.1193112,159.2,0.4,159.2,15.3,53.066,3.4,85.298,17.84
2018-01-07 13:13:00,0.796506424190248,0.122992127876951,0.12332905,163.8,0.6,163.8,15.3,53.114,3.4,85.192,17.86
2018-01-07 13:14:00,0.796526969129874,0.122606211774879,0.1273469,168.4,0.8,168.4,15.3,53.162,3.4,85.086,17.88
2018-01-07 13:15:00,0.796547514069501,0.122220295672806,0.13136475,173,1,173,15.3,53.21,3.4,84.98,17.9
2018-01-07 13:16:00,0.796568059009127,0.125518750286534,0.1266738,167.4,0.8,167.4,15.3,53.264,3.42,84.98,17.9
2018-01-07 13:17:00,0.796588603948754,0.128817204900262,0.12198285,161.8,0.6,161.8,15.3,53.318,3.44,84.98,17.9
2018-01-07 13:18:00,0.79660914888838,0.13211565951399,0.1172919,156.2,0.4,156.2,15.3,53.372,3.46,84.98,17.9
2018-01-07 13:19:00,0.796629693828006,0.135414114127718,0.11260095,150.6,0.2,150.6,15.3,53.426,3.48,84.98,17.9
2018-01-07 13:20:00,0.796650238767633,0.138712568741446,0.10791,145,0,145,15.3,53.48,3.5,84.98,17.9
2018-01-07 13:21:00,0.796670783707259,0.138828709406808,0.10551555,142,0,142,15.3,53.538,3.5,84.874,17.92
2018-01-07 13:22:00,0.796691328646885,0.138944850072171,0.1031211,139,0,139,15.3,53.596,3.5,84.768,17.94
2018-01-07 13:23:00,0.796711873586511,0.139060990737533,0.10072665,136,0,136,15.3,53.654,3.5,84.662,17.96
2018-01-07 13:24:00,0.796732418526138,0.139177131402895,0.0983322,133,0,133,15.3,53.712,3.5,84.556,17.98
2018-01-07 13:25:00,0.796752963465764,0.139293272068257,0.09593775,130,0,130,15.3,53.77,3.5,84.45,18
2018-01-07 13:26:00,0.79677350840539,0.137386386288422,0.0933911,126.8,0,126.8,15.3,53.834,3.5,84.45,18
2018-01-07 13:27:00,0.796794053345017,0.135479500508587,0.09084445,123.6,0,123.6,15.3,53.898,3.5,84.45,18
2018-01-07 13:28:00,0.796814598284643,0.133572614728752,0.0882978,120.4,0,120.4,15.3,53.962,3.5,84.45,18
2018-01-07 13:29:00,0.796835143224269,0.131665728948917,0.08575115,117.2,0,117.2,15.3,54.026,3.5,84.45,18
2018-01-07 13:30:00,0.796855688163896,0.129758843169082,0.0832045,114,0,114,15.3,54.09,3.5,84.45,18
2018-01-07 13:31:00,0.796876233103522,0.131741469572137,0.0972013,129.8,1.4,130.6,15.34,54.158,3.5,84.484,18.02
2018-01-07 13:32:00,0.796896778043148,0.133724095975191,0.1111981,145.6,2.8,147.2,15.38,54.226,3.5,84.518,18.04
2018-01-07 13:33:00,0.796917322982775,0.135706722378246,0.1251949,161.4,4.2,163.8,15.42,54.294,3.5,84.552,18.06
2018-01-07 13:34:00,0.796937867922401,0.137689348781301,0.1391917,177.2,5.6,180.4,15.46,54.362,3.5,84.586,18.08
2018-01-07 13:35:00,0.796958412862027,0.139671975184356,0.1531885,193,7,197,15.5,54.43,3.5,84.62,18.1
2018-01-07 13:36:00,0.796978957801654,0.139425011393682,0.138695,176.6,5.6,179.8,15.5,54.504,3.5,84.62,18.1
2018-01-07 13:37:00,0.79699950274128,0.139178047603008,0.1242015,160.2,4.2,162.6,15.5,54.578,3.5,84.62,18.1
2018-01-07 13:38:00,0.797020047680906,0.138931083812334,0.109708,143.8,2.8,145.4,15.5,54.652,3.5,84.62,18.1
2018-01-07 13:39:00,0.797040592620533,0.13868412002166,0.0952145,127.4,1.4,128.2,15.5,54.726,3.5,84.62,18.1
2018-01-07 13:40:00,0.797061137560159,0.138437156230986,0.080721,111,0,111,15.5,54.8,3.5,84.62,18.1
2018-01-07 13:41:00,0.797081682499785,0.138325509048829,0.080442,110.6,0,110.6,15.5,54.878,3.52,84.514,18.12
2018-01-07 13:42:00,0.797102227439412,0.138213861866672,0.080163,110.2,0,110.2,15.5,54.956,3.54,84.408,18.14
2018-01-07 13:43:00,0.797122772379038,0.138102214684515,0.079884,109.8,0,109.8,15.5,55.034,3.56,84.302,18.16
2018-01-07 13:44:00,0.797143317318664,0.137990567502359,0.079605,109.4,0,109.4,15.5,55.112,3.58,84.196,18.18
2018-01-07 13:45:00,0.797163862258291,0.137878920320202,0.079326,109,0,109,15.5,55.19,3.6,84.09,18.2
2018-01-07 13:46:00,0.797184407197917,0.138834132236388,0.07838805,107.8,0,107.8,15.5,55.272,3.6,84.09,18.2
2018-01-07 13:47:00,0.797204952137543,0.139789344152574,0.0774501,106.6,0,106.6,15.5,55.354,3.6,84.09,18.2
2018-01-07 13:48:00,0.797225497077169,0.14074455606876,0.07651215,105.4,0,105.4,15.5,55.436,3.6,84.09,18.2
2018-01-07 13:49:00,0.797246042016796,0.141699767984945,0.0755742,104.2,0,104.2,15.5,55.518,3.6,84.09,18.2
2018-01-07 13:50:00,0.797266586956422,0.142654979901131,0.07463625,103,0,103,15.5,55.6,3.6,84.09,18.2
2018-01-07 13:51:00,0.797287131896048,0.144314071308764,0.0743346,102.6,0,102.6,15.5,55.688,3.6,84.09,18.2
2018-01-07 13:52:00,0.797307676835675,0.145973162716396,0.07403295,102.2,0,102.2,15.5,55.776,3.6,84.09,18.2
2018-01-07 13:53:00,0.797328221775301,0.147632254124028,0.0737313,101.8,0,101.8,15.5,55.864,3.6,84.09,18.2
2018-01-07 13:54:00,0.797348766714927,0.149291345531661,0.07342965,101.4,0,101.4,15.5,55.952,3.6,84.09,18.2
2018-01-07 13:55:00,0.797369311654554,0.150950436939293,0.073128,101,0,101,15.5,56.04,3.6,84.09,18.2
2018-01-07 13:56:00,0.79738985659418,0.150049087022379,0.0811269,110.8,0,110.8,15.5,56.132,3.6,83.984,18.22
2018-01-07 13:57:00,0.797410401533806,0.149147737105465,0.0891258,120.6,0,120.6,15.5,56.224,3.6,83.878,18.24
2018-01-07 13:58:00,0.797430946473433,0.148246387188551,0.0971247,130.4,0,130.4,15.5,56.316,3.6,83.772,18.26
2018-01-07 13:59:00,0.797451491413059,0.147345037271636,0.1051236,140.2,0,140.2,15.5,56.408,3.6,83.666,18.28
2018-01-07 14:00:00,0.797472036352685,0.146443687354722,0.1131225,150,0,150,15.5,56.5,3.6,83.56,18.3
2018-01-07 14:01:00,0.797527421698611,0.147079211311195,0.1057628,141,0,141,15.5,56.596,3.6,83.56,18.3
2018-01-07 14:02:00,0.797582807044536,0.147714735267667,0.0984031,132,0,132,15.5,56.692,3.6,83.56,18.3
2018-01-07 14:03:00,0.797638192390462,0.148350259224139,0.0910434,123,0,123,15.5,56.788,3.6,83.56,18.3
2018-01-07 14:04:00,0.797693577736387,0.148985783180611,0.0836837,114,0,114,15.5,56.884,3.6,83.56,18.3
2018-01-07 14:05:00,0.797748963082313,0.149621307137084,0.076324,105,0,105,15.5,56.98,3.6,83.56,18.3
2018-01-07 14:06:00,0.797804348428239,0.151099956543044,0.0736298,101.6,0,101.6,15.5,57.08,3.6,83.56,18.3
2018-01-07 14:07:00,0.797859733774164,0.152578605949004,0.0709356,98.2,0,98.2,15.5,57.18,3.6,83.56,18.3
2018-01-07 14:08:00,0.79791511912009,0.154057255354964,0.0682414,94.8,0,94.8,15.5,57.28,3.6,83.56,18.3
2018-01-07 14:09:00,0.797970504466015,0.155535904760924,0.0655472,91.4,0,91.4,15.5,57.38,3.6,83.56,18.3
2018-01-07 14:10:00,0.798025889811941,0.157014554166884,0.062853,88,0,88,15.5,57.48,3.6,83.56,18.3
2018-01-07 14:11:00,0.798081275157866,0.154592535311291,0.0597814,84,0,84,15.5,57.584,3.6,83.56,18.3
2018-01-07 14:12:00,0.798136660503792,0.152170516455699,0.0567098,80,0,80,15.5,57.688,3.6,83.56,18.3
2018-01-07 14:13:00,0.798192045849717,0.149748497600107,0.0536382,76,0,76,15.5,57.792,3.6,83.56,18.3
2018-01-07 14:14:00,0.798247431195643,0.147326478744515,0.0505666,72,0,72,15.5,57.896,3.6,83.56,18.3
2018-01-07 14:15:00,0.798302816541568,0.144904459888922,0.047495,68,0,68,15.5,58,3.6,83.56,18.3
2018-01-07 14:16:00,0.798358201887494,0.14288837690532,0.0445689,64.2,0,64.2,15.5,58.108,3.6,83.56,18.3
2018-01-07 14:17:00,0.798413587233419,0.140872293921718,0.0416428,60.4,0,60.4,15.5,58.216,3.6,83.56,18.3
2018-01-07 14:18:00,0.798468972579345,0.138856210938116,0.0387167,56.6,0,56.6,15.5,58.324,3.6,83.56,18.3
2018-01-07 14:19:00,0.79852435792527,0.136840127954513,0.0357906,52.8,0,52.8,15.5,58.432,3.6,83.56,18.3
2018-01-07 14:20:00,0.798579743271196,0.134824044970911,0.0328645,49,0,49,15.5,58.54,3.6,83.56,18.3
2018-01-07 14:21:00,0.798635128617121,0.13368561827297,0.02961788,44.8,0,44.8,15.5,58.652,3.58,83.56,18.3
2018-01-07 14:22:00,0.798690513963047,0.132547191575028,0.02637126,40.6,0,40.6,15.5,58.764,3.56,83.56,18.3
2018-01-07 14:23:00,0.798745899308972,0.131408764877087,0.02312464,36.4,0,36.4,15.5,58.876,3.54,83.56,18.3
2018-01-07 14:24:00,0.798801284654898,0.130270338179146,0.01987802,32.2,0,32.2,15.5,58.988,3.52,83.56,18.3
2018-01-07 14:25:00,0.798856670000823,0.129131911481204,0.0166314,28,0,28,15.5,59.1,3.5,83.56,18.3
2018-01-07 14:26:00,0.798912055346749,0.130288830170711,0.02130217,34,0,34,15.5,59.216,3.5,83.56,18.3
2018-01-07 14:27:00,0.798967440692674,0.131445748860219,0.02597294,40,0,40,15.5,59.332,3.5,83.56,18.3
2018-01-07 14:28:00,0.7990228260386,0.132602667549726,0.03064371,46,0,46,15.5,59.448,3.5,83.56,18.3
2018-01-07 14:29:00,0.799078211384526,0.133759586239233,0.03531448,52,0,52,15.5,59.564,3.5,83.56,18.3
2018-01-07 14:30:00,0.799133596730451,0.13491650492874,0.03998525,58,0,58,15.5,59.68,3.5,83.56,18.3
2018-01-07 14:31:00,0.799188982076377,0.134645848644618,0.0392087,57,0,57,15.52,59.8,3.5,83.66,18.3
2018-01-07 14:32:00,0.799244367422302,0.134375192360496,0.03843215,56,0,56,15.54,59.92,3.5,83.76,18.3
2018-01-07 14:33:00,0.799299752768228,0.134104536076373,0.0376556,55,0,55,15.56,60.04,3.5,83.86,18.3
2018-01-07 14:34:00,0.799355138114153,0.133833879792251,0.03687905,54,0,54,15.58,60.16,3.5,83.96,18.3
2018-01-07 14:35:00,0.799410523460079,0.133563223508129,0.0361025,53,0,53,15.6,60.28,3.5,84.06,18.3
2018-01-07 14:36:00,0.799465908806004,0.132993755943216,0.033775235,50,0,50,15.58,60.404,3.5,84.148,18.28
2018-01-07 14:37:00,0.79952129415193,0.132424288378304,0.03144797,47,0,47,15.56,60.528,3.5,84.236,18.26
2018-01-07 14:38:00,0.799576679497855,0.131854820813392,0.029120705,44,0,44,15.54,60.652,3.5,84.324,18.24
2018-01-07 14:39:00,0.799632064843781,0.131285353248479,0.02679344,41,0,41,15.52,60.776,3.5,84.412,18.22
2018-01-07 14:40:00,0.799687450189706,0.130715885683567,0.024466175,38,0,38,15.5,60.9,3.5,84.5,18.2
2018-01-07 14:41:00,0.799742835535632,0.130151875771983,0.024161725,37.6,0,37.6,15.5,61.026,3.48,84.5,18.2
2018-01-07 14:42:00,0.799798220881557,0.129587865860399,0.023857275,37.2,0,37.2,15.5,61.152,3.46,84.5,18.2
2018-01-07 14:43:00,0.799853606227483,0.129023855948815,0.023552825,36.8,0,36.8,15.5,61.278,3.44,84.5,18.2
2018-01-07 14:44:00,0.799908991573408,0.128459846037231,0.023248375,36.4,0,36.4,15.5,61.404,3.42,84.5,18.2
2018-01-07 14:45:00,0.799964376919334,0.127895836125647,0.022943925,36,0,36,15.5,61.53,3.4,84.5,18.2
2018-01-07 14:46:00,0.800019762265259,0.124635790730752,0.02279328,35.8,0,35.8,15.5,61.66,3.4,84.5,18.2
2018-01-07 14:47:00,0.800075147611185,0.121375745335858,0.022642635,35.6,0,35.6,15.5,61.79,3.4,84.5,18.2
2018-01-07 14:48:00,0.80013053295711,0.118115699940964,0.02249199,35.4,0,35.4,15.5,61.92,3.4,84.5,18.2
2018-01-07 14:49:00,0.800185918303036,0.114855654546069,0.022341345,35.2,0,35.2,15.5,62.05,3.4,84.5,18.2
2018-01-07 14:50:00,0.800241303648961,0.111595609151175,0.0221907,35,0,35,15.5,62.18,3.4,84.5,18.2
2018-01-07 14:51:00,0.800296688994887,0.112577907073761,0.02188296,34.6,0,34.6,15.5,62.312,3.4,84.5,18.2
2018-01-07 14:52:00,0.800352074340812,0.113560204996347,0.02157522,34.2,0,34.2,15.5,62.444,3.4,84.5,18.2
2018-01-07 14:53:00,0.800407459686738,0.114542502918932,0.02126748,33.8,0,33.8,15.5,62.576,3.4,84.5,18.2
2018-01-07 14:54:00,0.800462845032664,0.115524800841518,0.02095974,33.4,0,33.4,15.5,62.708,3.4,84.5,18.2
2018-01-07 14:55:00,0.800518230378589,0.116507098764104,0.020652,33,0,33,15.5,62.84,3.4,84.5,18.2
2018-01-07 14:56:00,0.800573615724515,0.118289972357806,0.020656035,33,0,33,15.5,62.976,3.4,84.5,18.2
2018-01-07 14:57:00,0.80062900107044,0.120072845951508,0.02066007,33,0,33,15.5,63.112,3.4,84.5,18.2
2018-01-07 14:58:00,0.800684386416366,0.12185571954521,0.020664105,33,0,33,15.5,63.248,3.4,84.5,18.2
2018-01-07 14:59:00,0.800739771762291,0.123638593138912,0.02066814,33,0,33,15.5,63.384,3.4,84.5,18.2
2018-01-07 15:00:00,0.800795157108217,0.125421466732614,0.020672175,33,0,33,15.5,63.52,3.4,84.5,18.2
2018-01-07 15:01:00,0.800971034841676,0.122874812387691,0.02239689,35.2,0,35.2,15.5,63.66,3.38,84.606,18.18
2018-01-07 15:02:00,0.801146912575135,0.120328158042769,0.024121605,37.4,0,37.4,15.5,63.8,3.36,84.712,18.16
2018-01-07 15:03:00,0.801322790308594,0.117781503697846,0.02584632,39.6,0,39.6,15.5,63.94,3.34,84.818,18.14
2018-01-07 15:04:00,0.801498668042052,0.115234849352924,0.027571035,41.8,0,41.8,15.5,64.08,3.32,84.924,18.12
2018-01-07 15:05:00,0.801674545775511,0.112688195008001,0.02929575,44,0,44,15.5,64.22,3.3,85.03,18.1
2018-01-07 15:06:00,0.80185042350897,0.111373389591406,0.027108725,41.2,0,41.2,15.5,64.362,3.28,85.03,18.1
2018-01-07 15:07:00,0.802026301242429,0.110058584174811,0.0249217,38.4,0,38.4,15.5,64.504,3.26,85.03,18.1
2018-01-07 15:08:00,0.802202178975888,0.108743778758215,0.022734675,35.6,0,35.6,15.5,64.646,3.24,85.03,18.1
2018-01-07 15:09:00,0.802378056709347,0.10742897334162,0.02054765,32.8,0,32.8,15.5,64.788,3.22,85.03,18.1
2018-01-07 15:10:00,0.802553934442806,0.106114167925024,0.018360625,30,0,30,15.5,64.93,3.2,85.03,18.1
2018-01-07 15:11:00,0.802729812176265,0.103334080141748,0.0222821,35,0,35,15.5,65.076,3.18,85.138,18.08
2018-01-07 15:12:00,0.802905689909724,0.100553992358472,0.026203575,40,0,40,15.5,65.222,3.16,85.246,18.06
2018-01-07 15:13:00,0.803081567643183,0.0977739045751964,0.03012505,45,0,45,15.5,65.368,3.14,85.354,18.04
2018-01-07 15:14:00,0.803257445376642,0.0949938167919204,0.034046525,50,0,50,15.5,65.514,3.12,85.462,18.02
2018-01-07 15:15:00,0.803433323110101,0.0922137290086443,0.037968,55,0,55,15.5,65.66,3.1,85.57,18
2018-01-07 15:16:00,0.80360920084356,0.087432175242475,0.033583445,49.4,0,49.4,15.5,65.808,3.08,85.676,17.98
2018-01-07 15:17:00,0.803785078577019,0.0826506214763057,0.02919889,43.8,0,43.8,15.5,65.956,3.06,85.782,17.96
2018-01-07 15:18:00,0.803960956310478,0.0778690677101364,0.024814335,38.2,0,38.2,15.5,66.104,3.04,85.888,17.94
2018-01-07 15:19:00,0.804136834043937,0.0730875139439671,0.02042978,32.6,0,32.6,15.5,66.252,3.02,85.994,17.92
2018-01-07 15:20:00,0.804312711777396,0.0683059601777978,0.016045225,27,0,27,15.5,66.4,3,86.1,17.9
2018-01-07 15:21:00,0.804488589510855,0.0669814174761476,0.02232978,35,0,35,15.5,66.55,2.98,86.21,17.88
2018-01-07 15:22:00,0.804664467244314,0.0656568747744974,0.028614335,43,0,43,15.5,66.7,2.96,86.32,17.86
2018-01-07 15:23:00,0.804840344977773,0.0643323320728472,0.03489889,51,0,51,15.5,66.85,2.94,86.43,17.84
2018-01-07 15:24:00,0.805016222711232,0.0630077893711969,0.041183445,59,0,59,15.5,67,2.92,86.54,17.82
2018-01-07 15:25:00,0.805192100444691,0.0616832466695467,0.047468,67,0,67,15.5,67.15,2.9,86.65,17.8
2018-01-07 15:26:00,0.80536797817815,0.0613586077798565,0.040875625,58.6,0,58.6,15.5,67.302,2.88,86.758,17.78
2018-01-07 15:27:00,0.805543855911609,0.0610339688901664,0.03428325,50.2,0,50.2,15.5,67.454,2.86,86.866,17.76
2018-01-07 15:28:00,0.805719733645068,0.0607093300004762,0.027690875,41.8,0,41.8,15.5,67.606,2.84,86.974,17.74
2018-01-07 15:29:00,0.805895611378527,0.0603846911107861,0.0210985,33.4,0,33.4,15.5,67.758,2.82,87.082,17.72
2018-01-07 15:30:00,0.806071489111986,0.0600600522210959,0.014506125,25,0,25,15.5,67.91,2.8,87.19,17.7
2018-01-07 15:31:00,0.806247366845445,0.0576469743651149,0.02095995,33.2,0,33.2,15.54,68.066,2.78,87.492,17.68
2018-01-07 15:32:00,0.806423244578904,0.055233896509134,0.027413775,41.4,0,41.4,15.58,68.222,2.76,87.794,17.66
2018-01-07 15:33:00,0.806599122312363,0.052820818653153,0.0338676,49.6,0,49.6,15.62,68.378,2.74,88.096,17.64
2018-01-07 15:34:00,0.806775000045821,0.050407740797172,0.040321425,57.8,0,57.8,15.66,68.534,2.72,88.398,17.62
2018-01-07 15:35:00,0.80695087777928,0.0479946629411911,0.04677525,66,0,66,15.7,68.69,2.7,88.7,17.6
2018-01-07 15:36:00,0.807126755512739,0.0477701155594356,0.040956415,58.6,0,58.6,15.7,68.848,2.68,88.812,17.58
2018-01-07 15:37:00,0.807302633246198,0.0475455681776801,0.03513758,51.2,0,51.2,15.7,69.006,2.66,88.924,17.56
2018-01-07 15:38:00,0.807478510979657,0.0473210207959246,0.029318745,43.8,0,43.8,15.7,69.164,2.64,89.036,17.54
2018-01-07 15:39:00,0.807654388713116,0.0470964734141691,0.02349991,36.4,0,36.4,15.7,69.322,2.62,89.148,17.52
2018-01-07 15:40:00,0.807830266446575,0.0468719260324136,0.017681075,29,0,29,15.7,69.48,2.6,89.26,17.5
2018-01-07 15:41:00,0.808006144180034,0.0476052865688551,0.016428245,27.4,0,27.4,15.7,69.64,2.6,89.26,17.5
2018-01-07 15:42:00,0.808182021913493,0.0483386471052967,0.015175415,25.8,0,25.8,15.7,69.8,2.6,89.26,17.5
2018-01-07 15:43:00,0.808357899646952,0.0490720076417382,0.013922585,24.2,0,24.2,15.7,69.96,2.6,89.26,17.5
2018-01-07 15:44:00,0.808533777380411,0.0498053681781797,0.012669755,22.6,0,22.6,15.7,70.12,2.6,89.26,17.5
2018-01-07 15:45:00,0.80870965511387,0.0505387287146213,0.011416925,21,0,21,15.7,70.28,2.6,89.26,17.5
2018-01-07 15:46:00,0.808885532847329,0.0492882210905801,0.01126318,20.8,0,20.8,15.7,70.442,2.58,89.374,17.48
2018-01-07 15:47:00,0.809061410580788,0.0480377134665389,0.011109435,20.6,0,20.6,15.7,70.604,2.56,89.488,17.46
2018-01-07 15:48:00,0.809237288314247,0.0467872058424978,0.01095569,20.4,0,20.4,15.7,70.766,2.54,89.602,17.44
2018-01-07 15:49:00,0.809413166047706,0.0455366982184566,0.010801945,20.2,0,20.2,15.7,70.928,2.52,89.716,17.42
2018-01-07 15:50:00,0.809589043781165,0.0442861905944154,0.0106482,20,0,20,15.7,71.09,2.5,89.83,17.4
2018-01-07 15:51:00,0.809764921514624,0.0426556783294888,0.01412036,24.4,0,24.4,15.7,71.254,2.48,89.942,17.38
2018-01-07 15:52:00,0.809940799248083,0.0410251660645623,0.01759252,28.8,0,28.8,15.7,71.418,2.46,90.054,17.36
2018-01-07 15:53:00,0.810116676981542,0.0393946537996357,0.02106468,33.2,0,33.2,15.7,71.582,2.44,90.166,17.34
2018-01-07 15:54:00,0.810292554715001,0.0377641415347092,0.02453684,37.6,0,37.6,15.7,71.746,2.42,90.278,17.32
2018-01-07 15:55:00,0.81046843244846,0.0361336292697826,0.028009,42,0,42,15.7,71.91,2.4,90.39,17.3
2018-01-07 15:56:00,0.810644310181919,0.0361866571752068,0.03151095,46.4,0,46.4,15.7,72.076,2.38,90.506,17.28
2018-01-07 15:57:00,0.810820187915378,0.0362396850806311,0.0350129,50.8,0,50.8,15.7,72.242,2.36,90.622,17.26
2018-01-07 15:58:00,0.810996065648837,0.0362927129860553,0.03851485,55.2,0,55.2,15.7,72.408,2.34,90.738,17.24
2018-01-07 15:59:00,0.811171943382296,0.0363457408914795,0.0420168,59.6,0,59.6,15.7,72.574,2.32,90.854,17.22
2018-01-07 16:00:00,0.811347821115755,0.0363987687969038,0.04551875,64,0,64,15.7,72.74,2.3,90.97,17.2
2018-01-07 16:01:00,0.811898078161013,0.0349375456312496,0.0421647,59.8,0,59.8,15.7,72.908,2.28,91.084,17.18
2018-01-07 16:02:00,0.812448335206271,0.0334763224655955,0.03881065,55.6,0,55.6,15.7,73.076,2.26,91.198,17.16
2018-01-07 16:03:00,0.812998592251529,0.0320150992999414,0.0354566,51.4,0,51.4,15.7,73.244,2.24,91.312,17.14
2018-01-07 16:04:00,0.813548849296787,0.0305538761342872,0.03210255,47.2,0,47.2,15.7,73.412,2.22,91.426,17.12
2018-01-07 16:05:00,0.814099106342045,0.0290926529686331,0.0287485,43,0,43,15.7,73.58,2.2,91.54,17.1
2018-01-07 16:06:00,0.814649363387303,0.0287746633091008,0.028277,42.4,0,42.4,15.7,73.75,2.2,91.774,17.06
2018-01-07 16:07:00,0.815199620432561,0.0284566736495686,0.0278055,41.8,0,41.8,15.7,73.92,2.2,92.008,17.02
2018-01-07 16:08:00,0.815749877477819,0.0281386839900363,0.027334,41.2,0,41.2,15.7,74.09,2.2,92.242,16.98
2018-01-07 16:09:00,0.816300134523077,0.027820694330504,0.0268625,40.6,0,40.6,15.7,74.26,2.2,92.476,16.94
2018-01-07 16:10:00,0.816850391568335,0.0275027046709718,0.026391,40,0,40,15.7,74.43,2.2,92.71,16.9
2018-01-07 16:11:00,0.817400648613593,0.0283482705456103,0.025916455,39.4,0,39.4,15.7,74.602,2.2,92.826,16.88
2018-01-07 16:12:00,0.817950905658851,0.0291938364202488,0.02544191,38.8,0,38.8,15.7,74.774,2.2,92.942,16.86
2018-01-07 16:13:00,0.818501162704109,0.0300394022948874,0.024967365,38.2,0,38.2,15.7,74.946,2.2,93.058,16.84
2018-01-07 16:14:00,0.819051419749367,0.0308849681695259,0.02449282,37.6,0,37.6,15.7,75.118,2.2,93.174,16.82
2018-01-07 16:15:00,0.819601676794626,0.0317305340441644,0.024018275,37,0,37,15.7,75.29,2.2,93.29,16.8
2018-01-07 16:16:00,0.820151933839884,0.0303439547893116,0.02354148,36.4,0,36.4,15.7,75.464,2.18,93.41,16.78
2018-01-07 16:17:00,0.820702190885142,0.0289573755344588,0.023064685,35.8,0,35.8,15.7,75.638,2.16,93.53,16.76
2018-01-07 16:18:00,0.8212524479304,0.027570796279606,0.02258789,35.2,0,35.2,15.7,75.812,2.14,93.65,16.74
2018-01-07 16:19:00,0.821802704975658,0.0261842170247532,0.022111095,34.6,0,34.6,15.7,75.986,2.12,93.77,16.72
2018-01-07 16:20:00,0.822352962020916,0.0247976377699003,0.0216343,34,0,34,15.7,76.16,2.1,93.89,16.7
2018-01-07 16:21:00,0.822903219066174,0.0254972889556457,0.02131375,33.6,0,33.6,15.7,76.336,2.1,94.128,16.66
2018-01-07 16:22:00,0.823453476111432,0.0261969401413911,0.0209932,33.2,0,33.2,15.7,76.512,2.1,94.366,16.62
2018-01-07 16:23:00,0.82400373315669,0.0268965913271365,0.02067265,32.8,0,32.8,15.7,76.688,2.1,94.604,16.58
2018-01-07 16:24:00,0.824553990201948,0.0275962425128819,0.0203521,32.4,0,32.4,15.7,76.864,2.1,94.842,16.54
2018-01-07 16:25:00,0.825104247247206,0.0282958936986273,0.02003155,32,0,32,15.7,77.04,2.1,95.08,16.5
2018-01-07 16:26:00,0.825654504292464,0.0274817455869572,0.01955122,31.4,0,31.4,15.7,77.216,2.08,95.202,16.48
2018-01-07 16:27:00,0.826204761337722,0.0266675974752871,0.01907089,30.8,0,30.8,15.7,77.392,2.06,95.324,16.46
2018-01-07 16:28:00,0.82675501838298,0.0258534493636169,0.01859056,30.2,0,30.2,15.7,77.568,2.04,95.446,16.44
2018-01-07 16:29:00,0.827305275428238,0.0250393012519468,0.01811023,29.6,0,29.6,15.7,77.744,2.02,95.568,16.42
2018-01-07 16:30:00,0.827855532473496,0.0242251531402767,0.0176299,29,0,29,15.7,77.92,2,95.69,16.4
2018-01-07 16:31:00,0.828405789518755,0.0239836676442277,0.0173047,28.6,0,28.6,15.66,78.098,2,95.516,16.38
2018-01-07 16:32:00,0.828956046564013,0.0237421821481788,0.0169795,28.2,0,28.2,15.62,78.276,2,95.342,16.36
2018-01-07 16:33:00,0.829506303609271,0.0235006966521298,0.0166543,27.8,0,27.8,15.58,78.454,2,95.168,16.34
2018-01-07 16:34:00,0.830056560654529,0.0232592111560809,0.0163291,27.4,0,27.4,15.54,78.632,2,94.994,16.32
2018-01-07 16:35:00,0.830606817699787,0.0230177256600319,0.0160039,27,0,27,15.5,78.81,2,94.82,16.3
2018-01-07 16:36:00,0.831157074745045,0.0226869783087691,0.015520645,26.4,0,26.4,15.5,78.99,2,94.942,16.28
2018-01-07 16:37:00,0.831707331790303,0.0223562309575063,0.01503739,25.8,0,25.8,15.5,79.17,2,95.064,16.26
2018-01-07 16:38:00,0.832257588835561,0.0220254836062434,0.014554135,25.2,0,25.2,15.5,79.35,2,95.186,16.24
2018-01-07 16:39:00,0.832807845880819,0.0216947362549806,0.01407088,24.6,0,24.6,15.5,79.53,2,95.308,16.22
2018-01-07 16:40:00,0.833358102926077,0.0213639889037178,0.013587625,24,0,24,15.5,79.71,2,95.43,16.2
2018-01-07 16:41:00,0.833908359971335,0.0211104925609316,0.013259995,23.6,0,23.6,15.5,79.892,1.98,95.674,16.16
2018-01-07 16:42:00,0.834458617016593,0.0208569962181455,0.012932365,23.2,0,23.2,15.5,80.074,1.96,95.918,16.12
2018-01-07 16:43:00,0.835008874061851,0.0206034998753594,0.012604735,22.8,0,22.8,15.5,80.256,1.94,96.162,16.08
2018-01-07 16:44:00,0.835559131107109,0.0203500035325732,0.012277105,22.4,0,22.4,15.5,80.438,1.92,96.406,16.04
2018-01-07 16:45:00,0.836109388152367,0.0200965071897871,0.011949475,22,0,22,15.5,80.62,1.9,96.65,16
2018-01-07 16:46:00,0.836659645197625,0.01958660281514,0.011619005,21.6,0,21.6,15.5,80.802,1.9,96.772,15.98
2018-01-07 16:47:00,0.837209902242883,0.0190766984404929,0.011288535,21.2,0,21.2,15.5,80.984,1.9,96.894,15.96
2018-01-07 16:48:00,0.837760159288142,0.0185667940658458,0.010958065,20.8,0,20.8,15.5,81.166,1.9,97.016,15.94
2018-01-07 16:49:00,0.8383104163334,0.0180568896911987,0.010627595,20.4,0,20.4,15.5,81.348,1.9,97.138,15.92
2018-01-07 16:50:00,0.838860673378658,0.0175469853165516,0.010297125,20,0,20,15.5,81.53,1.9,97.26,15.9
2018-01-07 16:51:00,0.839410930423916,0.0169153846255412,0.0099622,19.6,0,19.6,15.5,81.712,1.88,97.386,15.88
2018-01-07 16:52:00,0.839961187469174,0.0162837839345308,0.009627275,19.2,0,19.2,15.5,81.894,1.86,97.512,15.86
2018-01-07 16:53:00,0.840511444514432,0.0156521832435204,0.00929235,18.8,0,18.8,15.5,82.076,1.84,97.638,15.84
2018-01-07 16:54:00,0.84106170155969,0.01502058255251,0.008957425,18.4,0,18.4,15.5,82.258,1.82,97.764,15.82
2018-01-07 16:55:00,0.841611958604948,0.0143889818614996,0.0086225,18,0,18,15.5,82.44,1.8,97.89,15.8
2018-01-07 16:56:00,0.842162215650206,0.0146218154128978,0.006898,15.6,0,15.6,15.5,82.624,1.8,98.14,15.76
2018-01-07 16:57:00,0.842712472695464,0.014854648964296,0.0051735,13.2,0,13.2,15.5,82.808,1.8,98.39,15.72
2018-01-07 16:58:00,0.843262729740722,0.0150874825156943,0.003449,10.8,0,10.8,15.5,82.992,1.8,98.64,15.68
2018-01-07 16:59:00,0.84381298678598,0.0153203160670925,0.0017245,8.4,0,8.4,15.5,83.176,1.8,98.89,15.64
2018-01-07 17:00:00,0.844363243831238,0.0155531496184907,0,6,0,6,15.5,83.36,1.8,99.14,15.6
2018-01-07 17:01:00,0.84464246291965,0.0160828416079089,0,5.8,0,5.8,15.5,83.544,1.8,99.14,15.6
2018-01-07 17:02:00,0.844921682008063,0.0166125335973271,0,5.6,0,5.6,15.5,83.728,1.8,99.14,15.6
2018-01-07 17:03:00,0.845200901096475,0.0171422255867454,0,5.4,0,5.4,15.5,83.912,1.8,99.14,15.6
2018-01-07 17:04:00,0.845480120184887,0.0176719175761636,0,5.2,0,5.2,15.5,84.096,1.8,99.14,15.6
2018-01-07 17:05:00,0.845759339273299,0.0182016095655818,0,5,0,5,15.5,84.28,1.8,99.14,15.6
2018-01-07 17:06:00,0.846038558361712,0.0186290512126145,0,4.8,0,4.8,15.5,84.466,1.8,99.14,15.6
2018-01-07 17:07:00,0.846317777450124,0.0190564928596471,0,4.6,0,4.6,15.5,84.652,1.8,99.14,15.6
2018-01-07 17:08:00,0.846596996538536,0.0194839345066797,0,4.4,0,4.4,15.5,84.838,1.8,99.14,15.6
2018-01-07 17:09:00,0.846876215626949,0.0199113761537123,0,4.2,0,4.2,15.5,85.024,1.8,99.14,15.6
2018-01-07 17:10:00,0.847155434715361,0.0203388178007449,0,4,0,4,15.5,85.21,1.8,99.14,15.6
2018-01-07 17:11:00,0.847434653803773,0.0202008813711042,0,3.8,0,3.8,15.5,85.394,1.8,99.14,15.6
2018-01-07 17:12:00,0.847713872892185,0.0200629449414634,0,3.6,0,3.6,15.5,85.578,1.8,99.14,15.6
2018-01-07 17:13:00,0.847993091980598,0.0199250085118226,0,3.4,0,3.4,15.5,85.762,1.8,99.14,15.6
2018-01-07 17:14:00,0.84827231106901,0.0197870720821818,0,3.2,0,3.2,15.5,85.946,1.8,99.14,15.6
2018-01-07 17:15:00,0.848551530157422,0.0196491356525411,0,3,0,3,15.5,86.13,1.8,99.14,15.6
2018-01-07 17:16:00,0.848830749245834,0.0186682672266213,0,3,0,3,15.5,86.314,1.8,99.14,15.6
2018-01-07 17:17:00,0.849109968334247,0.0176873988007016,0,3,0,3,15.5,86.498,1.8,99.14,15.6
2018-01-07 17:18:00,0.849389187422659,0.0167065303747819,0,3,0,3,15.5,86.682,1.8,99.14,15.6
2018-01-07 17:19:00,0.849668406511071,0.0157256619488622,0,3,0,3,15.5,86.866,1.8,99.14,15.6
2018-01-07 17:20:00,0.849947625599484,0.0147447935229424,0,3,0,3,15.5,87.05,1.8,99.14,15.6
2018-01-07 17:21:00,0.850226844687896,0.0154580902579181,0,2.8,0,2.8,15.5,87.232,1.8,99.14,15.6
2018-01-07 17:22:00,0.850506063776308,0.0161713869928939,0,2.6,0,2.6,15.5,87.414,1.8,99.14,15.6
2018-01-07 17:23:00,0.85078528286472,0.0168846837278696,0,2.4,0,2.4,15.5,87.596,1.8,99.14,15.6
2018-01-07 17:24:00,0.851064501953133,0.0175979804628453,0,2.2,0,2.2,15.5,87.778,1.8,99.14,15.6
2018-01-07 17:25:00,0.851343721041545,0.018311277197821,0,2,0,2,15.5,87.96,1.8,99.14,15.6
2018-01-07 17:26:00,0.851622940129957,0.0180594704846503,0,3.8,9,4,15.5,88.136,1.8,99.14,15.6
2018-01-07 17:27:00,0.851902159218369,0.0178076637714796,0,5.6,18,6,15.5,88.312,1.8,99.14,15.6
2018-01-07 17:28:00,0.852181378306782,0.0175558570583089,0,7.4,27,8,15.5,88.488,1.8,99.14,15.6
2018-01-07 17:29:00,0.852460597395194,0.0173040503451382,0,9.2,36,10,15.5,88.664,1.8,99.14,15.6
2018-01-07 17:30:00,0.852739816483606,0.0170522436319675,0,11,45,12,15.5,88.84,1.8,99.14,15.6
2018-01-07 17:31:00,0.853019035572019,0.0168537174824491,0,8.8,36,9.6,15.5,89.01,1.8,99.14,15.6
2018-01-07 17:32:00,0.853298254660431,0.0166551913329307,0,6.6,27,7.2,15.5,89.18,1.8,99.14,15.6
2018-01-07 17:33:00,0.853577473748843,0.0164566651834123,0,4.4,18,4.8,15.5,89.35,1.8,99.14,15.6
2018-01-07 17:34:00,0.853856692837255,0.0162581390338939,0,2.2,9,2.4,15.5,89.52,1.8,99.14,15.6
2018-01-07 17:35:00,0.854135911925668,0.0160596128843755,0,0,0,0,15.5,89.69,1.8,99.14,15.6
2018-01-07 17:36:00,0.85441513101408,0.01637828238883,0,0,0,0,15.5,89.986,1.8,99.14,15.6
2018-01-07 17:37:00,0.854694350102492,0.0166969518932844,0,0,0,0,15.5,90.282,1.8,99.14,15.6
2018-01-07 17:38:00,0.854973569190904,0.0170156213977389,0,0,0,0,15.5,90.578,1.8,99.14,15.6
2018-01-07 17:39:00,0.855252788279317,0.0173342909021933,0,0,0,0,15.5,90.874,1.8,99.14,15.6
2018-01-07 17:40:00,0.855532007367729,0.0176529604066478,0,0,0,0,15.5,91.17,1.8,99.14,15.6
2018-01-07 17:41:00,0.855811226456141,0.0174403233663912,0,0,0,0,15.5,91.368,1.8,99.14,15.6
2018-01-07 17:42:00,0.856090445544553,0.0172276863261346,0,0,0,0,15.5,91.566,1.8,99.14,15.6
2018-01-07 17:43:00,0.856369664632966,0.017015049285878,0,0,0,0,15.5,91.764,1.8,99.14,15.6
2018-01-07 17:44:00,0.856648883721378,0.0168024122456213,0,0,0,0,15.5,91.962,1.8,99.14,15.6
2018-01-07 17:45:00,0.85692810280979,0.0165897752053647,0,0,0,0,15.5,92.16,1.8,99.14,15.6
2018-01-07 17:46:00,0.857207321898203,0.0164918314473904,0,0,0,0,15.5,92.358,1.8,99.14,15.6
2018-01-07 17:47:00,0.857486540986615,0.0163938876894162,0,0,0,0,15.5,92.556,1.8,99.14,15.6
2018-01-07 17:48:00,0.857765760075027,0.0162959439314419,0,0,0,0,15.5,92.754,1.8,99.14,15.6
2018-01-07 17:49:00,0.858044979163439,0.0161980001734676,0,0,0,0,15.5,92.952,1.8,99.14,15.6
2018-01-07 17:50:00,0.858324198251851,0.0161000564154933,0,0,0,0,15.5,93.15,1.8,99.14,15.6
2018-01-07 17:51:00,0.858603417340264,0.0167189013995043,0,0,0,0,15.5,93.348,1.8,99.14,15.6
2018-01-07 17:52:00,0.858882636428676,0.0173377463835153,0,0,0,0,15.5,93.546,1.8,99.14,15.6
2018-01-07 17:53:00,0.859161855517088,0.0179565913675263,0,0,0,0,15.5,93.744,1.8,99.14,15.6
2018-01-07 17:54:00,0.859441074605501,0.0185754363515373,0,0,0,0,15.5,93.942,1.8,99.14,15.6
2018-01-07 17:55:00,0.859720293693913,0.0191942813355483,0,0,0,0,15.5,94.14,1.8,99.14,15.6
2018-01-07 17:56:00,0.859999512782325,0.0199893048937494,0,0,0,0,15.46,94.34,1.84,99.312,15.54
2018-01-07 17:57:00,0.860278731870738,0.0207843284519506,0,0,0,0,15.42,94.54,1.88,99.484,15.48
2018-01-07 17:58:00,0.86055795095915,0.0215793520101517,0,0,0,0,15.38,94.74,1.92,99.656,15.42
2018-01-07 17:59:00,0.860837170047562,0.0223743755683529,0,0,0,0,15.34,94.94,1.96,99.828,15.36
2018-01-07 18:00:00,0.861116389135974,0.023169399126554,0,0,0,0,15.3,95.14,2,100,15.3
2018-01-07 18:01:00,0.86100833173577,0.0226958311462899,0,0,0,0,15.3,95.34,2,100,15.3
2018-01-07 18:02:00,0.860900274335565,0.0222222631660258,0,0,0,0,15.3,95.54,2,100,15.3
2018-01-07 18:03:00,0.860792216935361,0.0217486951857617,0,0,0,0,15.3,95.74,2,100,15.3
2018-01-07 18:04:00,0.860684159535157,0.0212751272054976,0,0,0,0,15.3,95.94,2,100,15.3
2018-01-07 18:05:00,0.860576102134952,0.0208015592252335,0,0,0,0,15.3,96.14,2,100,15.3
2018-01-07 18:06:00,0.860468044734748,0.0213062904850786,0,0,0,0,15.3,96.342,2.02,100,15.3
2018-01-07 18:07:00,0.860359987334543,0.0218110217449236,0,0,0,0,15.3,96.544,2.04,100,15.3
2018-01-07 18:08:00,0.860251929934339,0.0223157530047687,0,0,0,0,15.3,96.746,2.06,100,15.3
2018-01-07 18:09:00,0.860143872534134,0.0228204842646137,0,0,0,0,15.3,96.948,2.08,100,15.3
2018-01-07 18:10:00,0.86003581513393,0.0233252155244588,0,0,0,0,15.3,97.15,2.1,100,15.3
2018-01-07 18:11:00,0.859927757733725,0.0232985620704568,0,0,0,0,15.3,97.352,2.1,100,15.3
2018-01-07 18:12:00,0.859819700333521,0.0232719086164547,0,0,0,0,15.3,97.554,2.1,100,15.3
2018-01-07 18:13:00,0.859711642933317,0.0232452551624527,0,0,0,0,15.3,97.756,2.1,100,15.3
2018-01-07 18:14:00,0.859603585533112,0.0232186017084506,0,0,0,0,15.3,97.958,2.1,100,15.3
2018-01-07 18:15:00,0.859495528132908,0.0231919482544486,0,0,0,0,15.3,98.16,2.1,100,15.3
2018-01-07 18:16:00,0.859387470732703,0.0233353233460027,0,0,0,0,15.3,98.362,2.1,100,15.3
2018-01-07 18:17:00,0.859279413332499,0.0234786984375568,0,0,0,0,15.3,98.564,2.1,100,15.3
2018-01-07 18:18:00,0.859171355932294,0.0236220735291109,0,0,0,0,15.3,98.766,2.1,100,15.3
2018-01-07 18:19:00,0.85906329853209,0.023765448620665,0,0,0,0,15.3,98.968,2.1,100,15.3
2018-01-07 18:20:00,0.858955241131886,0.0239088237122191,0,0,0,0,15.3,99.17,2.1,100,15.3
2018-01-07 18:21:00,0.858847183731681,0.0243225397360477,0,0,0,0,15.3,99.374,2.1,100,15.3
2018-01-07 18:22:00,0.858739126331477,0.0247362557598763,0,0,0,0,15.3,99.578,2.1,100,15.3
2018-01-07 18:23:00,0.858631068931272,0.0251499717837048,0,0,0,0,15.3,99.782,2.1,100,15.3
2018-01-07 18:24:00,0.858523011531068,0.0255636878075334,0,0,0,0,15.3,99.986,2.1,100,15.3
2018-01-07 18:25:00,0.858414954130863,0.025977403831362,0,0,0,0,15.3,100.19,2.1,100,15.3
2018-01-07 18:26:00,0.858306896730659,0.0259725650535549,0,0,0,0,15.3,100.394,2.1,100,15.3
2018-01-07 18:27:00,0.858198839330454,0.0259677262757479,0,0,0,0,15.3,100.598,2.1,100,15.3
2018-01-07 18:28:00,0.85809078193025,0.0259628874979409,0,0,0,0,15.3,100.802,2.1,100,15.3
2018-01-07 18:29:00,0.857982724530046,0.0259580487201339,0,0,0,0,15.3,101.006,2.1,100,15.3
2018-01-07 18:30:00,0.857874667129841,0.0259532099423268,0,0,0,0,15.3,101.21,2.1,100,15.3
2018-01-07 18:31:00,0.857766609729637,0.0273257838525204,0,0,0,0,15.3,101.416,2.12,100,15.3
2018-01-07 18:32:00,0.857658552329432,0.028698357762714,0,0,0,0,15.3,101.622,2.14,100,15.3
2018-01-07 18:33:00,0.857550494929228,0.0300709316729076,0,0,0,0,15.3,101.828,2.16,100,15.3
2018-01-07 18:34:00,0.857442437529023,0.0314435055831011,0,0,0,0,15.3,102.034,2.18,100,15.3
2018-01-07 18:35:00,0.857334380128819,0.0328160794932947,0,0,0,0,15.3,102.24,2.2,100,15.3
2018-01-07 18:36:00,0.857226322728614,0.0320514220909333,0,0,0,0,15.3,102.446,2.2,100,15.3
2018-01-07 18:37:00,0.85711826532841,0.0312867646885719,0,0,0,0,15.3,102.652,2.2,100,15.3
2018-01-07 18:38:00,0.857010207928206,0.0305221072862105,0,0,0,0,15.3,102.858,2.2,100,15.3
2018-01-07 18:39:00,0.856902150528001,0.029757449883849,0,0,0,0,15.3,103.064,2.2,100,15.3
2018-01-07 18:40:00,0.856794093127797,0.0289927924814876,0,0,0,0,15.3,103.27,2.2,100,15.3
2018-01-07 18:41:00,0.856686035727592,0.0285650045152075,0,0,0,0,15.3,103.476,2.2,100,15.3
2018-01-07 18:42:00,0.856577978327388,0.0281372165489274,0,0,0,0,15.3,103.682,2.2,100,15.3
2018-01-07 18:43:00,0.856469920927184,0.0277094285826472,0,0,0,0,15.3,103.888,2.2,100,15.3
2018-01-07 18:44:00,0.856361863526979,0.0272816406163671,0,0,0,0,15.3,104.094,2.2,100,15.3
2018-01-07 18:45:00,0.856253806126775,0.026853852650087,0,0,0,0,15.3,104.3,2.2,100,15.3
2018-01-07 18:46:00,0.85614574872657,0.0273578783540685,0,0,0,0,15.32,104.508,2.2,100,15.32
2018-01-07 18:47:00,0.856037691326366,0.0278619040580501,0,0,0,0,15.34,104.716,2.2,100,15.34
2018-01-07 18:48:00,0.855929633926161,0.0283659297620316,0,0,0,0,15.36,104.924,2.2,100,15.36
2018-01-07 18:49:00,0.855821576525957,0.0288699554660132,0,0,0,0,15.38,105.132,2.2,100,15.38
2018-01-07 18:50:00,0.855713519125752,0.0293739811699947,0,0,0,0,15.4,105.34,2.2,100,15.4
2018-01-07 18:51:00,0.855605461725548,0.0289528333215239,0,0,0,0,15.4,105.546,2.2,100,15.4
2018-01-07 18:52:00,0.855497404325343,0.028531685473053,0,0,0,0,15.4,105.752,2.2,100,15.4
2018-01-07 18:53:00,0.855389346925139,0.0281105376245821,0,0,0,0,15.4,105.958,2.2,100,15.4
2018-01-07 18:54:00,0.855281289524935,0.0276893897761112,0,0,0,0,15.4,106.164,2.2,100,15.4
2018-01-07 18:55:00,0.85517323212473,0.0272682419276404,0,0,0,0,15.4,106.37,2.2,100,15.4
2018-01-07 18:56:00,0.855065174724526,0.0277917582347581,0,0,0,0,15.4,106.578,2.2,100,15.4
2018-01-07 18:57:00,0.854957117324321,0.0283152745418759,0,0,0,0,15.4,106.786,2.2,100,15.4
2018-01-07 18:58:00,0.854849059924117,0.0288387908489936,0,0,0,0,15.4,106.994,2.2,100,15.4
2018-01-07 18:59:00,0.854741002523913,0.0293623071561113,0,0,0,0,15.4,107.202,2.2,100,15.4
2018-01-07 19:00:00,0.854632945123708,0.0298858234632291,0,0,0,0,15.4,107.41,2.2,100,15.4
2018-01-07 19:01:00,0.854380664487889,0.0307800630924246,0,0,0,0,15.4,107.62,2.22,100,15.4
2018-01-07 19:02:00,0.85412838385207,0.0316743027216201,0,0,0,0,15.4,107.83,2.24,100,15.4
2018-01-07 19:03:00,0.853876103216251,0.0325685423508157,0,0,0,0,15.4,108.04,2.26,100,15.4
2018-01-07 19:04:00,0.853623822580431,0.0334627819800112,0,0,0,0,15.4,108.25,2.28,100,15.4
2018-01-07 19:05:00,0.853371541944612,0.0343570216092067,0,0,0,0,15.4,108.46,2.3,100,15.4
2018-01-07 19:06:00,0.853119261308793,0.0336165399775478,0,0,0,0,15.4,108.668,2.3,100,15.4
2018-01-07 19:07:00,0.852866980672974,0.0328760583458889,0,0,0,0,15.4,108.876,2.3,100,15.4
2018-01-07 19:08:00,0.852614700037154,0.03213557671423,0,0,0,0,15.4,109.084,2.3,100,15.4
2018-01-07 19:09:00,0.852362419401335,0.0313950950825711,0,0,0,0,15.4,109.292,2.3,100,15.4
2018-01-07 19:10:00,0.852110138765516,0.0306546134509123,0,0,0,0,15.4,109.5,2.3,100,15.4
2018-01-07 19:11:00,0.851857858129697,0.0318175773231212,0,0,0,0,15.4,109.71,2.32,100,15.4
2018-01-07 19:12:00,0.851605577493877,0.0329805411953302,0,0,0,0,15.4,109.92,2.34,100,15.4
2018-01-07 19:13:00,0.851353296858058,0.0341435050675391,0,0,0,0,15.4,110.13,2.36,100,15.4
2018-01-07 19:14:00,0.851101016222239,0.0353064689397481,0,0,0,0,15.4,110.34,2.38,100,15.4
2018-01-07 19:15:00,0.85084873558642,0.0364694328119571,0,0,0,0,15.4,110.55,2.4,100,15.4
2018-01-07 19:16:00,0.850596454950601,0.0363219041814763,0,0,0,0,15.42,110.76,2.4,100,15.42
2018-01-07 19:17:00,0.850344174314782,0.0361743755509955,0,0,0,0,15.44,110.97,2.4,100,15.44
2018-01-07 19:18:00,0.850091893678962,0.0360268469205147,0,0,0,0,15.46,111.18,2.4,100,15.46
2018-01-07 19:19:00,0.849839613043143,0.0358793182900339,0,0,0,0,15.48,111.39,2.4,100,15.48
2018-01-07 19:20:00,0.849587332407324,0.0357317896595531,0,0,0,0,15.5,111.6,2.4,100,15.5
2018-01-07 19:21:00,0.849335051771505,0.0367258912529368,0,0,0,0,15.5,111.812,2.4,100,15.5
2018-01-07 19:22:00,0.849082771135685,0.0377199928463205,0,0,0,0,15.5,112.024,2.4,100,15.5
2018-01-07 19:23:00,0.848830490499866,0.0387140944397041,0,0,0,0,15.5,112.236,2.4,100,15.5
2018-01-07 19:24:00,0.848578209864047,0.0397081960330878,0,0,0,0,15.5,112.448,2.4,100,15.5
2018-01-07 19:25:00,0.848325929228228,0.0407022976264715,0,0,0,0,15.5,112.66,2.4,100,15.5
2018-01-07 19:26:00,0.848073648592409,0.0406964531546721,0,0,0,0,15.5,112.87,2.42,100,15.5
2018-01-07 19:27:00,0.847821367956589,0.0406906086828727,0,0,0,0,15.5,113.08,2.44,100,15.5
2018-01-07 19:28:00,0.84756908732077,0.0406847642110732,0,0,0,0,15.5,113.29,2.46,100,15.5
2018-01-07 19:29:00,0.847316806684951,0.0406789197392739,0,0,0,0,15.5,113.5,2.48,100,15.5
2018-01-07 19:30:00,0.847064526049132,0.0406730752674744,0,0,0,0,15.5,113.71,2.5,100,15.5
2018-01-07 19:31:00,0.846812245413313,0.0415031397984902,0,0,0,0,15.5,113.922,2.5,100,15.5
2018-01-07 19:32:00,0.846559964777493,0.042333204329506,0,0,0,0,15.5,114.134,2.5,100,15.5
2018-01-07 19:33:00,0.846307684141674,0.0431632688605217,0,0,0,0,15.5,114.346,2.5,100,15.5
2018-01-07 19:34:00,0.846055403505855,0.0439933333915375,0,0,0,0,15.5,114.558,2.5,100,15.5
2018-01-07 19:35:00,0.845803122870036,0.0448233979225532,0,0,0,0,15.5,114.77,2.5,100,15.5
2018-01-07 19:36:00,0.845550842234217,0.0437654675744318,0,0,0,0,15.52,114.982,2.5,100,15.52
2018-01-07 19:37:00,0.845298561598397,0.0427075372263103,0,0,0,0,15.54,115.194,2.5,100,15.54
2018-01-07 19:38:00,0.845046280962578,0.0416496068781889,0,0,0,0,15.56,115.406,2.5,100,15.56
2018-01-07 19:39:00,0.844794000326759,0.0405916765300674,0,0,0,0,15.58,115.618,2.5,100,15.58
2018-01-07 19:40:00,0.84454171969094,0.039533746181946,0,0,0,0,15.6,115.83,2.5,100,15.6
2018-01-07 19:41:00,0.844289439055121,0.041138956037929,0,0,0,0,15.6,116.042,2.52,100,15.6
2018-01-07 19:42:00,0.844037158419301,0.0427441658939119,0,0,0,0,15.6,116.254,2.54,100,15.6
2018-01-07 19:43:00,0.843784877783482,0.0443493757498949,0,0,0,0,15.6,116.466,2.56,100,15.6
2018-01-07 19:44:00,0.843532597147663,0.0459545856058779,0,0,0,0,15.6,116.678,2.58,100,15.6
2018-01-07 19:45:00,0.843280316511844,0.0475597954618609,0,0,0,0,15.6,116.89,2.6,100,15.6
2018-01-07 19:46:00,0.843028035876024,0.0477276481425195,0,0,0,0,15.6,117.104,2.6,100,15.6
2018-01-07 19:47:00,0.842775755240205,0.0478955008231781,0,0,0,0,15.6,117.318,2.6,100,15.6
2018-01-07 19:48:00,0.842523474604386,0.0480633535038367,0,0,0,0,15.6,117.532,2.6,100,15.6
2018-01-07 19:49:00,0.842271193968567,0.0482312061844954,0,0,0,0,15.6,117.746,2.6,100,15.6
2018-01-07 19:50:00,0.842018913332748,0.048399058865154,0,0,0,0,15.6,117.96,2.6,100,15.6
2018-01-07 19:51:00,0.841766632696928,0.0486970741705559,0,0,0,0,15.6,118.172,2.6,100,15.6
2018-01-07 19:52:00,0.841514352061109,0.0489950894759579,0,0,0,0,15.6,118.384,2.6,100,15.6
2018-01-07 19:53:00,0.84126207142529,0.0492931047813599,0,0,0,0,15.6,118.596,2.6,100,15.6
2018-01-07 19:54:00,0.841009790789471,0.0495911200867618,0,0,0,0,15.6,118.808,2.6,100,15.6
2018-01-07 19:55:00,0.840757510153652,0.0498891353921638,0,0,0,0,15.6,119.02,2.6,100,15.6
2018-01-07 19:56:00,0.840505229517832,0.0497323825949876,0,0,0,0,15.62,119.234,2.62,99.954,15.62
2018-01-07 19:57:00,0.840252948882013,0.0495756297978114,0,0,0,0,15.64,119.448,2.64,99.908,15.64
2018-01-07 19:58:00,0.840000668246194,0.0494188770006352,0,0,0,0,15.66,119.662,2.66,99.862,15.66
2018-01-07 19:59:00,0.839748387610375,0.0492621242034591,0,0,0,0,15.68,119.876,2.68,99.816,15.68
2018-01-07 20:00:00,0.839496106974556,0.0491053714062829,0,0,0,0,15.7,120.09,2.7,99.77,15.7
2018-01-07 20:01:00,0.83907833897612,0.0491642699482366,0,0,0,0,15.7,120.304,2.7,99.77,15.7
2018-01-07 20:02:00,0.838660570977684,0.0492231684901903,0,0,0,0,15.7,120.518,2.7,99.77,15.7
2018-01-07 20:03:00,0.838242802979249,0.049282067032144,0,0,0,0,15.7,120.732,2.7,99.77,15.7
2018-01-07 20:04:00,0.837825034980813,0.0493409655740977,0,0,0,0,15.7,120.946,2.7,99.77,15.7
2018-01-07 20:05:00,0.837407266982377,0.0493998641160514,0,0,0,0,15.7,121.16,2.7,99.77,15.7
2018-01-07 20:06:00,0.836989498983941,0.0503531858564507,0,0,0,0,15.7,121.374,2.72,99.77,15.7
2018-01-07 20:07:00,0.836571730985506,0.05130650759685,0,0,0,0,15.7,121.588,2.74,99.77,15.7
2018-01-07 20:08:00,0.83615396298707,0.0522598293372494,0,0,0,0,15.7,121.802,2.76,99.77,15.7
2018-01-07 20:09:00,0.835736194988634,0.0532131510776487,0,0,0,0,15.7,122.016,2.78,99.77,15.7
2018-01-07 20:10:00,0.835318426990199,0.054166472818048,0,0,0,0,15.7,122.23,2.8,99.77,15.7
2018-01-07 20:11:00,0.834900658991763,0.0538091442238741,0,0,0,0,15.7,122.444,2.8,99.77,15.7
2018-01-07 20:12:00,0.834482890993328,0.0534518156297002,0,0,0,0,15.7,122.658,2.8,99.77,15.7
2018-01-07 20:13:00,0.834065122994892,0.0530944870355264,0,0,0,0,15.7,122.872,2.8,99.77,15.7
2018-01-07 20:14:00,0.833647354996456,0.0527371584413525,0,0,0,0,15.7,123.086,2.8,99.77,15.7
2018-01-07 20:15:00,0.83322958699802,0.0523798298471786,0,0,0,0,15.7,123.3,2.8,99.77,15.7
2018-01-07 20:16:00,0.832811818999585,0.0559003842954286,0,0,0,0,15.7,123.516,2.82,99.77,15.7
2018-01-07 20:17:00,0.832394051001149,0.0594209387436786,0,0,0,0,15.7,123.732,2.84,99.77,15.7
2018-01-07 20:18:00,0.831976283002713,0.0629414931919286,0,0,0,0,15.7,123.948,2.86,99.77,15.7
2018-01-07 20:19:00,0.831558515004278,0.0664620476401786,0,0,0,0,15.7,124.164,2.88,99.77,15.7
2018-01-07 20:20:00,0.831140747005842,0.0699826020884287,0,0,0,0,15.7,124.38,2.9,99.77,15.7
2018-01-07 20:21:00,0.830722979007406,0.0695929623232296,0,0,0,0,15.7,124.594,2.9,99.644,15.72
2018-01-07 20:22:00,0.830305211008971,0.0692033225580306,0,0,0,0,15.7,124.808,2.9,99.518,15.74
2018-01-07 20:23:00,0.829887443010535,0.0688136827928316,0,0,0,0,15.7,125.022,2.9,99.392,15.76
2018-01-07 20:24:00,0.829469675012099,0.0684240430276325,0,0,0,0,15.7,125.236,2.9,99.266,15.78
2018-01-07 20:25:00,0.829051907013664,0.0680344032624335,0,0,0,0,15.7,125.45,2.9,99.14,15.8
2018-01-07 20:26:00,0.828634139015228,0.0681791368957022,0,0,0,0,15.7,125.666,2.9,99.14,15.8
2018-01-07 20:27:00,0.828216371016792,0.068323870528971,0,0,0,0,15.7,125.882,2.9,99.14,15.8
2018-01-07 20:28:00,0.827798603018357,0.0684686041622397,0,0,0,0,15.7,126.098,2.9,99.14,15.8
2018-01-07 20:29:00,0.827380835019921,0.0686133377955085,0,0,0,0,15.7,126.314,2.9,99.14,15.8
2018-01-07 20:30:00,0.826963067021485,0.0687580714287772,0,0,0,0,15.7,126.53,2.9,99.14,15.8
2018-01-07 20:31:00,0.82654529902305,0.0718378615356304,0,0,0,0,15.72,126.746,2.92,99.312,15.8
2018-01-07 20:32:00,0.826127531024614,0.0749176516424835,0,0,0,0,15.74,126.962,2.94,99.484,15.8
2018-01-07 20:33:00,0.825709763026178,0.0779974417493367,0,0,0,0,15.76,127.178,2.96,99.656,15.8
2018-01-07 20:34:00,0.825291995027743,0.0810772318561898,0,0,0,0,15.78,127.394,2.98,99.828,15.8
2018-01-07 20:35:00,0.824874227029307,0.084157021963043,0,0,0,0,15.8,127.61,3,100,15.8
2018-01-07 20:36:00,0.824456459030871,0.0824927181105898,0,0,0,0,15.8,127.826,3,100,15.8
2018-01-07 20:37:00,0.824038691032435,0.0808284142581366,0,0,0,0,15.8,128.042,3,100,15.8
2018-01-07 20:38:00,0.823620923034,0.0791641104056834,0,0,0,0,15.8,128.258,3,100,15.8
2018-01-07 20:39:00,0.823203155035564,0.0774998065532302,0,0,0,0,15.8,128.474,3,100,15.8
2018-01-07 20:40:00,0.822785387037128,0.0758355027007771,0,0,0,0,15.8,128.69,3,100,15.8
2018-01-07 20:41:00,0.822367619038693,0.0779092054332833,0,0,0,0,15.8,128.906,3.02,100,15.8
2018-01-07 20:42:00,0.821949851040257,0.0799829081657896,0,0,0,0,15.8,129.122,3.04,100,15.8
2018-01-07 20:43:00,0.821532083041821,0.0820566108982959,0,0,0,0,15.8,129.338,3.06,100,15.8
2018-01-07 20:44:00,0.821114315043386,0.0841303136308022,0,0,0,0,15.8,129.554,3.08,100,15.8
2018-01-07 20:45:00,0.82069654704495,0.0862040163633085,0,0,0,0,15.8,129.77,3.1,100,15.8
2018-01-07 20:46:00,0.820278779046514,0.0870540206326805,0,0,0,0,15.8,129.986,3.1,99.912,15.82
2018-01-07 20:47:00,0.819861011048079,0.0879040249020525,0,0,0,0,15.8,130.202,3.1,99.824,15.84
2018-01-07 20:48:00,0.819443243049643,0.0887540291714246,0,0,0,0,15.8,130.418,3.1,99.736,15.86
2018-01-07 20:49:00,0.819025475051207,0.0896040334407966,0,0,0,0,15.8,130.634,3.1,99.648,15.88
2018-01-07 20:50:00,0.818607707052772,0.0904540377101686,0,0,0,0,15.8,130.85,3.1,99.56,15.9
2018-01-07 20:51:00,0.818189939054336,0.0913229709293901,0,0,0,0,15.8,131.066,3.12,99.56,15.9
2018-01-07 20:52:00,0.8177721710559,0.0921919041486117,0,0,0,0,15.8,131.282,3.14,99.56,15.9
2018-01-07 20:53:00,0.817354403057465,0.0930608373678332,0,0,0,0,15.8,131.498,3.16,99.56,15.9
2018-01-07 20:54:00,0.816936635059029,0.0939297705870547,0,0,0,0,15.8,131.714,3.18,99.56,15.9
2018-01-07 20:55:00,0.816518867060593,0.0947987038062762,0,0,0,0,15.8,131.93,3.2,99.56,15.9
2018-01-07 20:56:00,0.816101099062158,0.0941649285313383,0,0,0,0,15.8,132.146,3.2,99.56,15.9
2018-01-07 20:57:00,0.815683331063722,0.0935311532564004,0,0,0,0,15.8,132.362,3.2,99.56,15.9
2018-01-07 20:58:00,0.815265563065286,0.0928973779814625,0,0,0,0,15.8,132.578,3.2,99.56,15.9
2018-01-07 20:59:00,0.81484779506685,0.0922636027065246,0,0,0,0,15.8,132.794,3.2,99.56,15.9
2018-01-07 21:00:00,0.814430027068415,0.0916298274315867,0,0,0,0,15.8,133.01,3.2,99.56,15.9
2018-01-07 21:01:00,0.813758513797407,0.0949953982826927,0,0,0,0,15.8,133.228,3.2,99.56,15.9
2018-01-07 21:02:00,0.813087000526399,0.0983609691337986,0,0,0,0,15.8,133.446,3.2,99.56,15.9
2018-01-07 21:03:00,0.812415487255391,0.101726539984905,0,0,0,0,15.8,133.664,3.2,99.56,15.9
2018-01-07 21:04:00,0.811743973984383,0.105092110836011,0,0,0,0,15.8,133.882,3.2,99.56,15.9
2018-01-07 21:05:00,0.811072460713376,0.108457681687117,0,0,0,0,15.8,134.1,3.2,99.56,15.9
2018-01-07 21:06:00,0.810400947442368,0.10847391190399,0,0,0,0,15.8,134.316,3.22,99.56,15.9
2018-01-07 21:07:00,0.80972943417136,0.108490142120863,0,0,0,0,15.8,134.532,3.24,99.56,15.9
2018-01-07 21:08:00,0.809057920900352,0.108506372337737,0,0,0,0,15.8,134.748,3.26,99.56,15.9
2018-01-07 21:09:00,0.808386407629345,0.10852260255461,0,0,0,0,15.8,134.964,3.28,99.56,15.9
2018-01-07 21:10:00,0.807714894358337,0.108538832771483,0,0,0,0,15.8,135.18,3.3,99.56,15.9
2018-01-07 21:11:00,0.807043381087329,0.109715452832081,0,0,0,0,15.8,135.396,3.3,99.56,15.9
2018-01-07 21:12:00,0.806371867816321,0.110892072892678,0,0,0,0,15.8,135.612,3.3,99.56,15.9
2018-01-07 21:13:00,0.805700354545313,0.112068692953275,0,0,0,0,15.8,135.828,3.3,99.56,15.9
2018-01-07 21:14:00,0.805028841274306,0.113245313013873,0,0,0,0,15.8,136.044,3.3,99.56,15.9
2018-01-07 21:15:00,0.804357328003298,0.11442193307447,0,0,0,0,15.8,136.26,3.3,99.56,15.9
2018-01-07 21:16:00,0.80368581473229,0.112576573659796,0,0,0,0,15.8,136.478,3.3,99.56,15.9
2018-01-07 21:17:00,0.803014301461282,0.110731214245122,0,0,0,0,15.8,136.696,3.3,99.56,15.9
2018-01-07 21:18:00,0.802342788190274,0.108885854830449,0,0,0,0,15.8,136.914,3.3,99.56,15.9
2018-01-07 21:19:00,0.801671274919267,0.107040495415775,0,0,0,0,15.8,137.132,3.3,99.56,15.9
2018-01-07 21:20:00,0.800999761648259,0.105195136001101,0,0,0,0,15.8,137.35,3.3,99.56,15.9
2018-01-07 21:21:00,0.800328248377251,0.107030738835376,0,0,0,0,15.8,137.566,3.3,99.56,15.9
2018-01-07 21:22:00,0.799656735106243,0.108866341669651,0,0,0,0,15.8,137.782,3.3,99.56,15.9
2018-01-07 21:23:00,0.798985221835235,0.110701944503926,0,0,0,0,15.8,137.998,3.3,99.56,15.9
2018-01-07 21:24:00,0.798313708564228,0.112537547338202,0,0,0,0,15.8,138.214,3.3,99.56,15.9
2018-01-07 21:25:00,0.79764219529322,0.114373150172477,0,0,0,0,15.8,138.43,3.3,99.56,15.9
2018-01-07 21:26:00,0.796970682022212,0.11197584383131,0,0,0,0,15.8,138.648,3.3,99.56,15.9
2018-01-07 21:27:00,0.796299168751204,0.109578537490143,0,0,0,0,15.8,138.866,3.3,99.56,15.9
2018-01-07 21:28:00,0.795627655480196,0.107181231148976,0,0,0,0,15.8,139.084,3.3,99.56,15.9
2018-01-07 21:29:00,0.794956142209189,0.104783924807809,0,0,0,0,15.8,139.302,3.3,99.56,15.9
2018-01-07 21:30:00,0.794284628938181,0.102386618466641,0,0,0,0,15.8,139.52,3.3,99.56,15.9
2018-01-07 21:31:00,0.793613115667173,0.106481679682779,0,0,0,0,15.84,139.736,3.32,99.592,15.92
2018-01-07 21:32:00,0.792941602396165,0.110576740898916,0,0,0,0,15.88,139.952,3.34,99.624,15.94
2018-01-07 21:33:00,0.792270089125157,0.114671802115054,0,0,0,0,15.92,140.168,3.36,99.656,15.96
2018-01-07 21:34:00,0.79159857585415,0.118766863331191,0,0,0,0,15.96,140.384,3.38,99.688,15.98
2018-01-07 21:35:00,0.790927062583142,0.122861924547329,0,0,0,0,16,140.6,3.4,99.72,16
2018-01-07 21:36:00,0.790255549312134,0.121616335422555,0,0,0,0,16,140.818,3.4,99.72,16
2018-01-07 21:37:00,0.789584036041126,0.12037074629778,0,0,0,0,16,141.036,3.4,99.72,16
2018-01-07 21:38:00,0.788912522770118,0.119125157173006,0,0,0,0,16,141.254,3.4,99.72,16
2018-01-07 21:39:00,0.788241009499111,0.117879568048232,0,0,0,0,16,141.472,3.4,99.72,16
2018-01-07 21:40:00,0.787569496228103,0.116633978923458,0,0,0,0,16,141.69,3.4,99.72,16
2018-01-07 21:41:00,0.786897982957095,0.116014284132651,0,0,0,0,16,141.906,3.4,99.72,16
2018-01-07 21:42:00,0.786226469686087,0.115394589341844,0,0,0,0,16,142.122,3.4,99.72,16
2018-01-07 21:43:00,0.785554956415079,0.114774894551038,0,0,0,0,16,142.338,3.4,99.72,16
2018-01-07 21:44:00,0.784883443144072,0.114155199760231,0,0,0,0,16,142.554,3.4,99.72,16
2018-01-07 21:45:00,0.784211929873064,0.113535504969425,0,0,0,0,16,142.77,3.4,99.72,16
2018-01-07 21:46:00,0.783540416602056,0.113749108516158,0,0,0,0,16,142.988,3.4,99.72,16
2018-01-07 21:47:00,0.782868903331048,0.113962712062892,0,0,0,0,16,143.206,3.4,99.72,16
2018-01-07 21:48:00,0.78219739006004,0.114176315609625,0,0,0,0,16,143.424,3.4,99.72,16
2018-01-07 21:49:00,0.781525876789033,0.114389919156359,0,0,0,0,16,143.642,3.4,99.72,16
2018-01-07 21:50:00,0.780854363518025,0.114603522703093,0,0,0,0,16,143.86,3.4,99.72,16
2018-01-07 21:51:00,0.780182850247017,0.115922727194378,0,0,0,0,16,144.076,3.4,99.72,16
2018-01-07 21:52:00,0.779511336976009,0.117241931685664,0,0,0,0,16,144.292,3.4,99.72,16
2018-01-07 21:53:00,0.778839823705001,0.118561136176949,0,0,0,0,16,144.508,3.4,99.72,16
2018-01-07 21:54:00,0.778168310433994,0.119880340668235,0,0,0,0,16,144.724,3.4,99.72,16
2018-01-07 21:55:00,0.777496797162986,0.12119954515952,0,0,0,0,16,144.94,3.4,99.72,16
2018-01-07 21:56:00,0.776825283891978,0.123193248944839,0,0,0,0,16,145.156,3.42,99.72,16
2018-01-07 21:57:00,0.77615377062097,0.125186952730157,0,0,0,0,16,145.372,3.44,99.72,16
2018-01-07 21:58:00,0.775482257349962,0.127180656515476,0,0,0,0,16,145.588,3.46,99.72,16
2018-01-07 21:59:00,0.774810744078955,0.129174360300794,0,0,0,0,16,145.804,3.48,99.72,16
2018-01-07 22:00:00,0.774139230807947,0.131168064086113,0,0,0,0,16,146.02,3.5,99.72,16
2018-01-07 22:01:00,0.773427454406447,0.132651009103591,0,0,0,0,16,146.238,3.5,99.72,16
2018-01-07 22:02:00,0.772715678004948,0.134133954121068,0,0,0,0,16,146.456,3.5,99.72,16
2018-01-07 22:03:00,0.772003901603448,0.135616899138546,0,0,0,0,16,146.674,3.5,99.72,16
2018-01-07 22:04:00,0.771292125201948,0.137099844156023,0,0,0,0,16,146.892,3.5,99.72,16
2018-01-07 22:05:00,0.770580348800449,0.138582789173501,0,0,0,0,16,147.11,3.5,99.72,16
2018-01-07 22:06:00,0.769868572398949,0.136426877245086,0,0,0,0,16,147.326,3.5,99.72,16
2018-01-07 22:07:00,0.76915679599745,0.134270965316671,0,0,0,0,16,147.542,3.5,99.72,16
2018-01-07 22:08:00,0.76844501959595,0.132115053388257,0,0,0,0,16,147.758,3.5,99.72,16
2018-01-07 22:09:00,0.76773324319445,0.129959141459842,0,0,0,0,16,147.974,3.5,99.72,16
2018-01-07 22:10:00,0.767021466792951,0.127803229531427,0,0,0,0,16,148.19,3.5,99.72,16
2018-01-07 22:11:00,0.766309690391451,0.127151569343714,0,0,0,0,16,148.406,3.5,99.72,16
2018-01-07 22:12:00,0.765597913989952,0.126499909156,0,0,0,0,16,148.622,3.5,99.72,16
2018-01-07 22:13:00,0.764886137588452,0.125848248968287,0,0,0,0,16,148.838,3.5,99.72,16
2018-01-07 22:14:00,0.764174361186953,0.125196588780574,0,0,0,0,16,149.054,3.5,99.72,16
2018-01-07 22:15:00,0.763462584785453,0.12454492859286,0,0,0,0,16,149.27,3.5,99.72,16
2018-01-07 22:16:00,0.762750808383953,0.126821960556032,0,0,0,0,16,149.484,3.5,99.72,16
2018-01-07 22:17:00,0.762039031982454,0.129098992519204,0,0,0,0,16,149.698,3.5,99.72,16
2018-01-07 22:18:00,0.761327255580954,0.131376024482376,0,0,0,0,16,149.912,3.5,99.72,16
2018-01-07 22:19:00,0.760615479179455,0.133653056445548,0,0,0,0,16,150.126,3.5,99.72,16
2018-01-07 22:20:00,0.759903702777955,0.13593008840872,0,0,0,0,16,150.34,3.5,99.72,16
2018-01-07 22:21:00,0.759191926376456,0.135115121895811,0,0,0,0,16,150.556,3.5,99.72,16
2018-01-07 22:22:00,0.758480149974956,0.134300155382902,0,0,0,0,16,150.772,3.5,99.72,16
2018-01-07 22:23:00,0.757768373573456,0.133485188869992,0,0,0,0,16,150.988,3.5,99.72,16
2018-01-07 22:24:00,0.757056597171957,0.132670222357083,0,0,0,0,16,151.204,3.5,99.72,16
2018-01-07 22:25:00,0.756344820770457,0.131855255844174,0,0,0,0,16,151.42,3.5,99.72,16
2018-01-07 22:26:00,0.755633044368958,0.131351514160596,0,0,0,0,16,151.634,3.5,99.72,16
2018-01-07 22:27:00,0.754921267967458,0.130847772477017,0,0,0,0,16,151.848,3.5,99.72,16
2018-01-07 22:28:00,0.754209491565959,0.130344030793439,0,0,0,0,16,152.062,3.5,99.72,16
2018-01-07 22:29:00,0.753497715164459,0.129840289109861,0,0,0,0,16,152.276,3.5,99.72,16
2018-01-07 22:30:00,0.752785938762959,0.129336547426283,0,0,0,0,16,152.49,3.5,99.72,16
2018-01-07 22:31:00,0.75207416236146,0.131724938170327,0,0,0,0,16,152.706,3.52,99.77,16
2018-01-07 22:32:00,0.75136238595996,0.13411332891437,0,0,0,0,16,152.922,3.54,99.82,16
2018-01-07 22:33:00,0.750650609558461,0.136501719658414,0,0,0,0,16,153.138,3.56,99.87,16
2018-01-07 22:34:00,0.749938833156961,0.138890110402458,0,0,0,0,16,153.354,3.58,99.92,16
2018-01-07 22:35:00,0.749227056755461,0.141278501146501,0,0,0,0,16,153.57,3.6,99.97,16
2018-01-07 22:36:00,0.748515280353962,0.143354875782056,0,0,0,0,16,153.782,3.6,99.97,16
2018-01-07 22:37:00,0.747803503952462,0.14543125041761,0,0,0,0,16,153.994,3.6,99.97,16
2018-01-07 22:38:00,0.747091727550963,0.147507625053165,0,0,0,0,16,154.206,3.6,99.97,16
2018-01-07 22:39:00,0.746379951149463,0.14958399968872,0,0,0,0,16,154.418,3.6,99.97,16
2018-01-07 22:40:00,0.745668174747964,0.151660374324274,0,0,0,0,16,154.63,3.6,99.97,16
2018-01-07 22:41:00,0.744956398346464,0.149785288443937,0,0,0,0,16,154.844,3.6,99.97,16
2018-01-07 22:42:00,0.744244621944964,0.147910202563599,0,0,0,0,16,155.058,3.6,99.97,16
2018-01-07 22:43:00,0.743532845543465,0.146035116683262,0,0,0,0,16,155.272,3.6,99.97,16
2018-01-07 22:44:00,0.742821069141965,0.144160030802925,0,0,0,0,16,155.486,3.6,99.97,16
2018-01-07 22:45:00,0.742109292740466,0.142284944922587,0,0,0,0,16,155.7,3.6,99.97,16
2018-01-07 22:46:00,0.741397516338966,0.140110940238044,0,0,0,0,16,155.912,3.6,99.97,16
2018-01-07 22:47:00,0.740685739937466,0.137936935553501,0,0,0,0,16,156.124,3.6,99.97,16
2018-01-07 22:48:00,0.739973963535967,0.135762930868958,0,0,0,0,16,156.336,3.6,99.97,16
2018-01-07 22:49:00,0.739262187134467,0.133588926184415,0,0,0,0,16,156.548,3.6,99.97,16
2018-01-07 22:50:00,0.738550410732968,0.131414921499873,0,0,0,0,16,156.76,3.6,99.97,16
2018-01-07 22:51:00,0.737838634331468,0.134570761307436,0,0,0,0,16,156.97,3.6,99.97,16
2018-01-07 22:52:00,0.737126857929968,0.137726601115,0,0,0,0,16,157.18,3.6,99.97,16
2018-01-07 22:53:00,0.736415081528469,0.140882440922563,0,0,0,0,16,157.39,3.6,99.97,16
2018-01-07 22:54:00,0.735703305126969,0.144038280730127,0,0,0,0,16,157.6,3.6,99.97,16
2018-01-07 22:55:00,0.73499152872547,0.14719412053769,0,0,0,0,16,157.81,3.6,99.97,16
2018-01-07 22:56:00,0.73427975232397,0.147693670745392,0,0,0,0,16,158.02,3.6,99.97,16
2018-01-07 22:57:00,0.733567975922471,0.148193220953094,0,0,0,0,16,158.23,3.6,99.97,16
2018-01-07 22:58:00,0.732856199520971,0.148692771160796,0,0,0,0,16,158.44,3.6,99.97,16
2018-01-07 22:59:00,0.732144423119471,0.149192321368498,0,0,0,0,16,158.65,3.6,99.97,16
2018-01-07 23:00:00,0.731432646717972,0.1496918715762,0,0,0,0,16,158.86,3.6,99.97,16
2018-01-07 23:01:00,0.730813528433042,0.151830272992719,0,0,0,0,16,159.068,3.6,99.97,16
2018-01-07 23:02:00,0.730194410148113,0.153968674409237,0,0,0,0,16,159.276,3.6,99.97,16
2018-01-07 23:03:00,0.729575291863184,0.156107075825756,0,0,0,0,16,159.484,3.6,99.97,16
2018-01-07 23:04:00,0.728956173578254,0.158245477242275,0,0,0,0,16,159.692,3.6,99.97,16
2018-01-07 23:05:00,0.728337055293325,0.160383878658794,0,0,0,0,16,159.9,3.6,99.97,16
2018-01-07 23:06:00,0.727717937008395,0.157447320894045,0,0,0,0,16,160.108,3.6,99.97,16
2018-01-07 23:07:00,0.727098818723466,0.154510763129295,0,0,0,0,16,160.316,3.6,99.97,16
2018-01-07 23:08:00,0.726479700438537,0.151574205364546,0,0,0,0,16,160.524,3.6,99.97,16
2018-01-07 23:09:00,0.725860582153607,0.148637647599797,0,0,0,0,16,160.732,3.6,99.97,16
2018-01-07 23:10:00,0.725241463868678,0.145701089835048,0,0,0,0,16,160.94,3.6,99.97,16
2018-01-07 23:11:00,0.724622345583748,0.144961982440408,0,0,0,0,16,161.144,3.6,99.97,16
2018-01-07 23:12:00,0.724003227298819,0.144222875045767,0,0,0,0,16,161.348,3.6,99.97,16
2018-01-07 23:13:00,0.723384109013889,0.143483767651126,0,0,0,0,16,161.552,3.6,99.97,16
2018-01-07 23:14:00,0.72276499072896,0.142744660256486,0,0,0,0,16,161.756,3.6,99.97,16
2018-01-07 23:15:00,0.722145872444031,0.142005552861845,0,0,0,0,16,161.96,3.6,99.97,16
2018-01-07 23:16:00,0.721526754159101,0.144545163590621,0,0,0,0,16,162.162,3.6,99.97,16
2018-01-07 23:17:00,0.720907635874172,0.147084774319397,0,0,0,0,16,162.364,3.6,99.97,16
2018-01-07 23:18:00,0.720288517589242,0.149624385048173,0,0,0,0,16,162.566,3.6,99.97,16
2018-01-07 23:19:00,0.719669399304313,0.15216399577695,0,0,0,0,16,162.768,3.6,99.97,16
2018-01-07 23:20:00,0.719050281019384,0.154703606505726,0,0,0,0,16,162.97,3.6,99.97,16
2018-01-07 23:21:00,0.718431162734454,0.153303478870889,0,0,0,0,16,163.17,3.6,99.97,16
2018-01-07 23:22:00,0.717812044449525,0.151903351236052,0,0,0,0,16,163.37,3.6,99.97,16
2018-01-07 23:23:00,0.717192926164595,0.150503223601215,0,0,0,0,16,163.57,3.6,99.97,16
2018-01-07 23:24:00,0.716573807879666,0.149103095966378,0,0,0,0,16,163.77,3.6,99.97,16
2018-01-07 23:25:00,0.715954689594736,0.147702968331541,0,0,0,0,16,163.97,3.6,99.97,16
2018-01-07 23:26:00,0.715335571309807,0.14962076881829,0,0,0,0,15.98,164.166,3.62,99.976,15.98
2018-01-07 23:27:00,0.714716453024878,0.151538569305038,0,0,0,0,15.96,164.362,3.64,99.982,15.96
2018-01-07 23:28:00,0.714097334739948,0.153456369791787,0,0,0,0,15.94,164.558,3.66,99.988,15.94
2018-01-07 23:29:00,0.713478216455019,0.155374170278535,0,0,0,0,15.92,164.754,3.68,99.994,15.92
2018-01-07 23:30:00,0.712859098170089,0.157291970765284,0,0,0,0,15.9,164.95,3.7,100,15.9
2018-01-07 23:31:00,0.71223997988516,0.157189177595208,0,0,0,0,15.9,165.142,3.7,100,15.9
2018-01-07 23:32:00,0.711620861600231,0.157086384425132,0,0,0,0,15.9,165.334,3.7,100,15.9
2018-01-07 23:33:00,0.711001743315301,0.156983591255056,0,0,0,0,15.9,165.526,3.7,100,15.9
2018-01-07 23:34:00,0.710382625030372,0.15688079808498,0,0,0,0,15.9,165.718,3.7,100,15.9
2018-01-07 23:35:00,0.709763506745442,0.156778004914904,0,0,0,0,15.9,165.91,3.7,100,15.9
2018-01-07 23:36:00,0.709144388460513,0.156099315891481,0,0,0,0,15.9,166.098,3.7,100,15.9
2018-01-07 23:37:00,0.708525270175584,0.155420626868059,0,0,0,0,15.9,166.286,3.7,100,15.9
2018-01-07 23:38:00,0.707906151890654,0.154741937844637,0,0,0,0,15.9,166.474,3.7,100,15.9
2018-01-07 23:39:00,0.707287033605725,0.154063248821215,0,0,0,0,15.9,166.662,3.7,100,15.9
2018-01-07 23:40:00,0.706667915320795,0.153384559797793,0,0,0,0,15.9,166.85,3.7,100,15.9
2018-01-07 23:41:00,0.706048797035866,0.152790493268336,0,0,0,0,15.9,167.03,3.7,100,15.9
2018-01-07 23:42:00,0.705429678750936,0.152196426738879,0,0,0,0,15.9,167.21,3.7,100,15.9
2018-01-07 23:43:00,0.704810560466007,0.151602360209422,0,0,0,0,15.9,167.39,3.7,100,15.9
2018-01-07 23:44:00,0.704191442181078,0.151008293679965,0,0,0,0,15.9,167.57,3.7,100,15.9
2018-01-07 23:45:00,0.703572323896148,0.150414227150509,0,0,0,0,15.9,167.75,3.7,100,15.9
2018-01-07 23:46:00,0.702953205611219,0.150675018361866,0,0,0,0,15.9,167.924,3.7,100,15.9
2018-01-07 23:47:00,0.702334087326289,0.150935809573223,0,0,0,0,15.9,168.098,3.7,100,15.9
2018-01-07 23:48:00,0.70171496904136,0.15119660078458,0,0,0,0,15.9,168.272,3.7,100,15.9
2018-01-07 23:49:00,0.70109585075643,0.151457391995938,0,0,0,0,15.9,168.446,3.7,100,15.9
2018-01-07 23:50:00,0.700476732471501,0.151718183207295,0,0,0,0,15.9,168.62,3.7,100,15.9
2018-01-07 23:51:00,0.699857614186572,0.152802168820195,0,0,0,0,15.9,168.784,3.7,100,15.9
2018-01-07 23:52:00,0.699238495901642,0.153886154433094,0,0,0,0,15.9,168.948,3.7,100,15.9
2018-01-07 23:53:00,0.698619377616713,0.154970140045993,0,0,0,0,15.9,169.112,3.7,100,15.9
2018-01-07 23:54:00,0.698000259331783,0.156054125658893,0,0,0,0,15.9,169.276,3.7,100,15.9
2018-01-07 23:55:00,0.697381141046854,0.157138111271792,0,0,0,0,15.9,169.44,3.7,100,15.9
2018-01-07 23:56:00,0.696762022761925,0.160661039169581,0,0,0,0,15.9,169.592,3.7,100,15.9
2018-01-07 23:57:00,0.696142904476995,0.16418396706737,0,0,0,0,15.9,169.744,3.7,100,15.9
2018-01-07 23:58:00,0.695523786192066,0.167706894965158,0,0,0,0,15.9,169.896,3.7,100,15.9
2018-01-07 23:59:00,0.694904667907136,0.171229822862947,0,0,0,0,15.9,170.048,3.7,100,15.9
